"label","text"
2,"안방 스탠드가 나이트 모드로 되어있니"
2,"미얀마 체감온도가 몇도니"
2,"경부 고속도로 내 소통 원활한 구간은 어떨까"
2,"오늘 지진 진도 몇이었어"
2,"낯선 사람에게 말을 거나요 이유는요"
2,"티비 이전 채널이 뭐였니"
2,"다음주 중에 있는 일정들을 알려줘"
2,"대구역 앞 일식집은 어떻게 간데"
2,"이번 주 일정을 알려주겠니"
2,"다음주 월요일에 안개가 얼마나 심한지 알려줄수있니"
2,"어제 눈이 얼마나 왔니"
2,"오늘 집 평균 온도는"
2,"내일 어그부츠 신어도 되니"
2,"물과 성령으로 거듭나면 어디에 들어갈 수 있나요"
2,"오늘 가장 더운 지역이 어디인지 검색해줘"
2,"어제 베이징 날씨 어땠니"
2,"동생 이사하는 날이 언제인지 아니"
2,"오늘 온 편지 중 첨부 파일이 든 편지 몇 통일까"
2,"소비자 보호원에 대한 뉴스를 모두 보여라"
2,"세차하기에 오늘이 좋은지 내일이 좋은지 알아봐줘"
2,"교통 흐름이 나아졌는지 파악해주련"
2,"정수기 필터 교체 일정이 언제니"
2,"이번주에 비 언제온대"
2,"오븐 전원이 꺼져있는지 확인해줘"
2,"나의 발표 언제일까"
2,"오늘 미세먼지 농도가 몇시부터 정상이 되는지 알려줘"
2,"저번 달에 비가 가장 많이 온 날이 언젠지 알려줘"
2,"오늘 내 상사에게서 메일이 왔니"
2,"서울에서 라식수술 잘하는 안과는 어떻게 가냐"
2,"오늘 밤 축구 모임 참석자가 누구니"
2,"오늘 온 메일 몇 갠지 알려줘"
2,"이번주의 강수량 확인해줘"
2,"여자가 주로 바르고 남자가 즐겨 먹는 것은"
2,"오늘 온 메일 중 안읽은 메일이 있니"
2,"언제까지 눈이오니"
2,"내일 비 올 확률 보여줄래"
2,"인류 최초의 뜨거운 연인은"
2,"농구 대잔치에 관한 기사 찾아볼래"
2,"교수님께서 너에게 메일 보냈는지 확인했니"
2,"면접관에게 하고 싶은 말이 있나요"
2,"화장실 불 켜져있니"
2,"다음주 중에 제일 안 더운 날이 언제니"
2,"토요일 집안 대청소 일정 추가했니"
2,"내일 여자친구 몇시에 만나니"
2,"해외 송금 아무 은행에서나 가능한 거니"
2,"밖에 비 오니"
2,"다음주 화요일 제주도 날씨 알 수 있을까"
2,"다음달 출장 일정에 대해 확인해"
2,"롯데타워 미팅이 무슨 요일이지"
2,"김포공항 진입로 보여라"
2,"저번주 목요일에 날씨가 어땠었지"
2,"화장실에 가면 소변과 대변 중 어느 것이 먼저 나올까"
2,"참내 야 이연희 미친 완전 돌았구나 그래서 선밴 뭐랬어"
2,"점심 몇 시에 하실 거예요 "
2,"세미나는 잘 다녀오셨어요"
2,"다음주 제일 추운날이 언제인지 확인해봐"
2,"매달 넷 째주 토요일 봉사활동 일정 추가해도 될까"
2,"어젯밤 새 메일 중 알림 이메일을 찾니"
2,"내일 최고 기온 알려줘"
2,"내가 쓴 메일함에 편지가 있니"
2,"내일 일교차 심한지 검색해줘"
2,"주식부자와 부동산 부자와 어떤 차이가 있나요"
2,"우리 시험 끝나면 뭐하고 놀까 "
2,"조금 뒤에 있을 세미나 올 거지"
2,"제일 최근에 온 메일은 언제 온 것이니"
2,"오늘 저녁에 눈이 오는지알려줘"
2,"메일에 이력서 들어온 것 있나 확인해줘"
2,"저녁에 바람이 얼마나 부는지 알려줘"
2,"다음달에 동창회 있었니"
2,"오븐 예열준비가 다 됐니"
2,"내일 미용실 예약 몇시에 했는지 아니"
2,"갈아타는 곳은 어디에요"
2,"도봉도서관에 침묵 책 있는지 확인해"
2,"동해의 습도는 어떤지 아니"
2,"화요일 아르바이트 몇시니"
2,"오늘 눈의 신적설 알려줄래"
2,"골프연습장이 어디가 괜찮지"
2,"실내 온도가 현재 몇도이니"
2,"올해 처음 눈이 내일 예상일을 알려줘"
2,"전기 다 차단되어 있니"
2,"안방 가서 급탕 스위치 끄니"
2,"세탁기가 얼마나 돌았지"
2,"오늘 온 편지 중 첨부 파일 든 편지는 얼마나 된데"
2,"로봇청소기가 작동하고있니"
2,"상은 상인데 오른 쪽에 있는 상의 이름은 무엇인가"
2,"이번 주 태풍오니"
2,"내일 축구경기 일정이 있니"
2,"차단된 메일이 있는지 확인해줘"
2,"토요일 도봉산 주변 지역 날씨 어때"
2,"제주도 일월 날씨 어떻니"
2,"요즘 건강은 어때"
2,"이학기 중간고사 시작일이 언제니"
2,"오늘의 구름이 언제 사라질지 알려줘"
2,"오늘저녁 만나기로 한 사람이 누구니"
2,"용량이 큰 메일을 삭제했니"
2,"이번주 비소식 있는지 검색해줘"
2,"내일 대구 낮에 몇도까지 오르니"
2,"오늘 회의 시간 알려줘"
2,"이번주에 강수 확률이 팔십프로 넘는 날이 있니"
2,"다음주 맑은날이 언제인지 아니"
2,"내일도 오늘만큼 덥니"
2,"오전에 온 메일이 있니"
2,"니가 불렀어"
2,"요즘 스위스 날씨는 어떻니"
2,"이번주 토요일 제주도 날씨 아니"
2,"보고서 발표 준비는 확실히 마무리 했니 "
2,"자사주를 고가로 매입했다는데 왜 일까 "
2,"이번주 레슨 무슨 요일에 있니"
2,"다음주 무슨요일에 대회일정이니"
2,"서울 근교 놀이공원은 어디냐"
2,"올해 추석은 시월에 있니"
2,"지금 세탁기가 돌아가고 있는지 알고 있니"
2,"주말은 좀 그렇고 월요일은 어때"
2,"다음주에 눈 오는 날 알려줘"
2,"내일 특별한 일정 있어"
2,"환기가 필요한 곳이 어디야"
2,"학교에서 온 메일들 다 지워졌니"
2,"왜 모두 은행에 다니면 이자부터 묻는 걸까 "
2,"방금 온 메일 첨부파일 몇 개야"
2,"여자친구 생일이 언제니"
2,"바울은 로마시민으로 공정한 재판을 받기 위해 감옥에 몇 년 있었나요"
2,"이번주 최고 기온이 몇 도야"
2,"다음달에 일주일 휴가 쓰기 가장 적당한 날짜가 언제니"
2,"연결 가능한 와이파이 목록을 알려줘"
2,"오늘 황사 있니"
2,"서울 미세먼지 농도 나쁘니"
2,"지금 실내 온도가 몇 도니"
2,"이번주에 태풍 오니"
2,"어제 받은 메일에 첨부파일 있는지 확인해줘"
2,"올해 공휴일이 몇번인지 아니"
2,"오늘 최고 기온이 몇돈지 아니"
2,"가스레인지에 불이 켜져있니"
2,"네가 좋다고 추천해준 한의원 전화번호 좀 다시 가르쳐 줄래 "
2,"공부는 잘 돼가니"
2,"부산 날씨 좀 검색해줘"
2,"오늘 평균기온 몇 도야"
2,"미 상공회의소 회장과 인터뷰 기사 뭐야"
2,"오늘 오존 수치 알려줘"
2,"내일 필리핀 온도가 얼마인지좀 알려줘"
2,"내 아이 유치원 행사 일정 알려줘"
2,"은옥이 안온다고 조금 아까 연락 왔는데 너는 어디쯤이야"
2,"저번 달 평균 기온이 어떻게 되니"
2,"진영이랑 칠월에 보기로 했는데 언제지"
2,"부가세 내는 달이 언제야"
2,"다음 주 월요일에 발표 일정이 있니"
2,"밤 사이에 얼마나 비가 왔는지 강수량 좀 확인해줘"
2,"회신 이메일 모두 알려"
2,"이번 주일 일정이 뭐가 있어"
2,"토익은 혼자 공부하는 게 좋을까 학원을 다니는 게 좋을까"
2,"보일러 온도가 이십육도 인지 확인했니"
2,"거실 조명이 어둡니"
2,"이번주에 밥 같이 먹을 수 있어 언제 시간 괜찮아"
2,"내일 일정 비어있는 시간 알려줘 "
2,"출장 비행기가 몇 시 출발이었지"
2,"양화대교 진입로 상황을 보여주련"
2,"온지 한달 지난 것중에 내가 안읽은 메일이 있니"
2,"심야 영업도 되는 건가 "
2,"사람들은 왜 주식을 사는 것일까 "
2,"프로축구 개막일 관련 기사 찾아주렴"
2,"바나나 우유가 웃으면"
2,"내가 교수님께 회신을 했니"
2,"장외주식 거래 시 양도세 산출기준이 어떻게 되는가 "
2,"제가 저번에 산 주식이 내려가고 있는데 후딱 팔아버릴까요"
2,"이번학기 종강일이 언제니"
2,"오늘 부산 풍향 좀 알려줄래"
2,"서울 인사동 근처 바지락 칼국수집 어디니"
2,"몇 시에 일정 있니"
2,"베란다 불 꺼져 있니"
2,"내일 오후 약속 장소가 어디야"
2,"한 방에 몇 명인가요"
2,"오늘 종합주가지수 몇 포인트야"
2,"세탁기 얼마나 남았어"
2,"메일 수신 알림 기능 켜져있니"
2,"저번 달 나온 아이엘츠 점수를 알려줘"
2,"오늘 들어올 돈이 왜 아직 안 들어오는 걸까"
2,"오늘 티비 몇시에 켰어"
2,"오늘 영덕에 바람이 많이 부니"
2,"장마는 언제 시작이니"
2,"오늘 저녁 약속 장소를 알려줘"
2,"어제 회사에 보낸 메일이 보내졌니"
2,"작년에 지운 메일 모두 복구했니"
2,"가스불 꺼져있는지 알려줘"
2,"토요일에 가족모임 몇 시니"
2,"오늘 거창 날씨 좀 알려줘"
2,"이번주에 최고온도 삼십도가 넘어가는 날이 있는지 아니"
2,"이번주에 언제 휴강인지 알려줄래"
2,"이번주 최고 기온이 몇돈지 아니"
2,"방금 메일 수신 확인 취소되었니"
2,"내일 운전해도 되는 날씨인지 알려줘"
2,"저번주에 구매한 갤럭시탭의 빠진 부품들을 아니"
2,"안방 온도 몇도니"
2,"금융자산관리사 자격증 좀 딸려고 하는데 신뢰도가 제일금융권이 좋을까 아니면 제이 금융권이 좋을까"
2,"자기 차가 더 편할까 아니면 대중교통이 더 편할까"
2,"오늘 건조주의보 내렸는지 좀 알려줘"
2,"부정행위 한 학생이 누구야"
2,"저번 주에 공부를 몇 시간 했는지 알려줘"
2,"대학원 등록금 마감 날짜 알려줘"
2,"제일 최근에 온 메일이 어디서 왔는지 확인해"
2,"오늘 받은 발송취소메일 있니"
2,"다음달 계모임 장소 어디니"
2,"이번주에 구름이 많은날은 언제니"
2,"다음주 수요일 제주도 날씨 어떠니"
2,"없는 사이에 부재중 전화가 있니"
2,"너 제아랑 무슨 사이야"
2,"화장실 조명이 꺼져있니"
2,"내일 오후에 회의 일정 취소할 수 있니"
2,"태풍 때문에 발생한 피해 복구에는 얼마나 걸릴까 "
2,"주식 시장의 붕괴가 대공황으로 이어질까"
2,"오늘 점심시간 몇시까지인지 알려줘"
2,"나는 거의 도착했는데 너는 어디쯤이야 "
2,"오늘 서울 최저기온 몇도니"
2,"부엌 불 껐는지 확인해줘"
2,"회사에서 메일이 온 시간이 몇 시니"
2,"신촌의 쌀국수 전문점"
2,"내일 비가 오는지 알려줘"
2,"성서 사 차 단지에 유월에 입주하는 거 맞죠"
2,"오늘 최고 기온이 몇 도야"
2,"코스닥에 등록된 기업이 몇 개쯤 되나요"
2,"지난주에 회사에서 메일왔니"
2,"임시보관함에 메일이 몇 통 있어"
2,"신용평가가 주식에 미치는 영향을 알고 싶은데"
2,"다음주에 있을 중요한 약속 알려줘"
2,"내일 비 얼마나 내리는지 알려 줄 수 있니"
2,"이번주 금요일 머해"
2,"선풍기 전원 켜져있니"
2,"내일 과외가 몇시니"
2,"내일 회의 언제 끝나니"
2,"팔월이십육일 일정알려줘"
2,"현관에 방문한 사람이 있니"
2,"거기로 송금할까 "
2,"부엌에 배기후드가 틀어져 있니"
2,"어디에 줄 서면 되죠"
2,"베란다 창문이 닫혀있니"
2,"스팸메일함에 메일이 몇 통이나 있는지 확인해줘"
2,"방금 온 메일에 사진자료가 있었니"
2,"다음주에 언제 비오는지 알려줘"
2,"다음달 중요 일정이 뭐야"
2,"오늘 구름은 어떻니"
2,"오늘 회의가 몇개인지 알려줘"
2,"우리회사 저번 회식일이 언제인데"
2,"제주도 날씨 맑은 지 알려줘"
2,"회신 이메일 모두 몇 통이나되지"
2,"외국어 정규강좌 개강 관련 메일 왔니"
2,"엘지정유 주식의 액면가가 얼마인가요"
2,"이번달에 눈 오는지 알려줘"
2,"오늘 보낸 메일 수신했니"
2,"다음주 월요일에 비가 오는지 확인해줘"
2,"석유 값하고 주식하고 어떤 관계가 있지 "
2,"오븐에서 머랭을 구울 건데 몇 분으로 타이머 맞추면 돼"
2,"일본 홍수피해 규모가 어떻게 되니"
2,"거실에 티비 켜져있는지 확인해줘"
2,"오늘 일출 시간 언제인지 알려줘"
2,"엊그제 미세먼지 농도 좀 확인해줄래"
2,"이 메일이 언제 도착했어"
2,"이번주에 언제 화창하니"
2,"내일 해가 언제 뜰까"
2,"내일 선배랑 저녁 약속 장소가 어디였지"
2,"수표 분실 신고는 했어 "
2,"오늘 저녁 회식 장소랑 시간 알려줘"
2,"내일 수도권 지역 비 올 확률이 어떠니"
2,"오늘 친구들 몇시에 만나"
2,"다음달 첫째 주 오사카 날씨 알려줘"
2,"오늘 눈 얼마나 내렸니"
2,"이번주에 야외 데이트하기 좋은 날 알려줘"
2,"팀장님 메일 주소 알려줘"
2,"올 여름 장마의 예상기간 알려줄래"
2,"이번 주 비가 올 찬스가 얼마나 될까"
2,"음력 삼월 이십육일이 양력으로 언제니"
2,"친구 만난 게 무슨 요일이었는지 알려줘"
2,"야 너 또 삐졌냐"
2,"운고가 어떻게 되는지 알려줘"
2,"음식에 앉은 파리를 내쫓자 파리가 한 말은"
2,"내일 날씨 어때"
2,"다음주에 교수님 뵙는 날이 언제였지"
2,"정수기 필터 교체한지 얼마나 됐니"
2,"근데 너 변했냐"
2,"프로젝트 언제까지 마칠 수 있지"
2,"내년 크리스마스는 무슨 요일이니"
2,"내일 부산행 기차가 몇시에 출발하지"
2,"오늘 일정을 모두 알려줘"
2,"첨부파일이 다운되었니"
2,"고금리 특판 예금 괜찮을까 "
2,"부산 서울 간 비행기 요금 얼마야"
2,"여기는 비 오는데 거기도 비와요 "
2,"요새 펀드도 투자 많이 하던데 뭐 그런 건 어때"
2,"올림픽대로 구간의 영상정보를 보여다오"
2,"다음달에 회식이 언제언제 있지"
2,"주식의 최소 거래 단위가 어떻게 되지"
2,"사월달 태권도 승급심사 날이 언제인지 아니"
2,"이번주에 받은 메일 개수 좀 알려줘"
2,"중요한 메일 몇개 있어"
2,"퇴실은 언제하니"
2,"오늘 오후에 날씨가 어때"
2,"내일 오후 시장가는지 알려줘"
2,"오늘 습도가 얼마나 되니"
2,"내일 아침 일정을 알려줘"
2,"온 메일 중에 내가 보낸 메일 있는지 확인해 줘"
2,"다음달 개학 언제인지 알려줘"
2,"오늘 바람이 어느 정도 부는지 알려줘"
2,"어제 보낸 메일 누구한테 보냈는지 확인해줘"
2,"서울에서 라식수술을 잘하는 안과는 어디일까"
2,"어제 온 메일 모두 확인하고 지워줘"
2,"골프장은 어디에요"
2,"제가 실수한건 아니죠"
2,"내일 필라테스 예약 시간 확인해줘"
2,"다음달 말 봉사활동은 언제부터 언제까지니"
2,"스코어는 몇 점이에요"
2,"오늘 오후 다섯시에 어디로 가야하니"
2,"오늘 저녁에 무슨 약속이 있지"
2,"현관문이 잘 닫혔는지 확인해줘"
2,"콜라와 마요네즈를 섞으면"
2,"보일러 껐니"
2,"청담동에 가려면 뭐 타고 가야 하냐 "
2,"서울 근교의 놀이공원 어디냐"
2,"이번달에 있는 공휴일이 얼마나 되니"
2,"이번주 토요일 오전 일곱시 도로에 안개가 끼니"
2,"가스 불 끄고 나왔는지 확인 좀 부탁할게"
2,"뜨개질 관련 메일이 왔니"
2,"알 수 없는 발신자에게 온 메일 지웠니"
2,"무대의상을 입어본 적이 있나요"
2,"경칩날 낮 최고기온 알려 줄 수 있니"
2,"덥고 습한 날씨는 언제까지 계속되니"
2,"내일 오전에 날씨가 맑은지 알려줘"
2,"주방에 불이 켜져 있는지 확인해라"
2,"어제 보낸 메일이 수신 확인되어있니"
2,"다음주에 일정이 총 몇 건 있니"
2,"오늘의 금리 어떻게 되냐"
2,"저번주까지 안 읽은 메일이 몇 개인지 알려줄래"
2,"오늘 저녁 풍속을 알려줘"
2,"이번주 금요일에 날씨가 어떨까"
2,"지금 엘에이 날씨 알려줘"
2,"구월에 있을 결혼식 장소가 어딘지 알려줘"
2,"지금 보고 있는 메일 보낸 사람 스팸 목록에 포함되어 있니"
2,"오늘 새벽에 받은 메일 중요표시 되었니"
2,"오늘 온 메일 있는지 확인해줘"
2,"요리 안한지 얼마나 됐니"
2,"외할머니께 전화 왔니"
2,"논문 발표하러 일본가는 날이 언제야"
2,"오늘 습도를 알려줘"
2,"작년 필리핀 여행갔을 때 렌트 했던 회사 이름이 뭐니"
2,"내일 서울 최고 온도가 몇 도인지 알아봐봐"
2,"이번주 성당 모임 장소를 알려줘"
2,"이번 주말 데이트 시간 알려줘"
2,"거실에 티비 꺼져있는지 확인해"
2,"오늘 대전 날씨 아니"
2,"장마가 언제까지인지 알려줘"
2,"이번에 은행이 망했다는데 내 예금은 괜찮겠지 "
2,"만일 과거로 돌아갈 수 있다면 여러분은 어떤 결정을 바꾸거나 새로 결정하겠습니까"
2,"친구한테서 온 메일 수신자가 누구니"
2,"이번 주 주말 날씨 어떠니"
2,"케이티엑스 부산기차 예약날짜가 언제야"
2,"오늘 오후 기온좀 알려줘"
2,"이번주 금요일 거제도 바람 세기 좀 검색해"
2,"내일 부산 날씨 아니"
2,"지운 메일함에 회사 메일이 있니"
2,"자유롭게 저축하는 상품은 없나요 "
2,"작년 여름 날씨 평균기온 어땠니"
2,"내일 오전 일정 있니"
2,"기상 특보를 알려주겠니"
2,"이번 주 북한산 산악예보 보자"
2,"인터넷쇼핑몰은 계좌번호를 어떻게 알아 "
2,"이번 버스 요금 인상은 며칠부터인데"
2,"최근에 메일 보낸게 몇시였지"
2,"내일 충청도에 바람 많이 불어"
2,"금융 실명제를 최초로 시행한 나라는 어느 곳입니까 "
2,"임시보관함에 몇 개의 이메일이 있니"
2,"시내버스 안에서도 안전벨트 매게 하면 좀 안전할까 "
2,"이번주 저녁 약속 몇 개니"
2,"지금 내리는 비 언제쯤 그치는지 알아"
2,"통일교의 집단 결혼에 관련된 기사를 보여라"
2,"이번에도 학교에서 테니스 하니"
2,"오늘 풍속 알려줘"
2,"오늘 내가 현철이에게 메일을 보냈니"
2,"이번 주 일정중 두시간 이상인 걸리는 일정 알려줘"
2,"서울 강남구에 양주 파는 곳이 있나"
2,"여행지의 칠월 날씨가 어떤 지 알려줘"
2,"요즘 잘나가는 모델의 차가 뭐 있지"
2,"오늘 오전에 온 새 편지 몇 통이니"
2,"나 이번에 엉망이야 넌 몇 등 했냐"
2,"우리 토요일에 볼까 일요일에 볼까"
2,"내일 오전 서울의 날씨 알려줘"
2,"오늘 경남 영하 몇도인지좀 알려줘"
2,"보일러가 켜져 있니"
2,"오늘 비 언제 그치는지 알아봐"
2,"다음달 비 오니"
2,"오늘 온 이메일중 한국어가 아닌게 있니"
2,"이번에 결혼한다던데 며칠이야 "
2,"내일 저녁 약속 취소했니"
2,"확인안한 메일있니"
2,"자궁암 검사 언제 받니"
2,"모든 화장실에 불이 꺼져있는지 확인해라"
2,"방에 불 켜져 있는지 확인해줘"
2,"오늘 외투 필요하니"
2,"가족 모임 몇일인지 알려줄 수 있니"
2,"현재 안읽은 메일 개수를 알려줘"
2,"가스벨브 잠겨있니"
2,"김치냉장고에 자리 얼마나 있니"
2,"스팸함에 편지가 얼마나 있는지 확인해줘"
2,"입사 전에 복리후생이 잘되는지 꼭 확인해봐"
2,"건강은 좀 어떠세요 푹 좀 쉬셨어요 "
2,"다음주 언제 눈오는지 알려줘"
2,"다음주에 비오는 날 있는지 알려줘"
2,"입실 언제니"
2,"공기청정기 켜져있는지 확인해줘"
2,"오늘의 체감기온을 말해줄래"
2,"냉장실이랑 냉동실 몇 도로 유지되고 있어"
2,"증권거래소는 뭐 하는 곳이죠"
2,"올해 장마 언제부터야"
2,"오늘 오후에 미세먼지 농도가 백 아래인지 알려줘"
2,"이번 주일 방문 할 침례교회 이름을 알려줘"
2,"오늘 저녁 일곱시 약속은 어디야"
2,"다음달 친구랑 야구경기 일정 언제인지 알려줘"
2,"오늘 교수님한테 온 이메일 있니"
2,"밥솥 콘센트 뽑혀 있니"
2,"청약 메일 발송 했니"
2,"오월 한 달 동안 받은 메일 중에 제목에 행사가 들어가는 메일을 검색해줘"
2,"테마 주식에 열광하는 이유가 뭘까"
2,"다음주중에 비가 안오는 날이 언제야"
2,"안개 낀 하늘은 언제쯤 볼 수 있니"
2,"천만 원정도 여윳돈 생겼는데 주식 어떨까"
2,"일개월 전 메일 중요메일함에 추가했니"
2,"파일이 첨부된 메일에서 첨부파일 제목좀 말해줄래"
2,"핸드볼 신생팀 기사 모아주렴"
2,"오늘 온 이메일 중 제목에 지원서라는 글씨가 들어간 게 있니"
2,"오늘 몇시에 비가 오는지 알려줘"
2,"청소년 주식투자를 지원하는 학생들 클럽이 있나요 "
2,"이번해 첫눈은 언제로 예상되니"
2,"내일 새벽 부산 날씨 어떤지 아니"
2,"기공체조가 뭐야 태극권처럼 그런 거야 "
2,"내일 보낼 예약 메일이 있니"
2,"내일 어디 가는지 알려주세요"
2,"내일 오전 일정이 어떻게 되는지 알려줘"
2,"다들 점심약속 있으시죠"
2,"내가 보낸 거 수신 확인 됐어"
2,"내일 예상 강수량 알고있니"
2,"회사로 메일이 잘 전달되었니"
2,"현민이는 어젯밤 몇 통을 보냈지"
2,"설안사 소청봉에 비가 내릴 확률은 어떻게 되지"
2,"밥솥에 밥이 얼마나 있는지 확인해줘"
2,"내일 새벽에 안개끼는지 확인해줘"
2,"다음 주 중에 가장 추운 날이 언제니"
2,"오늘 새벽에 날씨 어떤지 알고 있니"
2,"내게쓴메일함에 어제 온 메일 있니"
2,"냉동고 온도가 영하 심팔도로 맞춰져 있니"
2,"실내 습도가 뭐니"
2,"오늘 비가 언제 그치는지 아니"
2,"집 전체의 에어컨 중에 켜져 있는게 있니"
2,"내일 풍속을 알려줘"
2,"내일 수업이 언제 시작하는지 아니"
2,"내게 쓴 메일함 다 비웠니"
2,"새로온 메일 알려줘"
2,"오늘 내가 누구에게 메일을 보냈니"
2,"어디서 몇시에 볼까"
2,"팔월 말 전국 날씨 어떨까"
2,"태풍이 이곳을 지나가는지 경로좀 말해줘"
2,"교육 사이트는 어디가 좋을까 "
2,"오늘 과제 마감 시간 알려줘"
2,"정오에 자외선 지수 얼마인지 말해줘"
2,"언제부터 따뜻해져"
2,"오늘 자외선이 얼마나 높니"
2,"일본 야구 관련 뉴스를 뽑아라"
2,"스팸메일함 이메일들 다 지워져있니"
2,"서울에서 언제 출발이야"
2,"학교에서 지난주에 온 이메일 있었니"
2,"금요일 출장 때 부산 날씨 어떤지 알려줘"
2,"이번 달에 거실 불이 몇 시간동안 켜져 있었는지 알 수 있니"
2,"내일 비가 언제 오는지 알려줘"
2,"내일 오후 잠실야구장 예상 강수량 알아봐"
2,"현재 호우 주의보가 해제된 지역을 보이렴"
2,"오늘 치과예약 몇 시였더라"
2,"사일날 일정이 어떻게 되니"
2,"내 생일 약속 장소 어디야"
2,"이제는 주로 뭐하고 지내 "
2,"올해 태풍오는지 확인해줘"
2,"에어컨 껐는 지 확인해줘"
2,"내일 오전 일정 있니"
2,"이 근처에서 좋은 레스토랑을 추천해주실래요"
2,"폭염 주의보가 내려질까"
2,"카페메일함에서 가장 최근에 온 메일 발신자 누군지 알려줘"
2,"하동에서 횡천까지의 길이 어떤데"
2,"친구랑 약속이 언제야"
2,"오늘 해야할 거 알려줘"
2,"이번달 대구 평균 기온 좀 검색해줘"
2,"작은 방 온도 몇 도인지 알려줘"
2,"추석에 날씨 어때"
2,"광안리에 선지국밥 전문점은"
2,"한의원이 나을까 그냥 병원이 나을까"
2,"다음 달에 추가된 회사 일정이 있어"
2,"오늘 친구랑 만나기로 한 약속이 언제인지 알려줘"
2,"지난 일주일동안 회사에서 메일이 왔었니"
2,"이 이메일이 컴퓨터 외에 어디서 로그인 됐는지 알려줘"
2,"내일이 음력으로 며칠이니"
2,"내일 새벽에 안개가 많이 낄지 알려줘"
2,"이번 주 서해안에 너울로 높은 물결이 일 곳을 아니"
2,"오늘 새로 온 메일이 있니"
2,"사모님과 여행 잘 다녀 오셨나요"
2,"가스 불 꺼있는 지 확인해 줘 "
2,"읽은 메일은 모두 삭제되었니"
2,"시청 로타리 교통 상태는 어떤지 파악해주련"
2,"팥쥐의 깨진 독을 수리해 준 사람은"
2,"다음주에 흐린 날 알려줘"
2,"올리브유 마사지랑 현미식이 최고라는데 해봤어"
2,"이번 주에 비 언제 온대"
2,"중요메일함에 있는 메일 모두 삭제 했니"
2,"오늘 오후에 수영대회가 있니"
2,"내일 축구하러 몇시까지 가야하니"
2,"이번 주에 비 많이 오니"
2,"내일 안동에 바람부니"
2,"지난주 서울의 미세먼지 현황이 어땠니"
2,"아이피주소가 한국이 아닌거 있는지 알려줘"
2,"성수대교 남단에서 도산사거리 사이 도로 정보는"
2,"환풍기 꺼져있니"
2,"이번달 생일인 사람이 있니"
2,"지금 듣고 있는 라디오 채널 주파수 좀 알려줘"
2,"다음주 치과 진료 시간 언제니"
2,"오늘 전남지역 지역 구름의 양은 어떻데"
2,"내일 낮 최고기온 알아봐"
2,"혹시 가스벨브가 켜져 있니"
2,"이번주에 맑은 하늘을 볼 수 있을지 알려줘"
2,"에어컨 온도가 몇도로 되어 있어"
2,"압력밥솥 오후 두시 예약되어있니"
2,"내일 예상 강우량 알려줘"
2,"친구들하고 메일 자주 주고받니"
2,"단대오거리 차량들 흐름은 어떤지 파악해주련"
2,"폭염 경보가 어느 지역에 발효됐지"
2,"인삼은 육 년 근 일 때 캐는 것이 좋다 산삼은 언제 캐는 것이 제일 좋은가"
2,"집 안에 뭐가 있는지 확인해"
2,"독어 회화 수업이 언제까지야"
2,"임시저장된 메일 좀 지워졌니"
2,"뭐하고 지내느라 연락도 안하냐"
2,"요금 채권이나 채무 쪽 일의 전망은 어때 "
2,"가장 최근에 정윤이랑 만난 날이 언제지"
2,"다음 달 미국 출장이 총 몇 박 몇 일인지 알려줘"
2,"현재 풍랑 주의보 해제 지역을 보이렴"
2,"다음주 과제 제출 장소 어디니"
2,"오늘 날씨는 어때"
2,"지금 뉴욕 날씨는 어떻니"
2,"다음주 모임일정 있었니"
2,"오늘 일정이 더 남은게 뭐있어"
2,"지난주 친구랑 어디서 만났었니"
2,"뉴스메일함에 있는 메일이 다 지워졌니"
2,"잠실에 있는 까르푸는 어떻게 간데"
2,"폭염주의보가 언제 풀리는지 검색해줘"
2,"작년 오늘이랑 지금이랑 날씨 비교해줘"
2,"오늘 강수량이 얼마나 되지"
2,"해외 수주 소식이 연이어 들리니 건설주를 사보는 건 어때 "
2,"바람이 언제 가장 많이 부니"
2,"우리나라에서 제일 비 많이 오는데가 어디에요"
2,"실내온도 알려줘"
2,"오늘 빨래해도 되니"
2,"내일 몇 시에 친구 만나기로 했지"
2,"장마가 언제쯤 끝나니"
2,"구렁이의 형은 십렁이라고 한다 그럼 구렁이의 동생은"
2,"이번 달 생일 약속이 몇 개야"
2,"서울에 폭염주의보가 언제까지 지속되는지 알아봐줘"
2,"다음주 플레이스테이션 신작 게임을 예약이 되어 있니"
2,"오늘 연극 시작 시간을 알려줘"
2,"누구 들어온 사람 없는지 확인해줘"
2,"다음주 월요일에 있을 가족 외식 시간과 장소 말해줘"
2,"오늘 안개가 얼마나 짙은지 알려줘"
2,"오늘 미세먼지 농도 좀 알려줘"
2,"지난달 시험 몇일에 있었니"
2,"어제 한 일정 알려줘"
2,"사월칠일에 보낸메일 좀 지워졌니"
2,"부산 시내 교통사고 속보를 알려"
2,"내일 몇시에 일어나야 되는지 알려줘"
2,"장마 언제 끝나는지 알려줘"
2,"내일 최고온도 몇 도니"
2,"다음달 일정이 어떻게 되니"
2,"작년에 갔던 아트센터에 갔던 교통수단을 아니"
2,"내일 날씨 좀 찾아줘"
2,"이번주에 프랑스에는 비가 오니"
2,"가스 밸브 잠겨있는지 확인해줘"
2,"아빠 생신이 언제니"
2,"친구 결혼식 날짜가 언제였지"
2,"오늘 날씨 최저 기온 알려줘"
2,"부산역 주변 만두 맛있는 중국집은 어디일까"
2,"나 오늘 내 방 불 끄고 나왔냐"
2,"혹시 친구들이랑 싸운 거니 "
2,"구글메일 수신함에 있는 회사메일 네이버 메일로 옮겼니"
2,"일반석은 얼마니"
2,"올해에 첨부파일로 온 메일 좀 알려줄래"
2,"구월 십육일이 무슨 요일이니"
2,"이 비가 언제 그치는지 알려줘"
2,"오늘 날씨를 알려줘"
2,"주소록 모두 지워졌니"
2,"호프로는 맥주를 만들고 엿기름으로 만드는 것은"
2,"오늘 아침 안개가 많이 끼었는지 알려줘"
2,"사하라 사막의 온도가 어떻게 되니"
2,"어제보다 더운 날씨일까"
2,"내일 약속장소 근처의 괜찮은 레스토랑 추천해줘"
2,"보일러 온도가 몇이니"
2,"우리 둘이 자유여행 갈까 패키지가 나을까"
2,"모레 독일 날씨 좀 검색해줘"
2,"혹시 피비알과 피이알 차이가 뭔지 알아 "
2,"현재 대기오염 심한 지역 찾아봐"
2,"이번에 얼마 가지고서 제주도 다녀온 거냐"
2,"안녕히 주무셨어요"
2,"목요일에 전시회가 몇시니"
2,"제목에 내 이름이 적힌 메일이 왔니"
2,"태풍 예상 경로 찾아줘"
2,"내일 일출시간이 오전 일곱시 전이니"
2,"오늘 새벽에 날씨 어떤지 알려줘"
2,"휴지통에 회사 관련된 메일이 들어있니"
2,"오늘 불쾌지수가 얼마나 높니"
2,"올해 십이월 천안 날씨 좀 알려줘"
2,"오늘 풍량이 얼마나 되는지 아니"
2,"해외 펀드 어디로 들었으면 좋겠어 "
2,"지금까지 전기세 얼마나 나왔어"
2,"경부 고속도로 정체구간 어떤데"
2,"달맞이 고개에서 전망 제일 좋은 음식점은 어떻게 가냐"
2,"카르로스 해트트릭 관련 기사 검색"
2,"집에 누구있니"
2,"오늘 할 일이 뭐야"
2,"눈이 얼마나 오는지 알려줘"
2,"송파구 가락동 근처 패밀리 레스토랑 어떻게 가는가"
2,"서울 미세먼지 농도가 어떻게 되니"
2,"비가 전국으로 확산되는지 알려줘"
2,"오늘 부산 비 얼만 큼 내려는 지 알려줄 수 있니"
2,"어제 몇 개의 메일을 받았니"
2,"메일이 제목 순으로 정렬되어 있니"
2,"인턴 면접 이번 주 토요일 맞니"
2,"다음주 예상 최고 강설량을 알려줘"
2,"다음주 주말 제주도 날씨 알려줘"
2,"오늘 미세먼지 어떤지 알려줘"
2,"내가 최근 골프치러 갔던 날이 언제지"
2,"내일 갈 연주회 시간이 몇시이니"
2,"방금 온 메일 누가 보냈니"
2,"아침에 안개가 많이 끼는지 확인해줘"
2,"오늘 오존 수치가 어떻게 돼"
2,"한국사 시험 일정 언제인지 알려줘"
2,"내일 오전 일정이 어떻게 되는지 알려줘"
2,"공식적입니까 비 공식입니까 "
2,"지방선거일이 언제니"
2,"내일 비 얼만큼 와"
2,"어제의 날씨 아니"
2,"벌금 관련 메일이 왔니"
2,"이번주에 저녁 여덟시 넘어서 있는 일정 알려줘"
2,"오늘 박찬호 등판과 관련된 기사 보여주렴"
2,"이 지역의 습도량을 알려줘"
2,"언제부터 장마 시작인지 알려줘"
2,"정비소에 맡긴 자동차를 언제 찾아야 하지"
2,"이틀전에 온 메일 중요표시 해놓았니"
2,"어제 온 메일 모두 읽었니"
2,"내가 안방 에어컨 끄고 나왔니"
2,"지금 밖에 비가 오고 있니"
2,"오늘 오존 지수가 높니"
2,"오늘 바람이 많이 불 것 같니"
2,"이번 학기에 수업 뭐 들어"
2,"전자레인지 켜져있는지 확인해줘"
2,"아저씨가 말한 닭집이 혹시 양계장인가요"
2,"내일 아침 경인고속도로 날씨 어떠니"
2,"좀 싼 호텔 있나요"
2,"오늘 초미세먼지 농도는 얼마니"
2,"동생 생일에 어디서 밥먹기로 했니"
2,"내일 오전 날씨 좀 알려줘"
2,"언제쯤 저녁 시간이 편하신가요"
2,"오늘 오후에 읽은 메일들을 안읽음으로 표시하는 기능이 있니"
2,"해운대 근처 당구장 어떻게 가냐"
2,"오늘 황사 지수가 어떻게 되니"
2,"압록강을 통한 탈북 소식을 검색해"
2,"건강을 유지할려면 어떤 방법이 좋을까요"
2,"최신 메일 있니"
2,"요즘 건강은 어떠십니까"
2,"오늘 대구 최고기온 몇 도니"
2,"내일 영화보기로 한 장소가 어디인지 알려줘"
2,"전자레인지 가열시간이 얼마나 남았는지 알려줘"
2,"칠월 사일 서울 낮 기온은 몇 도야"
2,"오늘밤에 눈이 내리는지 알아봐"
2,"다음달에 해외 나가는 일정 있다면 알려줘"
2,"내일 아침에 몇시에 해뜨는지 알려줄 수 있니"
2,"콘서트가 언제지"
2,"오늘 서울 미세먼지 농도 어떠니"
2,"내일 오전에 비가 올까"
2,"다음주 병원 예약이 무슨 요일이니"
2,"나 내일 누구랑 뭐하기로 했냐 기억이 안나네"
2,"어제 읽은 로빈훗의 줄거리를 알려줄 수 있니"
2,"오늘 저녁 풍속이 얼마나 되니"
2,"동아대 근처 많이 가는 밥집은 어떻게 갈까"
2,"급행 요금은 얼마에요"
2,"이번주 주말에 머해요"
2,"강원도컵 아이스하키 기사를 찾아볼래"
2,"작년 동창회가 언제였어"
2,"다음주 폭염이 언제부터 시작되니"
2,"오늘 대구의 최고기온 좀 알려줘"
2,"부엌 불 껐는지 확인해줄 수 있니"
2,"에벤에셀은 어디에 쌓은 탑인가요"
2,"내일 선글라스가 필요할까"
2,"어제 온 메일 주소 차단했니"
2,"하루 평균 광고 메일이 얼마나 오는지 알려줘"
2,"내일 서울 미세먼지 어떻니"
2,"어제 메일 누구한테 왔는지 알려줘"
2,"강남역에 있는 일정이 뭐였는지 찾아줘"
2,"지금 쫌 빨리 가는 방법이 없을까"
2,"제목에 장학금이란 단어가 포함된 메일이 도착했니"
2,"이천십팔년 추석연휴 날짜 알려줘"
2,"밥솥 취사시간이 얼마나 남았는지 알려줄 수 있니"
2,"지난 주에 메일 온 게 몇 개지"
2,"오늘 야구 삼성의 경기 관련 기사는 없을까"
2,"크리스마스에 눈이 오니"
2,"이번엔 어떤 영화 볼까 난 액션 싫어"
2,"내일 몇도인지 알려줘"
2,"은퇴 관련 메일 삭제했니"
2,"오늘의 기상특보는 뭐야"
2,"내일 오전 약속 누구랑 모이니"
2,"마포 소재 갈비전문점 어떻게 가냐"
2,"다음주 가장 더운날이 언제니"
2,"이번주 월요일 날씨 어떤지 아니"
2,"버티고개에서 전망이 제일 좋은 커피숍은 어떻게 갈까"
2,"작년 한 해의 강수량 수치를 알려줘"
2,"오늘 밤 예상 기온을 알려주렴"
2,"다음주 평균 기온 어떤지 검색해줘"
2,"거실에 티비 켜져있니"
2,"내일 비 올 확률은 얼마야"
2,"지금 강수확률은 얼마야"
2,"내일 오전 약국가는 일정 추가 했니"
2,"나 점심 사줬으니까 음료수 사줄게 뭐 마실래 "
2,"오늘 새 편지 중 정미가 보낸 메일을 찾니"
2,"집에 왔다간 사람이 있니"
2,"오늘 낮 최고온도 몇도니"
2,"오늘 부장님에게 메일 왔는지 확인해줘"
2,"김대리님 휴가는 언제니"
2,"이번에 제일은행 합병되면 은행에 있는 내 돈 위험해지는 거 아니지"
2,"어제 학교에 보낸 메일의 발신여부 좀 확인해줘"
2,"다음주 목요일 여수에 바람 얼마나 부니"
2,"이번주 수요일 수원 날씨 아니"
2,"이번 주까지 해야할 거 알려줘"
2,"후유증은 없니 "
2,"학교 선생님 교수님과 메일로 자주 소통해"
2,"이번 달 최저 기온을 알려줘"
2,"지금 비 올 확률이 몇 퍼센트인지 알려줘"
2,"안방 온도 좀 알려줄래"
2,"주가가 꽤 높은데 적립식 펀드 같은 곳에 가입해도 될까"
2,"다음주에 황사있는 날이 언제야"
2,"올 여름 예상 강수량이 어때"
2,"내일 약속장소까지 얼마나 걸리는지 알려줘"
2,"차범근에 대한 기사를 보여다오"
2,"다음달 세미나가 날짜 아니"
2,"네 직업 위험도는 몇 등급인 줄 알고 있어 "
2,"에어컨 방향 설정 어떻게 되있니"
2,"다음주 일요일 날씨가 어떠니"
2,"김장하기 가장 좋은 날짜 알려줘"
2,"오늘 오후에 나 무슨 일정있니"
2,"지금 에어컨 무슨 모드로 작동되고 있니"
2,"코스닥 등락폭이 컸다는 데 그 이유가 뭘까 "
2,"다음 주 피아노 레슨 일정을 아니"
2,"고등학교 동창모임 무슨 요일인지 알려줘"
2,"선풍기가 잘 작동되고 있니"
2,"토스 시험이 언제인지 알고 있니"
2,"눈 얼마나 온거니"
2,"내일 바람 많이 부니"
2,"병원 일정이 언제야"
2,"남편이 저번 주에 만난 남편 친구 이름을 검색할 수 있니"
2,"내일 일정 중 저녁시간 확인부탁해"
2,"관리비 내는 날이 언제지"
2,"금요일 날씨 알려줘"
2,"용산구의 정체구간 보여주렴"
2,"십사일에 무슨 일정있는지 말해주겠니"
2,"연주회 관련한 메일 왔니"
2,"내일 서울 미세먼지 농도 좀 알려줘"
2,"내일 우리나라 어디가 비 오는지 알려줘"
2,"남산공원 가는 길 정체되는지 알 수 있을까"
2,"천호동에서 상일 인터체인지까지 흐름이 어떻지"
2,"입시 정책 관련 기사를 찾아라"
2,"내가 갖고 있는 주식의 현재가치를 알고 싶습니다"
2,"현재 강풍 주의보가 해제된 지역 보여주렴"
2,"친구 메일 주소 알려줘"
2,"내일 잡혀있는 치과 진료가능시간 알려줘"
2,"어제 오전에 온 메일이 있니"
2,"현관에 누구냐"
2,"담주에 동기 모임 언제인지 알려줘"
2,"해운대에서 연인들이 제일 많이 찾는 커피숍은 어디지"
2,"저번 주에 무슨 기념일이 있었지"
2,"작년중 가장 눈이 길게 왔던 시간 확인해"
2,"에스엔에스에서 온 메일 보관함에 넣었니"
2,"내일 비오는지 알려줄래"
2,"오늘 스시먹기로 한 것 누구랑이니"
2,"인증메일 왔는지 확인해줘"
2,"화장실 세면대에 물 틀어져있는지 확인 해줄수있니"
2,"거실에 불 꺼져 있는지 확인해"
2,"내일 가장 맑은 지역이 어딘지 알아봐줘"
2,"영어 단어 못 외워서 맞았다며 괜찮냐"
2,"저번주 최고 기온이 몇돈지 알려줘"
2,"한시간 전에 들었던 노래제목 뭐야"
2,"비는 언제쯤 그치니"
2,"내 메일주소 수신거부했니"
2,"다음주 봉가가 언제니"
2,"내가 어제 보내라고 했던 메일 제대로 보냈냐"
2,"어젯밤 도착한 이메일 몇 통이나 된데"
2,"다음주 일정 다 취소했니"
2,"어제 습도 얼마였어"
2,"저번주에 날씨 경보 울린날 있니"
2,"이번주에 가족 관련 일정 있으면 알려줘"
2,"이번 주에 한파 예정인 날 검색해"
2,"이번주 토요일에 최고기온이 몇이니"
2,"정말 보고 싶을까"
2,"재테크 메일 삭제 했니"
2,"이번주 가장 추운날이 언제니"
2,"오늘 서울 미세먼지 농도 알려줘"
2,"올해 추석 연휴는 언제니"
2,"이번 주에 날씨가 맑은 날이 언제가 될지 확인좀 해줘"
2,"수신한 메일함에 메일이 몇통이나 있니"
2,"스팸처리안된 광고메일 있니"
2,"오늘 숙제 몇시까지 할거니"
2,"이번주 일정 없는 날이 언제니"
2,"다음주 일요일에 비가 오는지 확인해줘"
2,"저번달 가스비는 얼마나 나왔니"
2,"어제부터 현재 누적 강우량 알려주겠니"
2,"오늘 기온이 가장 낮은 때가 언제니"
2,"칠월 십오일에 약속 있는지 알려줘"
2,"게임 회사가 요즘에도 유망한 편이니 "
2,"앗수르왕 살만에셀이 이스라엘을 쳐들어왔을때 바로 무릎꿇은 왕은"
2,"가족 모임 시간이 일곱시가 맞니"
2,"마블 영화 최신작의 개봉일을 알려줘"
2,"다음으로 빠른 공휴일이 언제인지 알려줘"
2,"전체메일이 몇 통이나 있니"
2,"업무 안내는 제대로 되는 거야"
2,"이번달 가족여행 가기로 했니"
2,"저번달 이일날 갔던 식당 이름이 뭐니"
2,"저번주 월요일에 온 메일 있니"
2,"한글과컴퓨터 주를 살까 말까"
2,"공군기지 이전 관련 기사를 찾아라"
2,"현재 위치에서 오늘 저녁 약속 장소까지 거리가 얼마나 되니"
2,"주식을 하면 왜 흔히들 망하는 걸까"
2,"혹시 베란다에 불켜져 있니"
2,"오늘 오후 다섯시에 어떤 영화관으로 가야 하니"
2,"다음주 최고기온 삼십도 이상인 요일 며칠인지 알려줘"
2,"나는 참새와 독수리가 공중에서 정면 충돌을 했다면 무슨 현상일까"
2,"이번주 수요일 친구 결혼식 몇시니"
2,"부모님 결혼 기념일이 언젠지 알려줘"
2,"내일 습도는 얼마야"
2,"언제까지 열대야가 계속될까"
2,"지금 바람 풍속이 어떻게 되냐"
2,"내 생일날 무슨 일정 잡아놨니"
2,"수넴여인이 엘리사를 통해 아들을 얻자 정성스럽지 못한 태도 때문에 엘리사와 게하시는 당시 어디로 갔나요"
2,"오늘 기상 정보 알려줘"
2,"이번주 일요일 속초 호텔 체크아웃이 몇시야"
2,"공지 메일 언제왔는 지 알려줘"
2,"이번 달 마지막주의 습도를 알려줘"
2,"올림픽 순위에 대해 나온 기사 보여라"
2,"오늘 저녁에 긴 옷이 필요하니"
2,"오늘 대구의 온도가 몇도까지 치솟을지 알려줘"
2,"오늘 충전상태는 얼마나 되어있지"
2,"오늘 한국에서 온 이메일이 있니"
2,"이번 주에 나한테 메일을 보낸 메일주소 모두 알려줘"
2,"내일 오전 날씨 알려줘"
2,"새 편지가 얼마나 있니"
2,"안방에 불이 꺼져있니"
2,"이번주 수요일 엄마랑 식사 일정이 있니"
2,"예약메일 몇 개인지 알려줘"
2,"이번주에 헝가리에 비가 오는지 확인해줘"
2,"다음달 한국 입국 일정 알려줘"
2,"남자친구에게 온 메일이 몇 개인지 알 수 있니"
2,"수학 과외하면 성적 올릴 수 있을까"
2,"인턴십 일정이 언제 끝나니"
2,"오늘 몇 년만의 최고 더위이니"
2,"오늘 서울 해 몇시에 지니"
2,"다음 주 미팅 시간이 언젠지 알아봐줘"
2,"풍랑경보는 언제 사라지는지 검색해줘"
2,"내일 오전에 안개끼는지 확인해줘"
2,"언제 장마가 시작되는지 알려줘"
2,"요셉이 형제들에게 식물을 주되 누구한테만 다섯 배를 더 주었나요"
2,"언제가 시간이 제일 편하세요"
2,"에어컨 절전 모드로 설쟁했니"
2,"취업 설명회는 언제 있어"
2,"다음주 화요일 시간표에 수학이 있니"
2,"여행지의 사월 기온이 어떻게 되니"
2,"서울에는 바람이 얼마나 부니"
2,"오늘 보낸 메일 몇 개인지 확인해줘"
2,"사월 일일에 일몰 몇시인 지 찾아줄 수 있니"
2,"태풍 루사 때의 강수량이 얼마였는지 아니"
2,"무선 인터넷 신호를 탐색할 수 있니"
2,"대구 여름 날씨 어떻게 되니"
2,"내일 일정 모두 확인해주겠니"
2,"경북 부근에 눈썰매장은 어떻게 가는가"
2,"하고 있는 일을 좋아하세요 이유는요"
2,"이번달 말 학교 일정 있니"
2,"올해 프로농구 개막일이 언제지"
2,"오늘 온 이메일중 영어로 온 이메일 있으면 알려줘"
2,"내일 일정이 있니"
2,"석연찮은 점이라는 게 뭡니까"
2,"오늘 최저 기온이 몇 시일 때인지 알려줘"
2,"급행의 추가 요금은 얼마에요"
2,"오늘 회사 면접시간이 언제니"
2,"전남해안지역의 바람 상태를 확인해줄래"
2,"오늘 미용실 몇시까지 가야하니"
2,"내일 마산의 불쾌지수를 보여줄래"
2,"지하철 마지막 운행시간을 알려"
2,"다음주 목요일 속초 최저 기온 몇도인지 알려줘"
2,"현재 이탈리아 로마 날씨 알려줘"
2,"짐 제한 무게는 얼마니"
2,"지난달 동호회 스케쥴 어디서 제일 많이 했니"
2,"동대에서 가장 싼 술집 어디지"
2,"어제 무슨 일정 있었는 지 알려줘"
2,"오 비싼 거 먹어"
2,"옥주현 윙크 금지령 관련 기사 찾아라"
2,"다음주 월요일 병원 일정이 몇시니"
2,"우리학교 아침 조례시간이 언제지"
2,"주말 가평 날씨 어떨까"
2,"수진이 아버님은 완쾌 되셨니"
2,"정수기필터 교환 주기를 알려주라"
2,"현재 서울의 강우량은 얼마나 되지"
2,"화장실에 수도꼭지가 틀어져 있니"
2,"내일 동호회 모임이 몇 시에 시작하니"
2,"성탄절 카드를 보냈는데 받았니 "
2,"어느 지역에 비가 가장 많이 오니"
2,"다음달 팔일 출국 시간이 몇 시야"
2,"오늘 서울에 황사가 있니"
2,"내일 날씨 알려줘"
2,"지금 거실에 불이 켜져 있니"
2,"폭설이 언제까지인지 알려줘"
2,"오늘 비 언제까지 오는지 알려줘"
2,"한국 여름 최고 기온 몇도야"
2,"오늘 춘천에 비가 오니"
2,"교수님께 십분전에 온 메일이 있는지 확인해줘"
2,"아담과 그 이후에 태어난 사람과의 차이점은"
2,"연구실 미팅일정이 무슨요일이야"
2,"크로마키 주감독이 하란대로 준비했냐 "
2,"다음 주 가족여행 언제니"
2,"일본의 내일 날씨 알려줄래"
2,"오늘이랑 내일 중에 언제가 더운지 아니"
2,"한국장학재단에서 메일 왔는지 확인해줘"
2,"지하철이나 버스 이용 하면 세금혜택도 있을까 "
2,"내일 보기로 한 콘서트 이름 알려줘"
2,"오늘 아침에 황사가 얼마나 심하니"
2,"최신 영화 알려줘"
2,"낮에 얼마나  더울까"
2,"이번 주 토요일에 근무하나"
2,"다음주 월요일 날씨 알려줘"
2,"여자친구 생일이 언제였지"
2,"상반기 목표 달성이 몇 프로인지 알려줘"
2,"대학 경쟁력과 관련된 특집기사는 뭘까"
2,"고교 아이스하키에 관한 기사를 찾아줄래"
2,"새로 온 메일 있는 지 확인해"
2,"오늘 등산해도 되는 지 알려줘"
2,"막내가 외갓집에 가기로 한날이 얼마나 남았지"
2,"오늘 오전 캘리포니아에 비가 오는지좀 알려줘"
2,"폭설소식 있니"
2,"오늘 오후 예천날씨 알려줘"
2,"회사에서 온 메일 몇시에 도착했어"
2,"아직 안 읽은 메일 몇개인지 알려줘"
2,"내년 추석 며칠이야"
2,"이십일 업체 미팅 시간 여섯시로 변경할 수 있니"
2,"다음달 건강검진 언제인지 확인해줘"
2,"광고 메일이 있니"
2,"당신의 안부가 정말로 궁금합니다"
2,"허리디스크 치료 날짜 언제니"
2,"오늘 오전 몰디브에 바람이 얼마나 부는지 알려줘"
2,"내게 메일을 가장 많이 보내는 사람이 누구니"
2,"창가에 보이는 나란히 정 리 된 짐볼들로 어떤 운동을 할까요"
2,"경부 고속도로의 교통상황을 말해주라"
2,"내일 저녁식사 약속이 어디에서 잡혀 있었지"
2,"오늘 산불지수 어때"
2,"스탠드 전원 켜져있는지 확인해줄 수 있니"
2,"내일 강수 여부 알려줘"
2,"현관문이 열려있는지 알려줄래"
2,"어머니 생신이 언제니"
2,"글피에 여자친구랑 데이트할껀데 비가 올까"
2,"라오스 칠월 날씨좀 알려줘"
2,"스팸메일 모두 지웠니"
2,"작년 팔월 일정 전부 알려줘 "
2,"오늘 미세먼지 언제까지 나빠"
2,"인터넷 증권회사가 있던데 뭐가 좋을까"
2,"할 수 있겠어"
2,"자신의 물건을 다른 사람들에게 빌려주나요 이유는요"
2,"이번주 서울 자외선 치수 어떤지 아니"
2,"이번주 제일 바쁜날이 언제야"
2,"다음달 첫번째주 필리핀 마닐라 날씨 알려줘"
2,"체크 인을 언제 하니"
2,"보험사기 관련 기사를 찾아라"
2,"동래에서 부산대 방면 가장 막히는 구간은"
2,"쿠폰 메일 따로 정리 했니"
2,"오늘 오후에 눈이 오는지 알려줘"
2,"여름 방학이 언제 시작인지 알려줘"
2,"안방가서 엄마 뭐하시는지 확인해"
2,"허리가 아프다니 왜 무슨 일 있었어 "
2,"오늘 신문 왔니"
2,"스팸차단한 메일 개수 좀 알려줄 수 있니"
2,"오늘 가장 더운시간이 언제인지 알려줘"
2,"오늘 보기로 했던 영화가 뭐지"
2,"다음달 평일 중에 오후 일정 없는 날 알려줘"
2,"금요일에 서울 얼마나 덥니"
2,"너 어릴 때 태권도 배웠지"
2,"이메일 발송 내일로 예약했니"
2,"잠실에서 종로 가는 길 안 밀리나"
2,"몇 시에 일정 있는 지 알려줘"
2,"내일 보낼 예약 메일 취소됐니"
2,"식기 세척 다 끝났니"
2,"친구와 영화보기 일정 몇 시야"
2,"환전 메일 언제 왔니"
2,"내일 황사 심한지 검색해줘"
2,"현재 위치에서 오늘 약속 장소까지 자동차가 빠르니 아니면 대중교통이 빠르니"
2,"내일 날씨가 흐리니"
2,"수상스키 처음 타는데 뭘 준비해야 할까"
2,"안방에 불 꺼져 있니"
2,"그 교수님 수업 괜찮니"
2,"이번달에 사진동호회모임이 언제인지 알려줘"
2,"광주의 특산품은 뭐니"
2,"이천십오년에 여행 간 곳이 어딘지 알려줘"
2,"거실 불 현재 몇 단계로 켜져있니"
2,"지금 들려 주는 성경 몇 장이나 남았어"
2,"오늘 오전 열한시에 미세먼지 농도가 얼마인지 알려줘"
2,"오늘 일정 있다면 알려줘"
2,"최신영화 알려줘"
2,"오늘 보낸 메일의 수신여부 확인해줘"
2,"내일 오전 스케줄 알려줘"
2,"오늘 미세먼지가 어떻게 되지"
2,"임시 보관함에 남은 메일이 몇통이니"
2,"최근 온 메일이 몇 개야"
2,"석이 결혼식 어디서 하지"
2,"뉴코아 백화점이 무너지지 않는 이유"
2,"오늘 몇시 부터 비가 그치는지 알려줘"
2,"텔레비전이 켜져있니"
2,"학교에서 온 메일의 수신여부 확인해줄 수 있니"
2,"내가 받은 모든 메일 주소를 정리했니"
2,"목표 수익율이 몇이십니까"
2,"다음주 수요일 운동일정으로 되어있니"
2,"오늘 서울에 폭염 경보가 있는지 알려줘"
2,"학원 다니는 게 나을까 과외 나을까 "
2,"어제 내가 메일 처음받은 시간이 몇시니"
2,"다음달 빨간날이 언제인지 알려줘"
2,"새로 온 편지 개수가 어떻게 되니"
2,"이번주 주말 전주 날씨 괜찮은지 알려줘"
2,"커피포트 전원 켜져있는지 확인해줄 수 있니"
2,"동해와 남해 중 파도가 더 센 곳은 어디니"
2,"어제 온 메일이 뭐였는지 알려줄래"
2,"내년 어린이날은 무슨 요일인지 알려줘"
2,"다음달에 동호회모임이 언제인지 알려줘"
2,"내일 세시에 뭐하는지 알려줄래"
2,"정형외과와 한의원 중 어디가 좋을까요"
2,"컴퓨터 켜져 있는지 확인해줘"
2,"이번 폭염 언제 끝날지 알려줘"
2,"메일 첨부파일이 몇 개니"
2,"오늘 들어올 돈이 왜 아직 안 들어오는 걸까"
2,"공기업 채용 관련 정보를 찾아라"
2,"목요일 동창회 약속장소가 어딘지 확인부탁해"
2,"구월달 아빠 생일이 무슨 요일이니"
2,"오늘 최저온도랑 최고온도 좀 알려줘"
2,"토요일 날씨 알려줘"
2,"칠월 오일 이지연 생일파티가 몇시지"
2,"오늘 비가 언제까지 오니"
2,"오늘 내린 기상 특보 있니"
2,"지금 현위치 초미세먼지 농도 알려줘"
2,"오늘 오후 열한시 영화 장소가 용산 맞니"
2,"보스턴까지 왕복표는 얼마에요"
2,"다음 주 주말에  제주도 날씨 좀 괜찮을까"
2,"비오는 날은 언제쯤 볼 수 있는지 알려줘"
2,"내일이 오늘보다 추워"
2,"심기가 왜 이리 뒤틀렸어 불만이 뭐야"
2,"블루 노트라는 나이트클럽 들어보셨나요"
2,"내일 오후 울릉도에 바람이 얼마나 불겠니"
2,"임시보관함이 비어있니"
2,"스탠드 꺼져있니"
2,"오후에 카페에서 온 메일 확인했니"
2,"내일 오늘보다 얼마나 더 추울지 알려줘"
2,"작은방 창문 닫혀있는지 확인해줄래"
2,"지금 부산 온도가 어떻게 되니"
2,"도쿄는 날씨 좋나요"
2,"오늘 낮에 햇볕 강한 지 확인해줘"
2,"저번 주에 한 일 알려줘"
2,"주식가격변동이 기업가치에 미치는 영향이 큰가요"
2,"삼성 카드랑 현대 카드 중에 어느 게 더 나을까"
2,"버서커는 살았는지 죽었는지 잘 모르겠네요"
2,"태풍이 이곳을 지나가는지 경로가 어떻게 돼"
2,"내일 아침 서울 예상 가시거리 검색해줘"
2,"받은 메일함에 있는 메일 개수 알려줘"
2,"고객님께 온 메일 있니 "
2,"모레 여자친구랑 몇시에 만나기로 했니"
2,"이번 주 소나기가 올 확률을 알려줘"
2,"내일 일정 몇시부터니"
2,"동대문에서 제일 싼 술집은 어디니"
2,"오늘 제주도에 눈이 얼마나 내리는지 알려줘"
2,"내일 아침에 안개가 끼니"
2,"다음주 결혼식 일정 몇시니"
2,"지금 가스불이 꺼져있니"
2,"그 외에 금융회사를 예를 든다면 어떤 것이 있을까요 "
2,"초복까지 얼마나 많이 남았지"
2,"내일 가장 빠른 스케줄이 언제인지 알려줘"
2,"여기는 도대체 이자가 몇 프로라는 거야"
2,"영순이에게서 답장이 왔을까"
2,"재산세 내는 날까지 얼마나 남았지"
2,"성탄절 카드를 보냈는데 받았니 "
2,"아 오늘 설마 한파 주의보 내렸냐"
2,"버티고개 근처에서 전망이 제일 좋은 커피숍은 어딘데"
2,"이번 주에 눈이 언제 올까"
2,"부산 해운대에 어떤 곳이 좋지"
2,"오늘 이 비가 언제쯤 겔까"
2,"증권 정보 사이트 어디가 좋은가요"
2,"올해 장마가 언제 시작되는지 확인해"
2,"울릉도 주간 날씨 검색해"
2,"유월 명세표 관련 메일 왔는지 확인해줘"
2,"사업계획서 작성시 의뢰를 하는 편인가요 "
2,"내일 벤쿠버 자외선 치수 어떤지 아니"
2,"이번주 날씨 좀 알려줄 수 있니"
2,"지금 집이 몇도인지 알려주겠니"
2,"지금 인덕션 켜져 있니"
2,"동부 고속도로 진입로 교통상황은 어떤지 파악해 구간별로 통계정보를 알려다오"
2,"오늘 북서쪽에서 눈구름이 오는지 알려줘"
2,"참 이번 주 일요일 날 우리 오빠가 술 산다고 하는데 올래"
2,"얼마나 구울까요"
2,"주식 관리를 어떻게 하면 효율적으로 할 수 있을까요"
2,"오늘 일정 알려줘"
2,"화장실 불이 켜져 있니"
2,"두기업중 어느 기업의 주식을 살까요"
2,"인류 최초의 쓰레기는"
2,"형 생일이 언제였는지 알고 있니"
2,"내일 인천 눈 얼마나 오는지 알려줄래"
2,"내일 일정 몇 개나 있니"
2,"오늘 서울 바람 방향좀 알려줘"
2,"현관 자물쇠가 잠겨 있니"
2,"중간에 경유하는 곳은 몇 군데"
2,"거기서 유턴 되는지 모르겠네"
2,"이번주 월요일 서울 날씨 아니"
2,"어젯밤 내가 누구에게 이메일을 보냈니"
2,"이번 계절학기 수업 갯수가 몇 개나 되지"
2,"천 소네가시는분 안 계실까요"
2,"오늘 대구의 풍속은 얼마지"
2,"내일이 내 월급날인가"
2,"보낸 이메일 중 되돌아 온 이메일 몇 통인가"
2,"내일 스승의 날인데 교문에서 만나는 거야"
2,"비행기 몇 시에 예약했나"
2,"은행의 업무를 맡는 사람을 뭐라 불러 "
2,"내일 몇 시가 가장 더운지 알려줘"
2,"오늘 저녁에 눈오는지 알려줘"
2,"못생긴 여자를 무지무지하게 좋아하는 남자는 누구일까"
2,"지금 빨래 말릴 정도로 바람이 부니"
2,"같이 저녁 먹을까"
2,"목요일 천안역까지 몇시에 가야하니 "
2,"증권거래소랑 코스닥 중 어느 곳이 좋아"
2,"오늘 최저기온인 시간은 몇시인지 알려줄래"
2,"스팸메일함에 회사에서 보낸 메일이 있니"
2,"내일 풍속 알아봐라"
2,"인덕션 껐니"
2,"내일 바람이 얼마나 불까"
2,"제 사이즈로 있나요"
2,"내게 쓴 메일함에 메일이 몇 통이나 있어"
2,"화장실에 불 켜져 있니"
2,"어젯밤 온 이메일 좀 알려줄래"
2,"생일선물 사기로 한 요일이"
2,"이번주 과제 데드라인 전부 알려줘"
2,"이번 장마 특징이 뭔지 알려줘"
2,"비정규직도 신용카드 발급이 가능한가요 "
2,"화장실에 불 켜져 있는지 확인해줘"
2,"이번 달은 공휴일이 언제니"
2,"장외 주식이 상장되면 장내 주식으로 되나요 "
2,"결혼기념일이 언제야"
2,"내일 낮에 몇 도 까지 올라가는지 알려줘"
2,"휴지통에 혹시 학교에서 온 메일이 들어있니"
2,"화장실 불이 켜졌는지 확인해줄래"
2,"부장님 메일 읽으셨는지 확인해줘"
2,"종로 교차로 상황은 어때"
2,"이번주에 저녁 시간 비는 날이 언제인지 봐줄래"
2,"올해 아빠 생신이 무슨 요일인지 알려줘"
2,"내일 일교차 몇 도인지 검색해줘"
2,"여러분이 꾸었던 마지막 꿈은 무엇이었죠"
2,"제목이 조별과제일 메일 왔니"
2,"이번달 대체공휴일이 언제니"
2,"까쓰오븐 이백 오십 도로 예열하니"
2,"모레 비가 올까 안올까"
2,"이번 주 주말에 친구랑 약속 어디였는지 알려줘"
2,"이 곡두 그렇게 하구 싶어요"
2,"청소에 적당한 음악은 무엇이니"
2,"이번주 화요일 아침 몇시에 일어나"
2,"꽃샘추위가 언제 시작될지 알려줘"
2,"환기를 해야할까"
2,"예금담보 대출하려는데 어느 은행이 좋을까"
2,"집 안 온도 얼마정도 되니"
2,"가장 효과적인 공부계획에 대한 조언을 듣고싶습니다"
2,"나 메일 다 읽었냐"
2,"내게 쓴 메일함은 모두 지웠니"
2,"이번 주에 카드사에서 메일 왔는지 확인해줘"
2,"별일은 없고"
2,"오늘 밤에 도착 메일 모두 보여줄래"
2,"이학기 개강 몇일이지"
2,"다음주 화요일 일정이 있니"
2,"올해 가장 더운 날이 며칠이었니"
2,"오늘 습도 어느정도인지 알려줘"
2,"내일 오전에 비오는지 확인해줘"
2,"베란다 불 꺼져있는지 확인해줘"
2,"내일 오전 날씨좀 알려줄 수 있니"
2,"중요표시 된 메일이 몇통이니"
2,"오늘 사진파일 첨부된 메일 있니"
2,"오늘 습도 아니"
2,"화장실 세면대 수도꼭지가 올라가 있니"
2,"대출 상품이 많기는 한거 같은데 나한테 맞는 게 뭐가 있을까"
2,"담당교수님의 성함이 뭐지"
2,"추위가 언제까지 가는지 알려줘"
2,"이번 달 모임 전부 알려줘 "
2,"이번주 미국 전역 날씨 알려줘"
2,"저번달에 비해 현재까지 전력 소모량이 어때"
2,"호창아 돈 많이 벌었어 "
2,"첫 눈이 몇일날 오는지 알려줘"
2,"야 병욱아 지오 스탶 회의한다는데 너는 안가"
2,"사흘 간 최고 폭우 몇미리 인지 알려줘"
2,"카페 메일함에 메일 있니"
2,"내일 저녁약속이 몇시인지 알려줘"
2,"어제 날씨가 춥던데 몸은 괜찮니"
2,"우리 부모님 결혼기념일이 언제지"
2,"이번 주에 회식은 몇 개나 있어"
2,"신촌의 유명한 갈비전문점은 어디야"
2,"전달한 메일이 누락되진 않았는지 확인했니"
2,"내일 아침 일정 알려줘"
2,"스팸메일함이 데이터를 얼마나 잡아먹고 있니"
2,"다음주 금요일에 점심 어디서 먹기로 했는지 알려줘"
2,"오늘 저녁 비소식 있는지 검색해줘"
2,"내일 저녁 여섯시에 친구랑 무슨 영화 보기로 했니"
2,"이번주 날씨 알려줄래"
2,"기아팀 농구 경기 관련 기사 찾아다오"
2,"회장님 휴가 일정은 언제이니"
2,"오늘 아침의 기온은"
2,"김포공항 근처 롯데리아 어디지"
2,"작년 십이월 왔던 메일 모두 알려줘"
2,"주문 상품 배송 이메일 왔니"
2,"체육대회날에 비가 올까"
2,"우리학교 종례시간이 언제야"
2,"오늘 대구 몇도인지 검색해줘"
2,"칠팔월 대한민국 태풍 장기예보를 알려줘"
2,"다음에 여자친구 만나는 날이 언제니"
2,"텔레비전 꺼져있니"
2,"어제 폭염주의보였던 지역이 어디인지 알려줘"
2,"오늘 눈의 신적설 검색해줘"
2,"지금 몇도야"
2,"이번주 눈은 언제부터 오는지 알려줘"
2,"난센스 퀴즈 오뎅을 다섯 글자로 늘이면"
2,"오늘이 어제보다 더 춥니"
2,"내일 전국에 비가 오니"
2,"오늘 일곱시에 가족모임 장소가 어디니"
2,"서울까지 운임 비싸니"
2,"오월 십육일 부산 날씨 알려줘"
2,"오늘 최고 기온이 얼마야"
2,"내 생일까지 며칠 남았니"
2,"멀티탭 전원이 모두 꺼져있니"
2,"저번주 일요일 일정이 뭐였니"
2,"지난 달 미팅 몇 번 했는지 알려줘"
2,"너희 학교 수강신청 온라인으로 하지"
2,"다리에 쥐났던 건 괜찮아졌어 "
2,"배꼽파기 배꼽파기 배꼽파기 를 계속하면"
2,"최대진도를 알려줄 수  있니"
2,"보일러 켜져있는지 확인좀 해줘"
2,"오늘 미국에 화산이 일어났는지 알려줘"
2,"지금 티브이를 보고있는 사람은 누구야"
2,"이번주 가장 추운날 알려줘"
2,"콘센트에 충전기가 꽂아져 있니"
2,"우리나라가 태풍의 영향권에 있니"
2,"돈이 좀 생겼는데 저축하는 게 나을까 주식에 투자하는 게 나을까"
2,"내 동료 휴가가 언제야"
2,"내가 메일에 첨부할 수 있는 용량이 몇이니"
2,"인터넷 쇼핑몰 할 만한 아이템이 뭐가 있을까 "
2,"이번주에 미세먼지가 낮은날은 언제니"
2,"일반석은 얼마니"
2,"내일은 오늘보다 좀 선선하니"
2,"이번 주 토요일 저녁 모임 취소돼 있니"
2,"전화기는 제 자리에 있는지 보여다오"
2,"올 겨울 체코의 날씨는 어때"
2,"포항 지진 세기 좀 알려줘"
2,"부산에 일마레는 어디에 있어"
2,"회사에서 온 메일 중에 안 읽은 것 있니"
2,"내일 학교 끝나고 뭐해야 하니"
2,"이 일을 하기 전에는 어떤 자격이 필요한 걸까"
2,"어젯밤 새 메일 중 공지 이메일을 찾아줄래"
2,"지금 마포구 온도 알려줘"
2,"이회택 최순호 코치의 근황에 대한 기사는 없을까"
2,"오늘 스케쥴이 어떻게 돼"
2,"호우주의보 발령이 났는지 알아봐"
2,"이 메일 전에 받은 적 있니"
2,"전자레인지가 작동하고 있니"
2,"혹시 주변에 효은엄마라고 있어요"
2,"이번주 회의 장소가 저번 주 회의 장소와 같니"
2,"오늘 마스크 껴야하니"
2,"오늘 자외선 지수는 어느 정도이니"
2,"알바몬에서 온 메일에 내가 답장을 보냈니"
2,"내일 새벽 서울에 안개가 심한지 알려줘"
2,"죽을래의 반대말은"
2,"모레 경주지역의 비가 내릴 확률은"
2,"어디가 가장 먼저 장마를 시작하는 지 알려줄 수 있니"
2,"에이에스 방문 일정이 오늘 몇시인지 알려줘"
2,"주말에 누구 만나기로 했는지 알려줘"
2,"마지막으로 티비 본 시간이 언제니"
2,"동계 올림픽 유치 관련 기사를 찾아"
2,"너 내말은 물론 철이나 병욱이 준영이 말에 무조건 네 할 수 있냐"
2,"지난달에 비 얼마나 왔니"
2,"오늘 긴팔 입고 가면 더울까"
2,"밖에 손님이 왔는지 봐줘"
2,"오늘 온 이메일중 영어로 온 이메일이 몇개나 되니"
2,"무더위가 언제쯤 사그러들까"
2,"내일 우산 챙겨야 하니"
2,"오늘 오전 일정 있따면 알려줄래"
2,"다음주에 언제 우산을 가지고 나가야되니"
2,"갈아타는 곳은 어디에요"
2,"지금 받은 메일 발신인이 누구니"
2,"오늘 미세먼지 농도가 몇이니"
2,"카폰도 이용 가능하니"
2,"내일 회의시간 알려주겠니"
2,"오늘 기온이 어제보다 얼마나 차이가 나는지 알려줘"
2,"오늘 서울에 황사 있어"
2,"넌 드라마국에 왜 왔니 원래 꿈이 드라마 피디였어"
2,"종합소득세 납입 기간이 언제지"
2,"내 차가 어디에 있니"
2,"오후 여덟시에 습도가 몇 퍼센트인지 알려줘"
2,"이번주 날씨좀 요약해서 말해줘"
2,"오늘 맑음 지수가 어떻게 되니"
2,"오늘 오후에 정순이와 약속이 몇 시지"
2,"지금 세탁기가 돌아가고 있니"
2,"흔들리는 법궤를 만짐으로 죽임을 당한 사람은"
2,"내일 미팅 어디서 하니"
2,"탁구 치기 일정은 무슨 요일이니"
2,"집전화 음성메세지 확인해줘"
2,"오늘 알바 몇시까지인지 알려줘"
2,"말복이 얼마나 남았니"
2,"씽크대 물이 틀어져 있니"
2,"다음달 출장 날짜가 언제있니"
2,"서울대 근처 많이 가는 맥주집은 어떻게 갈까"
2,"스피커 볼륨 몇이야"
2,"보낸 메일함에 중요 메일이 있는지 확인해줘"
2,"지금 밖에 날씨가 춥니"
2,"어제 밤 기온이 몇도였는지좀 알려줘"
2,"새 편지 중 정보라는 단어가 든 메일 얼마나 돼"
2,"오늘 오전 비가 온 지역 알려줘"
2,"다음주 일요일에 날씨 알려줘"
2,"다음주에 발표 일정이 있는 것 맞니"
2,"십년동안 우리동네 강수량이 가장 높았던 날이 언젠지 알려줘"
2,"주요 도시의 강수 분포도는 얼마지"
2,"다음달에 해외 나가는 일정 다 알려줘"
2,"현재 가장 시청률 높은 티비 채널은 뭐니"
2,"요즘 건강은 어때"
2,"화요일 날씨 알려줘"
2,"방금 온 메일 차단 했니"
2,"베란다 문 닫았니"
2,"내일 클럽활동 뭐하니"
2,"내일 하늘이 흐린지 알려줘"
2,"스마트 메일함의 용량이 얼마나 되는지 알려줘"
2,"메일함에서 서명표시된 메일이 몇 통이나 있는지 확인해줘"
2,"병목 정체를 보이는 구간은 어디지"
2,"제주도 지역 파도 어떠니"
2,"서울의 낮 최고기온이 몇 도인지 알려줘"
2,"할머니 혈압 기록 보여주련"
2,"지금 온도좀 알려줄래"
2,"동서대 근처 내과 어떻게 가는가"
2,"방폐장 주민투표 발표가 언제 되는 거야 "
2,"내일 아침에 비오니"
2,"아버지 생신이 언제지"
2,"이번주 피티 언제 받기로 했니"
2,"오늘의 강수량을 아니"
2,"오늘 점심식사 모임시간 확인해주겠니"
2,"혼합형 주식 펀드가 나을까 은행 적금이 나을까"
2,"자동차렌트 메일이 있니"
2,"성수대교남단에서 도산사거리 사이 도로 정보는"
2,"현재 집안의 온도가 얼마니"
2,"에약 전송 메일 있니"
2,"와이티엔 뉴스채널 뉴스의 종류 알려주렴"
2,"수학 단과반은 수강료가 얼마쯤 하니"
2,"막내의 졸업식은 언제지"
2,"숙명여대 앞 삼겹살집"
2,"내일 모레 부산에서 눈이 오는 지 확인해줘"
2,"이번 주 일정 쭉 알려줘"
2,"가장 최근에 보낸 메일 수신여부 확인해줘"
2,"이번달 정수기 점검이 언제였니"
2,"이번주 금요일 임시공휴일이니"
2,"오늘 오전에온 메일을 검색 가능할까"
2,"못 믿겠음 내기 할래요"
2,"내일 비 오는지 알려줘"
2,"네 시 어떠세요"
2,"받은메일함에 몇 통이 있는지 확인해줘"
2,"오늘 오후 다섯시에 어떤 일정이 있니"
2,"눈은 얼마나 오는지 확인해줘"
2,"올해 장마 언제부터인지 알아봐"
2,"내일 습도 알려줘"
2,"모레 미세먼지 농도 알고있니"
2,"내일 새벽 강릉 날씨 아니"
2,"내일 오후 세시에 병원 일정 있니"
2,"다음 주 수요일에 찜질방이나 갈까"
2,"이번주 토요일에 선약이 있는지 알려줘"
2,"오후 세시에 우박이 내리는지 검색해줘"
2,"음력으로 오늘이 며칠이야"
2,"서초구 서초동 근처 고깃집 어디니"
2,"주소록 다 비웠니"
2,"저번달에 헬스 몇 번 했는지 알려줘"
2,"내일 날씨 전반적으로 어떤지 보여줘"
2,"붉은악마 관련 소식을 보여줄래"
2,"거실 티비 켜져 있는지 확인해라"
2,"비가 언제 오니"
2,"회사 미팅 끝나는 시간이 언제니"
2,"올해에 추석은 언제부터 언제까지야"
2,"이번주 미세먼지 지수 나쁨인 날 알려줘"
2,"내일 어느 수영장 가기로 했는지 알려줘"
2,"이번달 언니 생일이 언젠지 아니"
2,"이번주 금요일 오후 날씨 알려줘"
2,"언제쯤 비가 오니"
2,"미국에서 온 이메일중 학교에서 온 이메일 있으면 알려줘"
2,"애인 조카녀석 학교 졸업식이 언제야"
2,"이번달 야구시합은 언제니"
2,"우리 이번 주 금요일에 보는 거지 "
2,"증권시장에서 지난 옵션 가격을 행사가 별로 알 수 있을까 "
2,"가십란에 뭐가 나왔니"
2,"중간고사일이 언제야"
2,"올 추석 예상 날씨 아니"
2,"친구 메일 주소가 뭐니"
2,"세미나는 무슨 요일에 있지"
2,"중부 고속도로 교통량이 어떠니"
2,"거실에 가습기 켜져있나 확인해줘"
2,"이번주 월요일 날씨 좀 알려줘"
2,"마트 오늘 할인 하니"
2,"한식이랑 중식 중에 뭐 먹을까"
2,"저번달 기름값 얼마였니"
2,"상속세 관련 기사 찾아라"
2,"밥 한지 몇일 지났느지 알려줘"
2,"서울 몇 시에 도착이니"
2,"오늘 학교에서 온 메일의 수신여부 좀 확인해줘"
2,"공부다 제일 쉬웠다던데 정말이야 "
2,"부엌의 가스렌지는 모두 꺼져있니"
2,"내일 야외활동 하기 좋은 날씨인지 알려줘"
2,"명동 소재 백화점은 어디더라"
2,"강원도의 날씨는 어떤지 확인해줘"
2,"오늘 모임에 참석할 건가요"
2,"오늘 대전 날씨를 검색해줘"
2,"이베이로 써 둔 메일이 있니"
2,"이번 수능 어려웠다던데 재수할 거야 "
2,"거실에 커튼 쳐져 있니"
2,"최근 메일을 알려줘"
2,"오늘 저녁에 비오는지 확인해줘"
2,"전에는 어떤 곳에 가 보셨나요"
2,"내일 조회 필드발표 준비했냐"
2,"예약문의 메일 왔니"
2,"파일 첨부를 드라이브에서 삽입할 수 있지"
2,"이번에 미국 여행은 즐거웠어"
2,"이번주 수요일 강수량이 어떤지 아니"
2,"집에서 부모님이랑 대화 많이 하니"
2,"이번주 눈오는지 알려줘"
2,"오늘 대기가 많이 건조할까"
2,"남산동 진입 구간 흐름은 어때"
2,"지금 티비 볼륨 몇이야"
2,"이번달에 온 메일 개수는 몇 개니 "
2,"국내 야구 화보 보여라"
2,"가스 벨브 확인 해줄 수 있니"
2,"이번 주 일요일 오후에 일정이 있니"
2,"어제 회사에서 온 이메일이 몇 개니"
2,"오늘 전국의 미세먼지 농도를 알려줘"
2,"현재 울릉도 해상 파도의 높이 알려줘"
2,"이번 주 새로 오픈하는 사라뷰티 연락처를 아니"
2,"고평가된 주식의 가능성은 어느 정도지"
2,"이 열차는 몇 번 플랫폼에서 출발해요"
2,"기상특보 발령된 것 있는지 말해줘"
2,"현관에 불 꺼져 있는지 확인해"
2,"유방암 재검사 언제 하니"
2,"작년 서리가 언제가 처음 내렸는지 알려줘"
2,"어떻게 공부해야 토익 만점이 나올까 "
2,"이번주중 최고온도가 삼십도 이상인날 알려줘"
2,"부모님께 온 메일이 있니"
2,"올해 팔월 이십이일 방콕 날씨 알려줘"
2,"연동된 메일 계정이 몇 개니"
2,"이번주에 비가 안오는 날이 언제인지 아니"
2,"오늘 최고기온 알려줘"
2,"그리스 모린의 방한 일정 관련 기사를 알려"
2,"어제 내가 보낸 메일 다 수신확인 됐니"
2,"이번달 핸드폰 요금 청구메일 왔는지 확인해줘"
2,"이번 추석에 뭐 타고 내려갈 거야 "
2,"난방 설정 온도 얼마인지 알아봐라"
2,"집에 누구있는지 확인해라"
2,"현관 앞에 있는 사람이 누구이니"
2,"월요일에 눈소식 있니"
2,"백령도의 황사의 관측값을 이리"
2,"발송 실패한 메일이 있니"
2,"내일 엄마와 몇 시에 만나기로 했니"
2,"내일 전국 날씨 검색해줘"
2,"한여름에 눈이 내릴 확률은"
2,"내일 서울시청 날씨 어떻게 되니"
2,"오늘 회의 때 뵐 수 있을까요"
2,"자장면이랑 햄버거 중 뭐 좋아해"
2,"복구하시게요"
2,"오늘 비가 몇시부터 내리니"
2,"샵에서 네일아트 언제 받기로 했는지 알려줘"
2,"왜 약속을 할 땐 항상 새끼손가락을 거는 걸까 "
2,"여름방학은 언제쯤 끝이야"
2,"그 동안 뭐했길래 연락도 없었어"
2,"내년 설 연휴가 며칠이니"
2,"오늘 영하되는지 알려줘"
2,"영국 날씨 좀 알려줘"
2,"보일러가 지금 몇도로 설정되어 있는거냐"
2,"더위 먹었냐"
2,"안녕하세요"
2,"강수량확인 부탁해"
2,"이번주에 나 여자친구 몇번 만나니"
2,"바탕화면에 있는 워드파일 이메일에 첨부했니"
2,"가스 꺼졌는지 좀 봐봐"
2,"지금 현위치 미세먼지 농도 알려줘"
2,"더위가 언제까지 이어지는지 확인해 알려주겠니"
2,"차에 기름 얼마나 남았는지 확인해줘"
2,"정현이 출국일이 언제니"
2,"다음주 수요일에 비가 오니"
2,"서울 미세먼지 농도 알려줘"
2,"지금 집 실내 온도 몇 도니"
2,"거래처에서 보내는 메일 알람이 제대로 켜졌니"
2,"이번주 토요일에 서울 날씨가 맑은지 알려줘"
2,"첨부파일 용량이 크니"
2,"세탁실에 조명 꺼져있는지 확인해"
2,"오늘 오후 일정 알려줘"
2,"부산에 눈 오는 날 언제니"
2,"눈이 얼마나 오는지 알려주겠니"
2,"이번 주 어린이집에 방문 할 요일이 언제니"
2,"오늘 눈 오는지 알려 줄래"
2,"팔월 보충수업 일정 알려줘"
2,"다음주 신입생 오리엔테이션 언제니"
2,"밖에 눈이 얼마나 쌓였는지 알려줘"
2,"내가 어제 메일을 보낸 시간이 몇 시니"
2,"실업 배드민턴에 관한 기사를 찾아줄래"
2,"왜 걔한테 불똥이 튀었어"
2,"이번 주말에 세차하기 괜찮을까"
2,"남동생 전역일이 언제니"
2,"어제 들었던 노래 뭐야"
2,"스승님 건강은 좀 어떠세요"
2,"이번주 구름많이끼는 날들을 아니"
2,"오늘 밤 열대야인지 알려줘"
2,"엄마 생신이 며칠남았는지 알려줘"
2,"이번주 습도 알려줘"
2,"내일 열시에 스케쥴이 있는지 확인해줘"
2,"이치로 선수의 홈런 기사 알려"
2,"지금 메일 서명 첨부 기능이 켜져 있니"
2,"스팸 메일함이 비워져 있니"
2,"내용에 회의가 들어간 메일이 있니"
2,"내일 회의 언제 시작하니"
2,"내가 가스레인지 불을 끄고 나왔니"
2,"있다가 오후 날씨 좀 알려줘"
2,"내일 프랑스어 수업이 몇시에 시작해"
2,"내일도 비가 내리니"
2,"오늘 메뉴가 뭐야"
2,"부천 대 삼성의 경기에 관한 기사 모아라"
2,"학과에서 온 메일이 올해 총 몇 통이나 되니"
2,"회사 메일은 제한했니"
2,"작년의 오늘에 나 뭐하고 있었냐"
2,"이번 달 저녁 약속 총 몇 번이야"
2,"취득세를 내려면 어디로 가야 합니까 "
2,"다음달 참가 학회 일정을 알려줘"
2,"남해 벚꽃 개화시기 알려줄래"
2,"다음주에 맑은 날은 언제인지 알려줘"
2,"문이 열려있는지 확인해줄래"
2,"이번 주에 날씨가 맑은 날이 언제니"
2,"와이파이 공유기가 켜져있니"
2,"오늘 서울에 눈 언제부터 오니"
2,"고객예탁금도 주가와 관련이 있니 "
2,"실내 공기 어때"
2,"왜 약속할 때는 손가락을 걸까 "
2,"내일 비가 올 확률 좀 알려줘"
2,"치과가는 일정이 오늘 있니"
2,"읽지 않은 회사 메일이 있니"
2,"교통사고 후유증 치료에 정형외과와 한의원 중 어디가 좋을까요"
2,"눈 내릴 때 우산을 써야할까 아니면 그냥 맞아야 할까"
2,"생계형 적금은 어떻게 가입하는 거야 "
2,"십월달 엄마 생일이 언제인지 아니"
2,"방마다 실내온도 몇 도니"
2,"내일 오전 애견미용 몇시에 가는지 알려줘"
2,"다음주에 비가 언제 오는지 알려줘"
2,"동생방에 동생들이 있니"
2,"김 대리 메일에 답장을 했었나"
2,"지하철 노선도 보이렴"
2,"읽지 않은 메일 개수를 알려줘"
2,"다음주 수요일에 비 오는지 알려줘"
2,"이번주 비 언제 오니"
2,"내일 엄마랑 서점에서 만나기로 한게 맞니"
2,"아이들은 건강하게 잘 크고 있니 "
2,"태풍 송다 관련 뉴스를 보여"
2,"영하 십도 보다 내려가는 요일 알려줄래"
2,"내일 파리 날씨가 어떤지 알려줘"
2,"지난달 쇼핑 메일 전부 보여줄래"
2,"임시 저장된 메일 개수 좀 알려줄 수 있니"
2,"어제 내가 답장을 적었던 메일들의 발신인이 누구니"
2,"오늘 저녁 아홉시 친구 만나기로 한 약속 했니"
2,"불꽃놀이하기 가장 좋은 날짜 언제니"
2,"오늘 태풍주위보가 해제되니"
2,"서울시 초미세먼지 상황이 어떻니"
2,"이촌동 부근 옷가게"
2,"회사에서 온 이메일이 있는지 확인해줘"
2,"아르바이트 신청기간이 언제까지니"
2,"이 약 효과가 확실한 거죠 "
2,"이번 학기는 몇 학점을 들어야 할까 "
2,"베란다 꽃에 물을 줬나"
2,"왕십리에서 제일로 맛나는 냉면집은 어디냐"
2,"열흘 내에 낙뢰 예보가 있니"
2,"소나기가 몇 시에 내리기 시작하는지 알려줘"
2,"오늘 날씨 어떠니"
2,"도서 반납하라는 메일이 왔니"
2,"저번 주 금요일 저녁에 요리한 요리 목록을 알려줘"
2,"함안에 의령까지 국도가 어때"
2,"이번주 토요일 무슨 카페가니"
2,"비오는 날 흙냄새는 언제쯤 맡을 수 있니"
2,"모래 울릉도 날씨 어떠니"
2,"오전 여덟시부터 오전 열두시까지의 평균 강수량 좀 알려줘"
2,"모래 오후 서울시청 강수확률이 얼마니"
2,"어제 회사에서 온 메일 검색했니"
2,"일본의 내일 날씨 알려줘"
2,"일월 김민지 생일이 몇일이지"
2,"팔팔 고속도로에 공사하는 곳 있나"
2,"오늘 몇시쯤에 비가 올까"
2,"이번주 월요일에 몇시까지 눈이 오니"
2,"칠월 삼십일 오후 일정이 뭐야"
2,"내일도 오늘만큼 덥니"
2,"찜질방 쿠폰 기한 언제까지니"
2,"아침식사 안 하면 숙박료가 얼마야"
2,"자기들만이 옳다는 사람들만 사는 집은"
2,"감기약은 원래 식후 삼십 분에 복용 아니야 "
2,"이천십구년 크리스마스 요일이 언제인지 아니"
2,"현재 전국 풍량은 얼마나 되니"
2,"고속도로 정체에 대한 소식 들어온 거 알려"
2,"제일 최근에 온 메일은 어디서 온 것이니"
2,"방학동안 컴퓨터 수업일정 모두 취소 했니 "
2,"다음 달 빨간 날 얼마나 있는 지 알려줘"
2,"등록한 작가의 최신작 책 출판일이 언제야"
2,"어제 온 메일 모두 읽은 상태니"
2,"어제 온 메일 알려줘"
2,"그리고 지진발생 시각에 대해서도 알려줘"
2,"집에 조명이 다 켜졌는지 확인해줄래"
2,"정관이 제대일은 며칠이야"
2,"이 근처에서 제일 유명한 데는 어디에요"
2,"언제쯤 날씨가 풀릴지 알려줘"
2,"어젯밤 새메일이 몇 통이 왔니"
2,"이번달 전기요금 확인해줘"
2,"오늘 구름이 얼마나 끼니"
2,"오늘 메일 몇 통이나 왔니"
2,"선풍기 타이머 되어 있니"
2,"다음 달 고등학교 동창회 장소 알려줘"
2,"오늘 오후 서울 날씨 알려줄수있니"
2,"다음주 월요일 비오는지 확인해줘"
2,"저번주 현위치 평균기온 알려줘"
2,"오후에 날씨가 개는지 알려줘"
2,"이번주에 회식이 언제 있는지 알려줘"
2,"구월 팔일에 오후 네 시부터 연주회 맞니"
2,"이번달 아빠 생일이 언제인지 아니"
2,"가스 꺼졌는지 좀 볼래"
2,"이번 주 가족모임 몇 시 인지 알려줘"
2,"이번 주말 결혼식 시작 시간 알려줘"
2,"광주 비엔날레하는 근처에 민박집이 있나"
2,"스쿼시에 대한 기사가 있니"
2,"이번주 목요일 전주 날씨 아니"
2,"오늘 새벽 한시에 바람이 얼마나 부는지 알려줘"
2,"결혼하셨어요"
2,"해외 지사 진출 방향은 어떻게 됩니까"
2,"점심은"
2,"다음 달 동창 모임 언제야"
2,"스팸메일 차단했니"
2,"윤선이 생일이 시월 며칠인지 정확히 알려줘"
2,"택배 발송 메일이 왔니"
2,"지금 시드니 날씨 어떤지 검색해줘"
2,"에어컨이 꺼져있니"
2,"다음주 주말 날씨 확인해주겠니"
2,"우리 타임캡슐 묻어놓은 거 생각나 "
2,"오늘 메일 몇 개 왔어"
2,"다름달에 등산일정이 언제인지 알려줘"
2,"동서울 요금소 정체가 되고 있는지 알 수 있을까"
2,"한파는 언제까지 계속되니"
2,"어렸을 때 좋아했던 일은 무엇이었죠 아직도 좋아하나요"
2,"어젯밤 온 메일 중 첨부 파일이 든 메일은 얼마나 되는지 확인해"
2,"십월에 방콕 강수확률 좀 알려줄래"
2,"종합비타민 행사중인 사이트 알려줘"
2,"다음 주 금요일 마사지샵 예약 일정 추가해도 될까"
2,"내가 장학금 관련 메일을 보냈는지 확인해줘"
2,"가계대출은 이자가 얼마야 "
2,"오늘 내린 기상특보가 있는지 알려줘"
2,"오늘 받은 메일 중에 답장 안 한 메일 있는지 확인해줘"
2,"다음 주 목요일에 한강에서 치맥해도 괜찮은 날씨냐"
2,"다음주 목요일 비 오니"
2,"주말에 강한 비 오니"
2,"내일 아침 호주 강수량이 얼만지 검색해줘"
2,"다음 달 일요일이 몇번있니"
2,"메이저리그 일정을 찾아라"
2,"보일러 꺼져있는지 확인해줘"
2,"오늘 오후에 비오는 지 알려줘"
2,"이번 주 목요일 약속 있어"
2,"안방 전기장판이 꺼져있니"
2,"프로농구 삼 점슛 일 위 관련 기사는"
2,"지금 내방 보일러 온도가 몇도냐"
2,"내일 우루과이 날씨가 어떻게 되니"
2,"재경부 차관 면담 계획은 잡혔나"
2,"서울 천안 간 정체 구간을 보여주련"
2,"오늘 오후 두시에 어디로 가야하니"
2,"열대야가 언제 끝날까"
2,"다음달 중국 날씨 좀 검색해줘"
2,"지금 서울에 기상특보 발령되었니"
2,"영화를 볼까 연극을 볼까"
2,"설연휴 언제인지 알려줘"
2,"오늘 누구랑 약속 있니"
2,"여보 빨간 드레스 말인데 걸을까 접어 놓을까 "
2,"오늘 안 읽은 메일 총 몇 개인지 확인해줘"
2,"오늘 눈 몇 센티미터 쌓일지 예상해줘"
2,"이메일 중 파일첨부 된것중 확장자가 피피티엑스인 파일 있는게 있니"
2,"제주도에 이번주 비 내리는지 확인해줘"
2,"이번주 일요일에 서울에 폭풍 메미가 지나가니"
2,"부엌 불이 꺼져있니"
2,"팔월 군산 날씨 좀 알려줘"
2,"다음년 설날이 언제니"
2,"다음학기 수강신청 언제인지 알려줘"
2,"내일 아침 온도 알고 있니"
2,"실업급여 신청일이 언제까지지"
2,"오늘 오전 스케줄이 있니"
2,"이메일 계정 비밀번호 마지막으로 바꾼 날짜가 언제야"
2,"다음주에 태풍이 서울을 지나가니"
2,"경비실에 맡겨놓은 택배가 있는지 확인해라"
2,"저번달 월 평균 기온 알려줘"
2,"요새는 녹차 호떡이 유행하던데 그걸로 장사나 해볼까"
2,"이번주 일요일에 일정 있니"
2,"다윗은 암몬나라 나하스의 죽음을 조상하기 위해 조문객을 보냈는데 아들 하눈이 조문객을 어떻게 해서 다시 보냈나요"
2,"내일 두시에 시원할까"
2,"지하실의 현재 실내온도를 측정해줄래"
2,"대한항공의 요금 얼마니"
2,"메일 언제 온게 최신이니"
2,"오늘 오전에 도착한 메일은 몇 통인가"
2,"다음 일정이 무엇인지 알려줘"
2,"내일 예천 최저 온도 좀 알려줘"
2,"내일 아침 지역별 안개 분포 현황 어떻게 되지"
2,"밥통에 밥 얼마 남았니"
2,"부산대 주변 나이트 클럽 어디니"
2,"시냇물이 흐르는 산의 이름은"
2,"오늘 오후에는 맑은 하늘을 볼 수 있는지 확인해줘"
2,"오늘 팀모임은 몇시에 시작이니"
2,"다음주 화요일 일정이 뭐야"
2,"현재 습도 알려줘"
2,"겨울방학이 언제 쯤 끝날까"
2,"집 전등이 모두 꺼져 있니"
2,"오늘 오후의 예상 강수량은 얼마야"
2,"오늘 미세먼지 수치가 어떻게 돼"
2,"이번달에 빨간날이 몇 일이니"
2,"이번주 주말 서울 날씨가 맑은지 검색해줘"
2,"임시보관함에 있는 메일이 몇 개인지 알려줘"
2,"오늘 삼십도가 넘어가는지 알려줘"
2,"우리 이번 주 금요일에 보는 거지 "
2,"쇼핑몰 광고 메일 다 지워졌니"
2,"다음 달에 회사 일정 있는지 알려줘"
2,"거실 온도 이십오도 이상이야"
2,"도둑이 없는 도둑마을은 어딘가"
2,"냉장고 설정 온도가 몇도니"
2,"인터넷쇼핑몰은 계좌번호를 어떻게 알아 "
2,"요번주 주말 서해 파도가 얼마나 치는지 알려주겠니"
2,"유레일 패스로 갈 수 있는 나라는 어디야"
2,"영국까지 화물 수송비가 정확히 얼마인가요"
2,"가스 벨브가 잠겨 있니"
2,"지금 나오는 노래 좀 알려줘"
2,"울릉도에서 풍랑특보가 발령된 지역은 어딘지 아니"
2,"스팸 메일함에 회사에서 온 메일 있는지 확인해"
2,"어제 코스트코에서 주문한 물건들 중에 빠진 건 없니"
2,"요즘 야위어 보이시네요 아프세요 "
2,"가스밸브 잠겨있는지 알려줘"
2,"도시 고속도로 소통 상황을 알려라"
2,"금요일에 취소한 약속이 누구랑 만나는 거였니"
2,"못 믿겠음 내기 할래요"
2,"장전동 부근 무료 신문 배포소는 어떻게 가니"
2,"당신은 왜 약속을 지키지 않나요 "
2,"과제제출마감일이 언제니"
2,"왕십리 소재 은행지점"
2,"금요일에 취소했던 일정 다시 복구할 수 있니"
2,"이번주 등교시간을 알려줘"
2,"우대 금리를 주나요 "
2,"이번주 주말 시간 괜찮나요"
2,"부천 영화제 관련기사 찾아라"
2,"우리 딸이 호주여행에서 돌아올 날짜가 몇 일이니"
2,"강릉에 있는 해수욕장의 온도는 얼마나 되지"
2,"내일 아침에 안개가 끼는지 확인해줘"
2,"오늘 오후에 강수 확률이 어떻게 되니"
2,"메일에 첨부가능한 파일의 최대 용량이 몇이야"
2,"스팸 신고된 메일의 수가 몇 통이니"
2,"정부가 이렇게 세율을 조정하려고 하는 이유는 뭐죠"
2,"오늘 바람이 많이 부는지 알려줘"
2,"이번주말까지 식료품 사기 일정 있니"
2,"수학 교재 갖고 있을 만한 사람 또 없나요"
2,"내일 영어회화 모임 몇 시니"
2,"불이 켜져있는 곳은 어딘지 알려줘"
2,"가장 힘들었던 순간은 언제였나요"
2,"오늘 미세먼지 농도가 높니"
2,"눈이 언제쯤 오는지 확인해알려주겠니"
2,"이 세상에서 제일 잘 생긴 사람을 한글자로 표현하면"
2,"지금 텔레비전 앞에 앉아있는 사람이 누구야"
2,"내일 태풍이 어디로 오니"
2,"제주도 주말 날씨 괜찮니"
2,"다음주 일정 알려줘"
2,"지금부터 한시간 잘껀데 한시간 후에 꼭해야 될 일정있었니"
2,"은행주와 기술주가 유리할까 "
2,"내일 비가 얼마나 올 지 알려줘"
2,"혜화역 주변의 떡볶이집은 어떻게 가냐"
2,"안방에 불 켜져있니"
2,"취미로 역도 같은 것도 하는 사람이 있을까"
2,"이번 달에 생일인 사람 있니 "
2,"오늘 오후에 교수님께 온 메일이 있니"
2,"대리님 숨은 참조 해서 답장 보냈니"
2,"부산시 진입로 지체구간은 어떨지"
2,"냉장고에 계란 몇 개 남아있니"
2,"오늘 회의 있니 "
2,"안방에 선풍기가 켜져있니"
2,"오늘 서울 오존 지수 검색해"
2,"라면냄비 올려놨어"
2,"안녕하세요"
2,"이혼할 사람들이 읽는 성경은"
2,"받은 메일함에 메일이 얼마나 있니"
2,"최근에 회사에서 온 메일이 있니"
2,"김치찌게 먹을까"
2,"내일 일출 시간이 몇 시니"
2,"화요일 저녁식사 이후 스케쥴이 어디로 되어있니"
2,"핸드폰 바꿀까"
2,"이천십칠년 칠월 오일에 뭐했는지 알려줘"
2,"자신의 장단점은 무엇입니까"
2,"요즘 새로나온 노래 좋은거 없니"
2,"메일 몇게 인지 알려줄 수 있니"
2,"이번주에 학교 관련 일정 다 알려줘"
2,"동창 회식이 언제 있니"
2,"오늘 오존지수는 어떤지 아니"
2,"내일 체감온도는 몇인지 아니"
2,"현재 중부 상행선에서 교통이 통제되는 구간 어디니"
2,"거실에 창문이 닫혀 있는지 확인해줘"
2,"거기까지 한번에 가는 버스 없냐 "
2,"강남역 주변 카레 전문점은"
2,"텔레비전 리모콘이 어디있니"
2,"안방 불이 꺼져 있니"
2,"오늘 언제부터 비가 내리니"
2,"칠월 서울 평년 강수량 좀 알려줘"
2,"월요일 오전에 일정이 있니"
2,"참 제수씨는 안녕하신가 "
2,"어제 학교에서 메일 온게 있는지 확인해줘"
2,"월요일 저녁에 약속이 있니"
2,"우리나라 공항 예보를 보여"
2,"다음 주 여행 몇 시에 출발해"
2,"오늘 회의 제목을 말해줄래"
2,"오늘 자외선 지수는 높음이니"
2,"시민의 숲 개장일이 언제니"
2,"입원했다더니 얼마나 많이 다친 거니"
2,"허브가 왜 우리 몸에 좋은 건지 알고 싶습니다"
2,"오늘 오전 한시에 어디로 가야하니"
2,"레알 마드리드 선수들에 관한 기사를 찾아줄래"
2,"김성식한테 온 이메일 확인해줄래"
2,"오늘 몇시쯤 자외선 지수 보통인지 알려줘"
2,"오늘 메일 얼마나 왔니"
2,"반품 처리 관련 이메일 왔니"
2,"가뭄이라던데 너희 시골집 괜찮아"
2,"쌍커풀 수술 언제인지 날짜 알려줘"
2,"요금 얼마니"
2,"이팀 팀장님께 메일이 왔니"
2,"이번주 비 내리는 날들 아니"
2,"학교는 잘 다니고 있지"
2,"교수님께 온 메일이 있니"
2,"내 휴대폰이 충전 다 됐는지 좀 보여줄래"
2,"이틀 전에 보낸 메일이 있니"
2,"어젯밤 새 메일 중 알림 이메일을 찾아라"
2,"내일 프랑스의 날씨는 어떻지"
2,"전체메일 몇 개니"
2,"냉장고 온도가 어떻게 되니"
2,"나보다 조금 더 높은 곳에 네가 있을 뿐을 여섯 자로 줄이면"
2,"새언니 생일이 여름이었던가"
2,"적립형 펀드가 더 효율적일까"
2,"고속도로로 갈까 국도로 갈까"
2,"현재 온도 검색해 봐"
2,"장기투자와 단기투자 중 뭘 할 거야"
2,"내 생일이 이번에 무슨 요일인지 알려줘"
2,"저번달 난방비 얼마나 나왔니"
2,"내일 자외선지수 어떠니"
2,"소민이 생일까지 언제지"
2,"오늘 오전에 온 새 편지 찾아줄래"
2,"오늘 비가 언제까지 올까"
2,"컴퓨터 켜져 있는지 확인 해줄 수 있니"
2,"다음주 주말 제주도 날씨 알려줘"
2,"대용량파일이 첨부된 메일이 있니"
2,"오늘 저녁 기온이 어떻게 되지"
2,"이번에 오는 태풍 이름 알려줘"
2,"추석에 비올 확률이 얼마인지 알려줘"
2,"오늘 미국에서 온 이메일들이 있니"
2,"이번주 토요일 미세먼지 농도는 얼마니"
2,"오늘 구름이 많니"
2,"어제 저녁에온 메일은 뭐가 있어"
2,"거래처에 발주 메일이 보내졌는지 확인해줄래"
2,"칠월달 평균 기온을 알려줘"
2,"현관문이 잘 닫혀있니"
2,"위층 전등이 켜져있는지 알아봐"
2,"충주에 구름이 얼마나 많은지 알려줘"
2,"현재 인천공항 주변 날씨 어떤지 알려줘"
2,"이번주 토요일 저녁 데이트 같이 할 수 있니"
2,"요즘 경제 최고의 이슈는 뭐니"
2,"다음주 눈 소식이 있을까"
2,"이번달에 몇 키로와트 썼니"
2,"대림산업의 어제 주가급등의 이유는 뭡니까"
2,"내일 축구경기 일정이 오전 세시 맞니"
2,"다음주 월요일 오전 일정 알려줘"
2,"오늘 회의 끝나고 일정이 있는지 봐줘"
2,"이번주 목요일에 엄마랑 데이트 몇시에 하기로 했니"
2,"오늘 날씨 제일 좋은 지역 알려줘"
2,"광고성 메일 모두 스팸처리 했니"
2,"지난주에 누구한테서 온 메일 몇 개인지 알려줄 수 있니"
2,"수신한 메일함에 몇통이나 있는지 알려줘"
2,"다음주 화요일 가평 날씨 어떤지 아니"
2,"대출이율이 가장 싼 상품은 뭐고 이율은 얼마에요"
2,"왜 그래 왜 왜 왜"
2,"지금 인덕션이 켜져 있니"
2,"삼일전에 대리님이 보낸 메일 확인했니"
2,"내일 오전 몇시에 다이어트시작이라고 되어있니"
2,"지금 모든 방에 불 켜져있니"
2,"지금 통합대기환경지수 알려줘"
2,"방문 다 잠겨있니"
2,"내일 미팅일정 알려주겠니"
2,"동영상자료 메일 다 읽었니"
2,"지금 도시 고속도로가 원활하니"
2,"다음주 날씨 확인해줘"
2,"오늘 여행가기 좋은 날씨니"
2,"어제 밤에 회사에서 메일이 왔는지 확인해줘"
2,"요번 주 전국 날씨 어떻게 되지"
2,"내일 놀이공원에 가기로 했니"
2,"이번주 날씨 알려줘"
2,"안 읽은 메일이 몇 통이니"
2,"화장실에 환풍기가 켜져있니"
2,"작년 십이월 일일에 있던 일정 오늘까지 며칠 째인지 알려주겠니"
2,"올해 크리스마스 날씨 어떨까"
2,"부산대 앞 쥬얼리는 어디에 있데"
2,"이번달 가장 추운 날은 언제니"
2,"내생일에 온 메일 알려 줄수 있니"
2,"오늘 일교차 알려줘"
2,"방카슈랑스란"
2,"이번 주의 전국날씨 어떠냐"
2,"최근에 동호회에서 온 메일이 있니"
2,"어제보다 오늘 아침 기온이 몇 도나 올랐니"
2,"글피에 비가 올 확률 좀 확인해줘"
2,"읽은 메일 모두 지웠니"
2,"오늘 미세먼지 어떤지 알려줘"
2,"다음주 토요일 눈이 오는지 알 수 있을까"
2,"지운 편지함 모두 확인 했니"
2,"다음달 동생 결혼식 어디에서 하니"
2,"오늘 발표 준비는 잘해왔어"
2,"내일 저녁 가족 모임 있니"
2,"퀵 서비스 불러서 사람 타고 가도 되려나 "
2,"오늘 통합대기환경지수 어땠는지 아니"
2,"오늘 어제보다 춥니"
2,"한 방에 몇 명인가요"
2,"김치찌게 어때"
2,"모레 서해 풍랑주의보 어떤지 알려줘"
2,"벤쿠버의 겨울 평균 강수량이 어떻니"
2,"아버지 생신이 구월 몇일이지"
2,"정오에 자외선 지수 얼마니"
2,"오늘 온 메일중에 사진첨부된 메일이 있니"
2,"오늘까지 수도세 얼마나 나왔어"
2,"이번주 목요일 최고온도와 최저온도를 아니"
2,"오늘 안개가 끼는지 알려줘"
2,"첨부 파일이 든 메일 없냐"
2,"작년 할로윈에 어디 갔는지 알려줘"
2,"오늘 온 메일 확인했니"
2,"보일러 지금 무슨 모드야"
2,"이번주 최고 기온이 몇 도인지 알려줘"
2,"삼월달 언니 졸업식 언제인지 알려줘"
2,"이번주 금요일 비 언제그치는지 아니"
2,"새 편지 중 성인광고 단어가 든 메일은 얼마나 되니"
2,"임시저장된 메일있니"
2,"내일도 눈이 오니"
2,"공모주 펀드는 어떤 이점을 가지고 있나요"
2,"에어컨 청소 시기는 언제야"
2,"폭염 언제까지 인지 검색해"
2,"오늘 천둥 번개가 치니"
2,"저번 달에 메일 몇 개 왔니"
2,"수신함에 이메일이 얼마나 있니"
2,"바깥에 바람 많이 불어"
2,"수요일 저녁 약속이 몇 시야"
2,"다음주 강원도 날씨 아니"
2,"주식 휴면계좌를 살리려면 어떻게 해야 해 "
2,"지난달에 미용실에 갔던 날은 언제지"
2,"누나 결혼식 장소가 어디야"
2,"부산대앞 쥬얼리는 어디에 있어"
2,"이번 건강검진 날짜가 언제인지 알려줘"
2,"기상 특보 좀 알려줘"
2,"현관문이 제대로 잠겼니"
2,"오늘 남양주 날씨 알려줘"
2,"구월에 생일인 친구 알려줄래"
2,"주식에서 말하는 액면가는 무엇을 의미합니까"
2,"내일 회의 언제하니"
2,"부엌의 온도가 몇 도로 설정되어 있니"
2,"시간이 늦었는데 자고 있니"
2,"어제 여섯시에 누구에게 메일이 왔었는지 확인해줘"
2,"이번주 일요일에 어디 지역으로 가야하니"
2,"거래처에서 보낸 메일 중 스팸메일함에 들어간 게 있는지 확인해"
2,"다가오는 기념일 중 가장 빠른 게 어떤 일정인지 알려줘"
2,"저번 달에 미세먼지가 나쁨인 날이 얼마나 있는지 알려줘"
2,"첫 눈이 언제 오는지 알려줘"
2,"팔월 일정이 어떻게 되는지 알려줘"
2,"베란다 꽃에 물을 줬나"
2,"어떻게 하면 빠른 시일 내에 모두 배울 수 있지 "
2,"오늘 사회면 주요 소식은 뭔가"
2,"이번주 일정을 다 말해줄래"
2,"한 번씩 모이려고 하며 왜 이리 다들 바쁜 것이냐"
2,"어머니 생신이 언제니"
2,"입원했다더니 얼마나 많이 다친 거니"
2,"이번주 미팅 장소 어디야"
2,"남자들은 왜 시간약속을 못 지키나요 "
2,"내일 비 얼마나 내리는지 검색해줘"
2,"오늘 최고기온은 몇도야"
2,"수아 어딨어"
2,"오늘 토론토에서 비가 오는지 알려줘"
2,"성북구 길음동 근처 햄버거 어디에 있어"
2,"내일 비가 오는지 확인해줘"
2,"주말 등산 스케줄 등록되었니"
2,"중요하거나 비싼 물건을 잃어버린 적이 있나요 무엇을요 어디서 언제요"
2,"내일 대구의 최고 기온을 알려줄래"
2,"건강 보험 비교 사이트 있나요 "
2,"오늘 서울 초미세먼지 농도 좀 알려줘"
2,"휴지통에 회사에서 온 메일이 있니"
2,"그 안에 나는 있더냐"
2,"수강신청 일정 언제인지 알려줘"
2,"저번 주 폭염주의보가 몇 번 내렸니"
2,"수신전화가 누구로부터 왔니"
2,"오늘은 어떤지역에 눈이 오는지 아니"
2,"기말고사가 정확히 언제니"
2,"서울에서 가장 분위기 좋은 재즈 바는 어디일까"
2,"이번 주말에 무슨 약속이 있지"
2,"학교 주변에 이비인후과 어디 있나요"
2,"내일 아침 서울 예상 가시거리 아니"
2,"등산 양말은 몇 켤레 필요해"
2,"북쪽으로 빠질까"
2,"이번주말 일정이 있는지 확인해줘"
2,"현재 비가 안오는 지역 알려줘"
2,"젖소에게는 네개가 있고 여자에게는 두개가 있는 것은"
2,"오늘은 몇시쯤 삼십도 아래 되는지 알려줘"
2,"오늘 메일 중 안 읽은 메일들이 몇 개나 되니"
2,"서울 부산 고속철 운임 얼마니"
2,"내일 스터디 몇시에 참석하기로 했니"
2,"다음주 프랑스 여행가기 좋은 날씨니"
2,"오늘 밖에 바람이 얼마나 많이 부니"
2,"이번 주 빨래 잘 마르는 날 있니"
2,"환풍기 틀려있니"
2,"팔월 팔일 오후 열시 예상 날씨 아니"
2,"내일 외식 장소가 어디니"
2,"휴지통에 있는 메일들 모두 지웠니"
2,"술 한잔 할까 아니면 근사한 레스토랑 갈까"
2,"어제 샀던 성경책의 종류를 알 수 있니"
2,"티비 켜져 있니"
2,"이번 주 수업 몇개인지 말해줘"
2,"이번주중에 언제 가장 시원한지 알려줘"
2,"토큰은 어디서 파나요"
2,"스탠드가 켜져있니"
2,"쇼핑몰 결제 확인 메일을 읽었니"
2,"이번주 금요일에 어떤 영화를 보기로 했니"
2,"지금 강수확률 몇이니"
2,"화장실 환풍기 켜져있니"
2,"에어컨이 몇 시간동안 켜져 있었니"
2,"십이월 둘째 주에 눈 오는 날이 있니"
2,"어느 길이 제일 빠른 길인지 조회 부탁합니다"
2,"이번주 눈오는 지역 좀 검색해줘"
2,"스키보드랑 숏 스키가 다른가요 "
2,"어제 낮 기온이 몇도였는지 검색해줘"
2,"작은방에 텔레비전이 켜져 있는지 확인해다오"
2,"내일 두시에 잡혀있는 스케줄이 있니"
2,"방금 전화온 전화번호를 알려줘"
2,"건조기 끝났니"
2,"타 은행으로 인터넷 뱅킹할 때 수수료 얼마 붙는지 알아 "
2,"돈 여유 있으면 내가 잘 아는 주식에 투자 한 번 해볼래 "
2,"오늘 우산을 챙겨야할지 알려줘"
2,"가장 최근에 온 메일 수신인 누군지 확인해줘"
2,"오늘 남은 일정 몇개야"
2,"다음주 일정 어떻게 되는지 알려줘"
2,"대통령께서 보낸 메일중요 메일함에 넣었니"
2,"수행평가 마감일이 언제니"
2,"소비자 보호원에 대한 뉴스를 모두 보여라"
2,"내일 비행기 예약 시간은 몇 시지"
2,"오늘 먼지 많은 지 알려줘"
2,"이층 화장실 불 꺼져있는지 확인해줘"
2,"이번 달 월급일이 언제지"
2,"어제 학교에서 메일 왔니"
2,"내일 바람 많이 부니"
2,"주차장 문 닫혀있니"
2,"최근에 스팸 메일이 왔니"
2,"소액주주들을 배려하는 그런 주식회사 없나"
2,"화요일 해운대 일몰 시간 알려줘"
2,"오늘 미세먼지 수치 어떤지 알려줄 수 있니"
2,"한문을 잘 외우는 방법은 없을까 "
2,"내일 황사 있는 지 확인 해줘"
2,"이학기 중간고사가 언제니"
2,"영민이 위해 교육 보험은 어때요"
2,"이번 주 주말에 많이 추울까"
2,"서강대 근처 농협 위치를 알려라"
2,"어제 마감 주가가 어떻게 되니"
2,"프로야구 순위 관련 기사를 찾아볼래"
2,"총정리 메일이 있니"
2,"확인할 이메일이 있니"
2,"용가리파와 결투시간 언제지"
2,"베란다 불 꺼져 있는지 확인해"
2,"포워드된 이메일이 있으면 알려줘"
2,"오늘 우산을 챙겨야할지 알려줄수 있어"
2,"오늘 가평에 비 언제까지 내리니"
2,"오늘 최저기온 몇 도야"
2,"이번주중 제일 더운 요일은 언제니"
2,"같은 학교인데 왜 이렇게 보기 힘드니 "
2,"메일 이모티콘 중에서 제일 인기있는 게 뭐야"
2,"다다음주 금요일 저녁약속 장소 어디지"
2,"현재 중부 상행선에서 교통이 통제되는 구간은 어디야"
2,"다음주 토요일에 동물원 일정 언제부터니"
2,"내일 친구 약속 몇시인지 확인해줘"
2,"모레 주요 일정이 뭐지"
2,"서울 종로 음식점은 어떻게 가니"
2,"이번 달 최저 기온은 몇 도였니"
2,"어젯밤 송신 내용 중 세시 에서 다섯시 사이에 확인된 이메일은"
2,"오늘 눈이 언제오는지 알려줘"
2,"아들 군대 휴가 날짜 알려줘"
2,"이번주에 이발소 가는날이지"
2,"오늘은 어제보다 덥니"
2,"간사님이 메일 답장했는지 알려줘"
2,"안방 창문 열려있는지 확인해"
2,"수술 후유증은 없을까 "
2,"거래처에 보낸 메일이 몇 시쯤 열람되었니"
2,"에어컨 온도 설정 어떻게 되있니"
2,"도로의 구간별 소요 시간을 알려라"
2,"오늘 눈 몇시까지 내리는지 알려줘"
2,"내일 일정이 있니"
2,"오늘 저녁에 영하되는 시간이 있니"
2,"다음 주 파리 날씨는"
2,"이번주에 스팸 메일 몇 개나 왔는지 알려줘"
2,"동창회 관련된 메일이 왔는지 확인 부탁해"
2,"행정법 김정일과 성봉근이 대세인 듯 둘 중에 누가 더 좋아"
2,"할아버지 제사가 언제니"
2,"이번주 토요일에 과외일정 몇시에 잡혀있니"
2,"받은 메일 중에 답변 안한 메일 있니"
2,"교수님이 내가 보낸 메일을 읽으셨니"
2,"오늘 왜 아는 척도 안했어 "
2,"칠과 팔중 어떤걸 더 좋아하지 "
2,"이번주 알바 몇시인지 알려줘"
2,"실내 온도가 얼마야"
2,"유월 팔일에 메일 몇통왔니"
2,"가스레인지 밸브 잠겨있니"
2,"미술학원 몇 시에 가야돼니"
2,"다음달 입국 언제였지"
2,"이번주 중요 일정이 몇 개니"
2,"주식을 인터넷으로 하는 게 좋을까 증권회사에서 하는 게 좋을까"
2,"내일 토론토에 폭풍 경보가 있는지 알려줘"
2,"내일 최고 기온이 몇돈지 아니"
2,"오늘 주의보나 경보가 있는 지 알려줘"
2,"내일 저녁 열시 이후 일정 확인해줄수있니"
2,"언니 장염 걸린 건 괜찮아 왜 그런 거야 "
2,"내일 도서관에 가기로 한 시간이 언제인지 알려줘"
2,"부산시 진입로 정체구간 얼마나 되니"
2,"내일 아침에 안개가 얼마나 끼는지 알려줄 수 있니"
2,"이번달 장마가 언제쯤 끝나니"
2,"내일 오후 다섯이 날씨 어떤지 아니"
2,"애니 아빠라는 사람이 아예 없는 겁니까"
2,"올해 여행 일정을 정리해서 알려줄 수 있니"
2,"이번 주 습도 어떤지 알려줄래"
2,"주식을 양도 받으려는데 이 주식 괜찮을까 "
2,"내일 해뜨는 시간을 알려줘"
2,"올해 추석 무슨 요일인지 알려줘"
2,"이번 주말 날씨 알려줘"
2,"가격 비교 사이트 운영은 어때 "
2,"이번 주 토요일 일정 알려줘"
2,"형 모레 저녁에 약속 있으세요"
2,"벚꽃구경하기 가장 좋은 날이 언제니"
2,"내 방 콘센트에 헤어 드라이기가 꽂혀있는지 확인해줘"
2,"오늘 몇도인지 알려줘"
2,"내일 오후 날씨 좀 알려줘"
2,"오늘 최저기온 알려줘"
2,"인천 국제공항 고속도로 구간의 교통 흐름은"
2,"과연 내일 화이트 크리스마스가 될 수 있을까"
2,"스팸편지함에 있는 메일들 삭제했니"
2,"스쿼시 배워보는 건 어때"
2,"베를린 날씨 어때"
2,"막냇동생 중학교 입학식이 언제"
2,"이번주 일요일 예천에 비오니"
2,"잠실대교 상황을 알 수 있을까"
2,"새로운 공구 메일이 도착한 게 있니"
2,"오늘 너 만나고 싶은데 몇시에 시간 괜찮아"
2,"이번주중 미세먼지농도 나쁨인 날 알려줘"
2,"화보 기사를 보여라"
2,"다음 등산 날짜가 언제인지 알려줘"
2,"현재 침수된 대교는"
2,"다음주에 맑은 날씨인 요일이 언제이니"
2,"뉴질랜드 이번 주 날씨 알려줘"
2,"최근에 이태원 다녀왔던게 언제였니"
2,"사마리아성을 포위한 아람나라가 모두 도망갔다고 알려준 사람들은 누구이며 몇 명인가요"
2,"오늘 저녁 미팅 시간이 언제인지 알려줘"
2,"다음달 한달간 운동 일정이 몇시니"
2,"수요일 첫 수업이 뭐지"
2,"토요일 오전 열한시 세탁소 가는 일정 추가 했니"
2,"오늘 밤 최저기온이 이십오도 이상이 되는 시각을 알려줄 수 있니"
2,"현관불이 자동으로 맞춰져있니"
2,"내일 오후 창원에 눈이 언제 오니"
2,"혹시 너에게 내가 보낸 메일 와있니확인 좀 해줘"
2,"내일 뭐하기로 했니"
2,"할머니 생신 축하 파티가 언제야"
2,"부엌 환풍기의 불이 켜져있니"
2,"나의 운동 시간표가 어떻게 되니"
2,"스팸 메일함 전부 삭제되어 있니"
2,"이번달 건강검진이 언제니"
2,"내일 서울 건조경보니"
2,"오늘 눈이 내리는지 알려줘"
2,"친구 생일 언제인지 알려줘"
2,"병원에 입원했다며 "
2,"보험사에서 온 메일 내가 읽었니"
2,"애인 조카녀석 학교 졸업식이 언제야"
2,"읽지 않은 메일들은 모두 지웠니"
2,"오늘 새로 온 메일 있는지 알려줘"
2,"주식이 타 금융기관 상품과 틀린 점은 무엇입니까 "
2,"이번 여름휴가 날씨 알려줘"
2,"어제 신문 논평을 보여라"
2,"내일 무슨 수업 가야되니"
2,"압구정동 스파게티 전문점은"
2,"다음달 가족 여행 날짜 알려줘"
2,"오늘 엄마한테 메일이 온지 봐줘"
2,"휴지통에 호텔 예약 확인 메일이 있는지 확인해줄래"
2,"아빠와 만나기로 한 날이 언제인지 봐줘"
2,"예비군 장소 어딘지 알고 있니"
2,"대전에서 서울가는 국도가 막히는 곳 있니"
2,"마리아와 엘리사벳에게 나타난 천사는 누구인가요"
2,"추천서를 보면 활달하다고 선생님이 적었는데 본인은 어떤 모습을 보고 그렇게 적었다고 생각합니까"
2,"눈은 얼마나 오는지 확인해알려주겠니"
2,"분식집 요즘 잘 되나"
2,"올 해 받은 메일이 몇 개니"
2,"조심스레 잘 지내셨냐는 안부 여쭙니다"
2,"어제 롯데 선수들의 게임 기사는 없을까"
2,"내일 멜버른 오전 오후 날씨를 검색해줘"
2,"어제 시험 끝내고 좀 여유가 생겼나"
2,"내일 누나랑 어디서 만나기로 했는지 알려줘"
2,"다음주 토요일에 비가 올까"
2,"생활 체육 관련 기사는 없을까"
2,"저번주 화요일 언제 퇴원했는지 알려줘"
2,"내일 춤연습이 일곱시 맞니"
2,"너 교양수업 몇 학점이나 들어 "
2,"오늘 광화문 지역 날씨 어떻지"
2,"회사 자료들 메일로 회사 사람들과 주고 받어"
2,"어제 삼성 라이온즈 관련 기사 모아볼래"
2,"안개가 언제까지 끼는지 아니"
2,"팔월 이일 강릉가는거 무슨 역에서 타야하니"
2,"다섯 그루의 나무를 심으면"
2,"취소 메일이 있니"
2,"오늘의 자외선 지수를 알려줘"
2,"내일 새벽에 온도 어디까지 내려가는지 찾아줘"
2,"모레 서해 풍랑주의보 어떤지 알려줄래"
2,"오늘의 일 면 기사를 찾아"
2,"화요일 약속이 모두 취소되었니"
2,"선의 반대는 악이다 미소의 반대는"
2,"환불 메일이 들어왔는지 확인해줘"
2,"이번주 생일인 친구 알려줄 수 있니"
2,"시험 며칠 전부터 공부해야 할까"
2,"밥솥 취사시간이 얼마나 남았는지 알려줘"
2,"오늘이 이번 달 네번째 주 휴일이니"
2,"작년에 가장 추웠던 온도 몇도니"
2,"올해 발생한 태풍의 이름을 아니"
2,"오늘 햇빛 쨍쨍한지 알려줘"
2,"이번주중 비오는 날 있으면 알려줘"
2,"지금 전국에 호우주의보 내린 곳 어디니"
2,"개강날이 언제니"
2,"오늘 오후 다섯시 모임 시간 알려주겠니"
2,"임시 저장한 메일 중에 수신자가 가족으로 설정되어 있는 것이 몇 통이니"
2,"집들이는 다섯 시니까 한 네 시쯤에 만날까"
2,"경부 고속도로 내 소통 원활한 구간은 어디래"
2,"다음 주에 일정 비어 있는 날 언제 있니"
2,"경부 고속도로 갈 건데 지금 교통상황은 어때"
2,"이번주에 메일을 가장 많이 보낸 사람이 누구니"
2,"가스렌지 꺼져 있는지 확인해줘"
2,"현금영수증 메일이 왔는지 확인해줘"
2,"저녁에 인출 수수료는 얼마니"
2,"올해 일월 새벽에 메일 왔니"
2,"그 렌즈 두 개 짜리는 파노라마인가요"
2,"그럼 넌 이제 뭐 하는 거야"
2,"이번 겨울에 눈이 가장 많이 온 날이 언제야"
2,"현재 태풍의 진행 상황은 어떻지"
2,"집안에 에어컨은 끄고 나왔는지 확인 좀 부탁할게"
2,"엄마한테 온 메일 있니"
2,"대중교통과 자가용 중 어떤 방법이 저렴하고 편할까요"
2,"친한 친구가 보낸 메일 있니"
2,"이번달 할머니 생신이 언제니"
2,"오늘 새 편지 중 공지 메일을 찾는가"
2,"우리 마누라 생일이 언제지"
2,"막내 약혼식 시간은 언제일까"
2,"받은 메일함 확인했니"
2,"지금 날씨가 몇도인지 알려줘"
2,"장마 언제 끝나는 지 아니"
2,"작년 이맘때 전국 날씨 검색해줘"
2,"가스레인지 위에 뭐가 올려져 있니"
2,"눈 언제 그치는지 알려 줄래"
2,"강풍이 부는지 알려줘"
2,"영화 볼까"
2,"지금 이 방 온도가 몇 도인지 알려주겠니"
2,"안방에 불이켜저있는지 확인해줘"
2,"지금 쫌 빨리 가는 방법이 없을까"
2,"둘째 귀염둥이는 잘 지내고 있나요"
2,"카카오톡에서 온 메일 알려줘"
2,"여기서 대전까지는 정체 구간인지 파악해주련"
2,"다음주 레슨 시간이 언제야"
2,"오늘 미세먼지 농도가 어느 정도인지 알려줘"
2,"내일 비오는지 아니"
2,"동의대 주변 플레이스테이션 방은 어떻게 가냐"
2,"안읽은 메일 몇통인지 알려줘 "
2,"둘째가 언제 출장에서 돌아 오지"
2,"일요일 소개팅 일정이 몇시야"
2,"지금 틀까 아니면 기다릴까 "
2,"어제보다 오늘 아침 기온이 몇 도나 오른지 봐줘"
2,"지금 집 실내 습도 몇 도니"
2,"상규 선배 재작년에 삼성증권 입사하지 않았냐"
2,"에어컨 켜져 있니"
2,"이번 주말 태풍오는 지역이 어디니"
2,"티비 꺼져있니"
2,"바퀴가 자꾸 미끄러지는데 어떡하지"
2,"임시보관함에 저장된 이메일들이 몇 개니"
2,"다음주 맑은 날인 날짜를 알려줘"
2,"까페에서 온 메일이 있니"
2,"어떻게 하면 빨리 읽을 수 있지"
2,"동아리 회식이 언제인지 알려줘"
2,"다음주 저녁에 약속 잡힌 것 있니"
2,"오늘 비가 얼마나 내렸는지 알려줘"
2,"확인해야할 메일이 몇 통이니"
2,"실내 습도가 어느정도 되니"
2,"지금 베트남 다낭 날씨 어떤지 알려줘"
2,"다다음주 화요일 날씨 어떨까"
2,"에어컨 켜져있니"
2,"다윗이 도망다니는 중 아히멜렉에게 진설떡과 무엇을 받았나요"
2,"거실에 소등이 켜져있는지 확인해"
2,"지난달에 비해 가스비를 얼마나 더 썼니"
2,"내일 모레 날씨 어떤지 알려줘"
2,"저번 달에 온 메일 수가 몇 개니"
2,"저번 주에 갔던 워터파크 이름과 장소를 알려줘"
2,"강아지 심장사상충 주사 날짜 언제니"
2,"내일 새벽 안개끼는량이 얼마나 되는지 확인해"
2,"오늘 오존 농도를알려줘"
2,"내일 언제부터 비가 오는지 알려줘"
2,"내일 일출 시간을 알려줘"
2,"개교기념일이 언제니"
2,"내일 오후에 남는 시간이 있니"
2,"오늘 오후일정 알려주겠니"
2,"회사에서 온 메일 외에 모두 삭제 했니"
2,"편지 오늘 몇시까지 보내니"
2,"내일 강우량이 얼마인지 알려줘"
2,"지금 우리동네 대기질 확인해 봐"
2,"레알 마드리드 관련 소식을 보여주렴"
2,"구월 싱가폴 평균 기온 좀 검색해줘"
2,"현금 서비스 이자율 얼만지 알고 있어"
2,"오늘 비 오는지 알려줘"
2,"다음주 월요일에 눈이나 비 오는지 알아봐줄래"
2,"에어컨이 켜져 있는지 확인해"
2,"십일호 태풍 현재 위치가 어딘지 알려줘"
2,"내일 점심 거래처 미팅 어디서 하니"
2,"거래처랑 저녁 약속이 며칠에 잡혀있었지"
2,"다음주 일요일 날씨좀 알려줘"
2,"수강 신청이 다음주 수요일부터니"
2,"다음주에 저녁 약속이 없는 요일 알려줘"
2,"나 아침에 화장실 불을 안끈 것 같은데 확인좀"
2,"오늘 비 몇시까지 오는지 알고 있니"
2,"보낸메일에 회사메일 빼고 삭제되었니"
2,"오늘 비 몇시까지 오는지 알려줘"
2,"내가 얼마의 주식을 보유해야 그 회사 경영에 참여할 수 있지"
2,"인터넷 뱅킹으로 보냈어 왜 안 갔어 "
2,"내일 친구 만나니"
2,"이번 승진 발표 언제 난데 "
2,"현관에 불이 켜져 있니"
2,"오늘 비 올 확률이 얼마인지 알려줘"
2,"월급 받는 날이 얼마나 남았지"
2,"야구장 갔던 날이 언제인지 확인해주겠니"
2,"목요일 점심약속 어디서 만나기로 했니"
2,"내일 오전 안개가 짙게 끼는 곳이 있니"
2,"다큐멘터리 관련해서 인터뷰 하고 싶은데 괜찮을까요 "
2,"교수님이 해오라던 사설신문 스크랩 다했어 "
2,"서울에서 분위기가 제일 좋은 째즈바는 어디니"
2,"이번주 목요일 눈오는지 확인해줘"
2,"저번주에 받은 메일 개수 알려줘"
2,"정수기 점검 끝났니"
2,"이번주 온라인 미팅이 언제야"
2,"과외 반복 일정 설정일이 며칠 부터더라"
2,"세탁기 다 돌아가려면 얼마나 남았어"
2,"다음주에 중요한 일정이 몇 건 있니"
2,"텔레비전 켜져있니"
2,"가족 주소록 그룹에 몇명이나 있니"
2,"휴지통에 남아 있는 메일 있니"
2,"오늘 메일 중 첨부 파일이 든 메일 몇 통이지"
2,"모든 메일 휴지통에 넣었니"
2,"주유할 때 포인트제일 많이 쌓이는 카드가 어떤 거야 "
2,"오늘 비 오니"
2,"취약과목은 어떻게 해야할지 모르겠어"
2,"칠월칠일 보낸 메일 지워졌니"
2,"지난 달 운동을 총 몇 번 했는지 알려줘"
2,"삼백 일동에 농협 현금지급기가 있니"
2,"안방에 불 켜져있니"
2,"내일 눈 오후까지 오니"
2,"이번주 화요일 오후 일정이 어떻게 되는지 알려줘"
2,"이번주는 언제 맑은 하늘을 볼 수 있는지 아니"
2,"이번주 가장 더운 날이 무슨 요일인지 알아봐"
2,"컴퓨터가 켜져있는지 알려줘"
2,"춘천까지 기차랑 버스 얼마나 걸리는지 알아"
2,"광주에 사회복지회관이 어디야"
2,"오늘 우박이 내리니"
2,"가장 최근에 온 메일 보낸사람 확인해줘"
2,"내일 점심 약속은 어디서 있는지 확인해줘"
2,"나 세시간 뒤에 일정이 어떻게 돼"
2,"일 종 면허는 어떻게 취득하죠"
2,"다음달 고등학교 동창 모임이 언제니"
2,"새해 첫 일출 시간을 알려줘"
2,"주요 고속도로의 교통상황을 알리렴"
2,"알코올은 운동을 해야 분해되는 거 아니야"
2,"오늘 약속이 있는지 알려줘"
2,"내일 오전에 안개가 심하니"
2,"모레 서울의 대기질 정보 알려줘"
2,"수영장 있나요"
2,"이층 서재방 불 켜져있니"
2,"요즘 어떻게 지내니 우리 못 본 지 꽤 된 것 같아"
2,"요새 왜 이렇게 더운지 아니"
2,"회사에서 보낸 메일이 모두 몇 개니"
2,"케이티엑스 열차표 예매에서 제일 할인이 많이되는 시간은 언제니"
2,"서울 날씨를 알려줘"
2,"보낸 메일함에서 수신확인 안 된 메일들 몇 개인지 확인해줘"
2,"환전은 외환은행 말고 아무 은행에서라도 할 수 있는 거지"
2,"서울역 근처에 맛있는 김밥집은 어디에 있어"
2,"여자친구 생일이 언제였지"
2,"아니면 사기인건지 확실하게 알수가 없었다"
2,"어학원에 매일 보냈니"
2,"칠월 삽십일 휴가 장소까지 가는 시간 알려줘"
2,"오늘 안개가 언제 걷히는지 알려줘"
2,"이번달 방학이 언제니"
2,"축제는 몇 월 몇 일이니"
2,"샐러드나 소스는 어떠세요"
2,"거실 온도 확인해줘"
2,"고향 뭐 타고 내려갈 거야"
2,"금요일에 제출하는 과제는 몇 시까지 어디로 제출해야 하니"
2,"다음주 토요일 대구 날씨 아니"
2,"저번 주 이후로 전화 안 받더니 뭐했어 "
2,"프린터기 전원이 켜져있니"
2,"종교관련 서적을 찾아라"
2,"과천시 소재 서울랜드는"
2,"오늘 모임에 몇 시까지 가야하니"
2,"눈이 언제쯤 그치는지 아니"
2,"엘리사가 소금을 샘물에 부었는데 물맛이 좋아지고 과일맛도 좋아졌는데 이곳은 어디인가요"
2,"잠실대교 북단 교통 흐름을 알려주련"
2,"부모님 결혼기념일이 언제니"
2,"무엇인가에 중독된 적이 있나요"
2,"올해 봄 군산 날씨 좀 알려줘"
2,"혹시 교수님께 메일 온 게 있니"
2,"이천십구년 개천절이 언제인지 아니"
2,"이번주 일정 중 공항 일정이 있다면 알려줘"
2,"수능이 언제인지 알고 있니"
2,"지금 체감 온도 알아봐라"
2,"이번주에 비오는 날이 얼마나 있는지 알려줘"
2,"선풍기가 켜져있니"
2,"증권계좌로의 계좌이체는 인터넷에서만 가능하니 "
2,"오늘 눈이 얼마나 내리는지 알려줘"
2,"오늘 아침 서울 날씨 알려줘"
2,"오늘 울산에 비오니"
2,"오늘 스팸 메일이 왔니"
2,"내일 오전에 산책할 만한 날씨냐"
2,"오늘 언제가 제일 따뜻해"
2,"만일 여러분이 할 수 있다면 지역사회와 국가에 어떤 도움을 주겠습니까"
2,"판테온 포함인가요"
2,"이번 주 일정 몇개나 있는 지 말해줘"
2,"이번주에 눈이 오는지 알려줘"
2,"경기의 주간 날씨 알려줄래"
2,"오늘의 최고기온을 알려줘"
2,"오늘 평균기온이랑 어제 평균 기온이랑 몇 도 차이나는지 알려줘"
2,"휴가 언제인지 알려줘"
2,"내일 새벽에 안개가 언제 끼니"
2,"지하철 앞쪽이야 뒤쪽이야 "
2,"내일 하루 일정이 어떻게 되는지 알려줘"
2,"오늘 오전 관악구 날씨 알려줘"
2,"오늘 미세먼지 농도 알려줘"
2,"설악산의 교통 정보를 알고 싶어"
2,"주유 할인 및 영화 할인하는 신용카드는 없나요 "
2,"내일 일정 알려줘"
2,"세탁 진행사항 알려 줄수 있니"
2,"티비 꺼져있니"
2,"작년 워크샵이 몇 월이었는지 알려줘"
2,"텔레비전 꺼졌는지 확인해봐"
2,"오늘의 주요 기사는 뭐니"
2,"현관등 조명 꺼져있는지 확인해"
2,"지난주 일요일 저녁에 들었던 노래 뭐야"
2,"이번 달 오후 일곱시 이후에 시간 비는 날 검색해 줄래 "
2,"나 없는 동안 너무 외로웠지 "
2,"오늘의 운세를 찾아라"
2,"이번주 교회 모임이 있니"
2,"수도권 날씨 어떤지 찾아줘"
2,"오늘 예상 강설량 몇 센티미터인지 알려줘"
2,"이번달 발표일이 언제인지 말해줄래"
2,"커피머신 전원 꺼져있니"
2,"이번 주 미세 먼지 농도 알려줘"
2,"지금 전자레인지가 작동 중이니"
2,"주식의 가격은"
2,"여기 은행통장 만들어 봤니 나 만들려고 하거든"
2,"어제 답장한 메일 몇 갠지 알려줘"
2,"지난 주 세미나가 언제였는지 알아봐줘"
2,"오랫동안 수신되지 않은 메일 알려줘"
2,"거실에 불 켜져 있니"
2,"내일 몇시까지 일정이 있지"
2,"내일부터 이틀동안 자외선 지수가 어떻게 되니"
2,"청담동 근처 화장품 가게"
2,"주요 도시의 강수 분포도 어떻데"
2,"올해 추석에 몇일 쉬는지 알려줘"
2,"부장님 이번 주 금요일에 월차 써도 될까요"
2,"다음달 앨범 발매일 알려줘"
2,"조성민 선수의 현황은 어때"
2,"이번 주 토요일 저녁 일정 비어있니"
2,"오늘 미용실 몇 시에 예약되어있니"
2,"이번 달 내가 부산갔던 일정 모두 보여라"
2,"오늘 추운지 알려줘"
2,"오늘 안개 끼는지 검색해줘"
2,"최경주 선수의 근황에 관련된 기사를 찾아볼래"
2,"어제 회사로 보낸 메일 수신여부 확인해줘"
2,"천호대로 소통상황 보여주렴"
2,"이번 연휴가 며칠이나 되니"
2,"오늘 오후 기온이 얼마나 높니"
2,"붉은 악마에 대한 기사를 찾아"
2,"저저번주 금요일에 내가 보낸 메일이 있었나"
2,"오늘 몇 시까지 비오는지 아니"
2,"학교에서 오늘 뭐 배웠더라"
2,"새 메일의 수가 몇 개인지 알려줘"
2,"오늘 전남지역 구름 양은 어때"
2,"내일모레 전체회의 시간 알려줘"
2,"다음주 랩미팅 발제자가 누구야"
2,"멜론에서 온 메일이 몇 개나 있니"
2,"공기 상태 확인해줄래"
2,"작년 칠월 워크샵 날짜 알려줘"
2,"코미디 물인가요"
2,"컴퓨터가 꺼져있니"
2,"다음달 일정이 몇 개인지 알려줘"
2,"적립형 펀드가 더 효율적일까"
2,"진영이랑 같이 병문안 가려고 하는데 몇 호실로 찾으면 되니"
2,"내 주변 레스토랑 위치 알려줘"
2,"이번주 토요일에 미세먼지량이 얼마니"
2,"내일 오후 몇시에 운동가기 일정이니"
2,"에스엔에스 메일함 전부 지워졌니"
2,"부산진역 앞 루반도르는 어떻게 가는가"
2,"엘에이 날씨 검색해줘"
2,"만일 일주일에 오직 여러분만을 위해 쓸 수 있는 한 시간이 있다면 어떻게 보내고 싶은가요"
2,"장마 언제 시작하니"
2,"오늘 회사에 보낸 메일이 보내졌니"
2,"오늘 오후 서울 자외선 지수 어떠니"
2,"팔월에 지운 메일 모두 복구 했니"
2,"삼월달 입학식 언제였지"
2,"다음주 수요일에 물놀이 어디로 가기로 했니"
2,"결혼을 앞두고 있는데 어떤 금융상품이 괜찮을까요"
2,"오늘 새벽 날씨 알려줘"
2,"중복에 서울 온도가 얼마나 되니"
2,"스팸 메일함에 도서관에서 온 메일 섞여 있는지 확인해줘"
2,"어리석은 아하스왕은 비가 오지 않는다고 누구를 바알 제단에 태워죽였나요"
2,"영등포구 근처 일식집 어떻게 간데"
2,"은행에서 온 메일 총 몇 개야"
2,"이번 추석 연휴 며칠 쉬게 돼"
2,"내일  더운지 알려줘"
2,"확인 안한 메일 몇 개니"
2,"스팸메세지함에 있는 메일이 몇 개 인지 알려줘"
2,"다음주에 부산에 비오는 날 있는지 알려줘"
2,"회사 회식 몇시에 하는지 알려줄 수 있니"
2,"정말이야 지금 지오형이 한 얘기"
2,"오늘 회의 끝나고 일정이 있니"
2,"예약 번호가 뭐지"
2,"오늘 새벽 날씨 어때"
2,"내일 기온이 얼마나 높은지 확인좀 부탁해"
2,"가스레인지 불 껐니"
2,"상품권 줄까"
2,"목요일 수업 일정이 있니"
2,"세계 날씨 좀 알려줘라"
2,"엘리야와 엘리사가 겉옷으로 갈랐던 강은"
2,"베란다 불 켜져있니"
2,"임시보관함에서 내게쓴메일함으로 옮겨졌니"
2,"주문 확인 내용 메일 있니"
2,"오늘 더운지 알려줘"
2,"오늘 언제가 제일 추워"
2,"임시보관함에 메일이 있니"
2,"이번주에 미팅중에 발표 관련 일정이 있니"
2,"내일 할일이 뭐가 있니"
2,"운전 못할 만큼 눈이 많이 왔니"
2,"오늘 강우량이 얼마지"
2,"이번주 일정이 어떻게 되는지 알려줘"
2,"내일 폭풍매미가 서울을 언제 지나가는지 알려줘"
2,"베란다 문 열려있니 "
2,"안 읽은 메일을 정리하였니"
2,"가스 꺼져있는지 확인해줘"
2,"내일 미국 날씨 좀 검색해줘"
2,"오늘 미세먼지 농도 좋음 이니"
2,"대구에 비 언제까지 오니"
2,"체감온도가 몇도정도 되니"
2,"이번 주말 날씨 어때"
2,"지윤이 생일이 이번 주인가"
2,"내일 부산에 눈 오니"
2,"임시보관함에 메일 몇 개 있는지 알려줘"
2,"이번 주 기상 예보가 어떻게 되니"
2,"사기 도박단 관련 기사는"
2,"오늘 일교차가 크니"
2,"본지 오래됐는데 뭐하고 지내니"
2,"확인 안한 메일 몇 개니"
2,"막히는 곳이 여전히 많은지 알려주련"
2,"오늘 대구 최고기온은 몇이니"
2,"요번 달 이벤트 메일 전부 보이렴"
2,"작년보다 올해 얼마나 더 춥니"
2,"전 은행의 현금 서비스 연체 이자는 얼마쯤 되나요 "
2,"오늘 바람이 얼마나 부는지 검색해줘"
2,"오늘 온 학교메일 몇개니"
2,"넌 도대체 연락도 없이 뭐하고 지냈냐"
2,"오늘 한파주의보 내렸는지 검색해줘"
2,"사울은 다윗에게 블레셋 사람의 오른쪽 귀를 몇 개 잘라다 주라고 했는데 다윗은 몇 개를 잘라다 주었나요"
2,"저번 달 중에 며칠 비 왔는지 알려줘"
2,"지금 메일함에 메일 개수가 몇 개니"
2,"오늘 갈 백화점이 언제 문을 닫는지 아니"
2,"서울시에서 하는 간선 버스와 지선 버스는 무엇입니까 "
2,"춘천까지 기차랑 버스 얼마나 걸리는지 알아"
2,"내일 부산의 구름의 양은 얼마나 돼"
2,"너 요가 해서 효과 좀 봤냐 "
2,"군자역 근처의 농협은 어디일까"
2,"그럼 잘되려면 무엇부터 해야 하죠"
2,"비가 몇 시까지 내리는지 알려줘"
2,"현재 그 은행의 이자 이율을 알고 싶습니다"
2,"확인안한 메일이 있니"
2,"전국의 빨래 지수를 알려줄래"
2,"초복이 언제인지 알려줘"
2,"오늘 눈 언제까지 내리니"
2,"영국 오후 세시 날씨 좀 검색해줘"
2,"팔팔 고속도로 현재 상황은"
2,"메일에서 내려받은 사진이 컴퓨터에 저장 되었니"
2,"오늘 밤 열대야니"
2,"환풍기 전원 꺼져있는지 확인했니"
2,"일본은 날씨가 어떤지 알려줘"
2,"요즘 시드니 날씨가 어떤지 알아봐라"
2,"아름다운 노래는 무엇인가"
2,"울산 무거동에 쌈밥 맛있게 하는 집 있나"
2,"지민이와 도자기 축제에 가기로 한 날이 언제야"
2,"와이파이에 연결된 기계가 몇개니"
2,"오늘 대구 자외선 치수가 어떤지 아니"
2,"다음주 주말 부산 날씨 알려줘"
2,"첨부파일 다운로드 기한이 언제까지니"
2,"최경주 선수 근황 관련 기사 찾아줄래"
2,"휴지통에 메일이 몇개가 있는지 알려줘"
2,"오늘 새벽 두시에 최저기온은 몇이니"
2,"방에 불좀 켜졌나확인하고 꺼줄래"
2,"오늘 미세먼지 농도가 좋은인 시간 알려줘"
2,"내일 비가 오는지 알려줘"
2,"빼빼로 데이가 언제인가"
2,"다른 거 더 필요한 건 없으시구요"
2,"다음주에 눈이 오니"
2,"오늘 낮에 머할거야"
2,"스팸 메일함에 학교에서 온 메일이 있는지 확인해줘"
2,"친구 은화와의 생일이 언제인데"
2,"동국대학교에서 메일 온 거 있어"
2,"만화책 반납하는 날짜가 언제니"
2,"오늘 피부질환가능지수는 얼마인지 검색해줘"
2,"내일 도쿄 날씨 알려줘"
2,"현재 바람 방향 좀 알려줘"
2,"시골 갈 때 기차 탈까 아님 고속버스 탈까"
2,"내일 점심약속 일정 몇시부터니"
2,"모레 신촌역 부근에 비 몇 시에 개이는지 알려줘"
2,"장소가 어디로 저장되어있니"
2,"오늘 눈 언제까지 오는거니"
2,"다음으로 잡혀있는 일정 알려줘"
2,"오늘 세시에 소개팅 일정이 있니"
2,"성수대교남단에서 도산사거리 사이 도로 정보는"
2,"경보나 주의보 내린 것 있는지 검색해"
2,"오늘 세시에 미팅있니"
2,"선생님 우리 내일 볼 수 있는 거예요 "
2,"장마가 언제부터니"
2,"보일러 온도 확인 해줄 수 있니"
2,"주말 일정이 있는 주가 몇 주나 되니"
2,"이번달 모교 방문하는 날이 언제였지"
2,"지금 서울 미세먼지 농도 알려줘"
2,"내일 습도 알려줘"
2,"오늘 메일 몇 개왔는지 알려줘"
2,"아마사를 죽인 요압은 누구 손에 의해 죽임을 당했나요"
2,"아이들은 잘 크고 있겠지 "
2,"어제 지운 메일을 지운 메일함에서 복구 가능해"
2,"메일 주소별로 몇 통의 메일이 왔는지 알려줘"
2,"인천공항 이번주에 비 안오는날 찾아"
2,"일년 전에 수신된 메일 모두 삭제했니"
2,"가스 꺼져있는지 확인해봐"
2,"서울대 앞 우동 전문점 위치를 알려"
2,"모레 날씨 알려줘"
2,"내가 어제 교수님께 보낸 메일 수신확인 되었니"
2,"현장학습을 가면 좋은 점이 뭐가 있나요 "
2,"과천 가려면 또 갈아타야 하나"
2,"최근 삼십일 메일 동기화 되었니 "
2,"미국의 자유의 여신상은 왜 서 있을까"
2,"서울대 주변 나이트 클럽 어디니"
2,"다음 주 저녁 약속이 몇 개야"
2,"스위스에서 하는 학회가 언제지"
2,"프로 아마 친선 경기에 관한 기사를 정리해서 보여"
2,"카페에서 온 메일 모두 지웠니"
2,"남한산성 근처 산채비빔밥 전문점"
2,"오늘 영화보기로 한 곳이 씨지브이 맞니"
2,"양평에 언제 비가 오는지좀 알려줘"
2,"올 해 해외 일정 있니"
2,"크리스마스에 온 메일 있니"
2,"토요일에 구름이 많은지 알려줘"
2,"내 주변 무료 주차장 알려줘"
2,"내일 최고 기온이 어떻게 되는지 알려줘"
2,"가스레인지 불 꺼져있는지 확인해줘"
2,"오늘 학교에 보낸 메일이 보내졌는지 확인해줘"
2,"너 주식 빨간색이야 파란색이야 "
2,"지금 스피커 볼륨이 어떻게 되니"
2,"인천 바닷가의 일몰 시각을 알 수 있니"
2,"장해진이랑 왜 헤어졌"
2,"제목에 월급이란 단어가 포함된 메일 있는지 검색해줘"
2,"장마가 언제부터 시작되니"
2,"내일 이 시각 날씨를 전제적으로 알려줄래"
2,"이십칠일 업체 미팅 몇시였지"
2,"오늘 오전 비올 확률은"
2,"로봇 청소기 전력이 얼마나 남았니"
2,"학교에서 온 메일 모두 중요 표시 됐니"
2,"이번주 컴퓨터 수리 예정일 언제니"
2,"너 네 회사 주로 어느 은행이랑 거래하니"
2,"저번 주에 운동을 몇 시간이나 했니"
2,"다음달 오빠 휴가 일정 알려줘"
2,"냉장고에 얼음이 있니"
2,"유학생송금을 하는 경우에 필요한 서류는 무엇입니까 "
2,"내일은 날씨 어때"
2,"오늘 오후 일곱시부터 한시간 간격으로 기온 체크해줘"
2,"안개가 가장 많이 끼는 지역 검색해줘"
2,"지금 어디야 난 수영장 왔어"
2,"내일 오후 두시에 일정이 있니"
2,"내일 해야할 거 알려줘"
2,"어제 날씨랑 비교해서 오늘 날씨 알려줘"
2,"왜 약속 시간에 늦지 말아야 하는거야 "
2,"내일 비 안오는곳 알고 있니"
2,"다음달 한자시험 일정이 언제니"
2,"오늘 자외선 지수가 어떤지 알아봐줘"
2,"회사 창립기념일이 언제니"
2,"오늘 자외선지수 어때"
2,"이번달 저금 얼마나 했니"
2,"주말에 티비 몇시에 키지"
2,"많기도 하고 적기도 한 도시의 이름은"
2,"미국의 국경일 날짜를 모두 검색해"
2,"마포구 언제까지 비 오는지 알려줘"
2,"지운 편지함에 확인 안한메일이 있니"
2,"한 시간쯤 후에 마칠 것 같은데 그때도 가능해"
2,"청담동 근처 유명한 카페 어떻게 가지"
2,"다음주에 비 오는지 알려줘"
2,"안녕하세요"
2,"곧 유학 간다는 소문이 사실이야 "
2,"이번주중 빨래지수 좋음인날 알려줄래"
2,"이번 헬스클럽 회원 만료일이 언제"
2,"내일의 날씨는 어떻니"
2,"경락 마사지 받으면 효과는 좀 있어 "
2,"아시아 청소년 축구대회 한국 전적 관련 기사는 없을까"
2,"휴지통에 메일이 있는지 확인해줘"
2,"내일 눈 얼마나 내리니"
2,"내일 스케쥴 다 말해줄래"
2,"바람이 얼마나 심하게 부는지도 알려줄 수 있니"
2,"오늘 온 메일 중 회사에서 온 메일있니"
2,"오늘 회사에서 메일 온 것 있니"
2,"목요일에 언니랑 저녁에 뭐 먹기로 했니"
2,"어제 받은 메일중에 팀원에게 온 메일이 있니"
2,"첫 월급 타면 부모님께 뭘 사드릴까 "
2,"오늘 학교에 보낸 메일의 발신여부 좀 확인해줘"
2,"인권센터에서 온 메일 있니"
2,"어린이대공원 정문 차량 흐름은 어떤지 파악해주련"
2,"장마는 언제부터 시작되니"
2,"내일 오후 날씨 어떤지 아니"
2,"삼월달 중에 기온이 십도 이상인 날을 알려줘"
2,"내일 서울시청 강수확률 찾아봐"
2,"첨부파일 용량이 얼마나 되는지 알려줘"
2,"준비 아직도냐 "
2,"내일 일정좀 알려줘"
2,"예수님을 찬양하는 나무는"
2,"친구와 볼링장에 언제 가기로 했니"
2,"이메일중 파일 첨부 된 이메일이 있니"
2,"지금 체감온도가 얼마나 되니"
2,"내가 안읽은 메일이 몇개인지 확인해줘"
2,"회사에서 온 메일 몇 개 백업했니"
2,"건강보험료를 그대로 다 내야 하나요 "
2,"이번주 주말 어디로 여행이야"
2,"내일 오전 일정을 알려줘"
2,"매일 아침 여덟 시에 에어컨이 자동 작동하는 이유가 뭘까"
2,"내일 헬스장에 몇시까지 가야하니"
2,"오늘 날씨가 맑을것 같니"
2,"부장님 메일 주소 좀 알려줘"
2,"병목 정체를 보이는 구간은 어디지"
2,"이번 주에 미세먼지 가장 적은 날 확인해줘"
2,"다음주 수요일 평균 기온 좀 알아봐줘"
2,"오늘 밤 축구 모임 몇시니"
2,"저번달 나에게 메일을 가장 많이 보낸사람이 누구니"
2,"건강검진 결과가 메일로 왔니"
2,"뮤지컬 티켓 구해주기로 한 거 대신에 밥을 사면 안 될까 "
2,"어젯밤 새 메일 중 아이디 토니가 보낸 이메일 찾아라"
2,"칠월 삼십일 저녁에 일정이 있는지 알려줘"
2,"내일 미세먼지 농도가 어떠니"
2,"나 호주로 유학 가려고 하는데 준비할 게 뭐가 있을까"
2,"오늘 개기일식 시간 검색해줘"
2,"오늘 저녁에 체감온도 어떨지 좀 알려줘"
2,"내일 어디에서 치킨 먹기로 했는지 알려줘"
2,"휴지통에 교수님한테 온 메일이 있니"
2,"언제 먹을 거야"
2,"내년 유월 십사일이 무슨 요일인지 알려줘"
2,"어제 회사에서 온 메일이 있니"
2,"내일 체감온도가 몇 도까지 오르는지 확인해라"
2,"오늘 약속 없지"
2,"내가 보일러를 끄고 나왔니"
2,"장마 언제 끝나는지 알려줘"
2,"오늘 우산 가지고 가는게 좋을까"
2,"십 육 대 총선에 대한 소식을 보여라"
2,"약속장소 까지 지하철이 빠를까 버스가 빠를까"
2,"엄마 생신 무슨 요일인지 알려줘"
2,"이번 장마 며칠까지인지 알려줘"
2,"과제 마감일이 언제니"
2,"오늘 진주에 태풍이 언제 부니"
2,"폭설 주의보 여부를 알려줘"
2,"다음달 연주회 장소 어디니"
2,"이번 발렌타인데이가 무슨 요일인지 알고 있니"
2,"한남대교 정체상황을 알려"
2,"지금 드라마 하는 채널이 있니"
2,"지금 가스 불 켜져 있니"
2,"오늘 저녁에 공연보기로 한 공연장 제 이 롯데월드 맞나"
2,"왜 아직까지도 돈을 안 붙여줄까"
2,"유럽 챔피언스리그에 관한 소식 찾아라"
2,"해운대의 태국 음식점"
2,"컴퓨터의 기초가 전공 필수 맞지"
2,"이번 주에도 계속 비가 오나요 "
2,"이번 주 비번이 언제니"
2,"다음주에 비가 오는지 확인해줘"
2,"오늘 날씨 알려줘"
2,"현재 위치에서 세미나 장소까지 가는 데 얼마나 걸릴까"
2,"이번달 월세 내는날 언제니"
2,"쁘라삐룬의 경로를 알려줘"
2,"오늘 거래처에서 메일은 왔니"
2,"지금 몇시 인지 알려줘"
2,"어제 구미 날씨 어땠니"
2,"세탁기 세탁 완료 되었니"
2,"모레 날씨 알려줘"
2,"마블 영화 최신작의 개봉일이 언제야"
2,"작년에 받은 메일이 모두 몇 통이야"
2,"인천공항 진입로를 보고싶어"
2,"천호동에서 상일 인터체인지까지 흐름이 어떻지"
2,"첨부 파일이 든 이메일 몇 통이나 된데"
2,"오늘의 습도 얼마지"
2,"고향 뭐 타고 내려갈 거야"
2,"오늘의 주요 기사는 뭐니"
2,"장소는 어디로 저장되어있니"
2,"어제 회사에 답장 했었는지 확인해줘"
2,"주영이 올시간 됐네 주영이 방 온도가 지금 몇 도야"
2,"가스렌지 불이 다 꺼져있니"
2,"이번주에 있는 일정좀 보여주겠니"
2,"오늘 미세먼지 농도 알려줘"
2,"부엌 가스 꺼져 있니"
2,"화장실 불 꺼져있니"
2,"이번년 수능일정은 언제니"
2,"올림픽 국가대표 축구 감독에 대한 기사를 알려"
2,"오늘 눈이 얼마나 내릴지 알려줘"
2,"유비퀴터스에 관련된 소식을 찾아라"
2,"태풍 진행 방향 좀 알려줘"
2,"내게 쓴 편지함에 아직 안 읽은 메일이 있니"
2,"내일 오후 다섯시에 비가 오는지 알려줘"
2,"배터리가 다 된 등이 있니"
2,"빨래해도 될 날씨인것 같니"
2,"다음주 일정이 어떻게 되는지 알려줘"
2,"언제쯤 서늘한 가을 날씨가 오니"
2,"인도에 황사가 언제 부는지 아니"
2,"고교 동창회가 언제야"
2,"오 팀장 됐어"
2,"음식물쓰레기 얼마나 찼니"
2,"이메일중 청구서 있는 이메일 온거 있으면 알려줘"
2,"언제까지 이렇게 더운지 알려줘"
2,"부엌 가스불 꺼져있는지 확인해줘"
2,"오늘 오후 여섯시 날씨가 어떻게 되니"
2,"베트남 바나힐 일일투어에서 메일왔니"
2,"내가 가스밸브를 잠갔니"
2,"이번주 주말 일본 오사카 날씨 어떤지 검색해줘"
2,"올해 대설주의보 발령이 날 예정이니"
2,"조만간 한번 볼까"
2,"작년에 이베이에서 온 메일 아직 있니"
2,"오늘 몇 시쯤 퇴근할 것 같아"
2,"오늘 날씨 춥니"
2,"여러분은 팔자 주름 이마 주름하면 어떤것이 먼저 떠오르나요"
2,"다음주 강원도 날씨 좀 검색해줘"
2,"전자지도 서비스를 이용할 수 있는지 알려라"
2,"이번주 학교 중요 일정 알려줘"
2,"올해가 윤년이니"
2,"논문 발표일이 언제야"
2,"이번주 토요일 비 안오니"
2,"오늘 석간 신문이 들어 왔나 확인해"
2,"대구 날씨가 덥니"
2,"내일 예상 강수량이 얼마나 되니"
2,"금요일에 어디서 만나기로 했니"
2,"오늘 오존지수 검색해줘"
2,"지난번 교통사고 나신 후에 휴유증은 없으시고요 "
2,"정수기 필터 교체 날짜가 언제지"
2,"내 생일에 친구와 영화 보기로 했니"
2,"내일 불쾌지수가 몇인지 아니"
2,"집에서 머하고 놀아"
2,"목요일에 어디서 만나기로 했니"
2,"거실 불 켜져있어"
2,"내일 비가 그치는지 확인해줘"
2,"내일 아침에 울산에 안개 끼니"
2,"이번주 화요일 예상 날씨가 어떻게 되니"
2,"성경에서 지혜 있는 디지몬은 누구인가"
2,"오늘 습도 알려줘"
2,"무더위가 언제까지 지속되는지 알려줘"
2,"이번주 주일에 무슨 일이 있는지 알려줘"
2,"안녕하세요 근데 누구세요"
2,"케이 원이라는 것에 대한 기사 검색"
2,"오늘 습도가 얼마인지 알려줘"
2,"너 그 선배란 애 그냥 선배 아니지 걔 집안이 어떤 애야 돈 많어 니 아버지처럼 돈 없는 집안 애 아냐"
2,"내일 예상 강수랑 알려줘"
2,"내일 새벽 부산 날씨 알려줘"
2,"어젯밤 온 메일 중 첨부 파일이 든 메일 얼마나 될까"
2,"난방 켜져있는지 확인해봐"
2,"이번달에 온 이메일중 내가 읽지 않은 이메일은 몇개니"
2,"예약에 잡힌시간은 언제야"
2,"참 이번 주 일요일 날 우리 오빠가 술 산다고 하는데 올래"
2,"저번 주 세 시쯤에 나 뭐하고 있었니"
2,"요새는 뭐하고 사는 거야 통 연락도 없고 학교에도 안 보이고"
2,"네이버에서 웹툰 관련된 메일 왔냐"
2,"내일 몇시까지 여유있니"
2,"일본은 지금 몇 시에요"
2,"누구랑 약속이 있지"
2,"개천절날 날씨가 어떻지"
2,"채권가격과 채권 금리가 반비례하는 이유는 뭐야"
2,"내일 폭염주의보 내릴지 확인해"
2,"미세먼지는 언제까지 있니"
2,"이전까지 강릉의 강수량 최고 기록을 검색해볼래"
2,"현관에 온 사람 몇 명이야"
2,"오늘 일교차 심하니"
2,"내일 회의장소까지 가는 제일 빠른 길 알려줘"
2,"구월에 있는 결혼식 장소가 강남이 맞니"
2,"인터넷으로 예금을 가입하면 좋은 점이 뭐야 "
2,"지난 주에 비가 언제언제 왔니"
2,"아이큐랑 공부하는 거랑 상관있나 "
2,"내일 첫 일정이 몇시에 시작되니"
2,"내일 모레 새벽에 일정 있는지 알려줘"
2,"이번 주 치과 예약이 언제인지 알려줘"
2,"김팀장님 휴가는 언제부터 언제까지이니"
2,"다음주 목요일에 제주도 날씨 알려줘"
2,"뭘 가져오신 건데요"
2,"작년 가을 유행에 관련된 기사는 있니"
2,"작년 가을 유행에 관련된 기사는 있니"
2,"해외에 있는 선생님께 잘 지내세요라고 메일 보냈니"
2,"오늘 오후 세 시 온도 검색해"
2,"읽은 메일이 모두 몇 건인지 알려줄 수 있니"
2,"도둑이 제일 좋아하는 아이스크림은"
2,"신체검사할 때 뭐뭐 하는데"
2,"임시저장된 메일 몇 개인지 알려줘"
2,"세스코가 돌아가고 있는지 확인해"
2,"보일러가 켜져있는지 확인해줘"
2,"육월달 휴학 일정 언제인지 알려줘"
2,"서재에 있는 스탠드 켜져있니"
2,"내일 점심 동창모임 취소했었니"
2,"지난주에 종합주가지수가 몇 포인트나 상승됐는지 알아 "
2,"저번달 미세먼지 농도 알려줘"
2,"내일 최고온도 알려줘"
2,"내게쓴메일함중에 베스트라는 제목의 메일이 있니"
2,"이십삼일 업체 미팅 몇시인지 알려줘"
2,"해외 날씨 알려줘"
2,"전세계 도시 중 내년 신정 날씨가 가장 좋은 곳을 알려줘"
2,"부동산과 주식 중에 어느 곳에 투자하면 좋을까"
2,"천연기념물 발견 기사를 찾아"
2,"이번 십일 동안 갈 싱가폴 멕시코 비행기 일정을 알려줘"
2,"어제 학교에서 이메일 몇통 왔니"
2,"바닷물이 짠 이유는"
2,"중요 표시된 메일 있니"
2,"어제 대구 날씨 검색해줘"
2,"천호대교 북단 교통 흐름 알려주련"
2,"무슨 운동을 하기로 되어 있는 날이지"
2,"내일 최고기온 얼마니"
2,"내일 안개 끼는지 검색해줘"
2,"민하의 대학교 졸업식 날짜가 언제였지"
2,"안경이 들어가 있으면 안경집 모래가 들어가 있으면"
2,"이번주 주말에 해야될 일 다 말해줄래"
2,"스탭퍼하면 종아리가 굵어지지 않을까"
2,"기름 경고등 불 켜지고 나서 얼마나 탈수 있지"
2,"벚꽃 개화시기 검색해줘"
2,"오늘 비오는 시간대를 알려줘"
2,"공기청정기 꺼져있니"
2,"우리 회사의 문제점이 뭐라 생각하십니까"
2,"공주까지 시외버스 요금은 얼마야 "
2,"오늘이 무슨 요일이니"
2,"오늘 국내에서 지진이 올 지역을 아니"
2,"오늘 안읽은 메일이 얼마나 있니"
2,"다음주 발리 날씨 어때"
2,"어젯밤 이메일 중 첨부 파일 든 이메일 얼마나 되냐"
2,"다음주 친구 만남 일정이 무슨 요일이니"
2,"가스 벨브 잠궈져 있니"
2,"이번 달의 쇼핑 이메일 전부 삭제할까"
2,"올해 첫 서리 언제인지 보여줘"
2,"다음주 금요일 회의 일정 몇시인지 알려줘"
2,"팀장님 요청 에이 서류 언제까지 해야하니"
2,"씨팀은 누가 나갔어"
2,"교수님한테 온 메일중에 안읽은 메일이 있니"
2,"서면 밀리오레 앞 도로 상황은 어떻지"
2,"가스 벨브 열려있니"
2,"무슨 역이야"
2,"와이티엔 뉴스채널에 있는 뉴스의 종류 알려주련"
2,"체감온도가 몇도인지 알려줘"
2,"이번 학기 축제 공식 휴강일이 언제냐"
2,"다음 치과 예약이 언제로 잡혀있지"
2,"수요일이랑 목요일 중 언제가 좋아"
2,"보스턴까지 왕복표는 얼마에요"
2,"예비군 일정 언제인지 알고 있니"
2,"어제 오후에 회사에 보낸 메일의 발신 여부 좀 확인해줘"
2,"준영아 내 청바지가 넘 불편해서 그런데 나 입을 만한 옷 뭐 없냐"
2,"무료 연주회 메일이 있니"
2,"오늘 미세먼지 어때"
2,"거실에 티비 꺼져있니"
2,"까쓰렌지 밸브가 잠겼는지 확인해다오"
2,"프랑스의 화폐가 뭐니"
2,"다음달 동문회가 언제니"
2,"냉장고 문 잘 닫혔는지 확인해줘"
2,"사울의 아버지 기스가 잃어버린 것은 무엇인가요"
2,"내일 오후 다섯시에 일정 알려줘"
2,"다음 주 수요일에 저장된 일정이 있니"
2,"너 먼저 골라라 를 세 글자로 말하면 무엇인가"
2,"서울대 앞 냉면집 어떻게 가는가"
2,"고속터미널이랑 남부터미널 중에 어디로 가야 돼"
2,"현재 듣고 있는 라디오 채널 이름이 뭐니"
2,"오빠랑 몇시에 약속있니"
2,"휴지통에 메일이 다 지워졌니"
2,"내일 오늘보다 날씨가 맑은지 아니"
2,"내일 일정에 대해 알려주겠니"
2,"내일 오후 약속이 있니"
2,"무슨 일 있어"
2,"이번주 저녁시간 언제 비는지 알려줘"
2,"시골집에 갔다 오려고 하는데 뭐 타고 갈 거니 "
2,"현재 서울 자외선 수치 알려줘"
2,"올 봄에 일교차가 얼마나 되는지 알려줘"
2,"내일 미세먼지 농도가 어떤 지 확인해줘"
2,"오늘 식중독지수 어떤지 찾아줘"
2,"내가 보낸 메일을 민자가 읽었는지 말해줄래"
2,"너 이러고 다니는 거 아빠 아시냐"
2,"내일 낮에 미팅이 잡혔니"
2,"내일 오전중 강수 확률 알려줘"
2,"마지막으로 하고 싶은 말은 무엇인가요"
2,"신입사원 오리엔테이션 날짜 알려줘"
2,"안읽은 메일 몇 개냐"
2,"고구마와 녹차 라떼를 표현하려 했는데 자연스럽나요"
2,"올해 팔월 이십이일 방콕 날씨 아니"
2,"내일 오후 세시에 언니랑 뭐하기로 했는지 알려줘"
2,"이번주 주말 날씨좀 알려줘"
2,"지금이 기회인 거 같은데 전부 사들일까 "
2,"메일 기본 용량이 얼마나 되는지 알려줘"
2,"받은 메일함에서 제목에 장학금이란 단어가 포함된 메일이 있니"
2,"이 지역이 태풍 영향권에 있니"
2,"내일 아침 인천에 안개가 낄까"
2,"어제 온 메일 중에 안 읽은 메일 있니"
2,"내일도 덥니"
2,"척추가 휘어서 허리가 너무 아픈데 요가 할까"
2,"내일 미세먼지 농도가 어떠니"
2,"내일 습도 아니"
2,"외국에서 뜨는 사업이 뭐가 있을까 "
2,"지윤이 학예회 발표일이 언제야"
2,"중요 메일 있는지 확인해줘"
2,"내일 비가 내릴 확률은 얼마야"
2,"내일 새벽에 얼마나 추운지 알려줘"
2,"다음주 오사카 기상예보 아니"
2,"이베이에서 온 메일이 있는지 확인해줘"
2,"이월달 미국 귀국 날짜 언제인지 아니"
2,"현재 한국에 오고 있은 태풍 이름이 뭐니"
2,"수요일에 약속 잡혀있는거 있니"
2,"증권 할 때 주로 어떤 지표나 정보를 눈여겨봐야 하는지 아니"
2,"이번주 화요일 맑니"
2,"이 메일이 누구에게 전송되었는지 확인해 줄 수 있니"
2,"남들 다 파는데 당신만 끼고 있겠다는 이유가 대체 뭐야"
2,"너 누구야"
2,"티비가 꺼져있니"
2,"좀 더 빠르게 습득할 방법이 없을까 "
2,"시간 얼마나 걸리냐"
2,"지금 실내온도가 어떻게 되니"
2,"다음달 구일에 제사 일정 추가되어있니"
2,"보고싶다 친구야 잘 지내지 "
2,"김현철에 대한 기사를 모두 찾아라"
2,"다음주 제일 추운날이 언제인지 확인해주겠니"
2,"안 읽은 메일 있는지 확인 해 줄 수 있니"
2,"송년회가 언제인지 알려줘"
2,"다음주 미세먼지 치수 좀 알려줘"
2,"대학교에서 온 메일 있나 확인해줘"
2,"올해 아빠 생신은 무슨 요일이야"
2,"내일 누구랑 약속인지 알려줘"
2,"반품 관련 이메일 온거 있으면 알려줘"
2,"미국에서 온 이메일중 학교에서 온 이메일 있니"
2,"셰익스피어의 사대 비극이 뭔지 알아 "
2,"이번주 동아리 운영진 회의 언제야"
2,"편지함에 들어있는 총 용량이 얼마나 되는지 알려줘"
2,"대연동 주변 찜질방 어떻게 가니"
2,"수요일에 어디서 밥먹기로 했니"
2,"이런 촌에선 카들 잘 안써서 기계가 영 길이 안들어서 현찰 없어요"
2,"내일 강원도에 눈이 얼마나 내리는지 확인해줘"
2,"내일 오전 강원도 날씨 아니"
2,"아기방 습도 몇 퍼센트니"
2,"할아버지 생신이 언제니"
2,"남산터널이 붐비는지 알고싶어"
2,"박근혜 조카에 대한 기사를 찾아라"
2,"라벨 전부 취소되었니"
2,"오늘 눈 오는지 검색해줘"
2,"이번 주 월요일 수요일 미술수업 일정 몇 시지"
2,"집에서 애완동물 키우니"
2,"이번주 수요일 오후 다섯시에 어디서 커피마시기로 했니"
2,"어젯밤 이메일 중 첨부 파일 든 이메일이 있는가"
2,"이번 주 폭염주의보 내린 날이 언제니"
2,"자외선 지수좀 알려줄래"
2,"지난주 금요일 동창모임 때 간 식당 이름이 뭐니"
2,"바비큐 그릴은 제공되니"
2,"받은 메일함에 지금 메일이 몇 개나 있니"
2,"남자친구와의 백일 기념일이 언제인지 알려줘"
2,"이번주 안에 비가 그치는지 알려줘"
2,"현관문 자물쇠 좀 보여줄래"
2,"영어로 작성된 메일이 오늘 도착했니"
2,"엄마 가방에 있던 돈 돌려줘야 할까 아님 그냥 넘어갈까 "
2,"내일 최고 기온 몇 도니"
2,"오늘 자외선이 얼마나 되니"
2,"지금 냉동 온도 몇 도야"
2,"오늘 습도 아니"
2,"서울 주간 날씨 아니"
2,"유가 증산 관련 기사를 보이렴"
2,"티비 채언니는 유학 갔다가 언제 와"
2,"이번주중 미세먼지 농도 좋은인 날 알려줘"
2,"창가 쪽 좌석을 원하십니까 복도 쪽 좌석을 원하십니까"
2,"치과 예약일이 몇 월이지"
2,"내일 친구랑 보기로한 영화가 뭔지 알려줘"
2,"아테네 올림픽 금메달리스트에 관한 기사를 보여다오"
2,"작년 칠월 폭염주의보 횟수 알려줘"
2,"일주일 전 중요메일함은 다 비웠니"
2,"부산 세미나 일정이 내일이니"
2,"누나의 개학은 언제야"
2,"보낸 메일함 다 비웠는지 확인해줘"
2,"주말 운동 일정 매주 반복 처리 되었니 "
2,"구월달에 학회 일정이 있니"
2,"거실 불은 지금 켜져 있니"
2,"계좌이체 해줄까 아님 현금으로 줄까"
2,"이번달에 학교행사 있니"
2,"폭염주의보는 언제 끝나니"
2,"오전에 회사에서 온 메일이 있는지 확인해줘"
2,"오늘 온 메일 수신자 알려줘"
2,"회사 여름휴가가 언제까지였지"
2,"오늘 오후 몇시에 축구보기 일정이니"
2,"보일러 온도가 몇도로 맞춰줘 있는지 알려줘"
2,"호텔 예약일이 언제니"
2,"내일 경포도 앞바다 파도의 높이가 얼마나 될까"
2,"오늘 오후 세시에도 미세먼지 농도 높은지 알려줘"
2,"구월 육일 이정현에게서 온 이메일 스팸메일함에 있니"
2,"필리핀 여인과 결혼에 대한 기사를 찾아라"
2,"어제 보낸 메일 중 수신 확인 안 된 메일은 얼마나 되나"
2,"손님 누구니"
2,"은행에서 온 메일 있니"
2,"동기 모임 장소가 술집이야"
2,"현재 미세먼지 농도 위험수준 알려줘"
2,"언제 먹을 거야"
2,"장마가 언제까지니"
2,"봄에 왜 코스코스가 피는 거야 "
2,"이번주 미세먼지 지수 좋은인 날 언제니"
2,"이 메일에 답장 보냈니"
2,"수강신청 정정 기간을 알려줘"
2,"오늘 오후 한시에 온 메일이 있니"
2,"내일 축구경기 할때 비오니"
2,"오늘 메일 몇 개 왔니"
2,"내가 보낸 메일 수신했는지 확인해줄래"
2,"스탠드가 켜져있니"
2,"주말에 일정 없어"
2,"소통이 원활한 구간은 어디니"
2,"오늘 친구들 모임까지 몇 시간 남았니"
2,"내일 오후에 눈 오는지 알려줘"
2,"부장님에게 온 메일 있니"
2,"작은 방에 선풍기 켜져 있니"
2,"이번주 목요일 비 오니"
2,"내일 오전 일정이 어떻게 되니"
2,"전문가들은 왜 안 사나요"
2,"씨뿌리는 비유에서 말씀은 무엇을 뿌리는 것인가요"
2,"일요일 기온이 삼십도 이상이니"
2,"지난달 초에 학교에서 온 메일 있니"
2,"건강 보험 적자에 대한 기사를 찾아"
2,"학교에서 내 메일에 대한 답변이 왔니"
2,"시흥에서 대부도 쪽으로 어떻게 빠지는지 혹시 아냐 "
2,"청담대교 부근에 돌발 상황이 있니"
2,"내일 최저기온이 어떻게 되니"
2,"아빠 음력 생일이 정확히 언젠지 알 수 있을까"
2,"우리 학교의 건학이념을 알고 있나요"
2,"오늘 학교에서 온 메일이 있니"
2,"올해 첫눈 일정 알려줘"
2,"이번학기 종강이 언제니"
2,"컴퓨터가 켜져있니"
2,"이번 태풍 경로를 알려줘"
2,"오늘의 운세를 찾아라"
2,"고난당하는 사람에게 희망을 주는 소리는"
2,"이번 달 쉬는 날 알려줘 "
2,"판테온 포함인가요"
2,"블루투스 스피커 전원 꺼져있는지 확인해줘"
2,"작년 이맘때 날씨 알려줘"
2,"이번주 회의가 몇시에 있니"
2,"지금까지 비가 얼마나 내렸니"
2,"어젯밤 누구에게서 이메일이 왔지"
2,"다음주 목요일에 최고기온 알려줘"
2,"두편이 서로 게임을 하거나 싸울 때 자기네 쪽의 반대편을 두 글자로 말하면 무엇인가"
2,"이 편지는 저한테 온 건가요"
2,"이번 한달 간 온 이메일중 디오씨파일이 포함된 이메일이 있니"
2,"보일러 온도 얼마정도 되니"
2,"가장 많이 연락한 사람 찾아줘 "
2,"스쿼시랑 라켓볼이랑 어느 쪽이 더 어렵니"
2,"증권 시장에서 장외 시장이란 게 뭔 줄 아니"
2,"이번주 미세먼지 나쁜날 언제인지 알려줘"
2,"박찬호의 최근 성적 관련 기사 찾아주렴"
2,"선물 옵션이 뭐를 말하는 건지 잘 모르겠어"
2,"이번주 주말 일본 오사카 날씨 어때"
2,"이번 주 공기 나쁜 날 알려줘"
2,"중요 표시된 편지 있니"
2,"싱가폴 출장 일정이 어떻지"
2,"유월에 온 메일 모두 지웠니"
2,"시청 로타리 상황을 보여주렴"
2,"올 크리스마스에 눈이 올까"
2,"일요일에도 케리비안베이 근처에 비가 오는지 찾아내란 말이야"
2,"이학기 개강 일정이 언제인지 알려줘"
2,"내게 쓴 메일함에 메일이 몇 개가 있니"
2,"냉동실 온도가 지금 어떻게 되니"
2,"음악이 꺼졌네 왜 음악이 꺼졌지"
2,"아시아 청소년 축구 관련 기사를 찾아볼래"
2,"이번주 토요일에 누구랑 약속있니"
2,"다음달에 시험 일정 언제있는지 알려줘"
2,"지금 티비 채널이 어떻게 돼"
2,"이번주 회사에서 온 메일 개수가 총 몇 개니"
2,"휴지통에 있는 메일 몇 개야"
2,"이번주중 최고온도가 삼십도 이상인날 있니"
2,"이번 주의 초미세먼지 수치를 알려줘"
2,"오늘의 자외선 지수를 알려줘"
2,"오늘 티비에 재밌는 영화 안하니"
2,"학교 메일 주소가 뭐야"
2,"현재 가장 인기 있는 드라마가 뭐야"
2,"이번주 일요일 날씨 알려줘"
2,"오늘 스팸 메일은 몇 통이지"
2,"내일 비가 오는지 알려줘"
2,"오늘 몇시에 일정이 끝나지"
2,"오늘 비 올 확률 알려줘"
2,"월요일에 비가 왔는 지 알려줘"
2,"미세먼지농도는 언제쯤 매우좋음으로 바뀌니"
2,"제주시 오늘 최저 기온 말해봐"
2,"세탁기 몇 분 남았는지 알려줘"
2,"어젯밤은 새 이메일이 한 통도 없었나"
2,"오늘 동경의 날씨가 어떨까"
2,"이번달 전력소비량 확인해줘"
2,"내일 있을 삼성코엑스의 일정을 아니"
2,"버스체계 개편이 교통사고 예방에 도움이 될까 "
2,"회사 메일 주소가 뭐니"
2,"비가 언제쯤 그치니"
2,"다음달 휴가 언제인지 알려줄래"
2,"화장품 관련 메일이 왔니"
2,"내일 아침 서울 날씨를 알려줘"
2,"금강산 야생꽃에 대한 기사를 찾아라"
2,"이번 올리픽 순위에 관한 소식을 찾아줄래"
2,"내일 영동 날씨 좀 알려줘"
2,"최근 일 년 동안 주식 동향을 알아볼 만한 사이트 아니"
2,"카페에서 온 지운 메일 복구했니"
2,"지금 강남대로 막히나"
2,"다음 달 날씨는 어떨까"
2,"작년 결혼 기념일에 예약했던 레스토랑이 어디였는지 알려줘"
2,"오늘 상담이 몇 시부터 있니"
2,"베란다 조명 켜져있니"
2,"어제 부산 자외선 수치 좀 알려줄래"
2,"오늘의 주가는 어떻게 되니"
2,"내가 승호 생일을 입력했나"
2,"더위 먹었다며 괜찮은 거야"
2,"내일 아침 몇시에 일어나야되는지 알려줘"
2,"내일이 로또방송 하는 날인가"
2,"남은 메일 저장 용량 좀 알려줘"
2,"이번주 수요일 예상 습도 알려줘"
2,"쇼핑몰에서 온 메일이 있니"
2,"보낸 메일함에 메일 총 몇 개 있니"
2,"학생에게서 온 메일에 답장했니"
2,"금요일 오후에 무슨 일정이 있니"
2,"가까운 때에 비가 언제 오는지 알려줘"
2,"그럼 이박삼일 갔다가 이박삼일 쉬는 거니"
2,"망년회 날짜가 언제니"
2,"내일 오후에 나갈 일이 있니"
2,"올림픽 현재 우리나라 메달 순위 관련 기사 찾아다오"
2,"김치냉장고 무슨 모드로 되어있니"
2,"그저께 일정 확인해줘"
2,"오늘 습도 좀 알려줄 수 있니"
2,"내일 바르셀로나 날씨 검색해줘"
2,"가스레인지에 불 다 꺼져 있는지 확인해주겠니"
2,"내일 오전 일정이 어떻게 되는지 알려줘"
2,"다음주에 눈이 오는지 확인해알려주겠니"
2,"내일의 자외선 지수는 얼마나 되지"
2,"집 온도 이십삼도로 맞춰놨니"
2,"해운대 달맞이 고개에 있는 레스토랑은"
2,"저번 달에 등록한 해커스 학원의 학비를 알려줘"
2,"준비시켜야지 야 너 어디야 나 스케줄표 못받았는데 그거 팀 카페에 올려놨니 "
2,"보험사에서 메일이 언제왔지"
2,"내일 학교 언제 끝나니"
2,"칠월 이십일 스케줄이 있니"
2,"수수료 집계 언제까지 해야하니"
2,"이번 주 전국 해상의 날씨를 알려라"
2,"다음주 외국 바이어 미팅 날이 언제인지 아니"
2,"이십육일에 부산 여행 일정 취소했니"
2,"십일월 초 기상전망 알려주겠니"
2,"이번달 인터넷사용량 지금까지 얼마나되니"
2,"모레 스터디 장소가 어디니"
2,"어제 오후 네시에 도착한 메일의 발신인이 누구니"
2,"이번주 금요일 면접 시간이 몇시니"
2,"무선청소기 충전이 얼마나 되었니"
2,"당신의 안부가 정말로 궁금합니다"
2,"현관등 조명 켜져있는지 확인해"
2,"경인 고속도로는 원활한지 보여다오"
2,"주말 날씨 어때"
2,"작성하던 이메일이 어느정도 지워진거니"
2,"이번주 점심약속 언제언제 있는지 알려줘"
2,"근데 괜찮겠어"
2,"세 시부터 네 시 사이에 비가 오는 지 알려줘"
2,"지금 에어컨 운전 모드 확인 해줄수 있니"
2,"내일 습도는 얼마나 높니"
2,"너 오늘 내 친구들이랑 두 시에 점심 약속 있어"
2,"외출할 때 마스크를 써야 할까"
2,"내 휴가 일정에 맞게 갈만한 여행지가 어디지"
2,"전체 메일 선택해서 모두 삭제 되었니"
2,"내년 구정연휴가 며칠이나 된데"
2,"부산 시내 정체구간은 어디래"
2,"이번주 화요일 안동 날씨 아니"
2,"주간 날씨 검색해줄래"
2,"오늘 비가 몇시부터 몇시까지 내리니"
2,"이번주 폭염주의보가 있는지 확인해줘"
2,"오늘 저녁에 비 얼마나 내리는지 예상 강수량 좀 알려줘"
2,"교수님에게 온 메일 있니 "
2,"오늘 오후 해운대의 기온이 얼마인지 알려줘"
2,"오늘 불쾌지수 알려줘"
2,"오늘 오전에 서울에 우박이 내린지 알아봐라"
2,"남산동 진입 구간 흐름은 어때"
2,"오늘의 포인트 동향은 좀 어떤 것 같아 "
2,"다음주 가평 최고 기온이 어떤지 아니"
2,"사월 일정이 어떻게 되는지 알려줘"
2,"보내요 마요"
2,"중요한 메일 삭제했는지 알려줄수 있니"
2,"지난주에 회사에서 온 메일이 몇 개니"
2,"선풍기 언제부터 쓰고 있니"
2,"이 메일 참조인에 교수님이 있니"
2,"언제 눈이 그칠지 알려줘"
2,"내일 눈 얼만큼 와"
2,"내일 동창 모임이 몇 시지"
2,"이번주에 비소식 있는지 알아봐라"
2,"태풍 이동경로가 어떻게 되는지 검색해줘"
2,"수아한테 연락 안 왔니"
2,"갑자기 왜 유학을 보내려고 "
2,"오늘 황사인지 확인해줘"
2,"내일 바람 많이 부니"
2,"대명리조트에서 메일이 왔니"
2,"내일 이십시 관악구 날씨는 어때"
2,"빨래가 다 끝났니"
2,"메일 용량이 얼마나 남았니"
2,"내일 오전에 비소식 있는지 검색해줘"
2,"내일 일본에 비가 오니"
2,"부산시 진입로의 정체구간 어디지"
2,"어떤 예금으로 해야 좋을까요 "
2,"오늘의 습도 얼마지"
2,"회사에서 온 메일 차단했니"
2,"프로농구 시범 경기 관련 기사 찾아다오"
2,"일요일에 저녁약속 장소 어디인지 알려줘"
2,"데스크탑 컴퓨터 켜져 있니"
2,"다음달 헬스 무슨요일이니"
2,"해외 출장일이 언제였는지 확인해줘"
2,"현재 우리집 전력 사용량 얼마니"
2,"이번주에 오전에 있는 일정 알려줘"
2,"오늘 미세먼지 어떤지 알려줘"
2,"단양 인터체인지에서 북안동 인터체인지까지 흐름은 좋은가"
2,"어제 도착한 메일은 모두 지웠니"
2,"야 여기서 안양 가려면 몇 번 버스 타야 돼"
2,"오늘의 날씨를 시간별로 알려줘"
2,"이번달 목표독서량 얼마나 남았니"
2,"이 메일 읽음 표시 되어 있니"
2,"무지개 그 쪽 동네에도 떴니 너무 예쁘다"
2,"내가 자동차 엔진오일 넣은 날은 언제지"
2,"올 겨울 첫눈은 언제 올까"
2,"이번달에 나 운동 몇시간 했니"
2,"오늘 밤 열대야인지 알려줘"
2,"오늘 밤 내내 눈이 내리니"
2,"부장님으로부터 온 메일이 있는지 확인해"
2,"오늘 일교차 어떠니"
2,"서울에 언제 도착해"
2,"달에도 가는데 에이즈 치료제는 왜 아직 개발이 안될까 "
2,"지금 서울에 폭염 경보가 내려졌니"
2,"아픈 데는 없이 잘 크고 있죠"
2,"동작대교 북단 상습 정체구간이니"
2,"오늘 생활한자 뭐지"
2,"소화제 있어 엄마네서 먹은 밥이 체한 거 같애  "
2,"오늘 미팅 몇시부터인지 알려줘"
2,"오늘 본 여잔 어땠어 "
2,"어제 교회엔 잘 다녀왔나"
2,"다음 주 계모임 장소는 어디지"
2,"동생 메일 주소 알려줘"
2,"생활 쓰레기 수거일은"
2,"너 나의 외식 사업에 투자할 생각은 없어 "
2,"거래처 부장하고 몇 시에 만나기로 되어있냐"
2,"보일러 온도 좀 확인해줘"
2,"내일 눈이 오는지 알려줘"
2,"오늘 아침에 메일 왔니"
2,"문이 잠겨있니"
2,"캐나다 토론토 지금 날씨 어때"
2,"주요 도시의 강수 분포도는 얼마일까"
2,"남편 서울 출장가는 날이 언제지"
2,"내일 뉴욕 날씨 검색해줘"
2,"혹시 이분요"
2,"오늘 새 편지 중 아이디 피그바라가 보낸 메일이 몇 통이지"
2,"오늘 밤사이에 눈 얼마나 오는지 아니"
2,"자기앞 수표 발행 자격이 어떻게 돼요"
2,"아침에 눈이 얼마큼 내리니"
2,"내일 새벽 북한산 날씨 어떤지 검색 좀 해줘"
2,"우편함이 비어있니"
2,"아령 몇 키로가 적당한 거니"
2,"내일 회의 몇 시에 시작하니"
2,"오늘 오전 아홉시에 온 메일이 있니"
2,"방금 추가했던 약속이 뭐였니"
2,"바람이 가장 많이 부는 지역 검색해줘"
2,"내일 스케줄 중에 이키로미터보다 더 먼 곳에 있는 장소가 있는지 알려줘"
2,"오늘의 유머를 보여줄래"
2,"오늘 강릉 최고기온이 몇 도인지 알려줘"
2,"현재 강수량이 얼마나 되니"
2,"내일 경주 날씨 좀 검색해줘"
2,"천성산 늪에 갈려면 어떻게 가야되"
2,"혹시 지금 집에 누구 있니"
2,"오늘 기온 알려줘"
2,"포항 날씨 알려줘"
2,"오늘 관악구 날씨 알려줘"
2,"최저온도가 몇도인지 아니"
2,"주가가 많이 빠졌다는데 너는 어떠니 "
2,"내년 유월 삼십일은 무슨 요일이야"
2,"이번 주 가장 추운 날 알려줘"
2,"가장 많이 메일 온 주소 알려줘"
2,"다음주 씨지브이 영화가 무슨요일이야"
2,"포항 여진 세기 좀 알려줄래"
2,"내일은 누구랑 약속이지"
2,"내일 출장가는거 어떻게 가면 되는지 알려줘"
2,"오늘 학교에서 메일 온 것 있니"
2,"불필요한 메일들 지웠는지 확인해줘"
2,"지금이 팔 시기일까 살 시기일까"
2,"유통기한이 얼마 안 남은 음식이 무엇인지 알려줘"
2,"단체메일 중요표시했니"
2,"조간 신문 왔는지 화면을 좀 보여"
2,"싱가폴 출장 일정이 어떻지"
2,"다음주 일기예보 좀 찾아봐"
2,"정말 보고 싶을까"
2,"정수기 물이 시원하니"
2,"오늘 비 오니"
2,"내일 한시에 친구와 어지에서 만나기로 했니"
2,"컴퓨터 수리 일정 언제니"
2,"병원 예약 시간이 언제니"
2,"개인 계좌조회를 할수 있나요 "
2,"이번 주에 비가 오니"
2,"보통주와 우선주는 뭐가 다른 거지 "
2,"동서대 근처 내과는 어떻게 갈까"
2,"집에 불 켜져있는 곳이 있는지 확인해"
2,"이메일 중 파일첨부 된것중 확장자가 피피티엑스 있는게 있으면 알려줘"
2,"잘못발송된 메일이 있니"
2,"인턴 단어가 들어간 메일이 왔니"
2,"오늘 아침 대구에 안개가 얼마나 끼니"
2,"삼일전 서울 두시 기온이 얼마였는지 알려주라"
2,"영어 과제 제출기한 좀 알려줘"
2,"오늘 전국 한낮의 체감온도는 얼마나 된데"
2,"내일 가기로 한 음악페스티벌이 어디서 하는지 아니"
2,"헬스를 할까 아님 수영을 할까"
2,"다음달 해외스케쥴이 있니"
2,"오늘 일정이 어떻게 되니"
2,"세탁기 지금 작동 시킬수 있니"
2,"내일이 오늘보다 추운지 알아봐줘"
2,"택배 회사에서 온 메일이 있니"
2,"오늘 받은 메일이 몇 통 이니"
2,"오늘 잡힌 스케줄이 있니"
2,"내일 오후에 나 비는 시간이 언제인지 알려줘"
2,"오늘 오전에 회사에 보낸 메일의 발신 여부 좀 확인해줘"
2,"오늘 서울 지역 구름 양은 얼마야"
2,"오늘 뭐했는지 알려줘"
2,"가스 불이 꺼져 있는지 확인해줄 수 있겠니"
2,"받은 메일함에 일 년 지난 메일이 얼마나 있니"
2,"영어시험은 선생님따라 문제 다른 거 아니지"
2,"어제 기온이 예년보다 높아"
2,"영화보러 가기로 한 약속이 언제였지"
2,"압살롬은 누구의 복수를 해 주기 위해 암몬을 죽였나요"
2,"방금 온 메일 누구한테서 왔는지 확인해줘"
2,"서울대 인근 당구장 어딘데"
2,"부산까지 요금은 얼마니"
2,"언제쯤 날씨가 풀릴지 알려주겠니"
2,"일본은 지금 몇 시에요"
2,"여자친구와 내일 무엇을 하기로 했는지 알려줘"
2,"크리스마스에 눈이 오는지 알아봐줘"
2,"이번주 평균 온도좀 알려줘"
2,"스탠드 배터리가 다 되었니"
2,"내일 하늘 맑니"
2,"내일 회의시간 알려줘"
2,"내일 오전 약속 목록을 알려줘"
2,"종로랑 신천 중 어디 갈까"
2,"다음달 십사일 스케쥴 알려줘"
2,"서면 밀리오레 근처 유명한 닭 집은 어떻게 가니"
2,"네임택 사인을 어떻게 넣는지 알려줘"
2,"올해 한국어 정보처리 학회가 언제쯤 시작인데"
2,"오늘 바람이 어디 쪽에서 부니"
2,"울산 무거동에 가면 우리은행이 있나"
2,"이번주 주말에 해운대에 비가 오는지 알려줘"
2,"연세대 부근 맥주집"
2,"작년 발렌타이 데이 때 메일 온 거 있었나"
2,"다음주 오사카 기상예보 알려줘"
2,"저작권관련 메일이 왔니 "
2,"오늘 오후에 날씨 흐린지 알려줘"
2,"부엌에 불 켜져있는지 확인해줘"
2,"태풍 암필에 대한 정보를 아니"
2,"바로 답장해야하는 메일이 있니"
2,"성함과 방 번호가 어떻게 되시나요"
2,"이번 추석 날이 무슨 요일이야"
2,"오늘 밤 축구 모임 언제인지 알려줘"
2,"오늘 소나기가 내리니"
2,"내일 여자친구 몇시에 만나는지 알려줘"
2,"삼월 일정이 어떻게 되는지 알려줘"
2,"지금 에어컨 틀어져 있니"
2,"자기앞 수표랑 가계 수표가 어떻게 다른 거예요"
2,"다음주 목요일에 소나기가 언제 오니"
2,"한시간 뒤에 비오는지 알려줘"
2,"독일의 맥주축제 기간은 언제냐"
2,"버스가 빠를까 지하철이 빠를까"
2,"너 적금통장 가지고 있어"
2,"오늘 저녁에 소나기 오니"
2,"이번주 토요일에 대구 날씨 좀 검색해줘"
2,"이 번호로도 있나요"
2,"서초 일동에 있는 호프집은 어떻게 가는가"
2,"오늘 부산에 비 언제까지 내리니"
2,"부산 미세먼지 어떠니"
2,"어딨지"
2,"난방이 켜져있니"
2,"친구들에게 받은 메일 얼마나 있는지 확인해"
2,"다음주 월요일 일정 알려줘"
2,"오늘 바람 많이 부는 지 알려줘"
2,"병원 예약 몇 시 였지"
2,"오늘 오후에 제주도에 눈 주의보 떴니"
2,"결혼기념일은 무슨 요일이니"
2,"목요일에 온 메일 확인 했니"
2,"가스밸브 잠가져 있니"
2,"받은메일함에 읽지 않은 메일이 얼마나 있니"
2,"학교에서 새로 온 메일이 있는지 확인해줘"
2,"오늘 오후 일정이 어떻게 되니"
2,"온수를 틀었니"
2,"오늘 서울에 호우주의보 있는지 알려줘"
2,"입학 후 학업계획은 어떤가요"
2,"오늘 초인종이 몇 시에 울렸니"
2,"이번주 일요일 오후 여덟시에 어디서 밥먹기로 했니"
2,"그제 저녁 비왔는지 확인하고 시간당 강수량 알려줘"
2,"예약메일 발송 여부를 확인해라"
2,"모레 엄마랑 만나기로 한 빵집이 어디인지 아니"
2,"샤라포바의 방한 관련 기사 찾아"
2,"환전 수수료는 얼마나 붙을까 "
2,"다다음주 오사카 오후 날씨 알려줘"
2,"오늘 불쾌지수 높니"
2,"내일 전국 날씨 좀 알려줄 수 있니"
2,"다름달에 등산일정이 언제니"
2,"함박눈 몇일에 내리는지 알려줘"
2,"다음주 금요일에 스케줄이 있니"
2,"어제는 왜 그렇게 일찍 들어갔어 "
2,"이번주 대방동 단기예보를 알려줘"
2,"내일 오후 수업을 어디에서 하는지 아니"
2,"이번달 대학 동창모임 날짜가 잡혔니"
2,"이남자가 사는법 란을 보여라"
2,"업무 규정은 숙지하고 있는 거야  "
2,"오늘 온 쪽지가 얼마나 있니"
2,"오늘 습도 알려줘"
2,"신용카드 부가적 혜택은 살펴봤어 "
2,"오늘 비 언제 오기 시작하는지 아니"
2,"오늘 사진파일 첨부된 메일 있는지 확인해줘"
2,"주방 불이 꺼져 있니"
2,"뼈를 깍는 고통을 최초로 느낀 사람은"
2,"다음달 초등학교 동창모임 언제니"
2,"김선일 참수 관련 기사 찾아라"
2,"내일 오전일정 알려주겠니"
2,"인터넷 증권회사가 있던데 뭐가 좋을까"
2,"내일 저녁 여덟시에 미세먼지농도 부탁해"
2,"제목에 중요라고 되어 있는 이메일이 있니"
2,"이번주 금요일 일정 알려주세요"
2,"오늘 가루눈이 날리는지 알려줘"
2,"세탁기 모드가 표준 모드로 맞춰져 있니"
2,"거실의 온도만 낮출수 있어"
2,"담주에 면접날 언제 인지 알려줄 수 있니"
2,"월요일 날씨 알려주겠니"
2,"거실 온도 몇도니"
2,"수도권 최고 비 예보 알려주겠니"
2,"네가 말한 물품이 없는데 그거 꼭 가지고 가야 해 "
2,"이번 달 치과 수술일정일을 알려줘"
2,"오늘 축구 경기가 몇 시에 있니"
2,"오늘 미세먼제 걱정 해야하니"
2,"부장님에게 메일 온 거 있니"
2,"안개 언제 걷히니"
2,"다음 주에 여자친구 생일이니"
2,"내일 오후 두시에 비 오는 지 알려줘"
2,"오늘 오후에 일정 있니"
2,"막내는 며칠에 출장에서 돌아오는지 검색해"
2,"민호 둘째 조카 돌잔치가 언제지"
2,"거래처 수신확인 체크해줘"
2,"달러 환율이 낮아지면 해외송금 할 때 유리한가"
2,"이번주에 갑자기 추워지는 날을 알려줘"
2,"새 메일 중 정보라는 단어가 든 이메일 얼마나되"
2,"천국과 지옥을 가는 사람은"
2,"몇시면 오늘 일정이 다 끝나지"
2,"내일 아침 날씨 알려줘"
2,"오늘 놀러갈 만한 날씨인지 말해줘"
2,"휴지통에 편지 개수를 알려줄래"
2,"주방에 불 켜져 있니"
2,"김 대리 메일 주소 알려줘"
2,"지금 실내 온도 확인해 봐"
2,"읽지 않은 메일  삭제했는데 복구 했니"
2,"어제 밤 사이에 회사에서 온 메일이 있니"
2,"올해 첫눈이 언제왔니"
2,"교수님에게 온 메일 있니"
2,"오늘의 일산화탄소 수치를 알려줄래"
2,"어제까지 보낸 메일 수신 확인해줘"
2,"오늘 집에 부재중 전화 온거 있으면 알려줘"
2,"안방 팬이 꺼져있니"
2,"가습기 껐는지 확인해줘"
2,"이번주 토요일 가평에 비오는지 확인해"
2,"여기는 날씨가 많이 추워 거기는"
2,"재계약 메일 왔니"
2,"열여섯살 때 왕이 된 웃시야 곁에 어떤 선지자가 있었나요"
2,"너 요가 해서 효과 좀 봤냐 "
2,"거실 에어컨 꺼져있니"
2,"지금 경부 고속도로는 어떻지"
2,"이케아에서 온 이메일 모두 휴지통으로 옮겨져 있니"
2,"유명한 찜닭 전문점이 강동구에서 어디에 있지"
2,"오늘 불쾌지수 알려줘"
2,"올해 첫눈이 언제올지 알고있니"
2,"육군 내 자살 사건에 관한 기사를 찾아라"
2,"금요일 오후 다섯시에 병원 일정이 있니"
2,"지금 가습기가 돌아가고 있니"
2,"레저스포츠 관련 용품은 어디서 살 수 있는 거야 "
2,"여로보암이 우상 숭배함으로 인해 죽은 아들 이름은"
2,"휴대폰 통신사에서 메일이 온지 봐줘"
2,"에어컨이 틀어져 있니"
2,"다음 주 평균 기온 좀 알려줘"
2,"차단한 메일 주소 중에 내가 답장한 주소 있는지 확인해줘"
2,"오늘 밤에 열대야가 있니"
2,"아테네 장애인 올림픽 개막일 관련 기사 검색"
2,"에어컨지 꺼져있는지 확인해라"
2,"폭염소식 있니"
2,"오늘 메일이 몇 통이나 왔니"
2,"사원 출입 카드 재발급 하려면 어떻게 해야 되죠"
2,"소림사에 인접한 절이 어디니"
2,"내가 구매한 게임 디스크에 스크래치 나는걸 싫어 하시나요"
2,"올해 휴일이 언젠지 알려줘"
2,"현금카드 재발급 수수료 비싸냐"
2,"밤 사이에 얼마나 눈이 많이 왔는지 검색해줘"
2,"이건 어디 제품이죠"
2,"오늘 오전에 일정 있니"
2,"주식 매수 선택권의 부여 방법은 뭐야"
2,"어딘데요"
2,"내일 구미의 자외선 치수는 몇이니"
2,"지금 안개가 얼마나 꼈는지 알려주라"
2,"지금 켜져 있는 선풍기나 에어컨 있니"
2,"보고서 제출 기한이 언제 까지니"
2,"커튼 쳐져 있는지 확인해줄 수 있니"
2,"국민카드에서 이번달 명세서 메일 왔니"
2,"우리 빼빼로데이에 만나서 놀까 "
2,"오늘 오존 수치를 알려줘"
2,"고려대 앞 대형 서점은 어떻게 간데"
2,"이번 태풍 경로가 어떤지 봐줘"
2,"옵션 가격 결정요인이 뭐니"
2,"이번주 전국 날씨 검색해줘"
2,"오늘 하루 스케쥴이 어떻게 되는지 알려줘"
2,"이 열차는 침대차 있나요"
2,"언어교육원으로 부터 저번주에 메일 왔니"
2,"내일 오후에 피아노 연습 몇시인지 아니"
2,"가장 창피했던 순간은 언제였나요"
2,"동서대 주변에 파마 제일 잘하는 미용실은 어떻게 가냐"
2,"오늘 외근 몇 시부터 있니"
2,"안 막히는 구간이 있는가 보여주렴"
2,"오늘 청주지역의 구름양이 어떻게 되지"
2,"생리 예상 날짜를 알려줘"
2,"남산 삼 호 터널은 원활하니"
2,"오늘 놀러가려는데 왕십리 날씨 괜찮은지 찾아줘"
2,"이번주에 눈이 오는확률확인해알려주겠니"
2,"현관 불이 꺼져있는지 확인해라"
2,"이번 주에 태풍이 오니"
2,"강남에서 보는 약속이 뭐였는지 알려줘"
2,"다음달에 해외 나가는 일정 다 알려줘"
2,"캐리비안베이 입장권이 얼마지"
2,"이번주에 폭염특보가 언제인지 알려줘"
2,"내일 동해에서 해 뜰 때 맑은지 알려줘"
2,"미리 다 아는 여자는"
2,"방학기간이 얼마나 되지"
2,"어제 회사에서 온 메일있니"
2,"바깥은 많이 더워"
2,"허리케인 카트리나에 대한 소식을 보여라"
2,"현관문 열려 있니"
2,"청구서가 포함되어 있는 이메일 온게 있니"
2,"백일이 며칠인지좀 알려줘"
2,"내년 일월 중 온도가 높은 날들을 알려줄래"
2,"오늘 경주의 미세먼지량 좀 알려줘"
2,"오늘은 어제보다 춥니"
2,"이번주 전국 날씨 알려줘"
2,"오늘의 종목별 경기결과 어떨지"
2,"스팸 편지함에 새로 온 메일이 있니"
2,"이번 주 방송일정을 모두 말해"
2,"수요일 인천 날씨 좀 검색해줘"
2,"안방 티비 꺼져 있니"
2,"오늘 토론토 날씨를 알려줘"
2,"가장 오래된 메일 지웠니"
2,"보관함에 이베이에서 온 메일이 얼마나 있니"
2,"다음 주 수요일 내 일정이 어떻게 되지"
2,"다음주에 비가 오는지 확인해알려주겠니"
2,"면접 결과라고 내용에 포함된 메일 왔냐"
2,"지금 껏 메일을 백 통 넘게 보낸 발신자 메일주소 알려줄 수 있니"
2,"오늘 선생님께 메일 왔니"
2,"부산대 부근 피자헛 매장은 어디"
2,"메일 주소별로 몇 통의 메일이 왔니"
2,"내일 오전 많이 덥니"
2,"바지 끝이 짧은 사람은 어떻게 해야 하나"
2,"내일 비가 올 확률을 말해줄래"
2,"생일파티를 할 장소가 어디지"
2,"비 몇시까지 오는 지 알려줘"
2,"흡연에 관련된 건강기사를 찾아라"
2,"회사 위치가 어디야 너 일하는 모습 좀 보게"
2,"오늘 저녁에 우산이 필요할까"
2,"내일 오전에 미팅시간 알려주겠니"
2,"내일 아침에 우산 필요하니"
2,"소이 방 컴퓨터 화면 보여주렴"
2,"지금 비가 가장 많이 오는 지역 알려줘"
2,"다음 주 수요일 많이 더울까"
2,"하나님께서 무지개를 통해 무엇을 하지 않겠노라고 약속하셨나요"
2,"오늘 메일 중 회사에서 온 메일 있니"
2,"그 곳은 왜 버스로는 갈 수 없는 걸까 "
2,"참 근데 나머지 대본 두 개는 언제 나와요 혹시 벌써 다 써놓은 건 아니겠죠"
2,"신용카드 재발급 신청 했니"
2,"오늘 저녁은 누구와 약속이 있는지 봐줘"
2,"해 뜨는 시간 알려줘"
2,"내일 낮에 서울 폭염이니"
2,"다음주 목요일 새벽 다섯시 날씨 아니"
2,"메일에 있는 첨부파일명 알려줘"
2,"오늘 체감온도 몇 도야"
2,"학교에서 메일이 왔니"
2,"이번주에 눈이 오는 날이 있니"
2,"오늘 오후에 시간당 강수량이 얼마나 되니"
2,"집에 너 혼자 있어"
2,"버티고개 교통상황은 어떤지 보여주라"
2,"이번 주 월요일 회의 장소가 어디니"
2,"오늘 내린 비의 강수량 좀 알려줘"
2,"오늘 서대문구랑 강동구 날씨 어때"
2,"스케줄에서 기념일 확인하고 일주년 때 날씨 확인해줘"
2,"저번주 금요일에 나 어디다녀왔더라"
2,"대문이 잠겨 있니"
2,"가스레인지 올려 둔 찌개 끓었어"
2,"열대야가 언제까지 계속되는지 알려줘"
2,"서울 구리 간 국도 상황이 어떻지"
2,"오늘 해 지는 시간 알려줘"
2,"이번주 장마는 언제부터 시작되는지 알려줘"
2,"오늘 오전일정 알려줘"
2,"오늘 우산 챙겨야 하는지 알려줘"
2,"버스와 지하철 중에서 뭘 이용할 거니 "
2,"오늘 대설주의보 발령된 지역 검색해줘"
2,"친구한테서 온 메일의 수신여부 좀 확인해줘"
2,"오늘 최고 기온이 몇돈지 알려줘"
2,"정문에서 종로 가려면 뭐 타야 돼"
2,"안방 불 켜져있어"
2,"냉장고 냉동실 급속냉장 언제 끝나니"
2,"장내 주식을 장외에서 매입 가능한가요"
2,"다음달 남동생 생일이 언제인지 아니"
2,"밥솥에 밥 다 됐는 지 확인해"
2,"내일 사정이 생겨서 약속 취소해야 할 것 같은데 괜찮아 "
2,"이번주 일기예보좀 찾아줘"
2,"한글날이 공휴일이니"
2,"올해 우리 아들 겨울 방학 스키캠프 일정을 말해줄래"
2,"다음주 금요일 머해"
2,"너 대학국어 뭐 받았냐"
2,"회사에서 온 부재중 전화있니"
2,"올해 공휴일 중에 월요일이 몇 번인지 알려줘"
2,"그저께 온 메일 중에 확인 안된 거 있나 알려줘"
2,"다음주 고등학교 동창모임 날짜 말해줘"
2,"올해 케이비에스공채에 대해 보여줄래"
2,"대출을 받고 싶은데 대출의 효용성을 알려주세요"
2,"방 값은 얼마니"
2,"남이섬갈 때 뭐타고 가"
2,"오늘 울산 날씨 아니"
2,"그런데 은행이 부도나면 내 돈은 어떡해"
2,"우리 아들 인턴쉽 일정을 전부 아니"
2,"내일 오전에 미팅이 있어"
2,"내가 아침 운동을 하는 날짜는 언제인지"
2,"임시보관함 비웠니"
2,"오늘 하루중 가장 더운 시간 알려줘"
2,"언제가 수강신청인지 알려줘"
2,"친구가 메일을 확인했니"
2,"이번주 화요일에 어디로 가야하니"
2,"강남역 가는 길 좀 보자"
2,"오늘 친구한테 온 메일 있는지 확인해줘"
2,"사라진 메일을 복구시켰니"
2,"성경 인물 중 가장 위대한 일을 한 신체 장애자는"
2,"아히야가 여로보암에게 왕이 되겠노라고 예언했는데 솔로몬이 그 소식을 듣고 여로보암을 죽이려고 할때 여로보암은 어디에 숨어 살았나요"
2,"이번달 페스티벌 장소가 어디였지"
2,"메일함에 메일이 몇 개야"
2,"오늘 바람 얼마나 불어"
2,"지금 티비에서 나오는 노래 좀 알려줄래"
2,"구월달 부산 지방의 전반적인 기상 전망은 어떻데"
2,"그는 어떤 사람인가요"
2,"오늘 스케쥴이 있니"
2,"작년에 갈바닉 마사지 기계를 산 게 몇월 몇일 이었니"
2,"다음 주 도쿄 날씨 좀 알려줘"
2,"지하 문 잠겼는지 확인해줘"
2,"어제 받은 메일 중 안 읽은 메일들 있니"
2,"요가하기 일정은 몇 시니"
2,"적금을 들려고 하는데 일 년이 좋을까 이 년이 좋을까"
2,"새벽에 비가 얼마나 왔는지 알아봐"
2,"특정인이 보낸 메일 확인 할수 있니"
2,"오늘 저녁모임 다시 알려줄수있니"
2,"지금 메일 용량이 얼마나 남았니"
2,"다음주 광주 중구 평균기온 알려줘"
2,"베란다에 불이 꺼져있는지 알려줘"
2,"올해 설날은 언제야"
2,"오늘 포항날씨 아니"
2,"내일 집에 누가 오기로 했니"
2,"나 해외여행 가는데 면세점 갈 거야 뭐 필요해"
2,"오늘 기온을 알려줘"
2,"다음주 일요일에 일정 있니"
2,"이번주 일교차 심한 날이 언제인지 알려줘"
2,"캘린더에서 동창회 단어 들어간 일정만 모두 모아서 보여줘"
2,"회사에서 온 메일 있는지 알려줘"
2,"냉장고가 닫혀있니"
2,"수요일에 몇시까지 작업완료였지"
2,"콜라와 마요네즈를 섞으면"
2,"거실 온도 삼도 높혀줬니"
2,"호주 멜버른과 서울 도봉구의 날씨온도차 알려줘"
2,"요즘 외국인들이 한국 주식을 파고 있는 이유가 뭘까 "
2,"이번 달 공휴일이 있니"
2,"작년 이맘때 전국 날씨 어땠어"
2,"다음달 미용실 예약일이 언제니"
2,"대전에 구름이 많이 끼니"
2,"천사가 나타나고 악마는 사라져라를 네 자로 줄이면"
2,"기말고사 기간이 언제니"
2,"주말에 있는 세미나 장소가 어디니"
2,"내일 모레 오전 일정 알려줘"
2,"현재 피파 랭킹 관련 기사 찾아"
2,"스킨 스쿠버 하다가 상어를 만나면 어쩐대 "
2,"다음주 인지과학회가 무슨 요일이지"
2,"오늘 비올때 천둥도 쳐"
2,"내일 오후 세시 이후 일정 알려줘"
2,"온수 매트 전원이 켜져있는지 확인해줘"
2,"작년에 미팅이 몇 번 있었는지 알려줘"
2,"주식 회사 제도 어떻게 개혁해야 하는가"
2,"휴가 일정에 어디 가기로 했지"
2,"청약저축은 어느 은행에서 하던 다 똑같은 건가 "
2,"해외에서 국내 신용카드를 써도 되니 "
2,"오늘의 적설량을 알려줘"
2,"이번 겨울 방학이 언제인지 알려줘"
2,"우리 언제나 되야 만날 수 있을까 수다 떨고 싶어 "
2,"서울에 습도가 얼마나 높니"
2,"현재 춘천댐의 수위는"
2,"엄마 내일 퇴원하실 때 같이 가줄까"
2,"오늘 나 동해가는데 날씨 알려줘"
2,"오늘 날씨 어떤지 검색해줘"
2,"이번 달 안에 영화 같이 볼 수 있는 날 있어"
2,"어제 전화 꺼 놨어 너 연락했었어"
2,"부모님이나 가족들과 메일로 연락하는 편이야"
2,"올해 첫눈 어디서 오는지 알려줘"
2,"목요일 점심약속 어느 식당으로 가기로 했니"
2,"이번달에 여자친구랑 데이트 언제 하기로 했니"
2,"내일 바람이 많이 불까"
2,"스팸함에 이베이에서 온 메일이 있니"
2,"결국 아브넬은 누구의 손에 죽임을 당했나요"
2,"칠월 마지막 주 날씨를 알려줘"
2,"스팸메일함에 남은 편지가 있니"
2,"보일러 몇 시간 돌렸는지 확인해"
2,"월요일에 할 스터디 장소가 어디야"
2,"내일 오후두시 영어수업 일정 추가했니"
2,"지금 영국 런던 날씨 어떤지 아니"
2,"서울 서초구 날씨 좀 알려줄래"
2,"현재 중부 상행선에서 교통이 통제되는 구간은 어디니"
2,"오늘 오후 네시 이후 일정 확인해줘"
2,"다음주 월요일 일정 있니"
2,"오늘 강릉이랑 서울 중에 어디가 더 더웠는지 검색해줘"
2,"이번 여름 폭염이 언제까지 계속되니"
2,"가족 생일날 알려줘"
2,"일층에 모든 불이 꺼져있니"
2,"작은 방에 창문 열려 있니"
2,"올해 하지가 언제야"
2,"내일 오전에 부산에 비가오는지 알려줘"
2,"인터넷 쇼핑몰에 관한 정보를 얻고 싶은데요"
2,"친구에게 부탁한 가장 어려운 일은 무엇이었나요"
2,"어제 다녀온 곳이 어딘지 알려줘"
2,"오늘 황사 농도가 얼마나 되는지 알려줘"
2,"공기청정기 켜져 있는지 알려줘"
2,"내일 야외활동하기 좋은 날씨인지 알려줘"
2,"티비 켜져있니"
2,"내일 오후날씨 확인해주겠니"
2,"너 전공 공부 말고 따로 공부하는 거 있니 "
2,"오전 여덟시 명동교차로 상황을 보여주련"
2,"화요일에 어디서 밥먹기로 했니"
2,"다 왔니 얼마나 더 기다려"
2,"내일 친구랑 어디서 만나기로 했는지 알고 있니"
2,"막내가 태어난 해가 언제야"
2,"이번에도 승진에서 밀렸는데 대체 승진의 요건이 뭐야 "
2,"어젯밤 새 메일 중 아이디 토니가 보낸 이메일을 찾아줄래"
2,"다음주 가장 비가 많이 오는 날이 언제인지 알려줘"
2,"현재 한국 프로야구 순위 현황을 보여라"
2,"오늘 서울 미세먼지 농도 좀 알려줘"
2,"어떤 종류의 카메라를 샀는데요"
2,"오늘 파리 자외선 치수 어떤지 아니"
2,"내일 우산 필요하니"
2,"오늘 천둥번개가 치니"
2,"내일 우산이 필요한 지 알려줘"
2,"내일 습도 알려줘"
2,"다음학기 개강일이 언제니"
2,"에어서울에서 메일 중요표시 되어있니"
2,"오븐 속이 깨끗한지 보여줄래"
2,"어제 보낸 메일 수신확인 됐는지 확인해봐"
2,"저번달 받은 메일에 첨부된 사진들 언제까지 저장 가능하니"
2,"내일 자외선 수치는 얼마야"
2,"칠월 일일 날씨를 알려줄 수 있니"
2,"오늘 오후일정이 있니"
2,"돌잔치 장소가 어디니"
2,"내일 오전 예상되는 적설량을 알려줄래"
2,"이번주 중요일정이 뭐가 있는지 알 수 있니"
2,"이번 달 스케쥴 개수 몇 개니"
2,"음악회 날짜 확인해줘"
2,"호스텔 예약관련 메일 알려줘"
2,"어제 항공사에 보낸 메일 답장 왔니"
2,"이번주에 야외 데이트하기 제일 좋은 날이 언제야"
2,"저번주 나에게 제일 많이 메일보낸 사람이 누구니"
2,"이번달 회의는 언제있니"
2,"지구상에서 공룡이 멸종한 이유는"
2,"이번주에 계속 열대야니"
2,"현재 풍량 주의보가 해제된 지역 보여주렴"
2,"스팸 메일함은 모두 삭제되었니"
2,"즐겨찾기 목록에 있는 메일 삭제했니"
2,"다음 주 전체 일정 보여줘"
2,"교수님께로부터 회신 왔니"
2,"가족메일함에 새로운 메일 왔니"
2,"다음 주 마사지샵 예약 알려줘"
2,"오늘 미세먼지 지수 알아"
2,"오늘 두시 삽십분에 예약한 메일이 잘 갔니"
2,"새 편지 중 성인광고 단어가 든 메일 얼마나 된데"
2,"휴지통에 거래처에서 온 메일이 있니"
2,"이번 신정때 날씨 정보를 보여주라"
2,"난 요새 늘 놀기만 하는데 넌 뭐하니"
2,"오늘 면세점에서 온 메일 좀 확인해줘"
2,"방파재 쪽 날씨가 어떤지 아니"
2,"오늘 외투 필요한 지 알려줘"
2,"내일 최고 기온이 몇 도니"
2,"다음주에 제주도 북부지역 날씨 검색해줘"
2,"오늘 삼척 날씨 좀 알려줄 수 있니"
2,"아빠 어디야"
2,"트럭과 포크레인이 박으면 어떤 것이 더 많이 망가질까 "
2,"오늘 메일에서 뉴스 제목이 있는 메일을 보여라"
2,"언제쯤 시간이 나시는지 하루빨리 뵙고 싶습니다"
2,"대구의 기온이 몇 도일까"
2,"이번주 목요일에 눈이 얼만큼 오니"
2,"이틀 전에 온 메일이 몇 개인지 알려줘"
2,"마지막으로 고양이 밥을준 시간은 몇시 였지"
2,"이번주 토요일 부산 날씨 아니"
2,"모레 오후 날씨 알려줘"
2,"보낸 메일함에 있는 메일 모두 지워졌니"
2,"요즘 숙모 댁의 식구들은 잘 지내고 있습니까 "
2,"올 봄 날씨는 어때"
2,"약속이 없는 토요일이 언제니"
2,"백업 메일이 몇 통이나 있니"
2,"폭염은 언제 끝나는지 검색해줘"
2,"차 바퀴엔 체인 감았냐 온통 빙판이던데 "
2,"고속버스 탈까 기차 탈까"
2,"여름 휴가가 언제부터 언제까지니"
2,"내 이메일 주소 알려줘"
2,"밥솥에 밥이 얼마나 있니"
2,"앞베란다 창문 열려있는지 확인해"
2,"학교에서 온 메일 알려줄수 있니"
2,"방학 언제 끝나는지 알려줘"
2,"서울역 근처의 중국집은 어디래"
2,"현재 경부 고속도로 날씨는 어떻지"
2,"용산 주변 휴대폰 대리점은 어떻게 가"
2,"이번 주 토요일 일정 알려줘"
2,"다다음 달 일정 없는 날 언제야"
2,"현재 원효대교 북단은 교통이 원활하니"
2,"지금 밖에 바람이 많이 부니"
2,"내일 야외 활동을 해도 될말한 날씨인지 알려줘"
2,"오늘 날씨가 어때"
2,"삼일 전에 온 메일이 모두 몇 통이니"
2,"내일 동해안의 파도량을 알 수 있니"
2,"작년 여름 가족과 함께 갔던 스파센터 이름을 아니"
2,"이번주 장마 언제 끝나는 지 알려줄 수 있니"
2,"가스 밸브가 잘 잠겨 있니"
2,"일몰시간 날씨 확인 할 수 있니"
2,"오늘 오전에 관악구 강수량 알려줄래"
2,"종로 교차로 교통상황을 보자"
2,"내일 개기월식 몇시야"
2,"오늘 오존지수 좀 검색해줄 수 있니"
2,"이번주에 공기 나쁜 날이 언제니"
2,"이름이 뭔가요"
2,"오늘 구름이 무슨 모양인지 검색해줘"
2,"지금 시작의 자외선 차단 지수는 얼마이니"
2,"서초구에 있는 도서관은 어떻게 가"
2,"내일 몇시에 가족들이 방문하니"
2,"바람이 언제 많이 부는지 검색해줘"
2,"오늘 자외선 지수 좀 알려줘"
2,"내일 아침 기상시간이 몇시로 설정되어있는지 알려줘"
2,"내일 오전 일곱시에 비오는지 확인해줘"
2,"눈이 언제 그칠지 알려줘"
2,"전달된 메일 있어"
2,"마지막 청소 언제했지"
2,"이 메일은 중요표시 했니"
2,"대출 하려고 하는데 유가증권 담보도 가능한가요"
2,"보일러 온도가 몇 도에 맞춰져있니"
2,"오전에 비가 얼마나 오는지 확인해주겠니"
2,"내일 몇시부터 비오는지 알려줘"
2,"마감날이 며칠 남았는지 알려줘"
2,"냉장고에 달걀이 몇 개니"
2,"언제쯤 따듯해질지 검색해줘"
2,"다음주 스케줄 확인해줘"
2,"여행가기 좋은 날이 언젠지 알고 있니"
2,"저번달에 비가 몇번왔니"
2,"안방에 불 꺼져 있니"
2,"한국 일보 한자란을 검색해"
2,"동휘 환송회 해줬으면 좋겠는데 네 생각은 어때"
2,"다음주 월요일 일정 오후 한시부터니"
2,"내일 미세먼지 어떤지 알려줘"
2,"불 켜진 곳이 어디니"
2,"계약 위반이라고 위약금을 요구하는데 어떡하지 "
2,"오늘 할인 행사중인 화장품가게 알려줘"
2,"오늘 온 메일중 개인계정 메일 있는지 확인해줘"
2,"오늘 받은 메일에 첨부 파일이 있었니"
2,"이번 휴가 때 해외 여행 갈까 "
2,"이번 주 초미세먼지 농도 알려줄 수 있니"
2,"이렇게 어색할 수가 어떻게 해야 친해지는 거야"
2,"오늘 몇도까지 올라가니"
2,"내일 오전 회의있니"
2,"우리 최고 몇 학점까지 들을 수 있지"
2,"돈이 적니"
2,"오늘 일교차 어떤 지 알려줘"
2,"내일 아침 온도 알려줘"
2,"정민철 선수 연봉 사억 원과 관련된 기사를 찾으렴"
2,"오늘 점심에 비가 얼만큼 내렸는지 강수량좀 알려줘"
2,"이번주 토요일 강수량이 얼마나 될 지 알려줘"
2,"어제 답장한 메일의 수신여부를 확인해줘"
2,"카드 청구서 관련된 메일 왔니"
2,"아빠한테 전화 왔니"
2,"내일 저녁 어떠세요"
2,"어제 체감온도 알려줘"
2,"지금 습도가 어떻게 되지"
2,"오늘 눈이 얼마나 오는지 알려줘"
2,"어제 메일은 모두 지웠니"
2,"이번 수능 날짜가 언제인지 알려줘"
2,"정선수 삼 라운드까지 사 위였는데 마지막 라운드에서 어떻게 됐습니까"
2,"케이티엑스 예약한 날이 무슨 요일이지"
2,"지금 경부 고속도로의 교통상황은 어때"
2,"현재 경부 고속도로의 날씨는 어떻데니"
2,"가까운 영화관에서 오늘 관람가능한 영화 목록이 어떻게 되지"
2,"올 겨울에 첫눈이 몇일에 올거같니"
2,"안방에 불이켜저있는지 확인해줄수있니"
2,"어디 지역에 눈이 내리는지 알려줘"
2,"부모님에게서 온 메일 개인 편지함으로 이동했니"
2,"이번 주 비오는 날 말해줘"
2,"토익 시험 디데이까지 며칠 남았니"
2,"스팸 메일함이 전부 비워져있는지 확인해"
2,"가스렌지 꺼져 있니"
2,"내일 점심약속 장소가 어디인지 알려줘"
2,"이번 일요일의 해 뜨는 시간이 궁금해"
2,"어느 길이 제일 빠른 길인지 조회 부탁합니다"
2,"베드민턴 대회가 언제니"
2,"작년보다 올해 얼마나 더 추운지 알려줘"
2,"이 주일 사이에 읽지 않은 이메일 보여라"
2,"수요일날 수업이 몇 시에 끝나니"
2,"세탁실에 불 꺼져 있니"
2,"아테네 올림픽에서 수영과 관련된 기사를 찾아라"
2,"예방접종 메일이 있니"
2,"지금 강남대로 막히는지 알 수 있을까"
2,"지금부터 일주일동안 부산 날씨 알려줘"
2,"받은 편지함에 안 읽은 메일 있니"
2,"누구더라"
2,"해외로 송금하려면 어떻게 해야 하지 "
2,"현재 미세먼지 농도는 얼마니"
2,"오늘 몇시쯤에 비가 오는지 알려줘"
2,"요즘 건강팔찌가 유행이던데 그거 효과 있는 거야"
2,"물 다 잠겨 있는 지 확인해줄 수 있니"
2,"이번주 우박 내린날이 언제였는지 알려줘"
2,"다들 따뜻한 봄날 잘 보내고 계신지요"
2,"창문 열어져 있니"
2,"오늘 풍랑주의보가 어느지역에 있니"
2,"술맛이 어떤데요"
2,"열대야는 언제 끝나는지 알려줘"
2,"막내의 방학은 며칠부터 시작하니"
2,"거래처 대표와 만나기로 한 날은 언제야"
2,"이번 달에 태풍 오는 지 알려 줄 수 있니"
2,"현관문 불 꺼져있는지 확인해줄수있어"
2,"내일 모레 여자친구 만나기로 했었니"
2,"오늘밤 서울에 비가 오니"
2,"태국과 필리핀 중 어느 상품이 더 저렴해"
2,"재작년 여름에 최고온도 알려줘"
2,"혹시 오늘 나 없는 사이에 누가 집에 왔었니"
2,"다음주 목요일 날씨 아니"
2,"내일 오후 미세먼지 농도 알려줘"
2,"시험공부 어떻게 해야 성적이 올라갈까 "
2,"방금 메일 온 사람이 누구야"
2,"난방 꺼져있니"
2,"최근에 김 대리한테 받은 메일이 뭐였어"
2,"적금 타는 날은 언제인데"
2,"거실에 스피커가 잘 작동되고 있니"
2,"다음달 주말 중 언제가 일정 비어있니"
2,"쿠첸 요리기능을 모두 알려줘"
2,"그럼 넌 이제 뭐 하는 거야"
2,"오늘 오후 네시에 친구랑 어디서 만나기로 했지"
2,"지운 편지들 받은편지함으로 모두 복구시켰니"
2,"오늘 새벽 강수량이 어떻게 되니"
2,"지금 장마때문에 서울에 도로 통제된 곳 있니"
2,"받은 편지함에 이베이에서 온 메일이 있니"
2,"장마 기간 언제인지 알려줘"
2,"당신을 만나고 싶어요 시간 언제 괜찮은지 알려주세요"
2,"칠월 달 저녁에 언제 시간이 비지"
2,"오늘 남양주 강수량 알려줘"
2,"내일 오후에 몇 시에 만나기로 했니"
2,"이번달 아르바이트 일정 알려줘"
2,"내일 최저 온도 알려줄 수 있니"
2,"내일 오후 네시에 연극을 보기로 되어 있니"
2,"작년에 갔던 속초 리조트 이름과 주소를 아니"
2,"부산까지 가면 고속도로 통행료 얼마야"
2,"장마가 언제쯤 끝나니"
2,"올림픽대로에서 가다 서다를 반복하는 구간을 알려다오"
2,"해외에서 온 메일 있니 "
2,"오늘 오후 세시에 어디로 가야하니"
2,"오늘 오후 일정이 취소되었니"
2,"이 무더위가 언제쯤 끝나겠니"
2,"강남역 일정이 뭐지"
2,"간사님이 메일 몇시에 확인했어"
2,"스팸 메일함에 제목에 보험이라는 단어 들어간 메일 있니"
2,"남자친구 생일이 언젠지 알려줘"
2,"오늘 안개 심하니"
2,"회신 메일은 얼마나 돼"
2,"올해 추석 연휴는 며칠부터이지"
2,"오늘 비가 언제까지 내리는지 검색해줘"
2,"오늘 비 언제 그치니"
2,"지역별로 전운량은 얼마야"
2,"우유는 왔는지 보고와"
2,"내일 저녁 일정 있니"
2,"내일 서울에 바람 많이 부는지 알려줄 수 있니"
2,"오월 이십사일에 어떤 일정이 있었는지 말해줄 수 있니"
2,"어젯밤 안 읽은 이메일이 있냐"
2,"엘지필립스가 왜 뜨는데"
2,"목요일 우루과이 체감온도 몇도인지 알려줘"
2,"팀플 회의 장소가 어디였니"
2,"같이 해외여행 가자고 해서 돈 모으는 중인데 너는 어때 "
2,"내일 저녁에 비 올 확률이 얼마나 되니"
2,"나 여행갈 때 환전하려고 하는데 아무 은행에서 해도 돼"
2,"암몬이 쳐들어올려고 할때 사울이 소를 열두 조각내어서 각 지파별로 나누고 군사를 베섹땅에 모집한 숫자는"
2,"남자친구 사는 오창 내일 날씨 많이 추운지 보여줘"
2,"소렌스탐의 방한에 관한 기사를 찾아줄래"
2,"선풍기 전원 켜져있는지 확인해줘"
2,"철원 날씨 알려줘"
2,"놓친 중요 메일 있는지 확인해"
2,"작은방 텔레비전 켜져 있니"
2,"주식시장의 불법행위는 어떠한 것들이 있나요 "
2,"요번 주말에도 비가 그치지 않을 것 같다는 예보 봤니 "
2,"화장실 불 켜져 있니"
2,"이번에 씨이오가 바뀐다던데 누가 될까 "
2,"오늘 습도가 어떤지 아니"
2,"오늘 일정 있니"
2,"지난 한 달 이메일중 가장 내용이 긴 이메일 알려줘"
2,"어제 취소됐던 일정이 뭐니"
2,"컴퓨터 꺼져 있나 확인해줘"
2,"차단함에 있는 메일  모두 삭제 했니"
2,"집 밖의 온도와 내부 온도가 몇 도나 차이 나니"
2,"요즘 재수 씨는 잘 지내시지"
2,"다음 월드컵 개최국 관련 기사 찾아다오"
2,"이번주 수요일에 자외선량이 얼마니"
2,"가스벨브가 잠겨있니"
2,"이틀전에 온 메일 확인했니"
2,"오늘 날씨확인 부탁해"
2,"외국어로 온 메일이 있니"
2,"구글 캘린더에 일정 동기화 되었니 "
2,"치과 예약일이 언제지"
2,"내부 순환도로 교통상황을 알려"
2,"장마철 산사태 발생 확률은"
2,"내일 아침에 구름이 얼마나 낄지 알려줘"
2,"이번주에 눈이 오는확률확인해줘"
2,"전국이 찜통이니"
2,"신촌에서 다섯 시쯤에 만날까"
2,"이번 주 주말 서울 날씨 좀 알려줘"
2,"내년 아빠 생일이 무슨요일이니"
2,"방금 온 메일 중요 메일함에 추가 했니"
2,"경부 고속도로 상황 알려주렴"
2,"휴지통에 회사메일 있니"
2,"다음달에 생일일정이 언제니"
2,"이번주 토요일 날씨가 어떤지 아니"
2,"보건소에서 진료 예약 확인 메일이 혹시 왔니"
2,"어제 저녁에 갔던 마트 이름 아니"
2,"어제 보낸 메일 읽었는지 확인해줘"
2,"중요 표시된 메일 몇 개야"
2,"강아지 자고 있는지 확인해줄래"
2,"새로 온 메일 발신지가 어디인지 알려줘"
2,"일주일 전 보낸메일함 확인 할 수 있니"
2,"일요일에 비오는지 확인하고 몇시까지 내리는지 알아봐"
2,"오늘 날씨 어떤지 알려줘"
2,"오늘 오전 여덟시에 온 메일이 있니"
2,"과외가 나을까 학원이 나을까"
2,"내일부터 언제까지 휴일이지"
2,"수강신청 날짜 알려줄 수 있니"
2,"이번 주에 제사가 있냐"
2,"사스 백신 관련 기사를 보여라"
2,"내일 비 오는 시간을 알려줘"
2,"화장실 수도꼭지 잠겨있는지 확인해줘"
2,"거래처에서 온 메일이 있니"
2,"우리나라 양궁의 순위 관련 기사 검색"
2,"별표 편지함의 별표들 다 해지되니"
2,"다음 페이지에서 비밀번호 관련 메일 온 것 있냐"
2,"내일 낮 최고 기온이 어떻게 되니"
2,"내일 새벽 미국 날씨좀 알려줘"
2,"교수님 연구실이 몇 호실이야"
2,"지금 집에 에어컨 켜져 있니"
2,"밥솥 몇 분 남았어"
2,"다음달 졸업식 날짜 알려줘"
2,"내일 미세먼지 농도가 낮으니"
2,"서울 벚꽃 개화시기 알려줘"
2,"이 사인은 왜 하는 거에요"
2,"거실 온도 확인해줘"
2,"내일 엄마와 몇 시에 만나기로 했는지 알려줘"
2,"이번주 팀회식 무슨요일이니"
2,"오늘 병원 진료 몇시에 가니"
2,"다음주 월요일 첫 스케쥴 확인해줘"
2,"현관에 온 사람이 있나"
2,"다음주 중에 맑은 요일은 언제니"
2,"칠월 마지막주 수요일에 일정이 있니"
2,"이천 사년 팔월 십오일이 무슨 요일이지"
2,"광고 메일 몇 개나 왔니"
2,"내일 눈은 어느 지역에 오니"
2,"오늘 밤 축구 모임에 몇 명이나 오니"
2,"다음달 동창회가 언제니"
2,"내가 숨은참조된 메일있니"
2,"냉장고에 먹을 물이 있어"
2,"다음주에 회의가 몇시니"
2,"뭐 타고 갈 거야 내가 데릴러 갈까 "
2,"어제 폭염주의보였니"
2,"막내의 담임 선생님의 가정방문 날짜는 언제야"
2,"태풍의 예상 경로는 어느 곳이니"
2,"앞베란다 창문 블라인드가 닫혀져 있니"
2,"주요 도시의 강수 분포도 얼마야"
2,"다음주 최저온도가 몇도인지 알려줘"
2,"어머 얘 보고 싶다 잘 지내지"
2,"거실에 불 꺼져 있는지 확인해"
2,"송정 부근 주차장은 어디냐"
2,"집에 조명 뭐가 켜져있니"
2,"요셉과 베냐민의 엄마는 누구인가요"
2,"가스 잠궈져 있니"
2,"거실에 있는 선풍기 켜져있는지 확인해"
2,"정말 나 나 믿어도 돼"
2,"시내 가는 가장 빠른 방법은 뭘까"
2,"부산 지역 주요기사 보여줄래"
2,"오늘 밤에 눈 오는지 알려줘"
2,"추석특집 영화 관련소식 보여라"
2,"이번 주 일요일 점심 약속 한 주 후로 미뤄도 될까"
2,"이번주 장마 언제 끝나는 지 알려줘"
2,"신체검사할 때 뭐뭐 하는데"
2,"서면 소재 백화점은 어디래"
2,"기말고사 시험범위 알어"
2,"오늘 일정 뭐 있는지 알려줘"
2,"어젯밤 보낸 이메일 중 송신 확인이 안 된 이메일 얼마나 될까"
2,"이번달 월급 날짜가 몇일인지 아니"
2,"내일 오후 세시 예상 습도가 몇이니"
2,"친구랑 몇시에 약속있는지 알려줘라 "
2,"비 언제까지 오는지 알려줘"
2,"경기지역 대설에 관한 기사 찾아라"
2,"오월 이십사일 일정이 어떻게 되는지 말해"
2,"내일 장보기로 한 시간이 언제니"
2,"지역별 전운량이 어떻데니"
2,"우박이 올 확률 좀 알려줄래"
2,"내일 기온 몇도니"
2,"휴지 사둔 거 있나"
2,"미세먼지 농도 알려줘"
2,"최근 메일들이 모두읽음 되어 있니"
2,"오늘 날씨 흐려"
2,"오늘 청주지역의 구름양이 어떻게 되지"
2,"이번주 비오는 날이 언제인지 알고있니"
2,"오늘 최고 기온이 어떻게 되니"
2,"현재 새벽 서울날씨가 어떤지 아니"
2,"일학기 종강 언제지"
2,"마이애미로 가시나요"
2,"다음달 베트남 출국 일정 알려줘"
2,"어머니 올해 생신이 언제니"
2,"하나님은 왜 다윗에게 성전을 짓지 못하게 했을까요"
2,"가장 최근 받은편지가 몇시에 도착했니"
2,"이번달 고등학교 동창모임이 언제인지 알려줘"
2,"화장실에 물이 틀어져있는지 확인해줘"
2,"오늘 강남역에서 일정 있니"
2,"내일 강수 확률 어느정도 되는지 알려주라"
2,"일요일에 어디서 만나기로 했니"
2,"지난달에 응급으로 온 메일 있니"
2,"오늘 기온이 얼마나 올라가니"
2,"옷방에 조명 꺼져있는지 확인해"
2,"내일 비 오니"
2,"건조기가 잘 돌고있니"
2,"이번주중 자외선 지수가 낮은 날 있니"
2,"도로의 구간별 소요 시간을 알려라"
2,"신촌에서 볼까 아니면 압구정에서 볼까"
2,"유정이가 파일을 첨부해 편지보냈니"
2,"이번달 거래처 미팅이 언제니"
2,"이번달 영화 약속 언제였는지 알려줘"
2,"변호사 검사 판사 중 누가 제일 큰 모자를 슬까"
2,"다음 달 여행 출발일이 언제니"
2,"대문을 잠갔는지 확인해줘"
2,"올해 어머니 생신은 무슨 요일이지"
2,"용산 주변 휴대폰 대리점은 어디냐"
2,"오늘 서울 미세먼지 농도 좀 알려줘"
2,"저번 달 친구랑 약속 몇 번이었는지 알려줘"
2,"오늘 우산 가져가야되는지 알려줘"
2,"미얀마 우기 언제부터 언제까지니"
2,"대학생활문화원에서 온 메일 있는지 확인해줘"
2,"오늘 소나기가 올 지역들을 알려줘"
2,"내일 내 일정이 몇 개 있더라"
2,"이번 주 일정이 몇 개나 있니"
2,"바닥 난방 작동 시작했니"
2,"내일 날씨 맑은지 알려줘"
2,"어제 아침 기온을 알려줘"
2,"냉장고 문 열려있는지 확인좀 해줘"
2,"오늘 비가 오니"
2,"올해 휴가 몇 번 있었는 지 찾아줄 수 있니"
2,"군자교 입구 차량 흐름을 알려주렴"
2,"전자레인지 가열시간이 얼마나 남았는지 알려줄 수 있니"
2,"어제 헤드라인 기사가 뭐였는데"
2,"외국 이메일 계정으로 온 메일이 있니"
2,"이번 주 결혼식이 누구 결혼식이지"
2,"비즈니스석은 얼마지"
2,"이번 추석날 예상 날씨 알려줘"
2,"메일함 남은 용량이 얼마니"
2,"다음달 영화 약속 몇일인지 알려줘"
2,"집안의 모든 기기가 꺼져있니"
2,"눈이 어두워진 아람군대는 엘리사를 따라 어디로 들어갔나요"
2,"해운대에서 연인들이 제일 많이 찾는 커피숍은 어디지"
2,"종각역 서점은 어떻게가"
2,"내일 일정 몇 시에 끝나니"
2,"외국인 보유주식의 시가총액이 얼마나 되는지요"
2,"매달 가는 야구장 위치를 알려줄래"
2,"오늘 미팅 일정에 관한 이메일을 아니"
2,"에어컨 온도가 이십오도에 맞춰져있니"
2,"이번에 여행 어디로 가기로 했니"
2,"내일 점심에 어디로 가면되니"
2,"현관문 잠겨있니"
2,"내일 오후 여섯시 예상 날씨가 무엇이니"
2,"실장님이 뭐라고 안 해"
2,"혈압 약은 거르지않고 잘 드시고 있나요"
2,"이층에 불이 켜져있는지 확인해주겠니"
2,"지난주에 회사에서 메일이 온 적 있니"
2,"수신된 지 일주일 지났는데 안 읽은 메일 있니"
2,"칠월 엠티가 몇 일이야"
2,"눈이 얼마나 쌓일것 같은지 알려줘"
2,"세미나 참석이 다음주 화요일 맞니"
2,"어머니 생신 언제인지 알려줘"
2,"삼주 동안 몇 개의 메일이 왔는지 확인해줘"
2,"오늘 대기 환경이 어떤지 아니"
2,"영화시간 한시간 전 알람을 설정되어 있니"
2,"스팸 메일함에 새로 온 메일이 있는지 확인해줘"
2,"내일 오전에 서귀포에 비가 오는지 알려줘"
2,"내일 아침에 몇시에 해뜨는지 확인해봐"
2,"오늘 서울 최고온도는 몇이니"
2,"보낸 메일이 회사로 잘 전달 되었니"
2,"어제 방문했던 와이너리 이름을 알려줘"
2,"골프공처럼 튈 수 있는 주식을 사라는데 그게 뭐야 "
2,"이번 크리스마스에 눈 내리는지 알아봐줘"
2,"오늘 동상지수 알려줘"
2,"거실에 에어컨 켜져있니"
2,"거실 불 꺼졌나 확인 좀 해줘"
2,"강남역에서 우드스탁 가는 길에 편의점이 있니"
2,"규칙적으로 운동할 자신은 있는 거야 "
2,"내일 기온 알려줘"
2,"지금 보고 있는 메일의 보낸사람으로부터 온 메일이 더 있니"
2,"내가 엄마에게 보낸 메일이 몇 통이나 되니"
2,"잠잘 때 듣기 좋은 노래 없니"
2,"오늘 습도 몇 퍼센트인지 알려줘"
2,"최근 메일 제목 읽어줄래"
2,"형 잘 지내고 있는 거예요 "
2,"내일까지 내가 기차표 예약을 하지 않으면 예약해야함을 알려주는 알람이 설정되어 있니"
2,"전체 메일이 모두 몇개니"
2,"다음주에 부산에 비오는 날 있니"
2,"아이티 계열이 왜 주식이 올라"
2,"청담동에서 가장 유명한 네일숍 어디냐"
2,"오늘 마스크 써야 되는 지 알려줘"
2,"오늘 기온이 예년보다 높은지 알려줘"
2,"동부 고속도로 진입로 고통상황은 어떤지 파악해"
2,"경부 고속도로 노면이 결빙된 구간 어딘데"
2,"주식 투자 해 보려는데 얼마쯤 하는 게 좋을까"
2,"주소록에 거래처 메일이 있니"
2,"어제 생활한자를 보여주렴"
2,"이번 하반기 채용 관련 기사 검색해"
2,"내일 날씨가 맑으니"
2,"목돈 마련 예금에는 어떤 상품이 있는지 알려주라"
2,"다음주 부산 날씨 어때"
2,"오늘 체감온도는 어때"
2,"아침마다 손도 붓고 얼굴도 부어 병원 가봐야 될까 "
2,"모임 발신자 중 정모 이메일이 있는지 확인해줄래"
2,"남산터널 교통상황에 대해 들려주렴"
2,"오늘 새 편지 몇 통 왔어"
2,"주방에 불 꺼져 있니"
2,"이번주에 해를 볼 수 있니"
2,"이번주 소개팅 시간이 몇시니"
2,"내일 새벽 기온을 체크해줘"
2,"집에 택배 왔니"
2,"내일 강수확률 좀 알려줘"
2,"뮤추얼 펀드가 뭔지 혹시 아니"
2,"내일 교수님 강의가 몇시에 있니"
2,"제습기 꺼져있니"
2,"올 해 기념일 전부 알려줘 "
2,"다음주 출장이 언제니"
2,"내일 강화도에 비가 얼마나 내리는지 확인해줘"
2,"내 생일이 언제게"
2,"티비 메뉴 보여주겠니"
2,"오늘 낮 열두시 온도 좀 알려줘"
2,"내일 구미에 강수량이 얼만지 검색해줘"
2,"제이엠에스 정명석에 대한 기사를 찾아라"
2,"가장 최근에 온 답장이 언제 온 거니"
2,"내일 가는 거래처 주소 좀 알려줘"
2,"전라도에 비가 오는지 검색해줘"
2,"내일 오후 세시 영주에 바람이 부니"
2,"집에서 시끄럽게 하고 있니"
2,"오늘 아침에 안개가 얼마나 끼는지 알려줘"
2,"오늘 최저 기온 최고 기온 몇 도야"
2,"내일 날씨 어떠니"
2,"거기 눈오니"
2,"오늘 빨래지수 알려줘"
2,"냉동고 온도 좀 확인해"
2,"세탁기가 돌아가고 있니"
2,"필드에 한 번 나가면 캐디 비가 얼마쯤 들까"
2,"내일 거래처 관련 일정이 몇 개니"
2,"훈련소 입소까지 며칠 남았니"
2,"이번 주에 비가 내리니"
2,"이탈리아는 날씨 좋을때가 언제에요"
2,"박세리에 대한 최근 기사를 보여다오"
2,"건조기 전원 꺼져있는지 확인해줄 수 있니"
2,"장마가 언제까지야"
2,"너 소개팅 언제 해"
2,"오늘 서울 초미세먼지 농도 알려줘"
2,"버스 요금은 얼만지 아냐"
2,"워크샵과 관련된 메일이 온 적이 있니"
2,"내일 구름이 언제 걷히는지 아니"
2,"이 시간에 길이 왜 이렇게 막힐까"
2,"오늘 오후 여섯시경 날씨가 어떻게 되겠니"
2,"스팸처리된 메일 좀 복구할 수 있니"
2,"오늘 런던 날씨 알려줘"
2,"내일 누구와 저녁 약속이 잡혀 있니"
2,"오늘 수업 몇 교시까지인지 알려줘"
2,"오늘 소나기 오는지 확인해줘"
2,"어버이날이 무슨 요일인지 알려줘"
2,"비행기편 변경 가능한가요"
2,"압구정동 근처 미용실 어딘데"
2,"읽지 않은 메일 중 가장 오래된 메일은 뭐야"
2,"내일 대전 불쾌지수 좀 표시해줄래"
2,"지메일에서 서명 이미지를 직접 업로드 할 수 있는지 알려줘"
2,"오늘 아침 남자친구한테서 온 메일 있어"
2,"작년 장마 때 비가 며칠이나 왔는지 알려줘"
2,"저번주에 교수님한테서 온 메일 있는지 확인해봐"
2,"이번에 오는 태풍 경로 좀 알려줘"
2,"티비가 꺼져있니"
2,"내일도 오늘만큼 비가 오니"
2,"월남 파병 관련기사 찾아라"
2,"이번 달 빨간 날 있는 지 말해줘"
2,"올해 첫 열대야가 언제인지 아니"
2,"오늘 아침에 여러분은 어떤 반찬을 드셨나요"
2,"오늘 미세먼지 농도 좀 확인해줘"
2,"이번주에 비오는 날짜 검색해줘"
2,"서울역 주변 냉면이 가장 맛있는 음식점은 어디니"
2,"오늘이 몇 일이야"
2,"오늘 미팅 몇 시니"
2,"에스엔에스에서 온 지운메일 복구했니"
2,"다음주 수요일 평균 기온이 어떻게 되니"
2,"내일 부패지수가 어느 정도인지 알려줘"
2,"지금 날씨가 흐린지 알아봐"
2,"냉장고에 유통기한이 지난 음식이 있니"
2,"지금 우리는 어디에 있어요"
2,"야구장 갔던 날이 언제인지 확인해봐"
2,"지금 일본은 덥고 습하니"
2,"오늘 보낸 메일의 수신했니"
2,"현관 문이 잠겨 있니"
2,"상대방이 읽지않은 메일이 얼마나 있니"
2,"학과 조교님한테 장학금 문의 메일 보냈니"
2,"오늘 구름 얼마나 꼈니"
2,"여가시간에 즐길 만한 스포츠 없을까 "
2,"오늘 많이 덥니"
2,"이 이메일 계정을 이 기기에서 완전히 삭제할 수 있니"
2,"이번주 일요일에 비 올 확률 좀 알려줘"
2,"환전 정보가 잘 나와 있는 사이트 알고 있니 "
2,"스테미너 건강 관리법은 뭐가 좋지 "
2,"올해 추석에는 며칠이나 빨간 날이니"
2,"진로가 바뀐 이유는 무엇인가요"
2,"기말고사 시험범위 알어"
2,"이번 달에 정윤이로부터 이메일이 몇 통왔지"
2,"오늘 스팸메일이 얼마나 왔니"
2,"내게쓴메일함에 메일이 몇 통이 있는지 봐줘"
2,"내일 오전 누구랑 약속이야"
2,"내일도 비 오니"
2,"스팸 처리된 메일이 다 삭제됐니"
2,"오늘 경주에 비가 오니"
2,"오늘 저녁에 제주도에 눈이 그치니"
2,"대학 경쟁력 관련 특집기사는 뭔가"
2,"메일쓰기 페이지로 들어갔니"
2,"영화 보러 갈까"
2,"한파가 언제까지 계속될지 알아봐줘"
2,"어젯밤 이메일 중 첨부 파일 든 이메일은 얼마나 되냐"
2,"주식가격변동이 기업가치에 미치는 영향이 큰가요"
2,"부산 서울 간 막차가 언제 있지"
2,"다음 주 온도변화 알려줘"
2,"고은별은 이거 봤어"
2,"내일 면접 몇시야"
2,"오늘 비오는거 태풍이야"
2,"이번주 중요 일정 알려줘"
2,"이번달에 눈 몇번 오는지 알려줄 수 있니"
2,"다음달에 친구 결혼식있나 알려줘"
2,"오전 일정 모두 취소했니"
2,"대출 관련 메일 삭제 했니"
2,"에어컨 온도 몇 도야"
2,"내일 몇시에 친구 만나기로 했니"
2,"오늘 저녁에 눈이 그치니"
2,"내일 회의 몇 시에 끝나니"
2,"오늘 회식 예약 몇시에 했어"
2,"한달 동안의 과외 일정 모두 검색해줘"
2,"주말에 누구 만나기로 했니"
2,"몸은 어떠세요 많이 나아지셨는지 궁금하네요"
2,"이번 주 주말에 혹시 비가 오니"
2,"방금 보낸 메일이 잘 보내졌니"
2,"미국 날씨 알려줘"
2,"마을버스 운행시간 아니"
2,"첨부 메일에 있는 파일 다운로드 다 됐니"
2,"올해 공휴일 몇 번 있어"
2,"양천구 목동 근처 양식 어디에 있니"
2,"고려대 근처 롯데리아는 어떻게 가는가"
2,"내일 여수 날씨 아니"
2,"오늘 엄마와 병원가는 시간 알려줘"
2,"현관문이 얼마나 열려 있지"
2,"이번주 동대문에는 언제 비가 오는지 알려줄 수 있니"
2,"팔월 십일일 강릉 날씨좀 알려줄래"
2,"스팸이메일은 몇개있니"
2,"유가 증산 관련 기사를 보여줄래"
2,"집안 공기 오염도를 알려줘"
2,"예약해 둔 메일 몇 개니"
2,"오늘 메일 중 첨부 파일이 든 메일은 얼마나 되는가"
2,"카드 유효기간이 끝나려고 하는데 연장할 수 있나요 "
2,"메일함 용량이 얼마나 남았니"
2,"노량진의 바닷가재 요리 전문점은 어떻게 가"
2,"전년도에 첫눈이 언제 왔는지 알려줘"
2,"전공 과제 제출기한 좀 알려줄래"
2,"다음주 필리핀 세부 날씨를 아니"
2,"내일 비가 오면 영화관 데이트 할껀데 비가 오니"
2,"김치만두가 김치에게 무슨 말을 했을까"
2,"안방에 커튼 쳐있니"
2,"혜화동 근처 음식점"
2,"내일 서울에 눈이 내리는지 알려줘"
2,"내일 눈 예보 있는 지역 알려줘"
2,"거치식으로 할까 아니면 추가로 오백을 더 넣을까"
2,"어제보다 오늘 몇 도 더 더운지 알려줘"
2,"광주에 눈이 언제 쯤 올까"
2,"오늘 우산 필요하니"
2,"휴지통에 메일 몇통이나 있니"
2,"오늘 폭염 특보 언제 해제 되는지 알려줘"
2,"지윤이 한 달 계획표를 보자"
2,"여기는 처음이신가요"
2,"다음주 저녁식사 약속이 몇번있니"
2,"오늘 오후 네시 이후 스케쥴이 뭐가있니"
2,"다음달에 엄마 생일이 언제니"
2,"며칠 후에 일본을 가는지 알려줘"
2,"세탁기 두시간 후에 헹굼 예약했니"
2,"겨울방학 내가 해야 할 공부가 뭐지"
2,"현재 북한 상공의 미세먼지 농도는 얼마니"
2,"내일 오늘보다 날씨가 맑은지 알려줘"
2,"이비인후과 가는 게 나을까 내과 가는 게 나을까 "
2,"승용차 운행 자제 날씨 알려줘"
2,"오늘 새벽에 눈 오는지 알고 있니"
2,"우리 브니엘 가족들이 살아가는 이유는 무엇일까요"
2,"베란다 창문이 열렸는지 보고 와"
2,"후유증은 없니 괜찮아 빨리 나아야 할 텐데"
2,"온수가 켜져있는지 확인할수 있니"
2,"이번 주 미세 먼지 농도 높니"
2,"무슨 일 하세요"
2,"안동에 비가 언제까지 오는지 알려줘"
2,"이번 주 주말 일정 어때요"
2,"쓰레기통 꽉 찼는지 확인해줘"
2,"메일 알람 설정해 놓았니 "
2,"내일 여동생과 마트가는 시간 알려줘"
2,"작년 유월 육일 오전 날씨 알려줘"
2,"지금 경인 고속도로는 원활하니"
2,"이번주에 비 몇요일까지 오는지 알려줘"
2,"학교에서 온 메일 몇 개야"
2,"오전 여덟시 명동교차로 상황을 보여주련"
2,"부산대에서 해운대로 가는 길에 현재 공사구간이 있나"
2,"기말고사 시작일이 언제니"
2,"어젯밤 온 메일 중 첨부 파일이 든 메일은 몇 통이나 된데"
2,"삼계탕이 더 좋을까 보신탕이 더 좋을까 "
2,"호법 분기점 많이 막히지"
2,"내년 몇일에 디데이라고 되어있니"
2,"다음주 목요일 교육이 몇시니"
2,"요즘 추운데 잘 지내냐"
2,"가스레인지 꺼져있니"
2,"오늘 보낸 메일 수신확인 모두 되어있니"
2,"어제부터 현재 누적 강우량 알려줘"
2,"지운 편지함에 몇 개 있나 알려줘"
2,"내일 해운대에 비가 올 확률은"
2,"올해 건강검진날짜를 알려줄 수 있니"
2,"미얀마 팔 월 날씨 어떠니"
2,"집안에 모든 전기가 차단되어있니"
2,"대기업 올 채용과 관련된 기사를 알리렴"
2,"한국 여름 평균 날씨 알려줘"
2,"수신함에서 최예진에게서 온 이메일이 모두 몇 개니"
2,"어머니방 티비 켜져있는지 확인해"
2,"이번주 주말 부산 날씨 좀 알려줘"
2,"영주에 눈이 언제까지 오는지 검색해줘"
2,"저번주 데이트 약속 좀 알려줄래"
2,"오늘 우산 필요한지 알려줘"
2,"어제 온 메일이 다 지워졌니"
2,"회장님과 상무님 점심식사 일정 언제니"
2,"내일모레 네일숍 장소는 어디니"
2,"인터넷 연결이 정상적으로 되어 있니"
2,"교인이면 누구나 가고 싶은 길은"
2,"장소는 건대입구로 입력되어있니"
2,"사진은 언제 다 되나요"
2,"이번주 수요일 어디 가는지 알려주세요"
2,"내일 오전 식사모임 확인해"
2,"오늘 약속 나가려면 몇시까지 준비해야하는지 알려줘"
2,"읽지않음으로 되어있는 메일이 있니"
2,"이번주 일요일에 비 몇시까지 내리는지 아니"
2,"창문을 전부 닫았는지 확인해줘"
2,"어제 보낸 메일 수신여부 확인해줘"
2,"이번주중 자외선 지수 매우 높음인날 알려줘"
2,"내일 아빠랑 무슨 영화 보기로 했는지 알려줘"
2,"비가 전국적으로 확산 되는지 알려줄래"
2,"오늘 일출 일몰 시간 알려줘"
2,"오늘 다이어트 시작한지 며칠 지났니"
2,"이번 주 금요일에 해야할 거 있나"
2,"이번주 화창한 날은 언제언제야"
2,"내일 몇시부터 비가 내리는지 알려줘"
2,"빨래 건조 다 되었니"
2,"오늘 호우주의보가 내렸는지 알려줘"
2,"하나님께서 히스기야에게 해시계의 그림자를 몇도나 거슬러 올라가게 했나요"
2,"세탁기 세탁시간이 얼마나 남았는지 알려줘"
2,"오늘 저녁약속 시간이 오후 일곱시 맞니"
2,"김과장님께 메일이 잘 전송되었니"
2,"어제 내가 답장 한 메일이 몇 개인지 알려줘"
2,"나는 닭에 약한 남자입니다 누구일까요"
2,"내일 바람 얼마나 부는 지 알아봐줘"
2,"어제 보낸 메일이 다 보내졌니"
2,"이번 주말 결혼식이 언제부터야"
2,"해외송금 하고자 하는데 방법 좀 알려주라"
2,"지금 집에 누구 있니"
2,"장마는 언제 시작하니"
2,"오늘 외근 몇시부터인지 말해줘"
2,"대표님께 보낸 메일 수신 확인되었니"
2,"눈이 언제쯤 오는지 확인해줘"
2,"약속한 장소는 어디일까"
2,"홍은동 녹번역 구간의 교통상황은 어떤지 알려다오"
2,"올해 월드컵 언제부터 시작하는지 알고 있니"
2,"다음달 해외여행 스케쥴 확인해"
2,"오늘 눈 언제까지 오는지 알려줘"
2,"이번 윤선이 수능일이 언제야"
2,"내일 조회 필드발표 준비했냐"
2,"다음주에 부산 언제 비오니"
2,"텔레비전 지금 켜져있니"
2,"하늘나라의 전화번호는"
2,"주식이 오른다는 예상은 어떤 과정을 통해 나온 건가요"
2,"세탁기 잘 돌아가는지 알려라"
2,"경부 고속도로 상행선 정체는 여전하니"
2,"올해 가족모임이 몇월에 있니"
2,"닮고 싶은 롤모델이 있나요"
2,"거래처에서 보낸 메일이 있는지 확인해"
2,"이 서류 결재만 맡으면 되는 거지  "
2,"내일 쉬고 싶은데 내일 중요 일정 있니"
2,"오래된 계좌도 쓸 수 있을까 "
2,"집에 조명이 다 꺼졌는지 확인해줄래"
2,"오늘 저녁 서울 날씨 알려주겠니"
2,"방에 불 켜져 있니"
2,"내일 우산 필요하니"
2,"이번 주 최저기온이 영하인 요일 알려줘"
2,"지금 태풍이 어디에있는지 알려줘"
2,"오늘의 주가 어떻지"
2,"내일 몇시에 일정 있는지 확인해"
2,"이번주에 학교에서 메일왔니"
2,"안방에 있는 스탠드 켜져있는지 확인해"
2,"여러분은 색깔에 따라 기분이 달라지나요"
2,"어젯밤 새 메일 중 정자가 보낸 이메일을 찾아줄래"
2,"지금 티비 전원 켜져있니"
2,"지금 서울 온도 알려줘"
2,"이메일중 회사에서 온 이메일 있으면 알려줘"
2,"어제 회사에서 온 이메일이 얼마나 있니"
2,"나 여섯 시 공연으로 예매 했는데 괜찮지 "
2,"이번 프로젝트 종료일이 언제야"
2,"오늘 비 소식 있는지 알려줘"
2,"담주 일요일 날씨좀 알려줄 수 있니"
2,"다음주 울진 바람세기 좀 검색해줘"
2,"너 옛날에 밴드 했었는데 아직도 하니 "
2,"칠월 날씨는 평균적으로 어땠는지 알아봐줘"
2,"내일 오후 대구 기온 얼마나 올라가니"
2,"내일 일몰 시간 언제니"
2,"어제 지역별 강수량 알려줘"
2,"거실에 에어컨 몇시간째 켜져있니"
2,"오늘 서울은 날씨가 어떤지 확인해줄래"
2,"상일동 아이시의 교통상황을 보자"
2,"교수님 연구실이 몇 호실이야"
2,"계좌이체하고 영수증은 잘 챙겼어 "
2,"이번 추석이 무슨 요일이야"
2,"보일러 켜져있나 확인해"
2,"이번주 금요일 비는 어느 지역에서 오니"
2,"어제 학교에 보낸 메일이 보내졌니"
2,"다음주 수요일 여주 날씨 좀 알려줘"
2,"전화도 안 받고 한 시간 후면 시험인데 왜 안 오는 거야"
2,"건강 팔찌와 목걸이가 효능이 있을까 "
2,"신불자 구제에 대해 찾아라"
2,"하계 올림픽 유치 관련 기사 찾아주렴"
2,"오늘 날씨 맑은 지 확인해줘"
2,"보험 약관 대출 받으면 얼마 정도 대출 받을 수 있을까 "
2,"수요일에 병원가는 시간이 언제지"
2,"내가 주식을 매각 할수 없는 이유가 뭐냐"
2,"부산역 근처 삼성 에이에스센터가 어떻게 가"
2,"정신적 건강과 육체적 건강은 무슨 차이가 있나요 "
2,"졸업을 하려면 전공과목을 모두 몇 학점 신청해야 해 "
2,"지금까지 안 한 스케줄 있니 "
2,"미얀마 호텔에서 예약 확인 메일 보냈니"
2,"개강일자가 언제인지 알려줘"
2,"폭설 주의보 여부를 알려줄래"
2,"언니가 몇 시에 수술하지"
2,"오늘 친구한테 온 메일 있니"
2,"메일함에 총 몇 통의 메일이 있는지 확인해줘"
2,"올해 유월 일일에 온 메일 있니"
2,"오늘 오후 부산에 해가 언제뜨는지좀 알려줘"
2,"이번달 핸드폰 요금 청구메일 왔니"
2,"새로 온 메일이 있는 지 확인해줘"
2,"언어 영역 교육 방송 시간이 언제지"
2,"이번주 토요일 오후 네시에 어디서 밥먹기로 했니"
2,"이번 달 동해안의 레저날씨로 적합할 날을 알려줘"
2,"오늘 세시 예약한 마사지샵 위치를 알려줘"
2,"오늘 오후 세시 이후 일정 모두 알려줄 수 있니"
2,"대구에 열지수가 얼마나 되는지 알아봐"
2,"싱크대가 제대로 잠겼는지 확인해"
2,"오늘 미세먼지 많니"
2,"오늘 할 일 중 미완성 된 목록 있니"
2,"오후 외출에 우산을 챙겨가야하니"
2,"이번주에 교문선도 일정 있니"
2,"이 열차는 몇 번 플랫폼에서 출발해요"
2,"할아버지 기일이 언제야"
2,"오늘 온 답변 있니"
2,"기린의 목이 긴 이유는 무엇입니까"
2,"내가 실수로 읽지 않은 메일이 있니"
2,"페이스북 메일 수신 차단이 제대로 되었니"
2,"콘서트 일정이 어떻게 되니"
2,"지금 경부선 고속도로에서 가장 막히는 구간은 어디니"
2,"벚꽃 개화 시기 알려줘"
2,"이 메일 주소 저장 되어있니"
2,"이번 주 중 기온이 가장 높은 날 알려줘"
2,"지금 침실 온도가 몇도니"
2,"선배 오늘 모임에 갈 거예요"
2,"오늘 뉴욕날씨 알아봐라"
2,"바비큐 구워 먹을 곳은 있겠지 "
2,"내년 어머니 생신은 무슨요일이야"
2,"이번 달 경조사 전부 알려줄 수 있니"
2,"남동생 입대일이 언제로 예정되어있니"
2,"내일 일교차가 얼마나되는지 알아봐"
2,"요즘 수익률 높은 종목이 뭐야"
2,"가까운 영화관에서 오늘 관람가능한 영화 목록 알려줘"
2,"학습 능력 개발원이라는 곳이 있다는데 한 번 가볼 생각 있어 "
2,"통장 만들려면 뭐가 필요하지 "
2,"비가 언제부터 올까"
2,"다음 주 주말에 여행 가기로 되어있니"
2,"금일 주가에 영향을 미칠만한 정치적인 일들은 뭐가 있어"
2,"작년 장마 기간에 비가 많이 왔었나"
2,"내일 불쾌지수가 어느 정도야"
2,"저번 달 내가 가장 많이 메일보낸 계정 알려줘"
2,"다용도실에 불 켜져 있니"
2,"첫 눈 언제 오는 지 알아봐줘"
2,"체육대회가 언제니"
2,"송파 신도시개발 관련 뉴스를 모두 찾아라"
2,"서재에 불 켜져 있니"
2,"그 다이어트 식품 효과 있니"
2,"발송에 실패한 메일이 몇개나 있니"
2,"제일 최근에 회사에서 온 메일이 몇 시에 왔니"
2,"한파주의보 발효지역 알려줘"
2,"이번주 입사면접이 언제 있는지 알려줘"
2,"로페즈 은퇴 관련 기사 찾아주렴"
2,"너가 여자친구한테 메일 얼마나 보내니"
2,"내일 영어과외 몇시에 하는지 아니"
2,"제습기에 물이 얼마나 차 있니"
2,"미스터션샤인 재방송 시간 검색해서 알려줘"
2,"오늘 회사일정에 상세정보를 알려주겠니"
2,"직접 내냐"
2,"피파랭킹 관련 기사 보여"
2,"가스레인지 가 꺼져있는지 확인할 수 있니"
2,"오늘 눈 오는지 알아봐줘"
2,"내일 운전해도 되는 날씨니"
2,"세계 최장기 잠수 기록을 세운사람은"
2,"이번주 맑은 요일을 알려줘"
2,"다음 주 꽃꽂이 배우러 가는 날이 언제니"
2,"내일 인천에 폭설주의보가 떴니"
2,"동아대학교에서 온 이메일을 찾아줄래"
2,"삼십일 부산의 비 올 확률은"
2,"다음 주 일정 변동 있어"
2,"내일 예상 일교차 말해줘"
2,"부엌 불 밝기 낮춰져 있니"
2,"외곽순환 도로 상황을 보여주렴"
2,"이번주 날씨 어떤지 알려줘"
2,"이번 주 미세먼지 농도 좋은 날 말해줘"
2,"지금 받은 편지 발송자가 누구니"
2,"지엠오 관련 기사를 찾아라"
2,"냉장고에 콜라가 있니"
2,"내일 우산 들고가야하는지 확인해줘"
2,"캠핑하기 가장 좋은 날씨 알려줘"
2,"광고 메일 모두 스팸 신고 했니"
2,"다시 뵙고 싶은데 다음 주에 시간 있으세요"
2,"유월 이전에 받은 메일은 모두 지웠니"
2,"교수님한테 온 메일에 내가 답장 했나"
2,"주말에 워터파크 몇 시에 출발하기로 했지"
2,"다음달 중간고사가 몇 일이야"
2,"오늘 미세먼지 농도 알고 있니"
2,"그 외에 다른 물품은 없나요"
2,"올해 구정은 언제지"
2,"내일 저녁에 비는 시간 말해줘"
2,"올해 우리 아버지 생신이 무슨 요일인데"
2,"어제 받은 메일 수신자 확인해줘"
2,"다음 해 신정 일출 시간을 알려줘"
2,"보고싶다 친구야 잘 지내지 "
2,"새로 온 편지 개수 확인해줘"
2,"현재 전국 고속도로의 날씨는"
2,"이번 토요일 저녁 일정이 있니"
2,"아웃백 싸게 먹을려면 뭐 먹어야해"
2,"태권도 관련 기사는 없을까"
2,"다음주에 내 남편일정이 많이 바쁘니"
2,"내일 낮에 얼마나 습할지 아니"
2,"해외결제 메일 있니"
2,"콜오더 서비스 이용하면 수수료 얼마야 "
2,"팩스를 어디서 보낼 수 있을까요"
2,"내일 예상 강수량 말해줘"
2,"다음주 토요일 오후 일정이 어떻게 되는지 알려줘"
2,"노트북이 켜져 있는지 확인해줄래"
2,"나 월차 저번달에 몇 개 썼니"
2,"일요일 약속이 어디지"
2,"다음주 금요일 날씨 아니"
2,"다음주 저녁약속이 언제언제 있니"
2,"보낸 메일함에 전체 이메일 몇 통이냐"
2,"칠월 월간 평균 기온이 얼마나 되는지 알려줘"
2,"한시간 뒤에 일정 뭐 있니 "
2,"기말고사 어디서 보니"
2,"남산공원 근처 편의점은 어떻게 간데"
2,"내일 수업 정확히 몇 시에 끝나"
2,"레저 스포츠의 종류에 대해서 알고 싶어요"
2,"액션영화 멜로영화 중 뭐 볼 거래 "
2,"실내온도가 지금 어떻게 되니"
2,"자외선 지수가 얼마나 높니"
2,"내일 오후 일정 어떻게 되니"
2,"하이닉스 요즘 주가는 얼만데"
2,"안경점에서 온 메일이 스팸메일함에 있니"
2,"이혼을 하지 않으려면 어떻게 해야 하나"
2,"이번학기 종강일이 언제인지 알려줘"
2,"안방 난방기를 켰니"
2,"주식형 펀드와 적금 중에 뭘 하는게 좋을까"
2,"케이블카도 교통 수단이라고 할 수 있을까 "
2,"전체메일함에 기업이라는 단어의 메일이 몇 개나 있니"
2,"욘사마 관련 소식을 찾아라"
2,"황사 언제부터인지 알려줘"
2,"서울 첫눈 시기 좀 알려줘"
2,"청담동에서 가장 유명한 네일숍은 어딘데"
2,"이번주 수요일에 영화 볼 장소는 어디니"
2,"오늘 구름이 많이 껴있는지 확인해"
2,"난방이 켜져있니"
2,"오늘 미세먼지 알려줘"
2,"거실의 창문이 닫아져 있는지 확인해라"
2,"오늘 보스턴에 미세먼지농도가 얼마니"
2,"이번달 동생 군입대가 언제니"
2,"샐러드나 소스는 어떠세요"
2,"공지 메일 언제왔니"
2,"전기밥솥 전원 꺼져있는지 확인해줄 수 있니"
2,"강원도 삼척의 온도 알려줘"
2,"지금 우리동네 습도 알려줘"
2,"이벤트성 메일 차단되어있니"
2,"내일 아침 안개 심한 지역좀 알려줄래"
2,"이번 주 강수량이 어떻게 되니"
2,"이번 주 폭염주의보 언제 있어"
2,"공개방송이면 연예인들 나오는 거 "
2,"내일 습도 알려줘"
2,"통합보험이랑 종신보험이랑 뭐가 다른지 알아"
2,"열대야 언제 끝나니"
2,"오늘 언제가 제일 더워"
2,"냉장고 온도가 어떻지"
2,"내일 가족여행 일정이 맞니"
2,"이율 가장 높은 기관이 어디예요"
2,"휴지통에 메일이 전부 삭제되어 있니"
2,"도봉도서관에 책 반납일 언제니"
2,"지금 건조기에 세탁물 들어있니"
2,"하나님은 누구를 통해 히스기야에게 예언하게 했나요"
2,"이번주 일정 중 공항 일정이 있다면 알려줘"
2,"작년 삼월 미세먼지 나쁜 횟수 알려줘"
2,"다음주에 내가 신경써야 할 일정이 있으면 알려줘"
2,"방금 보낸 메일에 첨부 파일이 포함되어 있었니"
2,"오늘 누구랑 쇼핑하기로 했는지 알려줘"
2,"월요일 저녁 약속 장소는 어디야"
2,"오늘 날씨 알려줘"
2,"이번주 목요일 속초 최고 기온 몇도니"
2,"이천십칠년 십이월 서울 평균 온도가 어떻게 되니"
2,"내일 약속 없는 시간 알려줘"
2,"내일 얇은 옷을 입어야 하니"
2,"내일 다섯시에 어디서 밥먹기로 했니"
2,"엘리사는 농부가 가져온 음식으로 몇 명을 먹이고 남게 했나요"
2,"장마가 언제 시작되니"
2,"종목에 없는 주식회사는 왜 그런 거지 "
2,"이천 사년 유로 월드컵의 우승 팀에 대한 기사 어떤 내용이지"
2,"나 말고 손님은 와"
2,"냄비를 빌려도 될까요"
2,"타행으로 계좌이체하면 돈이 더 드는데 다른 계좌는 없어 "
2,"제아 삼촌 언제 온대"
2,"친절한 금자씨 개봉일이 언제야"
2,"오늘 대구의 풍속은 얼마지"
2,"전기 제일 많이 쓰는게 뭔지 알려줘"
2,"구매한 물품의 예상 도착일을 모레로 등록되어 있니"
2,"제일 최근에 수신된 메일은 누가 보냈니"
2,"내일 제주도 날씨 알려줘"
2,"오늘 미세먼지 수치가 어떻게 되니"
2,"중국 오픈 탁구에 관한 기사를 뽑아주렴"
2,"흰 눈 사이로 썰매나 탈까"
2,"미세먼지 좋은지 알려줘"
2,"과모임 장소가 어디지"
2,"한강교량 구간의 통행 소요 시간은 얼마나 되는지 파악해주련"
2,"결국 교만한 산헤립은 누구에게 죽임을 당했나요"
2,"오늘 몇시 부터 비가 그치는지 알려줄 수 있니"
2,"토요일날 무슨 일정 있었는지 알려줘"
2,"인라인 장비를 사러 왔는데 어그레시브용이래 이게 뭐야 "
2,"바깥은 많이 추워"
2,"현재 풍랑 주의보 해제 지역을 보여"
2,"이번주에 친구 만나는 일정 있으면 알려줄래"
2,"당신은 시골에 삽니다를 세자로 줄이면"
2,"내일 수원 날씨 아니"
2,"여자친구 생일이 언제니"
2,"다음 주 일정 중에 취소된 거 있어"
2,"석이 돌 잔치가 언제지"
2,"십원 중에 하나를 뺀 것을 무엇이라 하는가"
2,"내일 풍속 알려줘"
2,"지금 에어컨 몇 도로 되어 있어"
2,"오늘 서울 최저온도는 몇이니"
2,"오늘 오전 일정이 어떻게 되는지 알려줘"
2,"오늘 서해안 썰물 때 좀 알려줄래"
2,"선생님과 약속 언제였는지 알려줘"
2,"오늘 소나기 오는지 아니"
2,"내일 오전 야외활동 있니"
2,"내일 동기 모임 어디 인지 알려 줄 수 있니"
2,"다음주 엠티 날짜 알려줘"
2,"어젯밤 송신 내용 중 세시 에서 다섯시 사이에 확인 이메일 보여라"
2,"신호가 바뀌었는데 왜 출발을 안 하지 "
2,"올해 추석은 언제야"
2,"어제 두시에 누구에게 메일이 왔는지 알려줄수 있니"
2,"이번주 주말에 저녁약속이 있니"
2,"내일 학교에 몇시까지 가야하니"
2,"다음 달 결혼 기념일 무슨 요일인지 확인해줄 수 있니"
2,"거래처에서 온 메일들 중에 안읽은 메일이 있니"
2,"금요일 저녁 약속 몇 시인지 알려줘"
2,"이번 달 생일 인 사람 누구인지 알려줄 수 있니"
2,"샤워기 꺼졌는지 봐줘"
2,"베란다 불 꺼져있니"
2,"폐업된 법인을 다시 살리려고 하는데 혹시 어떡하는 지 알아"
2,"낙성대 근처 가장 싼 음식점은 어디지"
2,"내일 몇 시가 가장 따뜻한지 알려줘"
2,"달맞이 고개에서 전망 제일 좋은 음식점은 어떻게 가니"
2,"보낸 편지함은 비워져있니"
2,"관광 버스가 있나요"
2,"비상장 주식일 경우에도 스탁옵션 행사가 가능할까요 "
2,"내일 서울 날씨가 흐리니"
2,"받은 메일 중에서 확인 안한 메일 찾아줘"
2,"오늘 회사에서 메일 온 것 있나 확인해줘"
2,"저녁 약속이 몇 시였니"
2,"다음달 연주회 날짜 알려줘"
2,"이번 주 금요일에 선생님과 면담이 몇 시니"
2,"옛 생각에 뽑기 해 먹다가 혀 데였다며 괜찮아 "
2,"창문이 열린 곳이 있는지 확인해줘"
2,"방금 보낸 메일에 동영상이 첨부 되어있니"
2,"강원도 갈껀데 눈이 오는지 알려줘"
2,"내일 오후에 꽃가루 경보가 있니"
2,"지금 습도는 몇 퍼센트인지 알려줘"
2,"어떤 천과 어떤 색깔의 옷을 입고 싶으세요"
2,"작년 팔월 둘째주에 베트남 호이안에 비가 왔니"
2,"매달 핸드폰요금 내는 날이 며칠이었지"
2,"서울시에서 하는 간선 버스와 지선 버스는 무엇입니까 "
2,"이번주 토요일에 봉사활동 몇시까지 가야 하니"
2,"정액권이 한 이만오천원인가 십 회 자유수영"
2,"흐린 날씨가 언제까지 인지 알려줄래"
2,"팔월 일본여행 일정 언제인지 알려줘"
2,"그동안 잘 지내셨어요"
2,"내일 강수량이 어떻게 돼"
2,"현관에 누가 왔는지 좀 알려라"
2,"거기 가려면 몇 호선 타야 돼 "
2,"이번주에 장마전선 없니"
2,"다이어트 관련 메일 왔니"
2,"내게쓴메일함에 어제 온 메일 내용 알려줘"
2,"남산 삼 호 터널은 원활한지 알려다오"
2,"빨래는 추운 날씨와 더운 날씨 중 어느 때 더 잘 마를까"
2,"할아버지가 입원하신 병원이 어디니"
2,"동물병원에 갈 시간 좀 체크해줘"
2,"일본으로 전화하려면 몇 번을 처음에 눌러야 하나요"
2,"경부 고속도로에 노면이 결빙된 구간은 얼마나 되니"
2,"다음주 토요일 비 오니"
2,"중앙도서관에서 온 메일 있니"
2,"남포동 주변 매운탕 집 어떻게 가냐"
2,"혈압 약은 거르지않고 잘 드시고 있나요"
2,"내일은 해가 몇 시에 뜰까"
2,"식중독지수에 관해서 검색해줘"
2,"지난 달 전기세 얼마 나왔는지 알려줘"
2,"아들 제대 날짜 알려줘"
2,"내일 친구와 몇시에 카페가기로 했니"
2,"몇시에 볼까"
2,"회사에서 온 메일 있냐"
2,"스팸메일함에 메일이 몇 개나 있어"
2,"오늘 제목에 교수님이 포함된 메일이 왔니"
2,"신혼 첫날 신랑이 신부를 안아 영화처럼 침대 위에 던졌는데 신부가 기절한 이유는"
2,"어제 메일 몇 개 보냈는지 확인해"
2,"차 무슨 돈으로 샀어"
2,"이번 주말에 태백산 날씨 어떨지 궁금해"
2,"이번 연도 상반기에 공휴일이 며칠이니"
2,"내일 오후 스케쥴 몇시에 어디서 있는지 알려줘"
2,"내일 예상 강수량 아니"
2,"내일도 오늘만큼 습하니"
2,"이번주에 받은 메일 몇건인지 알려줘"
2,"다다음주에 일정 있는지 확인 좀 해줄 수 있어"
2,"솔로몬이 일천번제를 드린 곳은"
2,"이번 주에 며칠이나 비가 오니"
2,"왜 일본 스키장에 가려고 하는 거지 "
2,"스탠드 밝기 설정이 어떻게 되어 있어"
2,"무선청소기 충전이 다 됐니"
2,"오늘 오후 다섯시 날씨좀 알려줄 수 있니"
2,"가스불 꺼져있는지 알려줄 수 있니"
2,"다음달 일일에 스케줄 있니"
2,"어제 농구 삼성과 티지 삼보의 경기 관련 기사 어떤 내용이지"
2,"내일 오후 여섯시에 스케줄이 있니"
2,"상무님 휴가는 언제부터이니"
2,"텔레비전 켜져 있니"
2,"내일 아침 서울 날씨 알려줘"
2,"학교 방학이 언제까지인지 알려줘"
2,"보일러 온도 확인해줘"
2,"내일 점심 약속이 뭐였지"
2,"내일 강수량 좀 알려줘"
2,"시드니까지 할인 항공권 있나요"
2,"이자는 년 몇 퍼센트야 "
2,"내일이 음력으로 언제야"
2,"다음주 부산 여행 언제 출발하니"
2,"작년 이맘때쯤 비가 왔니"
2,"십일월달 농구 경기 일정 언제인지 알려줘"
2,"토요일 용인 날씨 아니"
2,"내가 오늘 할일 다 했니"
2,"오늘의 주가는 어떨지"
2,"가장 초조했던 경험은 무엇이었나요"
2,"오늘 건조주의보 인지 알려줘"
2,"가스 끄고 왔는지 점검해줘"
2,"오늘 날씨 좋을까"
2,"오늘 보낸 메일 상대방이 읽었니"
2,"순매수 규모가 어느 정도로 커 "
2,"오늘 구름이 많이 껴있니"
2,"오늘 응급으로 온 메일 있니"
2,"오늘태국 미세먼지 지수 좀 알려줘"
2,"다음달에 태풍이 올까"
2,"오늘 오후 다섯시 모임 시간 알려줄래"
2,"체크 아웃이 언제니"
2,"앞으로 일주일 동안 중에 가장 따뜻한 날씨는 언제야"
2,"내일 비가 올까"
2,"추계 학회 있다는 소식 들었나 "
2,"보낸 메일함에서 수신확인 안 된 메일들 몇 개야"
2,"이렇게 어색할 수가 어떻게 해야 친해지는 거야"
2,"어제 온 이메일이 몇 개니"
2,"안방 창문 열려있는지 확인해줄수있어"
2,"전국에서 미세먼지가 가장 낮은 곳이 어디니"
2,"다음주 제주도 날씨를 알려줘"
2,"내일 서울의 습도는 어떤지 알려줘"
2,"농구 경기에서 센터와 포워드의 중간 역할 포지션은 어디인가"
2,"이번학기 성적마감일이 언제니"
2,"만덕터널 공사 상황 알려주련"
2,"내일 비가 내리니"
2,"아기 잘 있는지 확인해라"
2,"오늘 갈 모든 장소를 알려줘"
2,"이메일주소록이 비어있니"
2,"내일 아버지랑 저녁약속 장소가 어디니"
2,"다다음주 월요일부터 금요일까지 베이징 날씨 확인해줘"
2,"다니엘의 바벨론 이름은 무엇인가요"
2,"내일 폭풍이 언제 끝나"
2,"모레 기온이랑 습도좀 말해줄래"
2,"미 상공회의소 회장과 인터뷰 기사는 뭐냐"
2,"거기 눈오니"
2,"텔레비전 꺼져 있니"
2,"오늘 저녁은 누구와 약속이 있니"
2,"내일 서대문구의 온도가 몇이야"
2,"스팸메일 몇 통이나 왔니"
2,"오늘 만나서 뭐 할까 밥 먹고 영화나 볼까 "
2,"오늘 자외선 지수가 어떻게 되니"
2,"내일 가디건 챙길만한 날씨니"
2,"내일 뉴욕에 비가 오는지 알아봐라"
2,"내일 친구와 영화 볼 장소가 어딘지 알려줘"
2,"마지막으로 영화 단어 들어간 일정이 언제였니"
2,"방학 보충 시작하는 시간이 몇시인지 아니"
2,"다음주 금요일 예상 온도가 어떻게 되니"
2,"아시안 게임 관련 기사 찾아주렴"
2,"이번주 미팅이 있는날 일어나는 알람을 오전 일곱시로 설정 변경 했니"
2,"어제 강수량 얼마였었니"
2,"이번달 동기들과 어디서 모이기로 했니"
2,"올해 첫 눈 소식을 알려줘"
2,"어제 보낸 메일 상대방이 읽었니"
2,"이대 주변 컷트를 제일 잘하는 미용실은 어떻게 간데"
2,"화장실에 불 껴져 있니"
2,"영국에서 온 이메일 있는지 알려줘"
2,"한 시간 내에 온 메일이 몇 통이니"
2,"오늘 저녁에 비오는지 알려줘"
2,"그럼 우리의 약속은 다 없어진 거니 "
2,"내일 아침에 만들 음식 알려줘"
2,"올해 첫눈은 언제 내리는지 알려줘"
2,"이건 어디 제품이죠"
2,"네가 말하는 그 업체가 청계천 복원 사업에 참여 한 거지 "
2,"모레 날씨가 맑은지 알려줘"
2,"냉장고 온도가 잘 유지되고 있니"
2,"펜션으로 갈까 아니면 호텔 돈도 없는데 그냥 민박할까"
2,"다음 주 날씨가 전반적으로 어떻니"
2,"덕천교차로 상황을 보고싶다"
2,"내일 친구와 과자가게 가기로 한 약속이 있니"
2,"강릉에는 얼마나 많은 눈이 내렸니"
2,"대북 쌀지원 관련 소식을 찾아줄래"
2,"실내 온도가 이십 구도 이상이니"
2,"이번주에 눈 오는 날 알려줘"
2,"오늘 오후 두시 이후에 온 메일이 있니"
2,"이번달 세금 내는 날 알려줘"
2,"다음주 서울에 미세먼지 지수 최저인 날 알아봐"
2,"신뢰도가 제일금융권이 좋을까 아니면 제이 금융권이 좋을까"
2,"다음달 스케줄 없는 날 언제인지 확인해"
2,"보낸 편지함에 제일 최신 메일이 어디로 보낸거니"
2,"이 지역의 이산화질소 농도를 알려줄래"
2,"무슨 일 있어"
2,"다음주 목요일에 예상 기온이 몇이야"
2,"주식이란 정확히 무엇을 말하는 거니 "
2,"나한테 왜 그러는지 물어볼려고 왔어"
2,"내일 폭염경보 발효되는 곳이 어디니"
2,"어떻게 된 거야"
2,"오늘 강수 확률 알려줘"
2,"주말에 과외 스케줄좀 알려줘"
2,"다음주 일기예보 좀 알려줄래"
2,"못 믿겠음 내기 할래요"
2,"메일함에 있는 읽지 않은 메일 지워졌니"
2,"수신 메일함에 있는 메일이 다 삭제됐니"
2,"할머니 건강하시죠 곧 찾아 뵐게요"
2,"교회의 제일 높은 곳엔 무엇이 있나"
2,"첫눈이 언제 내리니"
2,"거실 보일러 몇 도로 설정되어있어"
2,"이번에 교양과목 뭐 들어 "
2,"이월 일정이 어떻게 되는지 알려줘"
2,"강수량확인 부탁주겠니"
2,"오늘 오후 다섯시 이후에 내가 보낸 메일이 있니"
2,"오늘 체감온도 알려줘"
2,"학교에서 온 메일의 수신여부 좀 확인해줘"
2,"보험 종류에는 종신보험 외에 또 어떤 것들이 있지요"
2,"내일 오후는 맑은지 알려줘"
2,"오늘 오후 세시에도 미세먼지 농도 높은지 아니"
2,"이번주 생일파티는 어디서하니"
2,"내일 비는 언제까지 내리니"
2,"앞으로이두 사람의 관계도 궁금합니다"
2,"내일 영화 볼 극장은 씨지브이 맞니"
2,"경운기 운전해 보셨어요"
2,"어제 온 메일 몇 개니"
2,"오늘 학교에서 메일 온 것 있나 확인해줘"
2,"오늘 조카랑 놀이공원 일정 몇시인지 아니"
2,"내일 밤 일정을 말해줘"
2,"오늘 예상 일교차 말해줘"
2,"세금 관련된 메일이 왔니"
2,"이번 주 불쾌지수 알려줘"
2,"기말고사가 언제부터야"
2,"안 읽은 메일 있니"
2,"강원도 지역에 눈이 얼마나 왔지"
2,"받은 편지함의 편지 수가 몇 개니"
2,"광주에 자외선지수가 얼마나 되는지 알려줘"
2,"어제 알바 이력서 보낸 것 읽으셨는지 확인해줘"
2,"내일 가는 음식점 주소 아니"
2,"미용실 예약이 언제로 되어있니"
2,"어제 부산에 비가 얼마나 왔는지 강수량 좀 알려줘"
2,"오늘 달러 환율 얼마예요"
2,"내일 날씨 어떠니"
2,"이번주에 병원 일정이 있니"
2,"지금까지 내린 비 강수량을 알려줘"
2,"내가 어제 회장님 메일에 답장을 했니"
2,"초인종이 몇시 쯤에 울렸니"
2,"택배 관련 메일이 왔는지 확인해"
2,"오늘 마스크를 챙겨야 하니"
2,"애플에서 가입확인 이라는 제목의 이메일 왔니"
2,"페이스북 알림과 관련한 이메일이 온게 있니"
2,"오늘 풍향이 어떻게 돼"
2,"오늘 새 편지 중 공지 메일을 찾아"
2,"내일 오후 세시 부산 날씨 좀 알려줘"
2,"내일 낮에 얼마나 습할지 알려줘"
2,"내일 오전 아홉시 강수확률이 어느 정도니"
2,"이틀전에 온 메일중에 안읽은 메일이 있니"
2,"바다와 산 중에 어디 갈지 너가 골라"
2,"거실 불 껐는지 알려줘"
2,"어떤 쇼가 있나요"
2,"오늘 낮에 햇볕 강하니"
2,"폭염 다 지나는 날이 언제 인지 알려줄 수 있니"
2,"내일 대전 날씨 아니"
2,"혹시 베란다 등이 켜져 있니"
2,"단풍 절정 시기 좀 알려줘"
2,"아테네 올림픽 한국 양궁팀의 순위 관련 기사는"
2,"고깃집에서 만나는 거냐 횟집에서 만나는 거냐 "
2,"지금 날씨의 뇌졸중가능지수를 알려줘"
2,"현재 집안 온도가 몇 도니"
2,"내일 가족모임이 몇시니"
2,"서울 도봉구에 지금 비가 오는지 알려줘"
2,"텔레비전 꺼져 있는지 확인해"
2,"공기질 확인해줘"
2,"거실 에어컨 꺼져 있지"
2,"다음달 가족모임이 언제인지 알려줘"
2,"경부 고속도로에 노면이 결빙된 구간은 어딘데"
2,"오늘 서울 미세먼지 농도 좀 알려줄 수 있니"
2,"정기 적금 만료일 알려줘"
2,"오늘 날이 언제쯤 갤까"
2,"북한산에 언제 단풍드는지 알려줘"
2,"비가 언제까지 오는 지 알려줘"
2,"오늘은 누구 왔니"
2,"우리 회사 어음 꽤 많이 끊었던데 괜찮을까"
2,"다음주에 온도가 십도 이상인 요일이 언제야"
2,"오늘 어디에서 빙수 먹기로 했는지 알려줘"
2,"전체메일이 몇 통이나 있는지 확인해줘"
2,"외교통상부 장관에 대한 뉴스를 보여주렴"
2,"다음주 중요 이벤트가 무엇인지 알려줘"
2,"오늘 온 메일이 있니"
2,"이번달 전력 사용량 검색해줘"
2,"계정 추가 옵션이 어디에 있는지 아니"
2,"내일 가디건 챙겨야 되는지 알려줘"
2,"읽음 표시된 메일 중에 미다운로드된 첨부파일이 있니"
2,"어제 온 메일중에 안 읽은 메일이 있니"
2,"이번 달 전기세 얼마 정도 나올까"
2,"이번주 금요일 날씨 알려줘"
2,"내일 두번째 스케쥴이 몇시로 되어있니"
2,"에어컨 켜져있니"
2,"화상실 욕조에 물 켜져있니"
2,"메일함에 단체에서 온 메일이 더 많아 아니면 개인에게서 온 메일이 더 많아"
2,"내일 오전일정이 취소되었니"
2,"대설주의보 내려진 지역 어디니"
2,"요금 빠져나가는 날이 언제니"
2,"새벽에 비오니"
2,"현관문 열려있니"
2,"요즘 사업은 어떠십니까"
2,"요즘 건강은 어떠세요"
2,"가스레인지 좀 꺼졌나 확인해줄래"
2,"오늘의 금리는 어떻게 될까"
2,"메일함의 총 용량은 얼마나 되니"
2,"내일 오후 기온이 얼마니"
2,"오늘 습도가 어떠니"
2,"이번 주중에 일정 있니"
2,"지금 외출모드 설정 시간이 어떻게 되니"
2,"오늘 동해 물살 강도 알려줘"
2,"새로운 메일이 있는지 확인해줘"
2,"다음달 여행이 언제였는지 알려줘"
2,"오늘 드라이브하기에 날씨 어때"
2,"텔레비전 켜져있는 지 확인해줘"
2,"부산 지역 해수욕장의 수온은 얼마지"
2,"같은 메일 주소로 오늘 온 메일이 있니"
2,"견적관련 메일 온거 있는지 봐줘"
2,"오늘 관악구 미세먼지 농도 알려줘"
2,"종로에서 술마시기로 한 날이 언제니"
2,"밖에 미세먼지 농도가 얼마나 되는지 검색해줘"
2,"에어컨 꺼져 있니"
2,"이번주 영화약속 언제인지 알려줘"
2,"위메프에서 온 메일 모두 지웠니"
2,"내일 흐림지수를 알려줘"
2,"칠월달 평균 강수량이 얼마니"
2,"하늘에 별이 없으면 어떻게 되나"
2,"냉장고에 생선 있니"
2,"목요일 자외선 어떤지 알아봐라"
2,"오늘 회의 몇시에 있니"
2,"오늘 수업시간에 컴퓨터 준비 해야 돼나 "
2,"장마 언제 끝나는지 알려줘"
2,"강남에 있는 고시원은 어떻게 간데"
2,"오늘 눈 오니"
2,"경상남도의 평균 기온 알려줘"
2,"내일 비오는 지 알려줘"
2,"지호 훈련 가는 날짜가 언제야"
2,"보일러 온도 몇도인지 알려주겠니"
2,"지방 축제 행사 촬영이 있어서 가는데 데려 가 줄까 "
2,"본인을 표현하면 어떤 사람인가요"
2,"아침에 눈 얼마나 내렸는지 알려줘"
2,"리턴메일 메일 주소 다시 한 번 확인해 줄 수 있니"
2,"내게 쓴 메일 중 안 안읽은게 있니"
2,"파일로 올려 드릴지 메일 로 보내 드릴지 모르겠어요"
2,"어제 뉴욕 올리언즈팀 관련 기사 찾으렴"
2,"이번 달에 공휴일은 총 몇 일이니"
2,"한시간뒤 비 소식있는지 알려줘"
2,"내일도 오늘만큼 쌀쌀하니"
2,"이층 창문이 다 잠겨있는지 확인해줘"
2,"내 방 창문 닫혀 있니"
2,"현재 서울시내 교통 원활한 곳을 보여주렴"
2,"크리스마스에 눈이 올까"
2,"지금 집 습도가 얼마니"
2,"지금 비 오는지 봐줘"
2,"친구랑 만나기로 한 날짜가 언제더라"
2,"다다음주 오사카 오후 날씨 어때"
2,"가스레인지 꺼져있니"
2,"다른 대학에 합격하면 어디로 진학할 건가요"
2,"집안 창문은 다 잠겨 있니"
2,"환풍기 켜져 있는지 확인해줄래"
2,"어제부터 오늘까지의 누적 강수량을 알려줘"
2,"언제쯤 비가 올지 알려줘"
2,"내일 태풍이 올해 몇번째 태풍인지 알려줘"
2,"과연 올해 안에 천이백선 도달할 수 있을까 "
2,"가스 불 꺼져있는지 확인해"
2,"인터넷 설치기사가 언제 오기로 했는지 일정에서 확인부탁할게"
2,"오늘 서울 최저 기온이 몇인지 검색해줘"
2,"오늘 오후에 날씨가 어떻게 돼"
2,"설날에 비가 올까"
2,"애니콜 프로 농구에 관한 기사를 정리해서 보여"
2,"삼일전 서울 두 시 기온이 얼마였니"
2,"이 줄은 뭐에요"
2,"왜 비가 오면 운전하는 것이 위험할까"
2,"저번주 나에게 제일 많이 메일보낸 계정 확인해줘"
2,"부재중 전화가 언제 왔니"
2,"지금 공장 가동률이 몇 퍼센트나 되지"
2,"지난 주에 언제 회의를 했었는지 알려줘"
2,"내가 치댔어"
2,"잠잘 때 듣는 말은"
2,"내일 일교차 몇 도일까"
2,"베란다에 불이 꺼져있는지 알려줄수있니"
2,"이삭은 빼앗긴 우물을 통해 무슨 축복의 우물을 파게 되었나요"
2,"내일 오전에 눈이 오는지 확인해알려주겠니"
2,"이번주 무료음악연주회 위치 알려줘"
2,"메일 사이트는 어디 이용해나한테 알려줘"
2,"얘 어딨어"
2,"이번 주 주말에 많이 더울까"
2,"버스 급정거시 신실한 청년이 할머니를 껴안고 하는 기도는"
2,"카드결제 메일이 왔니"
2,"구월십삼일에 보낸 메일 수신 확인했니"
2,"이 문자 뭐에요"
2,"매달 카드요금 내는 날이 며칠이었지"
2,"사람의 신체 일부를 볶아먹고 사는 사람은"
2,"오늘은 얼마나 더운지 알려줘"
2,"여자친구랑 아직도 사귀니 "
2,"실내 습도 좀 알려줄래"
2,"영임이가 오기로 한 날은 언제지"
2,"에어컨 얼마 동안 켜져 있었니"
2,"지엠오 관련 기사를 찾아라"
2,"집에 사람이 들어와 있니"
2,"하나님이 사무를 보는 것을 다른 말로 표현하면 무엇인가"
2,"오늘의 습도 얼마지"
2,"오늘 오후 일정 알려줘"
2,"오늘 전주 날씨 좀 알려줘"
2,"다음 주 화요일에 우리 보기로 한 거 맞지"
2,"거실 불 상태 봐줘"
2,"오늘 탁구 경기 관련 기사를 알려"
2,"오늘 뉴욕 메츠에 대한 소식이 있니"
2,"내일 열두시에 뭐하는지 알려줘"
2,"나 지금 출발하려고 하는데 버스가 빠를까 지하철이 빠를까"
2,"오늘 구름이 얼마나 있니"
2,"예년 날씨에 비해 올해 날씨는 어때"
2,"아르바이트 관련 메일이 오늘 왔는지 확인해"
2,"오늘 오후 아홉시에 어디서 밥먹기로 했니"
2,"신촌역 앞 편의점은 어디일까"
2,"한 시간 안으로 온 이메일이 없었니"
2,"내일 부모님이랑 어디서 보기로 했지"
2,"다음주 화요일에 태풍 오는지 알아봐라"
2,"회사로부터 받은 모든 메일의 수신여부 확인할 수 있니"
2,"현재 한국에 어떤 태풍이 오고 있니"
2,"이번주 목요일 날씨좀 확인해줘"
2,"내일 태풍 부는데 낚시하러 부산항에 가도 괜찮을까"
2,"비 얼마나 온거니"
2,"어제 밤 열시에 온 메일 발신자 누구니"
2,"내일 오후 몇 시에 거래처에 들러야 하니"
2,"내일 보는 영화 어디서 보기로 했는지 알려줘"
2,"무슨 일 있었어"
2,"지난달에 미용실에 간 날은 언제지"
2,"거실에 불꺼져 있니"
2,"대출 받으려고 하는데 어느 은행이 제일 좋으니 "
2,"오늘 자외선 치수는 몇인지 아니"
2,"이번주에 안개 끼니"
2,"병원 예약이 언제였는지 알려줘"
2,"지금 강릉에 내리고 있는 비의 강수량을 아니"
2,"공지 참조 누구였니"
2,"오늘 집에 몇 명이 왔었니"
2,"다음주중에 언제 비가 안오는지 알려줘"
2,"내일 일몰 시간이 언제야"
2,"아버지 생신 언제인지 알려줘"
2,"애기가 어디에 있는지 찾아서 보고 와"
2,"가스렌지 지금 켜져 있니"
2,"오늘 비가 언제 오는지 알려줘"
2,"새해는 무슨 요일이지"
2,"다음달 한국 입국 일정 언제야"
2,"학교에서 메일이 얼마나 왔니"
2,"내가 회사에서 온 메일 답장 했나"
2,"오늘 친구랑 약속 몇시니"
2,"오늘 불쾌지수가 얼마나 상승할지 아니"
2,"호텔예약확인 이메일 왔니"
2,"언제쯤 눈이 그칠까"
2,"추석날 경부 고속도로 지체 구역은"
2,"이번달 카드내역 메일로 온 거 있는지 확인해줘"
2,"이번주 날씨 알려줘"
2,"저번주 주간회의가 몇시로 되있었니 "
2,"넥슨 회사에서 온 메일 모두 차단 했니"
2,"메일 첨부파일 들어갔는지 확인했니"
2,"어제 산 로봇 청소기가 고장났는데 수리센터를 아니"
2,"내일 최고 기온이 몇도인지 알려줘"
2,"오늘 계약 한 건 했다 뭐 먹고 싶어 "
2,"모레에 눈이 많이 올까"
2,"몇일에 동창회 일정에 잡혀있니"
2,"시청 로타리 차량 통행 상황을 보여주렴"
2,"이번 달 신용카드 국내 승인 내역 모두 확인했니 "
2,"내일 아침 일정 장소가 어디니"
2,"내일 강수확률이 몇 퍼센트야"
2,"새로 온 편지 있니"
2,"가스 밸브 잠겨 있니"
2,"다음주 월요일 새벽 날씨 좀 알려줘"
2,"에어컨 틀어져 있니"
2,"내일 몇시에 일출이 있는지 검색해줘"
2,"임시보관함에 메일 몇 개 있어"
2,"영화 표 메일 중요 메일함에 넣어졌니"
2,"수요일 밤 아홉시에 예약을 하려는데 겹치는 일정이 있니"
2,"도서 반납예정일 이라는 제목의 메일 별표했니"
2,"내게 쓴 메일이 저장되어 있니"
2,"보낸 편지함에 수신 여부 확인해 줄래"
2,"보낸 메일함에 있는 메일 개수 알려줘"
2,"내 계정 남은 용량좀 확인해 줄수 있니"
2,"제헌절에 일정이 있는지 알아봐"
2,"폭염은 언제 끝나니"
2,"중요 메일 온거 있니"
2,"제주도 갈 때 배타고 갈까 아님 비행기 타고 갈까"
2,"주방에 블라인드 쳐져 있니"
2,"어제 온 메일이 몇 개니"
2,"에이티엠 몇 시부터 수수료 붙지"
2,"내일 낮 기온은 몇도니"
2,"오늘 일몰 시간이 언제니"
2,"지난달 미세먼지 나쁨 횟수 몇 번이야"
2,"오늘 티비 몇시부터 몇시까지 켜져있었니"
2,"내일 일교차가 얼마나되는지 알고있니"
2,"내일 점심 서울의 날씨 알려줘"
2,"어제 대구 강수량 좀 검색해줘"
2,"보고서 완료일을 모레로 설정되어 있니"
2,"내일 눈이 오는지 알려줘"
2,"대통령의 취임한 날짜는 언제야"
2,"내일 최저기온 알려줘"
2,"오늘 아침에는 출근길 많이 막히나 알려라"
2,"뭐 해줄꺼야"
2,"전라도에 비가 오는지 확인했니"
2,"스팸메시지함에 몇통이나 있니"
2,"내일 입찰은 몇 시지"
2,"내일 스케줄 보여줘"
2,"오늘 밤에 비가 오는지 알려줘"
2,"안녕하세요"
2,"스탠드 켜져있니"
2,"내일부터 자율 십부제 운행한다던데 넌 내일 쉬는 날이지"
2,"내일 눈은 언제까지 내리니"
2,"서울 부산 고속철 운임 얼마해"
2,"선풍기 아줌마 관련기사를 보여라"
2,"메일함에 메일이 몇 통이 있니"
2,"오늘 회사에서 메일이 왔니"
2,"요가가 살 빼는 데 효과가 있을까 "
2,"오늘 황사 지수가 어떤지 알려줘"
2,"컴퓨터 전원 꺼져있는지 확인해"
2,"다음달 세번주 수요일이 몇일이니"
2,"다음 메일이랑 연동된 메일 뭐 있어"
2,"이번달 강수일수 알려주겠니"
2,"주가 차트 어떻게 읽는 거냐"
2,"오늘 모임에 참석할 건가요"
2,"로마로 가던 배가 쪼개져서 도착한 섬은 어디인가요"
2,"고속도로 현재 교통상황을 보자"
2,"오늘 오후 일정 중 장소가 서울이 아닌곳 알려줘"
2,"지금 세탁기에 빨래 들어있니"
2,"수신거부 메일은 무슨 이유로 했어"
2,"일주일 전에 회사에서 온 메일 알려줄수 있니"
2,"이번주 열대야가 언제인지 알려줘"
2,"내일 최저기온이 몇도니"
2,"치과 예약이 무슨 요일이니"
2,"오늘 바람이 얼마나 불까"
2,"나 새 차 살건 데 뭐가 좋을까"
2,"좋은 인상을 주기 위해 자신을 바꾼 적이 있나요 "
2,"경기지방 특산물을 찾아라"
2,"수요일 날씨가 몇도니"
2,"내일 과외 저녁 일곱시 맞지"
2,"내일 여섯시에 어디서 만나기로했니"
2,"화장실에 불 켜져 있니"
2,"둘째 담임 선생님 방문일이 언제야"
2,"중요메일함에 메일 몇 통이나 있니"
2,"여기 책임자는 누구죠"
2,"호주는 여기랑 온도차가 얼마나 나는지 알려줘"
2,"오늘 해지는 시간을 알려줘"
2,"오늘 일정이 뭐가있는지 알려줘"
2,"지난 달 가스비 얼마 나왔지"
2,"수요일 회의 일정이 있니"
2,"어제 강수량 얼마였는지 보여주라"
2,"새벽에 안개가 많을지 확인해줘"
2,"이 메일에 답장 왔니"
2,"너 혹시 교육학 인터넷 강의 들어본 적 있어"
2,"리포트 제출 언제까지 알려줘"
2,"오늘 내 스케쥴이 어떻게 되는지 말해줘"
2,"일요일에 약속 있었니"
2,"전자레인지 끝날 때까지 몇 분 남았니"
2,"내일 오후에 서울 날씨 어떤지 아니"
2,"내일 우리집에 누가 오기로 했었나"
2,"집 안 온도 확인해줘"
2,"오늘 연극이 몇시에 시작하니"
2,"오늘 최저 기온이 몇 도니"
2,"어제 비 얼마나 왔는지 아니"
2,"지금 어디까지 오셨어요"
2,"어디쯤 왔어 도착할 때쯤 전화해"
2,"우리 아들 백 일까지 남은 시간은"
2,"모레 오전 바람이 세게 부니"
2,"근데 이걸 왜 달아요"
2,"언제 뵐까요 여섯시 어때요"
2,"분당 근처 노래방 어딘데"
2,"스팸메일함 비었니"
2,"내 방 책상 스탠드가 켜져있는지 확인해줘"
2,"이번달 한국사자격증 시험이 무슨 요일이니"
2,"내일 불쾌지수 알려줘"
2,"어제 확인 안한 메일이 뭐가 있니"
2,"전기코드를 절전모드로 바꿨니"
2,"세계의 만병 통치약은"
2,"어제 받은 메일 있니"
2,"안보내진 메일은 다시 보냈니"
2,"다음달 회의 언제니"
2,"이번주 수요일 저녁 데이트 몇시니"
2,"회사에서 온 메일 내게쓴메일함에 옮겼니"
2,"오늘 눈이 언제까지 내리는지 아니"
2,"괜찮니"
2,"냉동실 문이 닫혀 있니"
2,"비는 언제쯤 그치는지 찾아줘"
2,"이번달에 비소식 있니"
2,"다음주 토요일 인천 날씨 좀 알려줘"
2,"다음 장마기간 알려줘"
2,"이번에 교양과목 뭐 들어 "
2,"오늘 점심 때 몇 도까지 올라가"
2,"엄마 괜찮아 내가 지금 약 사가지고 들어갈게 "
2,"기록된 것 중 처음 일정을 말해"
2,"회사에서 너에게 메일 자주 보내니"
2,"오늘 오전 다섯시 일정이 어떻게 되니"
2,"후쿠오카는 지금 몇 도인지 알려줘"
2,"대문 앞에 택배가 왔는지 확인해"
2,"수련회 장소가 어디야"
2,"오늘 회의 오후 네시부터니"
2,"내일 꽃배달 일정을 검색할래"
2,"어제 왔던 메일 개수가 몇 개니"
2,"왜 연락해도 통화가 안 되니 "
2,"지난 세미나가 끝난지 몇 일 되었니"
2,"동의대 주변 플레이스테이션 방은 어떻게 가"
2,"휴지통 비웠니"
2,"이번주 일요일 제주도 날씨 아니"
2,"지금 강변도로 쪽에 정체가 심하니"
2,"부산 진구 종합병원의 위치는"
2,"서울에서 제일 안 아프게 치료하는 치과 어디야"
2,"오늘 광장동 최저기온과 최고기온 알려줘"
2,"오늘 밤 최저 기온이 몇 도인지 알려줘"
2,"재발송된 메일이 있는지 확인해줘"
2,"한달 전에 받은 메일이 아직도 있는지 확인해줘"
2,"창업 컨설턴트를 전문으로 해 주는 곳 믿을 만 한 거야"
2,"오늘 발표 준비는 잘해왔어"
2,"오늘 온 이메일중 내 주소록에 없는 이메일주소로 부터 온 메일이 있니"
2,"다음주 주말 일정 알려줘"
2,"오늘의 축구경기 일정 알려주련"
2,"경상북도의 날씨 알려줘"
2,"다음주 회사 회의 몇시니"
2,"내일 사업자 미팅 일정의 장소가 강남역 스타벅스냐"
2,"다음달 친선경기 일정이 언제로 잡혀있니"
2,"내일 인천 눈 얼마나 오는지 알려줘"
2,"오늘 밤에 열대야니"
2,"노동부에서 실업자 교육하는 거 있던데 배울까 "
2,"거실 등 배터리가 다 되었니"
2,"내일 새벽 날씨 알려줘"
2,"에어팟이 제대로 충전되고 있니"
2,"구름 많이 꼈니"
2,"재무와 회계업무는 어떻게 다르죠 "
2,"담주 일본 날씨 어떠니"
2,"패딩입을 날씨인지 알려줘"
2,"오늘 풍량이 얼마나 되는지 알려줘"
2,"한강 근처 유람선 타는곳"
2,"방금 읽은 메일 씨씨 있는지 확인해줘"
2,"이번주 경주 날씨 전체적으로 보여줘"
2,"이번달 월급날 알려줘"
2,"이번주에 할인과 관련된 메일 확인 가능해"
2,"중요한 메일이 있니"
2,"오늘이 무슨 요일이니"
2,"가락시장 근처의 전통 음식점 어떻게 가는가"
2,"지금 장마전선 위치가 어떻게 되는지 검색해줄래"
2,"다음주 수요일 벤쿠버에 태풍이 부니"
2,"주말에 비 예보 있나"
2,"보일러실에 조명 꺼져있는지 확인해"
2,"이번 주말에 놀러 갈 액티비티 이름을 알려줘"
2,"막내가 집에 돌아오는 시간은 언제야"
2,"다음달 가족모임 일정이 몇시니"
2,"오늘 부산 날씨좀 확인해"
2,"오늘 강수확률 몇 프로야"
2,"내일 오후 일곱시에 저녁약속이 있니"
2,"오늘 오후에 안개가 끼는지 알려줘"
2,"운동을 시작하려는데 헬스클럽과 요가 중에 어떤 것이 좋을까"
2,"오늘 한시에 친구와 어디에서 만나기로 했니"
2,"어떻게 된 거야"
2,"최초의 교통법규가 뭔지 아세요 "
2,"화장실 불 꺼져 있는지 확인해"
2,"연신내 근처 한식 전문점은 어디지"
2,"오늘 스케쥴 알려줘"
2,"티브이 선호 채널 목록 보여줘"
2,"발신함이 비어있니"
2,"쓰레기 재활용일이 언제인가"
2,"이번주 면접 장소가 어디였니"
2,"받은 메일함에 메일 몇 통이야"
2,"이번주에 소나기가 내리니"
2,"냉장고 문이 닫혀있니"
2,"어젯밤 이메일 중 첨부 파일 든 이메일이 있는가"
2,"호법 분기점의 교통 흐름 보여주련"
2,"휴지통에 메일이 얼마나 있니"
2,"동국대학교에서 온 메일 있나 확인해줄 수 있니"
2,"현관 앞에 누구 있는지 확인해 줄 수 있니"
2,"서울 특산품이 뭐니"
2,"새로 온 메일 중 교수님께 온 메일이 있니"
2,"오늘 헤드라인 기사는 뭐지"
2,"오늘 대전 날씨 좀 검색해줘"
2,"무슨 생각이 들었는데요"
2,"어제 태풍 주의보 해제된 지역 보여줄래"
2,"광진구 비 언제 오는지 확인해주겠니"
2,"가장 더운 시간이 언제인지 알려줘"
2,"이번 주 일요일이 곗날 맞지"
2,"내게쓴메일함에 시간표메일이 있는지 확인해줄 수 있니"
2,"오늘 새벽에 비가 얼마나 왔는지 알려줘"
2,"치과치료 메일이 왔니"
2,"몇 시부터 할 수 있죠"
2,"주식과 펀드의 차이점이 뭐죠"
2,"잠실에서 냉면이 맛있는 집이 어떻게 가는가"
2,"계획하신 일 준비는 잘 되갑니까 "
2,"다음주 수요일 강남에 몇시에 가야하니"
2,"장마가 언제까지인지 알려줄 수 있니"
2,"팔월 필리핀 평균 습도 좀 검색해줘"
2,"오늘 일교차가 얼마나 되는지 확인해줘"
2,"내일 다섯 시에 어디서 만나기로 했었지"
2,"정수기 전원이 켜져있니"
2,"다음주 화요일에 시간 괜찮니"
2,"일요일 마지막 스케쥴이 어디야"
2,"밤 사이 다시 비가 오니"
2,"내일 오전 몇시쯤 부터 비가오는 지 알려줄 수 있니"
2,"이번주에 삼십도가 넘어가는 날이 언제인지 아니"
2,"내일 서류 가지러 사무실에 갈게 몇 시쯤 "
2,"바람 언제 그쳐"
2,"바기오에서 가까운 바다까지는 몇 시간 정도 걸리나요"
2,"팔월 스케줄 비어있는 날이 언제야"
2,"짜장면 먹고 싶지 "
2,"현관문이 닫혀있는지 알려줄래"
2,"거실에 불 꺼져 있니"
2,"이번주 택배 도착 예정일 언제니"
2,"다음주 화 목 동아리 모임 맞니"
2,"이번 주 비오는 날 언제니"
2,"어제 메일이 총 몇통 왔니"
2,"내일 오전에 눈이 오는지 알려줘"
2,"서초구 미세먼지 검색해줘"
2,"이번 달에 부산에서 있었던 일정을 확인하렴"
2,"아직 멀었니 "
2,"지금 서울의 습도는 얼마니"
2,"고속도로 안개 상황 좀 알려줄래"
2,"이번주 주말에 비오는지 아니"
2,"삼월달에 아르바이트 무슨 요일인지 아니"
2,"티비 메뉴 보여주겠니"
2,"후배들과 약속이 몇 시야"
2,"오늘 엄마에게서 이메일 왔니"
2,"내일 동아리 모임 어디 인지 알려줄 수 있니"
2,"오늘 일교차가 크니"
2,"서울대 앞 리치골드는 어디에 있니"
2,"개미의 목구멍보다 작은 것은"
2,"내일 강수량이 얼마나되는지 알려줘"
2,"우리 어머니 생신이 언제인지 알려줘"
2,"회사의 바뀐 이메일 주소를 체크해줘"
2,"강변북로 서측구간의 전반적인 흐름은 어떤지 보여라"
2,"이번 주에 회의 관련 메일 왔니 "
2,"다다음달 개강총회 일정 언제인지 알려줘"
2,"현관 불이 켜져있는지 확인해"
2,"방카슈랑스란 무엇입니까 "
2,"이번 크리스마스가 수요일이니"
2,"이번달에 눈 안오는 날좀 알려줄 수 있니"
2,"이번주 제주도 날씨 어때"
2,"안녕하세요"
2,"내일 날씨 검색 해줘"
2,"다음달 여행 일정이 몇번째 주니"
2,"내일 습도 지수 좀 알려줄래"
2,"현재 태풍 위치 알려줘"
2,"이번주에 제일 시원한 날 알려줘"
2,"다음주 월요일 가평 날씨 좀 알려줘"
2,"예상 전기세 비용은 얼마지"
2,"오늘 학교에 보낸 메일이 보내졌니"
2,"하루 평균 메일이 얼마나 도착하니"
2,"오늘 최고 기온이 얼마나 되는지 알려줘"
2,"이사님에게 오늘 온 메일 몇 개니"
2,"내일 아홉시 어디서 영화보기로 되어있니"
2,"세탁기에 빠져서 돈이 찢어졌는데 교환 받을 수 있나요 "
2,"주식시장 동향 파악바랍니다"
2,"명동 주변의 매운탕 집을 알려다오"
2,"보통주와 우량주의 차이점이 뭐야 "
2,"바쁘니"
2,"오빠 수술일이 언젠지 알려줘"
2,"거실 불 켜져 있니"
2,"이번 달 공휴일은 언제냐"
2,"할아버지가 제일 좋아하는 돈은"
2,"지금 제주도 날씨 어떤지 알려줘"
2,"다음주 신입생 오리엔테이션 어디니"
2,"온수매트 온도 몇도로 맞춰져 있니"
2,"이번 주 돌잔치 일정 알려줘"
2,"내일 두시에 누구와 만나기로 했니"
2,"오늘 남은 일정 더 있니"
2,"다음주 부산 날씨 알려줘"
2,"육참 총장기 사격에 관한 기사를 찾아줄래"
2,"증권에서 온 메일이 있니"
2,"강원에도에 얼마나 눈이 내렸는지 알아봐줘"
2,"올해 설날은 며칠인지 알려줘"
2,"다음주 목요일 경주 강수량 좀 검색해줘"
2,"내일 자동차 수리 일정 추가되어있니"
2,"오늘 안개주의 날이니"
2,"간단히 할 수 있는 사업 뭐가 있지"
2,"유아 구강 건강 관리는 어떻게 해야 하나요 "
2,"오늘 우산 가져가야 하는지 알려줘"
2,"올해 장마기간 알려줘"
2,"저 쇼핑센터는 몇 시에 닫나요"
2,"오늘 저녁 누구랑 먹는거니"
2,"해외 송금은 어떻게 하는 거야"
2,"오늘 비가 언제쯤 오니"
2,"이번주에 일정이 총 몇 건 있니"
2,"줄넘기 하면 키 큰다는데 난 왜 안 크지"
2,"통도 환타지아가 있는 지역의 날씨는"
2,"에어컨 꺼져있니"
2,"저번 주 수요일에 갔던 브런치 카페 이름을 아니"
2,"오늘 삼십도가 넘을까"
2,"집안 전등 불 켜져있나 확인 좀 해봐"
2,"내일까지 비 오니"
2,"내일 아침 조깅 일정 알람 설정돼 있니"
2,"삼성카드에서 육월에 메일이 왔니"
2,"전체메일중에서 안읽은 메일이 있니"
2,"내가 갖고 있는 주식의 현재가치를 알고 싶습니다"
2,"저번 달 폭염주의보가 며칠인지 알려줘"
2,"어제 보낸 메일 중 수신이 확인된 메일 얼마나 돼"
2,"내일 일정 몇 시부터 시작하는지 알려줘"
2,"다음주 일요일에 날씨 좋아"
2,"내일 클럽활동 뭐하니"
2,"가스불 꺼져있는지 확인해줘"
2,"컴퓨터 켰니"
2,"내일 아침 안개 많이 끼는지 검색해줘"
2,"저번 주에 회의를 몇 시간 했는지 알려줘"
2,"당분간 서울이 더울지 알려줘"
2,"내일 미세먼지 농도가 얼마나 되니"
2,"그 수업 시간에 애들이 너무 떠들지 않니 "
2,"어려운 상황에 처한 사람을 도운 적이 있나요"
2,"다음달 베트남 출국 언제야"
2,"학습지는 뭐가 제일 좋은 것 같아"
2,"해동 검도로 다닐까 대한 검도로 다닐까"
2,"남해안의 다음 썰물은 몇 시 몇 분이니"
2,"오늘 밖에서 활동하기 좋은 날씨니"
2,"다음 달 출장 가야 할 날짜를 알려줘"
2,"햇살이 가장 없을 때가 언제니"
2,"휴지통에 있는 메일 전부 삭제했니"
2,"역도 선수가 들어 올리는 것은 무엇인가"
2,"이베이에서 새로 온 메일이 있니"
2,"어젯밤에 온 새 이메일을 찾아보렴"
2,"창문이 닫혀있는지 확인해줄래"
2,"오늘 언제까지 태풍이 부니"
2,"이번 태풍 위험 지역 알려줘"
2,"내일 영화 일정 몇시니"
2,"회의실에 에어컨이 몇도이니"
2,"서울에 한파주의보가 발령되었니"
2,"다음주 날씨 어떠니"
2,"오늘의 습도 얼마나 돼"
2,"내일 서점에 몇시에 가기로 했니"
2,"내일 오후 한시 과천에 비가 오는지 확인해줘"
2,"에어컨이 켜져있니"
2,"이틀 전에 어머니께서 보내신 메일 찾았니"
2,"현관문이 닫혀있는지 알려줘"
2,"무슨 집회 같은 걸 하나 "
2,"배송관련 이메일 온게 있니"
2,"와이파이 속도를 확인해줘"
2,"내일 모래 아침 기온 어때"
2,"퇴근시간은 언제쯤인데"
2,"최신영화 섹션 보여라"
2,"내 술 있냐"
2,"오늘 부산의 미세먼지량 좀 알려줘"
2,"방금 온 메일 누구에게서 온 건지 확인해"
2,"내일 눈이 오는지 확인해줘"
2,"미세먼지 농도가 보통인 지역을 알려줘"
2,"오늘 오후 세시에 온 메일이 있니 "
2,"십일월 일정이 어떻게 되는지 알려줘"
2,"부엌에 가스가 열려있니"
2,"천만 원정도 여윳돈 생겼는데 주식 어떨까"
2,"오늘 미세먼지는 어떤지 아니"
2,"현관 불이 켜져있니"
2,"공기청정기 먼지 농도가 어떤지 말해줘"
2,"오늘 오전에 온 새 편지 찾아"
2,"지금 기압이 어떻게 되는지 검색해줘"
2,"이번 장마가 언제까지인지 알려줄 수 있니"
2,"압구정동에서 쌍꺼풀 수술 잘하는 성형외과는 어떻게 가니"
2,"장마가 언제 끝나는지 알려줘"
2,"왜 민철씨가 아직 나 좋대"
2,"오늘 기차표예약이 취소 되었니"
2,"지금 기압이 어떻게 되니"
2,"이번주 주말 비 오는지 확인해줘"
2,"러시아에 눈이 확률이 몇 퍼센트인지 아니"
2,"내일 약속장소가 씨지브이니"
2,"이번달 가족여행이 며칠로 예정되어 있니"
2,"현재 경부 고속도로의 소통은 원활하니"
2,"오늘 불쾌지수량이 어떤지 아니"
2,"팔월 서울 날씨는 대구랑 비교해서 어땠냐"
2,"담당 교수님 이름이 어떻게 되지"
2,"전에 이야기했던 식사대접을 오늘 해도 되려 나요"
2,"베란다에 불 켜져 있는지 확인해줄래"
2,"뉴시 기사 메일 중요 메일함에 추가했니"
2,"지금 오는 태풍이 우리 동네를 지나니"
2,"이십칠일에 눈 오는지 검색해줘"
2,"엘리야는 이세벨의 죽이겠노라는 말에 광야로 도망쳐서 어디에 숨어 살았나요 "
2,"가스 벨브 잠겼니"
2,"이번주에 일정이 없는 날짜가 있니"
2,"서울에 눈 언제까지 내리는 지 아니"
2,"다음 달 언제가 가장 바빠"
2,"언제부터 더워지는지 알려줘"
2,"해외 투자에 따르는 추가적 위험은 뭐라고 생각해 "
2,"내일 오후 대구 날씨 알려줘"
2,"장마가 언제부터 시작되는지 알아봐라"
2,"엄마가 내 메일을 읽었니"
2,"보험 혜택은 어느 정도지"
2,"스노보드 위험하진 않아"
2,"다음 달에 갈 오대산 국립공원 주소를 알려줄래"
2,"오늘 우산 챙겨가야 하니"
2,"올해 휴가 언제인지 찾아봐"
2,"막 차는 몇 시에 있어요"
2,"부엌에 배기후드가 틀어져 있는지 확인해"
2,"전세 재계약 날짜가 언제지"
2,"양재동 부근 교유문화회관 어떻게 가니"
2,"영국에서 유럽 본토로 들어갈 때 뭐 타고 갔었어"
2,"다음주에 눈이 언제 오는지 알려줘"
2,"오늘 한시 안과병원 진료시간 확인해"
2,"이번주 세미나 장소가 어디니"
2,"요가를 배워보려고 하는데 어떻게 생각하니 "
2,"아직도 이십 칠 번 국도 정체가 심한가"
2,"거실의 불이 자동 밝기로 설정되어 있니"
2,"내 피씨의 파일첨부 기능을 쓸 수 있지"
2,"모레 일정이 어떻게 되는지 알려줘"
2,"내일 아침에 눈 온다던데 확인해줄 수 있니"
2,"이번달 지출 얼마니"
2,"쇼핑몰에서 온 메일 모두 차단했니"
2,"열대야 언제 끝나는지 검색해줘"
2,"백일이 며칠인지좀 알려줄래"
2,"오늘 습도가 어떤지 알려줘"
2,"자동이체 신청 하려면 뭐 필요한지 알아 "
2,"오늘 가장 선선할 때가 언제인지 아니"
2,"아테네 올림픽 개막일이 언제인데"
2,"어제 저녁 여섯시이후에 온 메일 있니"
2,"명동에서 연인들이 제일 많이 가는 레스토랑은 어딘데"
2,"왜 왜 왜 준영아"
2,"지난주에 장민하에게서 온 이메일이 무슨요일에 왔니"
2,"내일 대구 최고 온도가 몇이니"
2,"나 오늘 꼭 가야 하니 비도 오고 엄청 귀찮구나"
2,"내일 기차시간이 몇시니"
2,"삼일 전에 온 메일이 모두 몇 통인지 알려줘"
2,"내게쓴 메일함이 모두 비워졌는지 확인해줘"
2,"소호는 이쪽인가요"
2,"어제 갔던 유학원 전화번로를 알려줘"
2,"화장실에 불이 켜져있니"
2,"내일 오전 봉사 어디에서 하니"
2,"장외 등록 주식은 뭐야"
2,"날이 너무 더워 내일 기온 좀 알려줘"
2,"현관문 잠겨있나 확인해줘"
2,"오늘 일정 몇 개나 남았니"
2,"오늘 밤 열대야인지 알려줘"
2,"이번주 저녁 여섯시에 일정 없는 요일이 있니"
2,"약물 남용은 몸에 큰 영향을 미치니"
2,"일년동안 메일 몇통왔는지 확인해줘"
2,"삼성전자가 유망하다는데 주식을 살까"
2,"오늘 저녁 기온을 알려줘"
2,"내가 메일을 언제 마지막으로 보냈더라"
2,"재작년 여름 휴가 어디로 갔는지 알려줘"
2,"첨부파일 있는 메일 있니"
2,"꽃구경 가는데 가장 좋은 날짜 알려줘"
2,"거래처에서 보낸 메일이 없는지 확인해"
2,"이번에 우리 아기 보험을 하나 들려고 하는데 뭐가 좋아"
2,"내일 저녁에 비가 오니"
2,"내일 모레 바람 많이 부는지 아니"
2,"오늘 오전에 비가 얼마나 내리겠니"
2,"오늘 비가 올까"
2,"이번주 비 올 확률 좀 알려줘"
2,"이번주 속초 날씨 어떠니"
2,"집에 지금 갈 건가요"
2,"중간고사가 언제 끝나니"
2,"다음 주 중에 가장 더운 날이 언제니"
2,"키와 덩치가 작은 사람의 크기를 표현한 말은 무엇인가"
2,"통신사에서 청구서 메일이 왔니"
2,"광진구 비 언제 오는지 확인해줘"
2,"다음주 화요일에 알바 일정이 있니"
2,"오늘 오후 세시의 자외선 지수 알려줘"
2,"모래 예천에 구름이 얼마나 끼는지 알려줘"
2,"지금 스피커에서 나오는 노래 부른 가수 누구니"
2,"조명 다 꺼져 있는지 확인 해줄 수 있니"
2,"내일 약속 장소가 어디야"
2,"취미는 뭔가요"
2,"학교에서 온 메일들 수신여부 어떻게 되니"
2,"오늘 밤에 구름이 끼는지 알려줘"
2,"오늘 날씨 흐리니"
2,"저번 달 여행 일정 언제였어"
2,"오늘 일교차 알려줘"
2,"한강대교 진출입 상황은 원활한가"
2,"오늘 대천에 비 내리는 지 알려줄 수 있니"
2,"폭염이 언제 끝나는지 알려줘"
2,"황사주의보가 언제 해제될 예정이니"
2,"내일 눈이 얼마나 내릴지 알려줘"
2,"이번달 친구 생일있는지 확인해"
2,"내가 보낸 메일 몇 명이나 확인했는 지 알려줄 수 있어"
2,"남산공원 근처 출근길 상황 보여다오"
2,"이번주 금요일에 비가 올 확률이 몇 퍼센트인지 아니"
2,"날씨가 언제 풀리는지 알려줘"
2,"이번주 황사 심하니"
2,"소나기가 언제쯤 올 지 아니"
2,"차단 목록 좀 보여줄 수 있어"
2,"오늘 방문할 서초동 가구센터 연락처를 아니"
2,"오늘 광주 날씨 좀 알려줘"
2,"태풍이 오는지 확인해줘"
2,"이번주 금요일 오전 일정이 어떻게 되는지 알려줘"
2,"일주일동안 눈이 가장 많이 온 지역 알려줘"
2,"과음하시더니 속은 좀 어떠세요 "
2,"내일 회의하는 장소 알려줘"
2,"내가 어제 메일을 보낸 시간을 알려줘"
2,"다음달 영어 회화 수업을 등록했니"
2,"거기 어떻게 가요"
2,"홍제 램프 부근은 시시티브이로 찍은 정보도 볼 수 있니"
2,"오늘 부산에도 눈이 내리니"
2,"컴퓨터로 할 수 있는 사업들에 대해 알고 싶어"
2,"내게 쓴 메일 모두 몇 개니"
2,"지금 집 온도가 얼마니"
2,"낙성대 근처 가장 싼 음식점은 어디지"
2,"냉동실 온도 이도 높혔니"
2,"부엌에 수도꼭지가 틀어져 있는지 확인해"
2,"토요일에 등산 가기로 했니"
2,"팔월 이십일이 몇 번째 주니"
2,"내일 회의 취소했니"
2,"요즘 어떠세요"
2,"병원에서 메일이 왔니"
2,"오늘 데이트 몇 시 부터야"
2,"방금 거래처에 메일 보낼 때 바뀐 메일 주소로 보냈니"
2,"내일 가장 더운 시간이 언제니"
2,"이번주에 비가 언제 오니"
2,"언제 쯤 날이 추워지니"
2,"마스크 쓰고 나왔지 황사가 너무 심해"
2,"수요일 첫 수업이 뭐지"
2,"신용등급과 회사채의 등급을 어떻게 알아볼 수 있을까요"
2,"영어 단어 오십 개뿐이 못 외웠어 너는"
2,"내일 새벽에 안개가 얼마나 낄까"
2,"최근에 보낸 메일 상대방이 읽었는지 확인 할 수 있니"
2,"오늘 몇시에 비가 오니"
2,"오늘 오후에 바람이 얼마나 부는지 알려줘"
2,"이번달 결혼식이 몇번있니"
2,"집안에 누가 있는지 확인해줘"
2,"가장 최근에 받은 메일이 누구한테 온 거였어"
2,"이번 주말에 나들이 가도 좋을까"
2,"다음주 일요일 여주 날씨좀 알려줘"
2,"주식형과 채권형 중에 뭐가 더 좋을까 "
2,"사업 잘 될까"
2,"오늘 약속 뭐가 있니"
2,"냉장실 온도 약 하지"
2,"이틀전에 온 메일이 다 지워졌니"
2,"서울에 있는 가볼만 한 박물관 정보가"
2,"휴지통에 메일 얼마나 버려놨니"
2,"다음달 고등학교 동창모임 장소가 어디니"
2,"이번 주에 모임 있는지 알려줘 "
2,"내일 오후 세시 이후 일정 있니"
2,"새로온 메일이 있는지 확인해줘"
2,"내일 오전 시간 기온을 알려줘"
2,"신용불량자가 되면 집에 가압류까지 들어오나"
2,"지금 사용하는 서피스 프로의 가격대를 알려줘"
2,"오늘 온 메일 카페메일함에 넣었니"
2,"우리 시험범위가 어디서부터 어디까지지 "
2,"내일 오전 여덟시 자동차 렌트 장소 확인해"
2,"운동 시작한다더니 뭐 하기로 했어  "
2,"회사에서 온 메일 좀 지워졌니"
2,"교수님이 내 메일 확인 하셨니"
2,"교수님이 식사 같이 하자시던데 시간 괜찮아"
2,"내일 오전 강수확률 알려줘"
2,"거실 에어컨 켜져있어"
2,"여행 가기로 한 날짜 알려줘"
2,"기집애 너 왜 이렇게 늦었어"
2,"도대체 비자카드 마스터 카드는 무슨 카드야"
2,"오늘 눈 언제까지 오는지 알려줘"
2,"서울역 근처 많이 가는 노래방은 어딘데"
2,"일년동안 회사에서 온 메일이 몇 개인지 알려줘"
2,"내일 비행기 출발 시간을 알려줘"
2,"내일 체감 기온은 몇 도래"
2,"다음주 월요일 날씨가 어떠니"
2,"동물 병원 가는 날이 언제야"
2,"댁의 아들은 학교에 잘 다니나요 "
2,"내일 몇시부터 비가 내리는지 아니"
2,"다음주에 이십칠도 넘지 않는 날 언제인지 알려줘"
2,"눈 오는 날은 언제쯤 볼 수 있는지 알려줘"
2,"오늘 일정 알려줘"
2,"안방에 보일러 틀어져있는지 확인해"
2,"내일 눈이 내리니"
2,"오늘 오후 서울 날씨 알려줘"
2,"화장실에 불 꺼져있니"
2,"부재중 전화 몇 통 왔었어"
2,"우체국과 은행 중 어디가 더 안전할까 "
2,"다음주 일요일 부천 날씨 좀 알려줘"
2,"올해 수능 때 눈 많이 오나요"
2,"내일 강원도 설악산에 눈이 오는지 알려줘"
2,"월요일에 누구랑 만나기로 했니"
2,"이번에 결혼한다던데 며칠이야 "
2,"내일 서울의 비가올 확률은 얼마지"
2,"오늘 서울의 불쾌지수를 알려줘"
2,"올해 첫눈은 언제 내릴까"
2,"보일러 껐니"
2,"언제까지 비가 내리는지 알아봐"
2,"테니스 치기 일정은 몇 시니"
2,"이번에 온 태풍 이름이 뭔지 알려줘"
2,"취약과목은 어떻게 공부해야할지 모르겠어"
2,"이번주 피티 날짜와 시간을 알려줘"
2,"일출 시간 알려줘"
2,"티브이에 너 나온 것 보고 연락 하는 거야 잘 지내니 "
2,"이번주 화요일 워크샵 어디에서 하는지 아니"
2,"내일 열두 시 점심 약속 취소했었니"
2,"이번 주 토요일에 친구와 약속이 몇 시니"
2,"문 안 잠긴 곳 있는지 확인해줘"
2,"이번주 과외보충 없는거 맞지"
2,"새로 온 메일 발신자가 누구니"
2,"이번주에 비 언제오는지 알려줘"
2,"기존 업계의 시장점유율을 조사해 보세요"
2,"오늘 오전에 황사가 부는지좀 알려줘"
2,"에어컨 꺼져있는지 확인해줘"
2,"오늘 아침 현재 몇 도인지 알려줘"
2,"워드 엑셀 작업한 것들 메일로 아는 사람들과 주고 받니"
2,"현관 문 잠겨있니"
2,"다음달 가족모임이 언제니"
2,"어제 보낸 메일 수신확인이 됐는지 봐줘"
2,"올해 첫눈이 언제 내리는지 아니"
2,"이번 주 미세먼지 농도가 좋음인 날은 언제니"
2,"나 기억나세요 "
2,"종강일까지 며칠 남았니"
2,"현관문 잠궈 져 있는지 확인 해 줄수 있니"
2,"어제 일정 추가한거 있었니"
2,"부음란을 보여주렴"
2,"독일 문화원에서 독일어 수업 들을 수 있을까 "
2,"왜 성적이 갑자기 하락했나요"
2,"고양이 예방접종일이 언제지"
2,"저번 달 일정 없는 날 언제였어"
2,"내일이 오늘보다 덥니"
2,"다음달 이십이일 부산 날씨가 어떻니"
2,"롯데 자이언츠의 대진표 관련 기사 보여주렴"
2,"성인 요금 얼마니"
2,"화이트데이가 무슨요일이지"
2,"내일 오전 일정이 어떻게 되는지 알려줘"
2,"청담대교 부근에 돌발 상황이 있니"
2,"첫 눈이 언제 오는지 아니"
2,"오늘 시험 어떤 게 어려웠어"
2,"침실에 에어컨  아직도 켜져있니"
2,"현재 황사 주의보 내려진 지역은 어때"
2,"동생 생일이 언제니"
2,"다음달 시험이 언제인지 알려줘"
2,"많이 맞으면 맷집이 과연 좋아질까 "
2,"내일 친구와 어디서 만나야 하니"
2,"읽음 표시 된 메일 전부 휴지통에 옮겨졌니"
2,"생일 축하 메일이 총 몇 통이나 왔니"
2,"오늘 강수확률이 얼마나 되니"
2,"내일 모래 약속 몇시에 있어"
2,"팔월달에 제주도 언제가니"
2,"내일이 어떤 기념일인지 알아봐주겠니"
2,"스팸 메일 얼마나 있어 많은지 궁금해"
2,"오늘 받은 쪽지가 얼마나 있니"
2,"누나한테 온 메일 있니"
2,"어제 교수님한테 메일 왔는지 확인해줘"
2,"지금 오는 비가 언제 그치는 지 알려줘"
2,"오래된 계좌도 쓸 수 있을까 "
2,"수요일 날씨 알려줘"
2,"언니랑 어디로 여행가기로 했니"
2,"가스레인지 켜져 있는 지 확인해"
2,"여름학기 개강 언제인지 확인해줘"
2,"크리스마스날 눈 오는지 알고있니"
2,"내일 엄마랑 어느 미술관 가기로 했는지 알려줘"
2,"지난주에 비가 총 몇 밀리리터 왔는지 알려줘"
2,"내일 콘서트 장소가 어디니"
2,"영어학원에 다닌 효과가 있는 것 같니 "
2,"이베이에서 온 메일은 모두 읽었니"
2,"전기제품 다 꺼져있니"
2,"오늘 발표 준비는 잘해왔어"
2,"어제 임시 저장한 메일이 총 몇 개니"
2,"다음달에 오전 일정 없는 날 알려줄래"
2,"오늘 날씨가 어떻게 되니"
2,"이번주 목요일 형 머하세요"
2,"일요일에 특별한 일정 있니"
2,"주소록에 미등록된 사람으로부터 온 메일 있니"
2,"내일 오전 열시에 스케줄이 있니"
2,"다음주 회식이 무슨요일이지"
2,"부산대학병원에서 제일 가까운 약국은 어디지"
2,"메일 안 첨부파일을 압축할 수 있니"
2,"하나님이 노아에게 주신 개의 이름은"
2,"넌 지금 어느 역 지나고 있어"
2,"안방에 커튼 쳐져 있니"
2,"오늘 오후에 비가올 확률을 알려줘"
2,"오늘 빨래를 널어도 될지 알려줘"
2,"팔월 이일 강릉가는거 몇시 기차니"
2,"내일 밤 아홉시에 남편과의 드라이브 일정을 알려줘"
2,"내일 일정 확인해줘"
2,"스쿼시 배울 만한 곳이 어디 있나요"
2,"방금 읽은 메일 누구한테 온거니"
2,"꽃구경 가는데 가장 좋은 날짜 언제니"
2,"골프가 너의 건강 유지 비결이니"
2,"벌 중에 가장 무서운 벌은"
2,"오늘 날씨 알려줘"
2,"고등학교 동창모임 장소가 어디니"
2,"휴지통에 있는 메일이 몇 개 있어"
2,"오늘 메일 몇 건 왔는지 알려줘"
2,"예약한 게임 출시 일을 알려줘"
2,"저번주 메일 다 지워졌니"
2,"오전에 일정 읽어줘"
2,"해외에 돈을 보내야 하는데 처음이라 모르겠어"
2,"여름 휴가 기간 알려줘"
2,"토요일에 병원 몇 시에 가야하니"
2,"이번주에 회의가 있니"
2,"내일 습도가 높은지 알 수 있을까"
2,"효은아 왜 그래"
2,"정수기 점검날짜 언제니 "
2,"지금 강남대로 교통흐름이 어떻지"
2,"토요일에 어디서 만나기로 했니"
2,"졸업생 관련 메일 있니"
2,"오늘 울산 날씨 좀 알려줘"
2,"다음달 초등학교 동창회 언제니"
2,"오늘 오후 빨래지수 알려줄래"
2,"요새 왜 이렇게 더운지 검색해봐"
2,"화장실이 사용중인지 알려줘"
2,"오늘 온 이메일중 영어로 온 이메일이 있니"
2,"토요일날 야구 경기가 몇 시에 시작하니"
2,"롯데 백화점에서 열린 이벤트 관련 기사 검색해"
2,"교육 사이트는 어디가 좋을까 "
2,"내게 쓴 메일함에 회사 메일이 있는지 확인해줘"
2,"내일 낮에 약속 아무것도 없지"
2,"학습과제의 분석물을 어느 분께 드리면 되죠"
2,"이번 귀성 길에는 버스 탈까 아니면 비행기 탈까"
2,"황사 언제오는지 날짜좀 알려줄래"
2,"서울대 주변 나이트 클럽 어디니"
2,"경부 고속도로 노면 결빙 구간은 어떨까"
2,"스팀게임 할일 기간이 등록 되어 있니"
2,"마지막주에 눈 오는지 알려줘"
2,"내일 내리는 눈은 진눈깨비니"
2,"오늘 받은 메일 비서한테 전달됐니"
2,"다음주 수요일에 동창 모임 있는거 맞지"
2,"고액권과 소액권 중 어느 것을 원하십니까"
2,"칠월달 방학 일정 알려줘"
2,"경주의 시월 날씨는 대체로 어떻니"
2,"같이 연극본지 꽤 오래 된 것 같은데 이번 주는 연극을 볼까 "
2,"일년 중 비가 가장 많이 오는 날 알려줘"
2,"어제 에어컨 몇 시간 동안 켜져있었니"
2,"빨래 건조가 다 끝났니"
2,"이 비가 언제 그치니"
2,"지금 바닥 온도 몇 도로 설정되어 있니"
2,"세탁기 몇 분 남았는 지 확인해"
2,"우리가 수업시간에 자는 이유는"
2,"내일 영화보기로 한 장소가 어디인지 알려줄 수 있니"
2,"원고 마감일 날짜를 확인해줘"
2,"다음학기 수강신청이 언제니"
2,"이번 주 눈오는 날 언제 있니"
2,"어제 받은 메일들이 어디에 있니"
2,"인사과에서 왜 우리한테 그러는 거야"
2,"서울 강남역 여행상품이 있니"
2,"칠월 평균 기온 알려주겠니"
2,"이월 이일에 공항으로 출발하는 게 맞니"
2,"이번주 화요일에 비 올 확률은 얼마니"
2,"어제 교수님께 보낸 메일 답장 왔니"
2,"서초동 인근 빨래방은 어떻게 가지"
2,"광고빼고 새 메일 있어"
2,"오늘 캐나다 날씨 알려줘"
2,"정체 구간이 몇 곳이나 되지"
2,"영국에서 온 이메일 있는지 알려줄래"
2,"냉장고 온도가 유지되고 있는지 알려줘"
2,"화요일 목요일 저녁에 일정이 있니"
2,"문경 이월달 날씨좀 알려줘"
2,"어젯밤 이메일 중 첨부 파일이 든 이메일이 있지"
2,"내가 어젯밤 현민이에게 보낸 이메일 제목이 뭐니"
2,"내일 강설량은 얼마야"
2,"오늘 바깥온도 삼십도 넘니"
2,"강아지 미용 날짜 아니"
2,"스팸메일 함 죄다 삭제했니"
2,"내일 몇시에 피시방에 가기로 했니"
2,"토요일 용인 날씨 예보 가르쳐줘"
2,"거실 티비 켜져 있는지 확인해줄 수 있니"
2,"지운편지함 삭제했는지 확인 부탁해도 되겠니"
2,"자가용을 끌고 갈까 버스를 타고 갈까"
2,"오늘 미세먼지지수 검색해줘"
2,"지근 번영로 막히나"
2,"최희섭의 최근 현황 관련 기사 찾아"
2,"어제 온 메일 중 안읽은 메일이 있니"
2,"서울 가는 버스에서 뭐 했어"
2,"내가 중요표시한 메일 중에서 삭제한 메일이 있니"
2,"어제 임시비밀번호 메일로 받은 것 있는지 확인해줘"
2,"오늘 제주 앞바다 파고가 몇 미터인지 말해줘"
2,"학교에서 온 메일의 수신여부 좀 확인해줘"
2,"인터넷으로 예금을 가입하면 좋은 점이 뭐야 "
2,"이번주 토요일 가평에 비가 오겠니"
2,"눈 언제까지 내리는지 알려줘"
2,"임시보관함에 있는 메일 몇 개니"
2,"너 거기 기억나"
2,"증권사들이 향후 전망이 갑자기 비관적이 된 이유가 뭐죠"
2,"중간고사 시작일이 언제니"
2,"영국 연수까지 얼마나 남았지"
2,"어제 보낸 메일 읽었는지 확인해줘"
2,"내일 밤 서울의 날씨 알고 있니"
2,"공익근무요원 생활은 잘하고 있어 "
2,"오월에 우박이 크게 온 날이 있는데 언제인지 알려줘"
2,"오늘 오후 비가오는지 확인해줘"
2,"이번 달 제주도의 날씨 알려줘"
2,"그 뒤로 전혀 얘기 못 들은 거야"
2,"이번 태풍이 한국 지나가니"
2,"웹 서비스 이용율 관련 기사 찾아라"
2,"밥 다 되려면 몇 시간 남았니"
2,"올해 시험일정 알려줘"
2,"내일 해 언제 떠"
2,"너는 왜 통장 비밀번호랑 카드 비밀번호랑 똑같지"
2,"오늘 몇시까지 기상 특보가 내렸니"
2,"오전에 비가 얼마나 오는지 확인해줘"
2,"왜 아까 못들은 척 한거야"
2,"증권 할 때 주로 어떤 지표나 정보를 눈여겨봐야 하는지 아니"
2,"티비 꺼져 있니"
2,"까쓰레인지 왼쪽 뒤 불 한 칸 낮추니"
2,"오늘 새벽 눈이 얼마나 내렸는지 알려줘"
2,"오늘 황사 있는 지 확인해"
2,"오늘 비가 언제까지 내리니"
2,"다음주 토요일 날씨 아니"
2,"이번달 예천 얼마나 습한지 아니"
2,"어머니의 귀가 시간이 몇 시야"
2,"다음주에 태풍 오는지 검색해줘"
2,"오늘 메일 왔니"
2,"여자친구와 사귄지 며칠이나 됐니"
2,"다음달 첫째주 월요일 스케쥴 확인해줘"
2,"안방 에어컨 켜져있는 지 확인해줘"
2,"오른쪽 왼쪽 다 그래 말해봐 "
2,"집 밖의 온도와 내부 온도가 오 도 이상 차이 나니"
2,"새벽에 비가 얼마나 왔는지 알 수 있을까"
2,"현관문 잠겼는지 좀 보여라"
2,"구월 십육일이 무슨 요일인지 알려줘"
2,"반품 관련 이메일 온거 있으면 알려줄래"
2,"내일 모레 구름 많은지 검색해줘"
2,"대구 은행은 대출 금리가 어떻게 되니"
2,"중요 표시된 메일 모두 읽었니"
2,"쿠폰있는 이메일 있는지 알려줘"
2,"오늘 온 메일 몇건인지 확인해줄래"
2,"주말에 은행 업무를 하는 곳이 없나 "
2,"이번주 주말에 비가오니"
2,"내가 보낸 메일 중에 수신 확인이 된 메일이 몇 통이나 되니"
2,"부산에서 분위기가 제일 좋은 호텔 바는 어디지"
2,"다음 주에 태풍 언제 오는지 아니"
2,"이번주 결혼식 시간 알려줘"
2,"다음 건강검진은 언제니"
2,"직장 상사님들하고 자주 메일 주고 받니"
2,"여자 친구와는 잘되고 있는 거지"
2,"오늘 미세먼지 많은지 알려줘"
2,"외부메일을 갖고왔니"
2,"외부에서 온 메일이 몇 개인지 알려줘"
2,"맨 앞에서 탈까 맨 뒤에서 탈까 "
2,"에어컨 지금 어떤 모드로 설정되어 있어"
2,"애들 지금 뭐하고 있니"
2,"어제 보낸 메일 몇 개인지 확인해줘"
2,"팔월 월평균기온과 월강수량좀 알려줘"
2,"오늘의 모든 일정을 알려줘"
2,"오늘 춥니"
2,"제일 빠른 생일이 누군지 아니"
2,"카드 연체대금 납부일이 며칠이야"
2,"겟세마네 뜻은 무엇인가요"
2,"현재 실내 온도 알려줘"
2,"내년 이월은 몇 일까지 있니"
2,"오늘 밖에 꽃가루 심하니"
2,"내일 눈발이 얼마나 내리니"
2,"조조영화는 누구랑 보기로 했니"
2,"오늘 여자친구 몇시에 만나"
2,"해운대 시장에서 소문난 맛집은 어디"
2,"어제 친구랑 약속 있었는지 확인해줘"
2,"내일 부부동반모임이 몇 시인지 알려줘"
2,"토요일 수업 있니"
2,"오늘 토론토 강수량이 어떻게 되는지 알려줘"
2,"오늘 메일 몇 개 왔는지 알려줄 수 있니"
2,"에어컨 온도기 이십오도이니"
2,"홍사장에게서 온 이메일 있음 알려줄래"
2,"반포대교 구간 우회도로 정보를 알려라"
2,"내일 나 무슨 일 있냐"
2,"밥솥이 몇 시에 작동 예약되어 있니"
2,"새벽에 안개가 많을지 확인해알려주겠니"
2,"쿠폰 제목이 있는 메일 보여라"
2,"오늘 음악 교실 수업이 있니"
2,"며칠쯤에 기온이 십도 아래로 떨어지겠니"
2,"몇통의 메일이 예약되어있는지 확인해줘"
2,"이번주 금요일 오후 날씨 어떤지 아니"
2,"오후 네시에 온 메일 전부 삭제했니"
2,"컴퓨터 화면이 켜져있니"
2,"내일 우산 필요해"
2,"지금 에어컨이 켜져있니"
2,"어떤 방이 있니"
2,"아직 확인 안한 메일이 남아있니"
2,"내일 아침 운동 일정 있는지 알려줘"
2,"금요일 서울 최고 온도가 몇이니"
2,"사공이 아주 많으면 배가 어떻게 되나"
2,"보통 은행 영업시간이 몇 시까지예요"
2,"이번 달 결혼식 몇 개나 있는지 알려줘"
2,"집 앞에 누가 있는지 좀 보여"
2,"저 같은 경우는 어떻게 주식투자를 준비해야 합니까"
2,"동기 모임 시간이 내일 몇 시야"
2,"이번주 시험 일정이 언제인지 알려줘"
2,"아이 방에 불이 켜져 있니"
2,"다음주까지 제출해야하는 필수 과제 제출 목록 알려줘"
2,"오늘 초미세먼지 많아"
2,"태풍 올 확률좀 알려줘"
2,"현관문 잠겨 있니"
2,"경록이 결혼일이 언제야"
2,"오늘 빨래가 잘 마를지 검색해줘"
2,"기억은 되돌아 온거야 괜찮니"
2,"내일 습도 알려줘"
2,"오늘 새벽 최저온도 확인해"
2,"에어컨을 예약 꺼짐으로 맞춰놓았니"
2,"오늘 온 편지 중 첨부 파일 든 편지 얼마나 되는가"
2,"내일 아침 날씨 알고 있니"
2,"이번주 수요일에 토론토에 비가 오니"
2,"지금 터키의 현재 온도 좀 알려줘"
2,"네 그루의 나무를 심으면"
2,"오늘 눈이 가장 많이 온 지역 알려 줘"
2,"다음 주에도 계속 추운지 알려줘"
2,"사진은 언제 다 되나요"
2,"서울 명동 근처 매운탕 집 어디에 있니"
2,"화장실 수도꼭지가 잠겼는지 확인해줘"
2,"요번에 시험이 어려웠다던데 잘 봤어"
2,"친구 생일파티 장소가 어디였지"
2,"안 읽은 메일 있는지 확인해줘"
2,"이번주 일교차 제일 심한 날 언제니"
2,"나한테만 온 메일 알려줘 "
2,"기상주의보 있니"
2,"텔레비전 켜져 있는지 확인해줘"
2,"냉장고에 얼음이 얼마나 있어"
2,"오늘 최저기온 알려줘"
2,"현재 에어컨 설정온도가 몇도니"
2,"언제 쯤 날씨가 갤까"
2,"오늘 대구 최고기온 몇도니"
2,"내일 하도급 계약자랑 약속이 되어 있니"
2,"내일 일정 있니"
2,"오늘 수도권 아파트 시세는"
2,"이번주 금요일 제주도 비오는지 알려줘"
2,"포워딩한 메일 도착 했니"
2,"오늘 신문왔는지 확인해라"
2,"학교에서 온 단체 메일 확인했니"
2,"내일 최고 기온이 몇돈지 알아봐줘"
2,"이번주 화요일 날씨 알려줘"
2,"메일 용량이 얼마나 되는지 알아봐라"
2,"송년회가 언제로 잡혀있니"
2,"현관문이 언제 열렸는 지 알 수 있니"
2,"오늘 열대야인지 아닌지 알려줘"
2,"보일러 꺼져있니"
2,"강남구청 가려면 버스와 지하철 중 어느 쪽이 더 나은가요"
2,"가을 여행까지 얼마나 남았지"
2,"어제 직장에서 메일 왔니"
2,"내일 오전 강원도 날씨 검색해줘"
2,"다른 나라들의 포인트와 절대비교가 가능한가요"
2,"메일 받는 사람들 총 여섯 명 맞니"
2,"삼일 뒤에 비 오는지 알려줘"
2,"내일 에어컨 수리기사 몇 시에 방문하지"
2,"유월 이십오일에 오사카에 비가 오니"
2,"지난 주에 온 메일 다 지워졌니"
2,"이번 주 주말에 서울에 눈이 올까"
2,"이번주 토요일에 선약이 있니"
2,"스팸함에 이베이에서 온 메일이 있는 지 확인해"
2,"몸 안 좋다더니 병원에 다녀왔어"
2,"내일 윤진이와 보기로 한 영화 제목이 뭐지"
2,"네 시 어떠세요"
2,"교수님이 수신인에 포함되어 있니"
2,"이번주 목요일 정선 날씨 좀 알려줘"
2,"오전에 미국에서 온 메일이 있니"
2,"남자친구랑 처음 만난날 언제니"
2,"그리스 모린의 방한 일정 관련 기사는"
2,"내일 과제 많니"
2,"한 시간 안에 비가 올까"
2,"공기청정기 켜져있니"
2,"버스와 전철 중 이용량이 더 많은 것은 무엇일까 "
2,"고양이는 밥을 잘 먹는지 확인해"
2,"잘 지내는지 궁금하네"
2,"내게 쓴 메일함에 메일이 있니"
2,"오늘 면세점에서 온 메일이 있니"
2,"가스벨브 잠겨있는지 확인해라"
2,"오늘 몇시에 약속이 잡혀있니"
2,"현관 전등이 꺼졌는지 확인해줘"
2,"스탈린이 지금까지 살아 있다면 어떻게 될까"
2,"네 시 쯤 날씨 어떤지 좀 봐봐"
2,"집에 창문 열려있니"
2,"언니 생일이 언제니"
2,"다음 주 런던 날씨 알려줘"
2,"이번주에 저녁 여덟시 넘어서 있는 일정 알려줘"
2,"통장 만들려면 뭐뭐 필요해 "
2,"포인트 제목 있는 이메일을 보여줄래"
2,"내일  친구와 몇시에 만나기로 했니"
2,"오후 세시에 알람이 맞춰져 있니"
2,"오늘 오후에 비오는지 확인해줘"
2,"너 누구야 "
2,"내년에는 주가지수가 오를까 "
2,"한달 전에 받은 메일이 몇 개가 있니"
2,"보일러 꺼져 있니"
2,"해운대 근처 당구장 어디일까"
2,"서울대 부근 삼겹살집"
2,"지난 한주 동안 학교에서 온 메일이 몇 개인지 세줘"
2,"어제 몇 개의 메일이 왔니"
2,"오늘 이 지역의 비구름대가 몰려오는 시각이 어떻게 되니"
2,"내일 밤 서울의 날씨 알려줘"
2,"어제 오후에 현금영수증 발행 메일이 왔는지 확인해줄래"
2,"내일 최고 온도 몇 도니"
2,"지금 너 어디 있어"
2,"아세요"
2,"메일 단축키가 설저되있니"
2,"북한산 날씨는 어떤지 알려줘"
2,"이번주 탁구 동호회 모임이 언제니"
2,"종로 근처에 있는 찜질방은 어떻게 가냐"
2,"주식회사라는 말은 전부다 상장기업임을 의미합니까"
2,"어제 온 메일 몇 개야"
2,"카페 메일함에 메일이 몇 통 있니"
2,"백화점안에 창문이 없는 이유 알아"
2,"가스레인지 벨브가 잠궈져 있니"
2,"포르쉐 컨셉트 카 발표회 관련 기사를 찾아"
2,"이번주 토요일 비오니"
2,"입추가 언제지"
2,"프로젝트 이번 주까지 되지"
2,"할머니 생신이 십이월달인지 확인해줘"
2,"강남구청 가려면 버스와 지하철 중 어느 쪽이 더 나은가요"
2,"보일러 켜져있니"
2,"예 죄송합니다 죄송합니다 지오선배님 같은데 전화 안받으십니까"
2,"내일 우산 필요한 지 알려줘"
2,"벌써 아르바이트 구했구나 어떤 아르바이트야 "
2,"내일 충청도에 바람 많이 부는지 알려줘"
2,"이번주 주말 강수확률 찾아봐"
2,"가짜로 내리는 비는"
2,"지금 어디까지 오셨어요"
2,"사회가 망하면"
2,"너 지분율 몇 퍼센트냐"
2,"대학 졸업식이 언제쯤이지"
2,"오늘은 안개가 낄까"
2,"다음달 병원 일정이 몇일 이니"
2,"내일 경북 포항시에 지진이 있는지 알려줘"
2,"내일 오후에 어디서 만나기로 했니"
2,"광고성 메일 모두 차단했니"
2,"첫째 아이 지금 공부 잘하고 있니"
2,"내일 스케쥴 확인해줘"
2,"포인트 제목 있는 메일을 보이렴"
2,"안방에 불 켜져 있는지 확인해줘"
2,"왜 그리 잘 아는데도 취미로만 주식을 하는 거야 "
2,"서울역 근처 많이 가는 노래방은 어딘데"
2,"티비 수리 일정 언제니"
2,"이번주 온 메일 총 개수 알려줄 수 있니"
2,"내일 비가 언제까지 올건지 알려줄 수 있니"
2,"오늘 날씨 어떤지 알려줘"
2,"바나나 보트와 땅콩 보트 중 어느 것을 탈래"
2,"제습기에 물 얼마나 찼는지 알려줘"
2,"부동산 정책은 시간이 지나면 바뀔까 "
2,"부모님 생신이 언제니"
2,"이번주 저녁 일곱시에 일정 없는 요일 좀 알려줘"
2,"지난달에 응급으로 온 메일 있는지 검색해줘"
2,"오늘 보는 사람마다 너 괜찮느냐고 묻더라"
2,"그리구 저 혹시 강의 들을 수 있어요"
2,"집에 조명이 다 켜졌는지 확인해줘"
2,"오늘 온 메일 모두 확인하고 지워줘"
2,"방송 출연 한다면서요 요즘 좋은 가 봐요"
2,"홍대 부근 아이스크림 전문점은 어디지"
2,"약속 취소 하라한거 취소했니"
2,"우리부부 여름휴가 가는 일정을 보이렴"
2,"내가 보낸 메일에 답장이 왔니"
2,"창문이 닫혀있니"
2,"요 즘 선생님들 이 좋아 하는 선물은 뭐가 있을까요"
2,"내일 많이 덥니"
2,"세느강 크루즈는 어떤 게 있나요"
2,"오늘 일출 시간 언제니"
2,"언제부터 따뜻해지는지 알려줘"
2,"오늘 주영이 몇 시에 들어왔어"
2,"오늘 오후 두시에 온 메일이 몇 개니"
2,"구월구일 내생일일정 추가되어있니"
2,"받은 편지함에 안 읽은 메일이 몇 개야"
2,"남산공원 부근 편의점 어떻게 가"
2,"리포트 자료 어디서 찾는 게 좋을까"
2,"안 읽은 메일 몇 개니"
2,"올해 설날이 언제인지 알려줘"
2,"내일 눈발이 얼마나 있는지 알려줘"
2,"내일 방문 할 인터넷 기사님의 설치비용을 아니"
2,"서울대학교 앞 학생들이 많이 가는 노래방은 어떻게 갈까"
2,"지방 내려간다더니 잘 다녀왔어"
2,"작년 수능일 날씨 아니"
2,"이번 주 날씨 알려줘"
2,"오늘 오전 기온 좀 알려줘"
2,"거실 온도 몇 도야"
2,"조류 독감이 우리 나라에서는 발병 안 했어"
2,"노후 자금의 규모는 어느 정도가 적당할까 "
2,"내일 새벽 강릉 날씨 좀 검색해줘"
2,"어제 비가 얼만큼 내렸는지 갈수략 좀 알려줘"
2,"화장실 불 켜져있는지 확인해줄래"
2,"이번주 금요일 상주 강수량 어떤지 아니"
2,"이번주 수요일 강수량이 얼마나 많은지 알려줄 수 있니"
2,"이번주중 눈오늘 날 있으면 알려줘"
2,"시험시간표를 확인해서 알려줄 수 있니"
2,"모의투자가 실제투자와 다른 점은 뭐니 "
2,"오늘 날씨 습도 알려줘"
2,"교수님이 메일 수신했는지 확인해줘"
2,"내일 일정 좀 쭉 불러줘라"
2,"다음주 미용실 예약이 몇시니"
2,"집에 불 꺼져있는 곳 있니"
2,"안방 불이 꺼져있니"
2,"내일 누구 생일인지 알려줘"
2,"추위가 언제까지 가는지 알려주겠니"
2,"통근버스 시간대 좀 알아놔"
2,"오늘 가시거리가 몇 키로미터인지 알려줘"
2,"집에 보일러 켜져 있는지 알려줄 수 있니"
2,"아침에 운동 장소가 집 앞 맞니"
2,"서울과 부산 중 더 기온이 높은 곳은 어디니"
2,"경부 고속도로 내 소통 원활한 구간 어디니"
2,"내일 미세먼지 검색해줘"
2,"이번주 비 예보확인 알려주겠니"
2,"시험 결과 어떻게 나왔니"
2,"다음주 강원도 바람 많이 부는날 확인했니"
2,"병가 관련 메일 얼마나 있니"
2,"화장실에 냄새 나니"
2,"내일 대구에 눈오는지 확인해"
2,"우박이 언제까지 올건지 확인해줘"
2,"내일 갈 호텔이 어딘지 알려주겠니"
2,"요즘 건강은 어떠세요"
2,"오전이랑 오후 중 언제가 편해"
2,"안방에 불 꺼져 있는지 확인해라"
2,"이번주 알바 몇시인지 알려줄 수 있니"
2,"인덕션 꺼져 있니"
2,"다음주 최저온도가 몇도인지 알아 봐줘"
2,"친구와 영화보기 일정 언제야"
2,"여기서부터 링컨 센터까지는 몇 정거장인가요"
2,"낯선 사람과의 대화를 어떻게 시작하나요"
2,"걸어서 얼마나 멀어요"
2,"오늘 습도 어떤지 봐줘"
2,"주말에 스케줄이 있니 "
2,"너 많이 놀랐어"
2,"오늘 오후에 기온이 얼마니"
2,"고성에 안개가 많이 끼었다고 하는데 안개 강도 알려줘"
2,"올해 음력 오월 이십이일은 양력으로 며칠이냐"
2,"다음 주에 눈 많이 오니"
2,"신한카드에서 메일이 왔니"
2,"오늘 우리동네 기온 알려줘"
2,"이 메일 수신자가 총 몇 명인지 알려줘"
2,"회사에 보낸 메일 수신자랑 참조자들이 다 확인했니"
2,"미국친구에게 메일을 몇시에 보냈니"
2,"저번 주에 남편이 갔던 선교지의 이름을 알려줘"
2,"이번달에 비 안오는 날 좀 알려줄 수 있니"
2,"오늘 일정이 뭐가있는지 알려주겠니"
2,"오늘 해가 언제 뜨는지 아니"
2,"보일러 켜져 있어"
2,"카드 값 얼마야"
2,"현금 인출기가 고장이 났어 그 속에 내가 들었는데 어떻하지"
2,"이번 주에 비는 언제오니"
2,"다음주 월요일 최저 기온 알려줘"
2,"다음주 월요일 서울 날씨가 궁금해요"
2,"장애인 전용 주차 구역의 이용 실태를 알아보자 "
2,"어떻게 공부한 거야 너도 공부가 제일 쉬웠어요 이거야 "
2,"오늘 일출 시간 알려줘"
2,"이번달 홀수 날에 있는 일정만 보여줘"
2,"면허시험장 위치가 어디인지 알고 있니"
2,"로봇청소기를 작동시켰니"
2,"가장 날씨 온도가 낮은 지역이 어딘지 알려줘"
2,"좀 더 기다릴까 아니면 그냥 갈까"
2,"지금 습도 어때"
2,"학교에서 온 메일 모두 보관함에 넣었니"
2,"몇 번 게이트였죠"
2,"작년에 온 메일 모두 보관함에 넣었니"
2,"오늘 일정이 어떻게 되는지 알려줘"
2,"내일 아무 일정도 없니"
2,"신용카드 메일 알려줘"
2,"너의 학부는 어떻게 되니"
2,"오늘 저녁에 약속있는지 확인해줘"
2,"서울에서 라식수술을 잘하는 안과는 어디래"
2,"게임방 갈까"
2,"내일 스승의 날인데 교문에서 만나는 거야"
2,"오늘 어떤운동을 해야하니"
2,"다음달 미국 휴가 일정에 맞는 가장 싼 비행기표가 얼마지"
2,"현관문이 잠겼는지 확인해줘"
2,"여기서 가려면 어떻게 가야 가장 빠른데 "
2,"이번주 수요일 강수확률 몇이니"
2,"학습 효과를 극대화시키기 위해서 필요한 것은 무엇일까"
2,"오늘 기온 추워"
2,"오늘 캐나라에 눈 올 확률은 몇 퍼센트인지 알려줘"
2,"렌탈 관련 메일 몇개 왔니"
2,"이번 월드컵 예선전이 언제까지 열리지"
2,"별자리 관련 메일 스팸처리 했니"
2,"내일 예상 강수량을 알려줘"
2,"내일 남자친구랑 이백일 되는 날이 맞니"
2,"누나 책상위에 핸드폰 있나 찾아라"
2,"수요일 저녁에 누구랑 약속있는지 알려줘"
2,"오늘 약 먹을 시간이 언제니"
2,"다음주 토요일에 비가 오는 지 알려줘"
2,"서울에 습도는 얼마나 되니"
2,"올해 칠월 부안 날씨 좀 알려줘"
2,"오늘 습도 알려줘"
2,"거실 오디오가 켜져 있니"
2,"내일 낮에 구름 많은지 알려줘"
2,"이번주 일요일에 비가 몇시에 오니"
2,"일년전 일월 어디 갔었는지 알아봐"
2,"지금 밖에 바람이 얼마나 부는지 알려줘"
2,"마지막으로 현관이 열렸던 시간은 몇시야"
2,"다음주 금요일 인천 날씨 어떠니"
2,"메일 자동 청구서 신청 방법 알려줄래"
2,"다음 주 서울 날씨 알려줘"
2,"뭐 먹을까"
2,"내일 가장 추운시간이 언제인지 알려줘"
2,"쟨 또 어느 별에서 온 애니 꽤 먼 별에서 온 거 같은데"
2,"내일 오후 서울날씨 검색해줘"
2,"읽지 않은 메일이 몇 개인지 확인해줘"
2,"삼일 전에 친구들이랑 밥먹은 식당이름이 뭐였지"
2,"주식형 펀드와 적금 중에 뭘 하는게 좋을까"
2,"오늘 주요 경기에 대해 알리렴"
2,"오늘 서울 초미세먼지 농도 알려줄래"
2,"금요일 정동진 일출 시간 알려줘"
2,"어제 롯데 선수들의 게임 기사는 없을까"
2,"수요일에 저녁 약속이 있니"
2,"오늘 오후 스케줄이 있니"
2,"작년 장마 기간이 며칠 정도였어"
2,"내일 버스 시간이 몇시니"
2,"내일 비행기에 탑승하게될 시간을 알려줄수 있어"
2,"오늘 받은 스팸메일이 몇통이니"
2,"양산 나들목에 정체가 심한지 알자"
2,"오늘 개인에게서 온 메일이 몇 통이나 왔니"
2,"오늘 기온 제일 높은 곳 알려주겠니"
2,"오늘 해지는 시간이"
2,"저번 주에 온 메일 중 스팸 메일 있는지 알려줘"
2,"마장동에서 유명한 해장국밥집 어디지"
2,"오늘 비가 언제까지 오니"
2,"눈에 멍이 들면 왜 계란으로 비비는 걸까 "
2,"이번 주 대부분 흐린 날씨로 예상되는 요일은 언제니"
2,"내 입대일 언제니"
2,"이번달 중요 일정 알려줄래"
2,"스팸함에 메일이 얼마나 있니"
2,"안녕하세요"
2,"지난 주말에 추웠는지 알려줘"
2,"오늘 비 내리는지 알려줘"
2,"대학 평점은 좋은 편이니 "
2,"지금 뉴질랜드 습도가 몇 퍼센트인지 알려줘"
2,"냉동실 온도를 확인해줘"
2,"예약전송 메일중에 아직 전송 안된 메일이 있니"
2,"다음달 아침 운동계획 보여"
2,"오늘 일정 중 가족 모임 있는지 알려줘"
2,"내일 오후 서울날씨 어떤지 아니"
2,"인사동의 수제비 전문점"
2,"전력 절약 모드가 켜져 있니"
2,"내일 트렌치코트 입으면 상당히 추울까"
2,"오늘 오후에 박인혁부장에게서 온 이메일이 몇 개니"
2,"채권형 펀드 운용성과가 어떻게 되지 "
2,"내가 마지막으로 간 여행지가 어디지"
2,"내일 두시간 이상 비는 시간대가 언제지"
2,"다음 주 수요일 날씨 알려줘"
2,"그때 보고 정말 오랜만이네 잘 지내"
2,"받은 편지함에 안 읽은 메일이 있니"
2,"꿈이 삼년 내내 똑같은데 그 이유는 무엇인가요"
2,"너 네 집 근처에 한미은행 있지"
2,"어젯밤 새 메일 중 아이디 토니가 보낸 이메일 찾아줄래"
2,"오늘 포항의 지진 위험이 있는지 알려줘"
2,"올해 대체공휴일이 언제 있어"
2,"부산의 오늘 체감온도는 얼마지"
2,"명동에서 연인들이 가장 많이 찾는 라면집은 어디지"
2,"물고기의 반대말은"
2,"이번 주말에 일정 있니"
2,"다음 주에 비오는 날이 며칠이니"
2,"내일 하루종일 비가 오는지 아니"
2,"북부 순환도로 상황을 보고싶어"
2,"다음 주 일정 몇 개야"
2,"내 메일함 남은 용량이 얼마나 되니"
2,"오빠 결혼식은 언제지"
2,"온수 모드가 켜져 있니"
2,"카드 없앤 건 좋은데 급할 땐 어디서 돈을 빌리지"
2,"속속들이 얘기 안 해준 게 섭섭하냐구요"
2,"내가 주식을 매각 할수 없는 이유가 뭐냐"
2,"건강을 유지할려면 어떤 방법이 좋을까요"
2,"주가를 인위적으로 올리는 방법은 불법인가요 "
2,"현재 중부 상행선 교통 통제 구간은 어떤데"
2,"이번주 목요일 속초 최고 기온 몇도인지 알려줘"
2,"다음주 월요일 일정 어떻게 되는지 알려줘"
2,"외부랑 몇도 차이나"
2,"화장실 환풍기가 돌아가고 있니"
2,"유럽 아시아 정상회의 관련기사 찾아라"
2,"오늘 예상 강수량은 얼마니"
2,"한국 양궁 장비 과학화에 관한 기사를 찾아줄래"
2,"오늘 기온 어제보다 낮은지 확인해줘"
2,"이번주 주말 제주도 날씨 어떠니"
2,"이번주에 비소식 있니"
2,"십일월에 방콕 강수량 좀 알려줄래"
2,"이번주 토요일 대구 날씨 어떤니 아니"
2,"메일함 용량이 얼마나 남았니"
2,"작년에 온 메일 중 제목에 미팅이 들어간 메일 찾아줘"
2,"이천십구년 봄 날씨 온도 알려주겠니"
2,"여행자 수표를 가져갈까 통장을 만들까 고민 중이야"
2,"그 영화 봤니"
2,"내 동생 생일이 언제인지 알려줘"
2,"대문에 불 꺼져 있니"
2,"최근에 독일축구 관련 기사가 있는지 찾아주렴"
2,"어제 일정 몇 시에 끝났어"
2,"일본 여행 일정 취소했니"
2,"내일 우산 들고 가야할까"
2,"이번주 점심 일정만 불러줘"
2,"아벨을 죽인 가인은 놋땅으로 추방당했는데 놋땅 뜻은 무엇인가요"
2,"오늘 서울 도로 중에 안개 심한지역 검색해줘"
2,"자외선 지수 어때"
2,"요즘 어떠세요"
2,"다음 주 마사지샵 예약 몇 시지"
2,"내가 읽지 않은 메일이 몇통이니"
2,"이메일의 서명 기능 중 전자자필서명 기능이 있니"
2,"전자레인지 전원 꺼져있는지 확인해줘"
2,"내일 오전에 눈이 오는지 확인해줘"
2,"주요 고속도로의 노면상황 좋지"
2,"지난 유럽여행 언제부터 언제까지였는지 알려줘"
2,"내가 어제 보낸 메일을 상대방이 읽었니"
2,"집 안 습도가 어떻게 되니"
2,"내일 일곱시에 친구와 어디서 만나기로 했니"
2,"받은 편지함에 있는 메일이 총 몇 개니"
2,"어머 선생님들 오셨네 정선생님 건강하시죠 어머 선생님 눈 왜 그래"
2,"열흘 전에 아빠한테 어떤 메일이 왔는지 확인해 줄 수 있니"
2,"내일 남자친구 만나기로 했니"
2,"구월 삼일부터 구월 오일까지 날씨를 보여라"
2,"작년 크리스마스때 갔던 레스토랑이 어디니"
2,"오늘 강수량이 어떻게 되니"
2,"올해 삼일 연속 연휴인 때가 언제지"
2,"내일 눈 오는 시간을 알려줘"
2,"여자친구와 이백일 언젠지 알려줘"
2,"냉장고의 온도상태를 알려줄래"
2,"현금으로 계산하십니까 아니면 카드로 계산하십니까"
2,"이번주 태풍이 언제 부는지 알려줘"
2,"새로 온 메일이 어디서 보낸건지 확인해"
2,"작년보다 올해 얼마나 더 덥니"
2,"월간 날씨 아니"
2,"오늘 미세먼지 수치가 어때"
2,"이번주 비 오는 날이 언제인지 알려줘"
2,"오늘 밤에 천둥 번개있니"
2,"불가마 더위가 며칠이나 지속될지 알려줘"
2,"내일 비가 얼마나 올지 알려줘"
2,"지난주 전국 날씨가 어땠지"
2,"내일 부산 지역 일출 일몰 시간은"
2,"올해 대체공휴일이 며칠이나 되니"
2,"터미널까지 가장 빠른 대중교통수단이 뭐야 "
2,"저번 주에 비가 내리는 날은 언제였지"
2,"카카오톡에서 온 메일 알려줄수 있니"
2,"아이를 못낳는 집에 목사님이 심방가셔서 보는 성경은"
2,"내일도 오늘만큼 더워"
2,"이번주 목요일 목포 기상 예보 어때"
2,"티켓팅 일정 어떻게 되니"
2,"너 예전에 다친 팔은 다 나았어"
2,"다음주 화요일 세시에 이은정에게 메일 예약 되어있니"
2,"내일 저녁 약속 장소가 어디지"
2,"내일 습도 좀 검색해봐"
2,"언제부터 추워질까"
2,"이번주에 온 이메일중 업셉턴스가 들어간 이메일 있으면 알려줘"
2,"내시경 찍었다며 어떻다는데 위염이라고 "
2,"이번주 파트회식 무슨요일 몇시이니"
2,"보드랑 스키 중에서 뭐가 더 빨리 배울 수 있어"
2,"오늘 과제 데드라인 알려줘"
2,"답장 안한 메일이 있니"
2,"계좌 이체하는 데 수수료가 얼마인지 아니 "
2,"오늘 눈 언제까지 내리는지 확인해"
2,"휴지통의 메일을 받은 편지함으로 복구할 수 있니"
2,"무더위는 언제쯤 끝나니"
2,"주소록에 교수님 메일이 있니"
2,"내일 열두시에 어디서 밥먹기로 했니"
2,"수도 잠겨있는지 확인 좀 해줘"
2,"다른 사람에게 은행 명의를 대체 왜 빌려준 건데 "
2,"너 혹시 교육학 인터넷 강의 들어본 적 있어"
2,"왜 이번 시험은 갑자기 문제를 어렵게 내셨을까 "
2,"오늘 비 언제까지 내리는지 아니"
2,"일주일 전 저녁에 봤던 영화제목이 뭐니"
2,"다음달 참가 학회 일정을 알수 있을까"
2,"현재 황사 주의보 내려진 지역은 얼마나 돼"
2,"내일 아침 조깅 몇 시에 하기로 했니"
2,"안방에 켜져 있는 전자제품 좀 확인해 줘"
2,"오늘 비올 확률 몇퍼센트니"
2,"안방 화면을 보자"
2,"열리지않는 메일이있는지 알려줘"
2,"오늘 답장 온 메일 있니 "
2,"서울대 근처 피자헛은 어디일까"
2,"보일러가 켜져 있는지 확인해줘"
2,"할아버지가 끊은 거 맞지"
2,"어제 과음한 것 같은데 속은 좀 어때 "
2,"점심시간에 매점에서 뭐 먹지"
2,"내일 전세계에서 가장 추운 곳이 어딘지 아니"
2,"언제 갈까"
2,"주식을 팔아 현금으로 쓰려면 어떻게 해야 하는 거야 "
2,"가스레인지 켜져 있니"
2,"다음학기 개강일이 언제니"
2,"내일 해가 언제 뜰지 알려줘"
2,"내일 바람이 얼마나 부는지 알아"
2,"서울 종로에서 분위기가 제일 좋은 째즈빠는 어디냐"
2,"다음 논문 발표는 몇 일 남았니"
2,"화장실 불 켜져있니"
2,"이번주에 가족 관련 일정 있으면 알려줘"
2,"오늘 전세계에서 강수량이 가장 높은 곳이 어딘지 아니"
2,"내일 온도가 몇도야"
2,"보일러 지금 몇 도로 설정되어 있니"
2,"남해안으로부터 올라오는 태풍 이름이 뭐니"
2,"교수님 연구실이 몇 호실이지 "
2,"이번 주 비소식 있는지 봐줘"
2,"우체국과 은행 중 어디가 더 안전할까 "
2,"단전호흡이 좋을까 요가가 좋을까 고민 중이랍니다"
2,"내일 다섯시 가족모임 레스토랑 시간변경했니"
2,"지금 프랑스 날씨 어때"
2,"케이티엑스 역방향인데 멀미 나지 않겠어 "
2,"이번주 수요일 새벽 날씨가 몇도인지 알려줘"
2,"오늘 미팅 몇 시인지 알려줘"
2,"오늘 천둥번개도 치는지 알아봐줘"
2,"내 생일에 온 메일의 발신자들 정리해줄 수 있니"
2,"이번주 피티 언제 받기로 했는지 알려줘"
2,"저는 방학인데도 학교 나가고 있어요 언니도 잘 지내죠 "
2,"어제의 최심신적설량을 알려줘"
2,"우리 누나 출산일이 언제인가"
2,"풍랑경보는 언제 사라지니"
2,"서울역 근처 찜질방 어디일까"
2,"이봉주 선수의 아테네 경기 관련 기사 보자"
2,"내일 오전 전국 날씨 검색해줘"
2,"일월 일정이 어떻게 되는지 알려줘"
2,"핸드폰수리 언제하니"
2,"어제 내가 뭐했니"
2,"서울에 장마가 언제 시작하는지 알려줘"
2,"시월초에 감사일정 언제부터니"
2,"지난주 서울 강수량 좀 알려줘"
2,"집안의 습도가 얼마나 되는지 아니"
2,"휴지통에 있는 메일 중에서 내게 쓴 메일이 얼마나 있니"
2,"일 년에 연차는 며칠이나 쓸 수 있죠"
2,"다음주 화요일에 영화 볼건데 같이 볼 수 있어"
2,"너 정말 보여"
2,"이번주 가장 더운 요일을 알려줄수 있어"
2,"서울대 인근 당구장 어떻게 가는가"
2,"홍보팀으로부터 온 메일 있는지 확인해"
2,"내일 회의일정 몇시니"
2,"정기 적금 해약하면 손해가 클까"
2,"어제 보낸 메일 수신확인이 됐니"
2,"콜금리 인상이 과연 어떻게 영향을 줄지"
2,"우리 할머니 기일이 언제인지 알려줘"
2,"내일 아침 회의 일정 알려줘"
2,"부산 해운대 해수욕장 개장이 언제일까"
2,"잘 됐네요 오늘 오후 네 시쯤은 어떠세요 저는 요시다라고 해요 그쪽 사무실까지 어떻게 가는지 좀 가르쳐주셨으면 하는데요"
2,"정수기 지금 따뜻한 물 나오니"
2,"이번달 학교행사 모두 취소했니"
2,"보험사에서 온 메일 있는지 확인해 줄 수 있겠니"
2,"안방에 보일러가 나오는지 확인해줄래"
2,"가스불 꺼져있는지 확인해줘"
2,"올해 강수량이 제일 적은 날을 아니"
2,"중부지방에 오늘 비오니"
2,"이번주 강수량 아니"
2,"휴지통에 메일이 남아있니"
2,"오늘 메일 몇 개 왔는지 알려줘"
2,"아빠 환갑 장소가 어디지"
2,"거실에 불 켜져 있는지 확인해줄 수 있니"
2,"일간 스포츠의 아색기가를 보여라"
2,"남해 고속도로 정체구간을 알려주렴"
2,"에어컨 켜져있니"
2,"보일러 실내 온도가 몇 도야"
2,"부도 나서 회사가 휘청거린다는데 그만둬야 하나 "
2,"안방의 커튼이 닫혀져 있니"
2,"내일 불쾌지수가 높을까"
2,"현관문 앞에 누가 있는지 봐봐"
2,"최경주 선수 근황에 관련된 기사를 찾아라"
2,"사전투표 날짜 알려주겠니"
2,"보일러 가동 상태좀 확인해봐"
2,"사랑하는 친구야 건강은 좀 호전 됐니 "
2,"부산에서 제일 안 아프게 치료하는 치과는 어떻게 가냐"
2,"부모님 결혼기념일 날짜 확인해줘"
2,"오늘 춘천에 눈이 오니"
2,"이번주 일요일 플리마켓 몇시에 하니"
2,"오늘 온 메일중 광고메일이 몇통이야"
2,"자격증 시험 날짜가 언제였지"
2,"일월 일일 스케줄 장소가 어디야"
2,"티비에서 케이비에스는 채널 몇 번이야"
2,"에어컨 온도 설정이 어떻게 되어있지"
2,"동아일보 오늘 별자리별 운세를 보자"
2,"요즘 어떠세요"
2,"시험 범위가 어디까지냐"
2,"교수님한테 성적 정정 요청 메일 발송했는지 확인해줘"
2,"이번주 주말 일몰 시간 알려줘"
2,"전자레인지 전원 켜져있는지 "
2,"외곽순환 도로 상황을 보여주렴"
2,"차범근의 최근 현황을 찾으렴"
2,"받은 메일함이 모두 삭제 되었니"
2,"보낸편지함 삭제되었는지 확인 부탁해도 되니"
2,"형 모니터는 십구 인치로 살까 이십 인치로 살까"
2,"이번 휴가 때 비오는지 알려줘"
2,"부엌에 켜져 있는 가스가 있니"
2,"케이블카도 교통 수단이라고 할 수 있을까 "
2,"내일은 한가할까"
2,"오늘 방화 관련 기사가 뭐니"
2,"경부 고속도로 진입구간 상황을 알려주렴"
2,"올해 첫눈이 언제니"
2,"내일 오후 스케쥴 몇 시에 있니"
2,"근데 어느 회사 꺼 사뒀는데"
2,"작은 방 공기 어때"
2,"이번 주 일요일에 서울의 날씨가 어떤지 알려줘"
2,"수요일에 무슨 수업 있는지 알려줘"
2,"지금 에어컨 희망온도가 어떻게 되니"
2,"이번 주 과제 제출일은 언제인지 알려줘"
2,"오늘 회사에서 메일 왔니"
2,"오늘 오후 다섯시 모임 시간 알려줘"
2,"아합의 모든 일가친척을 죽인 사람은 누구인가요"
2,"다음달 병원 예약 일정을 알려줘"
2,"이번주 가장 더운날 알려줘"
2,"큰 아들이 언제 미국으로 들어가지"
2,"첨부파일 용량이 얼마나 되니"
2,"이번에 온 태풍 이름이 뭔지 아니"
2,"이번달 건강검진 날짜확인 해줘"
2,"이베이에서 답장이 왔니"
2,"이번달 방값 언제 냈니"
2,"메일에 첨부된 링크가 안전하니"
2,"첨부파일 손상된 메일 알려줘"
2,"오늘 오전날씨 확인해주겠니"
2,"유월 이십오일 오사카 날씨 알려줘"
2,"지금 비 오니"
2,"방학 기간이 언제부터 언제까지니"
2,"오늘 최고 기온이 몇 도이니"
2,"내일 저녁에 보기로 한 영화 제목이 뭐였니"
2,"휴가 계획이 무산되었어 어떡해"
2,"내일 경복궁에 가려는데 날씨 어떤지 알려줘"
2,"콘센트에 충전기가 뽑아져있는지 확인해줘"
2,"오늘 미세먼지가 어떻게 되는지 알려줘"
2,"오늘 새벽에 비 오는지 알려줘"
2,"저녁에 눈이 내릴 확률은얼마나 되는지 알려주겠니"
2,"스팸처리한 메일주소가 몇개나 있니"
2,"이번주에 몇통의 메일이 왔니"
2,"저번 주 국제전화가 왔던 날짜를 알려줄래"
2,"공기청정기 켜져있니"
2,"다음주 미세먼지 치수는 어느정도니"
2,"지지난 달 갔던 테라로사의 주소를 알려줘"
2,"거실 온도 좀 확인해라"
2,"우리 회사 정기 모임이 언젠지 알려줘"
2,"오늘 오전에 온 메일이 있니"
2,"오늘 지진 규모가 몇인지 알려줘"
2,"신용카드 해외 승인 내역 메일 모두 삭제하고 휴지통 비웠니"
2,"공정거래위원회에 제출할 소명서는 마무리 되어 갑니까"
2,"내일 무슨 일정 있는지 알려줘"
2,"김동성 선수의 요즘 근황은 어떻지"
2,"작년 내 생일때 날씨가 어땠는지 알려줘"
2,"대구는 오늘도 폭염주의보가 내렸니"
2,"내일 눈이 올까"
2,"작년 첫눈 언제였는지 알아봐"
2,"신선칸에 채소 얼마나 있는지 아니 "
2,"내일 최저 기온이 몇 도인지 알려줘"
2,"내일 부산 오전 날씨 알려줘"
2,"일출 시간 알려줄래"
2,"마포 소재 갈비집은 어떻게 가"
2,"폭염주의보 언제 끝나는 지 아니"
2,"그러면 네가 너무 오래 기다릴텐데 괜챦겠어 "
2,"오늘 일정이 몇 개니"
2,"수신실패한 메일이 있니"
2,"담주 토요일 온도 좀 알려줄 수 있니"
2,"이번주 서울이 황사 영향권인 요일 알려줘"
2,"내일 자외선량은 얼마니"
2,"결혼 기념일날 일정 알려줘"
2,"이번주 가장 기온이 높은날이 언제니"
2,"오늘 서울 미세먼지 농도 좀 알려줄 수 있니"
2,"오늘 바람이 많이 부는지 확인해줘"
2,"오늘 열두시에 몇도까지 올라가"
2,"이번 주 주말에 폭우 예보가 있니"
2,"어제 회사에서 온 메일의 수신 여부를 확인해줘"
2,"지금 우리는 어디에 있어요"
2,"비행기편 변경 가능한가요"
2,"오늘 메일은 몇 개나 왔니"
2,"오늘 쇼핑 일정이 몇시니"
2,"현관 잠겨있는지 확인해"
2,"좋아하는 색은 뭔가요"
2,"다음달 봉사가 언제인지 알려줘"
2,"화요일 오전 열시 기온이 얼마니"
2,"쇼핑해야 할 것 있니 "
2,"가스 불 꺼져 있니"
2,"동생에게 보낸 메일 읽음확인 됐니"
2,"다음주 서울에 미세먼지 지수 최저인 날 언제니"
2,"저번 주에 운동을 두 번 이상 갔니"
2,"내일 나 뭐 해야돼"
2,"지금 우리나라 근처 태풍이 어디를 지나고있니"
2,"다음 차례에 써도 되나요"
2,"오늘 안양 날씨 검색해 줘"
2,"책을 살까 아니면 제본으로 할까"
2,"전년도에 첫눈이 언제 왔는지 알려줄 수 있니"
2,"내일 오후날씨 확인해줘"
2,"오늘 눈이 몇시까지 오니"
2,"작년에 온 메일 모두 휴지통에 넣었니"
2,"다음주 동창모임 몇시니"
2,"태풍은 언제 서울에 오니"
2,"올해 구정이 몇 일인지 알려줘"
2,"내일 최저온도 몇 도니"
2,"내일 우산 챙겨야 하는지 알려줘"
2,"귀 아픈건 괜찮니 병원에서 머래"
2,"보낸 메일함에서 친구에게 보낸 메일이 있니"
2,"홈쇼핑에서 보험을 계약하면 더 나을까"
2,"우리 과 졸업 이수 학점이 몇 학점인지 아니"
2,"오늘 정오의 기온이 얼마 될까"
2,"세탁기 작동중인지 확인해"
2,"내일 습도가 높은지 알아봐"
2,"여의나루역 근처 우체국은 어디지"
2,"내일 점심약속 장소가 어디야"
2,"언제까지 비가 온대"
2,"오분전에 온 메일 출처가 어디니"
2,"임시보관함에 있는 안 읽은 메일 사십삼 개 맞니"
2,"현관 문에 잠겨 있는지 확인해"
2,"어제 보낸 메일 중 수신 확인 안 된 메일 얼마나 되는가"
2,"주가가 폭락했는데 그 원인은 무엇인가요 "
2,"봄에는 자살률이 올라 간다던데 왜 그럴까 "
2,"교통 사망사고에 관련된 기사를 찾아라"
2,"우리나라 황금사원은 어디에 있냐"
2,"지금 제주도에 바람이 많이 부니"
2,"연동된 메일계정에 새로운 메일이 있니"
2,"경부선 정체구간은 어떻데"
2,"내일 날씨가 오늘에 비하면 어떤지 알려줘"
2,"오늘 밤 아홉시 서울 날씨를 알려줘"
2,"내일 오후 날씨 어떠니"
2,"폭염이 언제까지니"
2,"삼일전에 캐나다에서 온 메일이 있니"
2,"올해 우리 둘째딸 피아노 연주회 일자를 알려줘"
2,"오늘 하루중 가장 추운 시간 언제니"
2,"쓰레기 통에 뚜껑을 덮어 놓은 이유는"
2,"프랑스의 오늘 최저 기온이 얼마나 기록됐지"
2,"다음 주 월요일에 잡힌 예약을 알려줘"
2,"이번 주에 해야할 일 알려줘"
2,"팔월 일일에 잡혀있는 미팅 근처 맛집 검색해줘"
2,"이번 주 회의 일정이 남았어"
2,"오늘 워크샵과 관련된 메일이 왔니"
2,"내일 열두시에 미세먼지 농도가 얼마나 되니"
2,"오늘 온 메일 몇 개인지 확인해"
2,"과제 메일 교수님이 확인했는지 알려줘"
2,"나갈때 우산을 들고 가야하니"
2,"이번달 출장 예정일이 언제니"
2,"어제온 메일 개수좀 알려줘"
2,"다음 주 세미나 일정이 어떻게 되니"
2,"이번주 결혼식 시간 몇시니"
2,"음 고속도로랑 국도 중에 어느 쪽으로 가는 게 좋을까"
2,"내일 회의 어디로 가야되니"
2,"다음 주 토요일에 뚝섬에 비가 오니"
2,"시계 수리일정 언제니"
2,"스팸편지함에 몇 통있니"
2,"교육과정사회학 청강할려고 하는데 괜찮을까요"
2,"이번주 금요일 강원도 최고기온 알려줘"
2,"이번 새해 때 교수님한테 연하장 보냈었나"
2,"작년 칠월 평균 기온 알려줘"
2,"엘피지에이 관련 기사 보자"
2,"내일 날씨 알려줘"
2,"내일 생일인 사람 이름이 뭐지"
2,"우리나라는 성인이 돼야 마음대로 사업을 할 수 있나요 "
2,"외국어 말고도 필요한 것이 뭐가 있지 "
2,"보낸 메일함에 메일이 얼마나 있니"
2,"주위에 인라인 스케이트 탈만한 곳이 있을까 "
2,"오늘 오전에 서울에 우박이 내렸니"
2,"다음주 토요일에 비가 오는지 알려줘"
2,"이번주 수요일에 미세먼지 농도가 얼마니"
2,"현관문 앞에 온 택배가 있니"
2,"내일 수업 뭐 있는지 알려줘"
2,"어제 새벽 체감온도 확인해줘"
2,"이번달 공휴일 좀 알려줄래"
2,"다다음주 금요일 퇴근길 날씨 어때"
2,"다음달 황사예보가 있니"
2,"일은 볼 수 있을까"
2,"오늘 비 언제부터 오는지 알려줘"
2,"거실 조명 꺼져있니"
2,"쇼핑몰 결제 내역 메일이 왔니"
2,"전자레인지 전원이 꺼져 있니"
2,"내게 쓴 메일 지워졌니"
2,"교수님한테 성적 정정 요청 메일 발송했는지 확인했니"
2,"형 오늘 언제 갈껀지 조금 있으면 많이 막힐 것 같음"
2,"부산에서 분위기가 제일 좋은 바는"
2,"내일 새벽 대전 습도는 어떤지 아니"
2,"좀 된 건가요"
2,"인천 단풍 개화시기 알려줘"
2,"선풍기 회전이 되어있니"
2,"어떻게 내가 말 좀 잘해줄까 "
2,"내일 우산을 안 챙겨도 되는지 확인해"
2,"이번주에 오전에 있는 일정 알려줘"
2,"감기에 가장 많이 걸리는 날짜 알려줘"
2,"내일 오후에 스케줄이 있니"
2,"이번 주에 기온변화가 가장 큰 요일을 알려줘"
2,"오늘 날씨 어때"
2,"누나 이번주 일요일 낮에 머하십니까"
2,"주식이 과연 운일까 실력일까"
2,"오늘 약속 있었니"
2,"저번주 동아리 모임 무슨요일 이였니"
2,"노트북 업데이트가 얼마나 되었니"
2,"내일 오전에 합정동의 미세먼지 농도가 어떤지 알려줘"
2,"다음주 동문모임이 무슨 요일이야"
2,"잘 지내는지 궁금하네"
2,"회사에서 답장이 왔니"
2,"어제 기상 특보가 발효된 지역을 찾아라"
2,"십이월 일정이 어떻게 되는지 알려줘"
2,"아홉 시에 담당교수님한테 예약메일 발송했니"
2,"내일 런던에 우박이 내리니"
2,"저번 달에 미세먼지가 나쁨인 날이 얼마나 있는지 알려줄래"
2,"어제 온 메일 어디서 온 건지 알려줘"
2,"이번에 오는 태풍 이름 아니"
2,"목요일 베이징 날씨 알려줘"
2,"오늘 포항에 비가 언제까지 오는지 검색해줘"
2,"아님 어쩌자구"
2,"오늘 바람 세기가 어떤지 알려줘"
2,"올해 개천절이 무슨 요일인지 알려줘"
2,"사무실에 열려 있는 창문이 있니"
2,"국어시험 범위가 어디까지야 "
2,"내일 중학교 동창모임 장소 알려줘"
2,"어제 학교에서 온 메일 있는지 검색해 줄 수 있니"
2,"다음주 금요일 친구랑 만나기로했니"
2,"예약메일 모두 몇 개니"
2,"화장실 불 켜져 있는지 확인해"
2,"지금 제주도의 강풍속도를 알려줘"
2,"다음주에 눈오는 날 있니"
2,"회사에서 첨부파일 포함되서 온 메일 있니"
2,"십이월달 동생과 스키장 일정이 무슨요일인지 아니"
2,"겨울에 제일 눈 많이 오는 데가 어디야"
2,"여자친구 생일이 얼마나 남았는지 알려줘"
2,"메일 용량이 얼마나 찼니"
2,"그리고 연료가 얼마나 있는지 알려줘"
2,"지운편지함이 비워져있니"
2,"삼성 같은 대기업과 연결이 될까"
2,"오늘 미세먼지 수치 알려줘"
2,"눈 올지 알려줘"
2,"부산대 주변 나이트클럽은 어디래"
2,"인터넷 예금 종류는 어떤 종류가 있어 "
2,"작년 십이월 말에 강설량 알려줘"
2,"오늘 나에게 메일 보낸 사람들은 누구니"
2,"이번달에 면접일정이 있니"
2,"내일 서울 날씨 아니"
2,"오늘 오후에 우박이 내리니"
2,"베란다 문은 잠겨 있는지 확인해"
2,"이번주 수요일 저녁에 시간 괜찮으세요"
2,"안방에 불 켜져 있니"
2,"급한 일이라 빠르면 빠를수록 좋은데 언제 가능해"
2,"어제 눈 얼마나 쌓였는지 알려줘"
2,"내일 아침에 알람 울리는 것 있니"
2,"이번 주 읽고 있는 책의 저자를 알려줘"
2,"회사에서 온 메일중에 첨부파일이 있는 메일이 있는지 확인해줘"
2,"할아버지 제사가 언제인지 알려줘"
2,"침실에 커튼이 쳐져있니"
2,"내일 미국 시카고 날씨 어때"
2,"이번에 우리 아기 보험을 하나 들려고 하는데 뭐가 좋아"
2,"이십일 열두시 잠실대교의 흐름을 보여라"
2,"작년 이맘 때는 날씨 어땠니"
2,"무선청소기가 지금 돌아가고있니"
2,"오늘 오후 서울 자외선 지수 알려줘"
2,"요즘 외국인들이 한국 주식을 파고 있는 이유가 뭘까 "
2,"내일 할아버지랑 식사 하기로 했니"
2,"오늘 펜션 예약 관련 메일이 왔는지 확인해"
2,"이번주 금요일 일정을 알려줘"
2,"지금 싱가포르 날씨 알려줘"
2,"내일 안개 끼는 곳 찾아 봐"
2,"외국에서 온 메일 전부 중요메일함에 있니"
2,"공기청정기 필터를 교체해야 하니"
2,"올해 우리나라에서 가장 비가 많이 온 곳이 어디야"
2,"저한테 맞는 것 있나요"
2,"내일 밤 춘천 강수량 알려줘"
2,"수요일에 무슨 수업 있니"
2,"심야버스는 몇 시까지 운행하는 지 알아 "
2,"오늘 일정 쭉 알려줘"
2,"모레 비가 오니"
2,"지금 밖의 강수량이 어떻게 되니"
2,"오빠 잘 지내고 계시는지요 "
2,"올해 블랙프라이데이가 언제야"
2,"보일러 온도 알려줘"
2,"현관문 닫혀있니"
2,"공기청정기 켜져 있는지 좀 봐볼래"
2,"적금을 들을까 보험을 들을까"
2,"제일 최근에 온 메일은 어디서 온 것인지 확인해줘"
2,"친구들은 많이 사귀었어"
2,"마지막으로 고양이 밥을준 시간을 알려줘"
2,"오늘 저녁에 약속있니"
2,"컴퓨터가 업데이트 중이니"
2,"쓸데없이 전력 낭비하는 콘센트 사용이 있니"
2,"오늘 학교에서 온 메일이 있는지 확인해줘"
2,"구월 월간날씨좀 검색해줘"
2,"일박에 얼마나 하니"
2,"회사를 관뒀다는 게 뭐냐구"
2,"언니 결혼한다고 소식있던데 언제쯤이야 "
2,"거실에 불이 켜져 있니"
2,"아까 쓰던 메일 저장해 놨니"
2,"오늘 어제보다 날씨가 더운지 알려줘"
2,"태풍 언제 오는 지 알려줘"
2,"지금 점심 먹으려고 예약한 가게에 도착했는데 아직 멀었니 "
2,"수요일 꽃꽂이 레슨은 언제 시작하지"
2,"내일 저녁 미용실은 몇시니"
2,"저번달 결제 내역 메일 왔니"
2,"지금까지 언니한테 보낸 중요 메일이 모두 몇 통이야"
2,"장마는 언제부터 언제까지냐"
2,"부동산 거래 관련 메일 알려줘"
2,"오늘 상담 몇시인지 말해줘"
2,"그저께 교수님께 보낸 메일에 첨부 파일 있는지 확인해줘"
2,"이번주 베이징 날씨 알려줘"
2,"다음 달 팔일에 있는 일정 읽어주겠니"
2,"이번주 토요일 날씨 알려줘"
2,"올해 제일 기온이 높았던 날짜가 언제였니"
2,"이번주중 비오는 날 있으면 알려줄래"
2,"모레 일출 일몰 시간 알려줘"
2,"내일 새벽 기온이 얼마인지 알려줘"
2,"혹시 여기 최수아씨라고 있어요"
2,"올해 크리스마스는 무슨 요일인지 알려줘"
2,"금일 주가에 영향을 미칠만한 정치적인 일들은 뭐가 있어"
2,"회사에서 온 메일 있니"
2,"학교에서 온 메일 있니"
2,"스텐드 켜져있는거 있니"
2,"다른 건 알겠는데 삼일테크윈 주가 상승 원인을 모르겠어요"
2,"눈이 얼마나 오는지 알려줘"
2,"베란다 문이 닫혀 있니"
2,"장마는 언제 끝나니"
2,"이메일 자동 응답메일 알려줘"
2,"한글날이 무슨 요일이니"
2,"세탁기가 다 돌아갔는지 확인해줘"
2,"이번 주에 한강에 비 안오는 날이 언제니"
2,"다음 주 토요일 비오는 지 알려줘"
2,"이번주에 첫눈이 올까"
2,"내일 오후 대구 날씨 알려줄래"
2,"오늘 비 언제 그치니"
2,"내일 풍속은 얼마야"
2,"오늘 날씨 어떤 지 확인해줘"
2,"나쁜 소식과 기쁜 소식 중 무엇부터 들을래"
2,"내일 군산 날씨가 궁금해요"
2,"냉동실 온도 몇 도인지 확인해줘"
2,"오늘 오전 일정이 어떻게 되는지 알려줘"
2,"안녕 하세요"
2,"분당 근처 노래방 어딘데"
2,"올해 구정은 몇일이야"
2,"오늘 비가 언제 그칠 지 알려줘"
2,"국제 유가가 세계 증시에 미치는 영향이 뭔가요 "
2,"왜 걔한테 불똥이 튀었어"
2,"애완견의 이번달 접종 예정일이 언제니"
2,"우리 집 주변 이번 주 날씨 알려줘"
2,"지금 티브이 몇 시간이나 봤니"
2,"올해 출장 언제인지 아니"
2,"읽지 않은 최근메일 참조 누구인지 확인해줘"
2,"지금 밖에 기온이 어떻게 되는지 알려줘"
2,"주소록을 세분화하여 입력할 수 있는 기능이 있니"
2,"체크 인 언제 하니"
2,"다음주에 태풍이 서울을 지나가는지 알려줘"
2,"내일 출근 시간 언제야"
2,"내년 겨울의 예상 강우량은"
2,"베개와 건강의 연관성은 어느정도 될까 "
2,"오늘 밤 열대야니"
2,"내일 몇시에 일어나야 돼"
2,"다음달 랩미팅 일정 알려줘"
2,"저녁 먹는 거냐 마는 거냐 연락도 없고 "
2,"베란다 문 닫혀있니"
2,"다음주 일정이 몇개인지 알려줄래"
2,"이번주 황사가 언제 시작되니"
2,"오늘 최고 기온은 얼마일까"
2,"내일 아침에 비가 오는 지 알려줘"
2,"이 다음 일정이 뭔지 알려줄래"
2,"어제 메일 몇 통 왔는지 확인해"
2,"거실에 조명 켜져 있니"
2,"어젯밤에 온 새 이메일 찾아줄래"
2,"이번주 한 시에 일정이 비어있는 요일이 언제인지 알려줘"
2,"오늘 눈 몇시에 그치는지 알아봐줘"
2,"비가 올까 아니면 맑을까"
2,"새로 온 메일이 어디에서 온건지 알려줘"
2,"남산공원 부근 편의점 어디에 있니"
2,"뉴욕 지사에서 근무하게 된 기분이 어때 "
2,"조직행위관리 숙제 오월 삼십일까지 제출하는 것 맞나요"
2,"내일 미세먼지 농도 알려줘"
2,"거실에 불이 꺼져있니"
2,"오늘 누구 왔었어"
2,"지금 진행되고 있는 뉴스 채널이 어디야"
2,"석유 파동 아직도 인거야"
2,"세미나 단어가 들어간 메일이 왔니"
2,"라벨 처리 된 메일 중 안 읽은 것 있니 "
2,"십대 때는 어떠했나요"
2,"오늘 최저 기온 얼마정도이니"
2,"내일 미세먼지가 어떤지 알려줘"
2,"오늘 습도가 얼마나 되니"
2,"지난달에 미용실에 간 날이 언제"
2,"내일 저녁 일정 알려줘"
2,"휴지통에 편지가 몇 개 있니"
2,"안방 온도가 몇인지 알려 주겠니"
2,"정형외과와 한의원 중 어디가 좋을까요"
2,"오늘 체감온도 어때"
2,"기말고사 일정 알려줘"
2,"월요일에 회의 있는지 알려줘"
2,"티비 리모콘 건전지가 다 되었니"
2,"기말고사 시험 범위까지 다 나갈 수 있을까"
2,"내일 오전 일정이 있는지 알려줘"
2,"교수님 생신이 언제야"
2,"오늘 아침 안개가 끼냐"
2,"중앙 창문 블라인드 상태 확인해줘"
2,"내년에 유럽 여행 일정 언제인지 알려줄수있니"
2,"오늘 저녁 장보기 일정 있니"
2,"빨래는 추운 날씨와 더운 날씨 중 어느 때 더 잘 마를까 "
2,"추석에 온 메일 있니"
2,"오늘 가장 온도 낮은 시간은 언제니"
2,"한 시간 전 교통정보 상황은 어때"
2,"첫 눈 언제 오는 지 알려줘"
2,"서울에서 인천가는 국도 지금 막혔는지 알려주렴"
2,"칠월 도쿄 날씨가 어떠니"
2,"한겨울에 비가 내릴수 있을까"
2,"오늘 이십칠도 이하일때가 언제인지 알려줘"
2,"어제 누구와 영화를 보았었지"
2,"내가 이번주에 운동을 무슨 요일에 했지"
2,"오늘 가시거리가 얼마나 되니"
2,"엄마 가방에 있던 돈 돌려줘야 할까 아님 그냥 넘어갈까 "
2,"올해 겨울 마지막으로 눈 온 날이 언제야"
2,"올해의 영어과외 일정일을 알려줘"
2,"애들이 학교에 가는 이유는"
2,"다음주 동문 모임이 무슨 요일이니"
2,"이번달 친구 결혼식 장소가 어디니"
2,"이번주 최저온도가 영도 이하인 날들 알려줘"
2,"내일 폭염경보 발효되는 곳이 어딘지 알려줘"
2,"지영이랑 극장 가기로 한날이 언제지"
2,"넌 이런 거 안한다면서 왜 하냐"
2,"요즘 달러 환율 얼마야"
2,"내일 미세먼지에 야외활동 가능하니"
2,"하늘과 땅 사이에 있는 것은"
2,"내일 아침에 우산 필요한지 검색해줘"
2,"어제 농구결과 어떻게 됐냐"
2,"이번주에 장마전선 있니"
2,"내일 스케쥴 알려주라"
2,"신발장 쪽 조명 꺼져있니"
2,"만약 학과 공부를 하다가 자신과 맞지 않다는 생각이 들면 어떻게 할 건가요"
2,"명동 부근 주차장은 어디에 있데"
2,"대한항공 운임 얼마야"
2,"저번 달 회식이 언제였는지 알려줘"
2,"용선 주변 휴대폰 대리점 어디래"
2,"어제 보낸 메일에 대해 회신 왔는지 알려줘"
2,"하반기 목표가 뭔지 다시 알려줘"
2,"서울대 인근 당구장 어떻게 가"
2,"이번주에 갑상선 검사 하니 "
2,"어제 밤에 팀플에 관한 메일이 왔니"
2,"오늘 미팅이 몇 시에 있지"
2,"임시보관 메일함에 있는 메일을 모두 삭제되어 있니"
2,"학교 언어교육원을 다닐까 아니면 집 근처 학원을 다닐까 회화학원을 다닐까 너무 고민돼"
2,"이번 주 우리 고양이 동물병원 가는 날이 언제니"
2,"모레 오후 다섯시에 미팅 잘 등록되어 있니"
2,"과제 제출 메일로 보냈니"
2,"임시 보관함에 메일이 몇 통이 있니"
2,"어머니 생신이 언제인지 알려줘"
2,"잠실대교 북단 교통 흐름 알려주렴"
2,"내일 친구들이랑 몇 시에 보기로 했었니"
2,"내일이 오늘보다 더 추운지 확인해줘"
2,"몇 시에 도착할 예정이니"
2,"이번달 건강검진 받는 날이 언제로 설정되어있니"
2,"다다음주 일요일 날씨 좀 알려줘"
2,"내일 저녁에 미팅 있는 지 확인해줘"
2,"내일 한의원 몇시에 가는지 아니"
2,"오늘 비가 몇시부터 오니"
2,"안개는 언제쯤 걷힐 예정이니"
2,"이번주에 가장 최고기온이 낮은 날 좀 알려줘"
2,"투자할 때 제일 먼저 고려돼야 할 사항은 뭐지 "
2,"요즘 택시회사들의 운영정보를 알 수 있을까요 "
2,"내일 과천 날씨가 어떤지 알려줘"
2,"이십칠일 서울의 눈 올 확률은 얼마나 되니"
2,"내일 오전 열시에 브런치 약속 있는 거 맞니"
2,"올해 첫 열대야가 언제인지 알려줘"
2,"다음 달 육일부터 팔일까지 비 오는 날 있는지 알려줘"
2,"홍은동 녹번역 구간 교통상황은 어떤데"
2,"오늘 오전에 회의라는 제목의 이메일이 왔었니"
2,"내일 일교차 얼마나 되니"
2,"지금 몇시인지 알 수 있니"
2,"오늘 오전 강수량 알려줘"
2,"세상에서 제일 더럽고 추잡스럽기 짝이 없는 개는"
2,"내일 오전 서울의 날씨 알고 있니"
2,"저축이 나을까 적금이 나을까"
2,"거실 온도 확인해줘"
2,"넘쳐나는 음식 쓰레기에 대한 기사를 검색해"
2,"화초가 시들었는지 확인해"
2,"거실 불 꺼졌나 확인 좀 해줄래"
2,"올 겨울 영국의 날씨가 어떤지 알려줘"
2,"이번주 목요일 경주 날씨 좀 알려줘"
2,"과천에 지금 눈이 오니"
2,"어제 쿠팡에서 온 광고 메일 삭제했니"
2,"오늘 치과예약 몇 시인지 알려줘"
2,"핸드볼 국가대표 감독에 관한 기사가 있니"
2,"제주도 미세먼지 어때"
2,"글피 아침 최저기온 알려줘"
2,"이천십구년 여름 최고 온도 알려줘라"
2,"제작년까지 온 메일 전부 삭제 되었니"
2,"오늘 강수량은 약 얼마나 되니"
2,"이번 주 친구들 만나는 일정 있니 "
2,"논문 마감일이 언제니"
2,"이번 주에 비 오는 요일을 알려줘"
2,"돼지가 꼬리를 흔드는 이유는"
2,"오늘 점심식사 모임시간 확인해줘"
2,"가락시장 횟집 어떻게 가지"
2,"비가 오려나"
2,"이학기 수강신청일이 언제니"
2,"오늘 오후 한시에 스케줄이 있니"
2,"오늘 밤 사이에도 열대야가 나타날지 알려줘"
2,"진도의 한시간 평균 미세먼지 농도를 알려줘"
2,"우리나라 황금사원은 어디에 있는가"
2,"스마트 메일함에 메일이 몇 통이 왔는지 알려줘"
2,"텔레비전 켜져 있는지 확인해"
2,"화장실의 환풍기가 켜져 있니"
2,"이번주중 미세먼지 농도 좋은인 날 있으면 알려줄래"
2,"오늘 새벽에 눈 오는지 알려줘"
2,"내일 해뜨는 시각이 언제야"
2,"정체 구간을 보여주련"
2,"다음주 출장 지역이 어디인지 아니"
2,"서울시 중구 날씨 알려줘"
2,"서울 벚꽃 개화시기 알려줘"
2,"무슨 말인데"
2,"너 이번주 주말에 약속 있어"
2,"냉장고 문 제대로 닫혔는지 확인해줘"
2,"다음주 월요일 날씨 알려줘"
2,"이번 주 미세먼지 농도 좋은 날은 언제니"
2,"티비가 켜져있니"
2,"동의대 주변 플레이스테이션 방 어디더라"
2,"휴지통에 있는 메일 외에 모두 삭제 했니"
2,"이번주 일정 몇 개니"
2,"수강신청 일정 언제인지 알려줄수있니"
2,"집 안 온도가 몇도니"
2,"오늘 미세먼지 농도가 몇시부터 정상이 되는지 아니"
2,"현관 자물쇠가 잠겨 있니"
2,"내일 최고온도 몇 도 가지 올라가니"
2,"오늘 미세먼지 농도 알려줘"
2,"내려 오는 것 몇 시야"
2,"주말에 일정이 있니"
2,"이번 주에 첫 눈이 오는지 알려줘"
2,"부산 시내 정체구간 얼마나 되냐"
2,"냉동실 온도 알려줄래"
2,"오늘 새 편지 중 정미가 보낸 메일이 몇 통이냐"
2,"언니 생일 언제인지 알려줘"
2,"이번주 가장 추운날이 언제인지 검색해줘"
2,"회사를 다니면서 학위를 딸 수 있는 방법이 없을까 "
2,"네 곁에 항상 있을게 눈은 다른 곳 봐도 되는 거지 "
2,"내일 미세먼지 농도가 낮은 지역이 어딘지 알려줘"
2,"태풍이 언제 서울을 지나가는지 아니"
2,"이번주에 비 계속 오니"
2,"주식투자 시 부모님의 동의가 필요하나요 "
2,"오늘 예상 일교차가 얼마정도 되니"
2,"아님 구암 문구나 홈플러스 에서 사야 되나요"
2,"이번 장마가 언제까지인지 확인해줘"
2,"업무의 능률을 올리는 방법이 있을까 "
2,"오늘 네시에 모임장소가 어디니"
2,"내일 황사가 오는지 알려줘"
2,"내일 광안리의 해수 온도는 어떻지"
2,"오븐이 예열중이니"
2,"무선 인터넷과 관련된 기사는 뭔데"
2,"외국인 보유주식의 시가총액이 얼마나 되는지요"
2,"비가 언제까지 내리는지 알려줘"
2,"오늘 군산 날씨 알려줘"
2,"오늘 뉴질랜드 오클랜드 날씨 알려줘"
2,"오늘 전국날씨좀 알려줄 수 있니"
2,"이번주 토요일에 눈 올 확률 좀 알려줘"
2,"내일 체감온도가 몇 도까지 오르니"
2,"개인통장이야 법인 통장이야"
2,"오늘 회의 장소가 어디인지 알려줘"
2,"내일 비행기 출발 시간이 언제지"
2,"엄마에게 답장이 언제왔니"
2,"스쿼시 육개월치 한꺼번에 끊으면 할인 많이 해줄까"
2,"화장실 불이 켜졌는지 확인해줘"
2,"안 읽은 메일 몇 개인지 확인해줘"
2,"여자친구와 백일이 언제니"
2,"오늘 하루 평균 몇도니"
2,"목요일 체감온도 알려줘"
2,"오늘까지 안 읽은 메일이 몇 개인지 알려줘"
2,"오늘 북한 소식 뭘까"
2,"오늘 바람 많이 부는지 좀 봐줘"
2,"안방 티비 켜져 있니"
2,"새 두마리를 두 글자로 표현하면"
2,"내가 어제 마지막으로 보낸 메일이 누구한테 보냈니"
2,"대북사업에 관련된 기사를 찾아"
2,"이번주중에 가장 더운 날이 언제야"
2,"어제 거래처한테 받은 메일이 있니"
2,"차고 문 내가 닫았나"
2,"회사에서 온 메일 중요폴더에 저장했니"
2,"다음주 수요일 비오는지 알려줘"
2,"이메일 온 것 있냐고 물어봤잖아 자꾸 무슨 헛소리야"
2,"오늘 강원도 적설량 알려줘"
2,"내일 오전 애견미용 몇시에 가니"
2,"몇 시에"
2,"지금 시작된 건조 주의보가 얼마나 갈까"
2,"어제 일정에 대해서 다시 말해줘"
2,"이번에 학교에서 하는 스노보드 강좌 들었니"
2,"오늘 눈와"
2,"휴지통에서 체크한 메일을 복구했니"
2,"뒤쪽으로 자리를 좀 옮겨도 될까요"
2,"현관문 잘 잠궈져 있니"
2,"당신은 지상 최고의 미남 미녀이다를 네글자로 말하면"
2,"지금 티브이 프로그램 이름 뭐야"
2,"내일 기아모터스에 메세지를 남겨줄 수도 있니"
2,"오늘 많이 춥니"
2,"읽지 않은 회사메일이 있는지 확인해줘"
2,"티비 껐는지 확인해줘"
2,"내일 비오는지 아니"
2,"부산 시내 지체구간은"
2,"진주에 지금 눈이 오는지좀 알려줘"
2,"오늘 안개 심하니"
2,"냉장고 문이 열려 있니"
2,"소림사에 인접한 절이 어디니"
2,"오늘 눈 오니"
2,"이번주 목요일 몇시에 랩미팅이었냐"
2,"간단히 할 수 있는 사업 뭐가 있지"
2,"점심시간 비는 날 알려줘"
2,"다음주 전국 날씨 좀 알려 줄 수 있니"
2,"서초동 인근 빨래방은 어떻게 가지"
2,"확인안한 메일 있니"
2,"다음달은 며칠이 쉬는 날이니"
2,"안방 에어컨 온도는 몇 도로 설정되어 있니"
2,"내일 세시 일정이 어떻게 되는지 알려줘"
2,"장마 언제 끝나니"
2,"언제부터 추워지는지 알려줘"
2,"오늘 일교차 얼마나 되는 지 알려줘"
2,"나의 입사일이 언제니"
2,"장마는 언제까지니"
2,"선풍기가 꺼져있니"
2,"팔월 칠일 일몰시간 알려줘"
2,"불국사 가는 길 보여라"
2,"대학 등록금 납부일이 언제까지야"
2,"어젠 너무 과음했다 속은 좀 괜찮아 "
2,"모레 눈 올 확률은 얼마니"
2,"보일러가 켜져있는지 확인 가능해"
2,"압구정동에서 쌍꺼풀 수술 잘하는 성형외과는 어떻게 가니"
2,"다음주 맑은 날은 언제 언제야"
2,"세계최초의 과일은"
2,"현재 방 온도가 몇도니"
2,"서울에서 분위기가 제일 좋은 스카이 라운지의 위치는 어디냐"
2,"오늘 오전에 불쾌지수가 얼마인지 말해봐"
2,"너 민호랑 나랑 오해하는 거 아니지 "
2,"최신 가요 일위 뭐야"
2,"프로야구 홈런레이스 일 위 관련 기사 찾아다오"
2,"휴지통에 이베이에서 온 메일이 있니"
2,"작년 겨울 평균 강설량 알려줘"
2,"내일이 몇 일이지"
2,"오늘 일몰 시간 알려줘"
2,"내일 오전에 서귀포에 비가오니"
2,"경숙 자매 출산예정일이 언제인지 알려줘"
2,"십오일 날씨 알려줄 수 있니"
2,"오늘 온 메일 중에 안읽은 메일이 몇 통이니"
2,"전기장판이 꺼져있니"
2,"샤워할 정도로 물 데워졌니"
2,"내일 갯벌 물 들어오는 시간 좀 알려줘"
2,"근데 이제야 왜 자전거를 배우려 하는데 "
2,"알고리즘 수업 과제 다음주 목요일까지야"
2,"어제 밤 사이에 새로 온 메일이 있니"
2,"이백 번 버스 어디서 타야 돼"
2,"제헌절이 몇 월 몇 일이야"
2,"최근 십년동안 우리동네 기온이 가장 높았을 때가 언제인지 아니"
2,"이번 주에 언제 눈이 올 지 알려줘"
2,"오늘 일정 비는 시간이 언제니"
2,"안방에 스탠드가 켜져있는지 확인해줘"
2,"주식 딜러가 되고 싶은데 어떻게 하지 "
2,"서울 동북지역 오존주의보 발령인지 알려줘"
2,"다음주 월요일 배드민턴 대회 어디에서 하니"
2,"어린이대공원 정문 차량 흐름은 어때"
2,"목요일에 정부에서 온 이메일이 몇시에 왔니"
2,"자산운용협회가 믿을 만 한가"
2,"올해 졸업했지 취직준비는 잘 돼가니 "
2,"오늘 습도 확인해라"
2,"오늘 몇시까지 일정이 있어"
2,"부엌 불이 켜져있니"
2,"내일 오전에 과외 있는거 맞지"
2,"이벤트 당첨 메일이 왔니"
2,"학습 효과가 뛰어날 수 있게 하려면 어떻게 해야 할까 "
2,"오늘 해가 지는 시각이 언제니"
2,"오늘 뉴욕에 해가 언제 뜨니"
2,"오늘 눈 얼마나 오는지 알려줘"
2,"어제 배 아프다고 조퇴까지 하더니 괜찮니 "
2,"내일 일몰 시간 언제인지 알려줘"
2,"오늘 습도 어떤지 알려줘"
2,"지선이와 약속시간이 언제지"
2,"소비 심리 회복세에 대한 기사를 찾아"
2,"안녕하세요"
2,"내일 야구장 날씨 어떠니"
2,"위탁계좌는 어떻게 만들면 되는 거야 "
2,"지금 호주의 습도 좀 알려줄 수 있니"
2,"어부들이 가장 싫어하는 남자 가수는"
2,"학교에서 온 메일의 수신여부 확인해줘"
2,"출장 일정 알려줘 "
2,"우리 초코 생일이 언제지"
2,"다음주 서울 예상 강수량 알려줘"
2,"그 교수님 수업 괜찮니"
2,"핸드폰이 제대로 충전되고 있니"
2,"학회 관련한 메일 별표했니"
2,"교통 사망사고에 관련된 기사를 찾아라"
2,"어젯밤 온 새 메일은 몇 통인가"
2,"집밖 씨씨티비 작동하고 있니"
2,"내일 미세먼지 심하니"
2,"이번 달에 시험일정 있니"
2,"내일 오존주의보 발령있는지 알려줘"
2,"이 근처에 공중 화장실 있어요"
2,"커텐을 걷었니"
2,"내일 평창 날씨 좀 검색해줘"
2,"경부 고속도로 사고 난 데 있니"
2,"내일 영화 씨지브이에서 보는거 맞니 "
2,"서울에 태풍주의보가 있니"
2,"광주날씨는 어떤지 알려줘"
2,"오늘 바람 많이 부는지 알려줘"
2,"학습지는 뭐가 좋지요"
2,"오늘 유해물질 농도 어떠니"
2,"이번 학기 총 몇 학점 들어 다 채웠어 "
2,"내일 대전 날씨는 어떻니"
2,"오늘 황사 농도가 얼마나 되는지 아니"
2,"초복이 언제지"
2,"오늘 일조량을 알려줘"
2,"이번 달에 차단된 메일 있니 "
2,"올해 설날이 언제인지 알려줘"
2,"우리 학과에 오기 위해 어떤 노력을 했나요"
2,"나 오늘 일정 많아"
2,"다음주 금요일날 나 스케쥴 있니"
2,"오늘 강수확률이 얼마나 되는지 봐줘"
2,"내일 중부지방 미세먼지 농도가 어떠니"
2,"첫 월급 타면 부모님께 뭘 사드릴까 "
2,"다음달에 비가 얼마나 오니"
2,"내일 날씨 어떠니"
2,"현관문 제대로 잠겼는지 확인좀 해줄래"
2,"오래 찾아뵙지 못했지만 편안히 지내시죠 "
2,"오늘 번개 치니"
2,"이번 토요일 일정 알려줘"
2,"너 큰일이다 자꾸 왜 그래"
2,"읽지않은 메일 좀 지워졌니"
2,"오늘 남해 고속도로 막히나"
2,"냉장고에 금방 넣은 냄비 다 식었어"
2,"롯데닷컴에서 택배 발송 메일이 왔니"
2,"오늘 눈 오는지 알려줘"
2,"발송 취소가 된 메일이 있니"
2,"재성이 방에 뭐가 있지"
2,"위안화 환전은 마쳤니"
2,"그 곳은 왜 버스로는 갈 수 없는 걸까 "
2,"문순이가 메일엔 답장을 보냈니"
2,"헤어지고 싶어하는 사람들이 읽어야 할 성경 장은"
2,"비 언제 그치는지 알려줘"
2,"누구 일본말 할 줄 아는 분 계세요"
2,"교실 지금 많이 덥냐"
2,"서재에 조명 꺼져있는지 확인해"
2,"컴퓨터가 켜져있는지 확인해줘"
2,"이번주 수요일 강수량이 얼마나 많은지 알려줘"
2,"어떤 비행기편을 탈 수 있나요"
2,"이번달 전기 사용량은 얼마지"
2,"수요일 오후 날씨 어떻니"
2,"오늘 습도가 얼마나 되는지 알려줘"
2,"어제 인천 누적 강수량 찾아봐"
2,"이메일 계정 비밀번호가 바뀌었니"
2,"통장에 십만원 들어와 있던데 누가 보낸 건지 알아"
2,"어디서 머무르실 거에요"
2,"수학 과외하면 성적 올릴 수 있을까"
2,"다음달 셋째 주 일정 있니"
2,"제습기 켜져있니"
2,"오늘은 미세먼지가 심하니"
2,"다음주에 첫눈이 올까"
2,"강원도 이번주 평균 기온 몇도인지 알려줘"
2,"이번주 목요일에 눈이 오니"
2,"내일 황사 얼마나 심한지 알려줘"
2,"언제쯤 원가 회복할까"
2,"내일 새벽 서리내리는량 좀 검색해줘"
2,"내일 몇 시에 온도가 영하인지 알려줘"
2,"타이 마사지 샵에서 스톤 마사지 받은 시간을 아니"
2,"지금 연세대 앞에 차가 막히니"
2,"정통부 사 세대 이동 통신개발과 관련된 소식 뭐니"
2,"어제 논산에 눈이 얼마나 왔는지 알려줘"
2,"내일 몇시에 친구와 점심약속이 잡혔니"
2,"화장실에 불 꺼져있는 지 확인해"
2,"오늘 시험 때문에 밤을 샜어 넌 공부 많이 했니 "
2,"그럼 아예 영화 여러 개 볼까 "
2,"오늘 오후에 비올확률이 얼마인지 알려줘"
2,"세탁기 끝나려면 얼마나 남았니"
2,"오늘 저녁에 비오는지 알아봐줘"
2,"오늘의 습도를 알려줘"
2,"어젯밤 도착 이메일 모두 보여라"
2,"다음주 수요일 아홉 시에 호텔에 예약 메일 발송했니"
2,"고양이 잘 있는 지 확인해라"
2,"피부과에서 혹시 메일이 왔는지 확인할 수 있니"
2,"보낸메일함에서 가장 최근에 보낸 메일 수신확인 되었는지 알아봐줘"
2,"내일 오전에 춘천 날씨를 알려줘"
2,"부재중 전화가 몇 통 왔는지 알려줘"
2,"어제 온 이메일이 총 몇개인지 아니"
2,"어제 회식 자리에 왜 안 오셨어요"
2,"너 요즘도 매일 저녁 반신욕 하는 거야 "
2,"오늘 낮 기온 좀 알려줘"
2,"미국인 과학자가 우리나라의 고춧가루의 성분을 조사했더니 이미 밝혀진 성분 외에 두 가지가 더 나왔다고 한다 이것은"
2,"오늘 저녁약속이 몇시였더라"
2,"오늘 경제면 주요 소식 뭔데"
2,"올 여름 예상 강수량 얼마나 될까"
2,"주택 청약 어디 거가 좋을까"
2,"절대 잃어버리기 싫은 물건이 있나요"
2,"축구 대표팀 근황에 관한 기사를 모아줄래"
2,"그게 무슨 뜻이죠"
2,"안방에 불 꺼져 있니"
2,"어린이 운임 얼마니"
2,"룻과 오르바의 고향은 어디인가요"
2,"오늘 자외선 수치 알려줘"
2,"오늘 미세먼지 어떤지 알려줘"
2,"오늘이 며칠이지"
2,"현재 수원날씨 확인해"
2,"다음주 주말 할머니 생신잔치 몇시인지 확인해줘"
2,"또 유부였니"
2,"이 메일에 답장을 보냈는지 확인해줘"
2,"이번주 토요일 서울 기온은 몇 도일까"
2,"이번 일요일 약속이 몇 개니"
2,"오늘 안개가 언제부터 개는지 아니"
2,"어제 내가 보낸 메일이 몇 개인지 알려줘"
2,"엄마한테 전화 왔니"
2,"공기업 채용 관련 정보를 찾아라"
2,"우리 회사 회식 이번 주 토요일인가"
2,"오늘 하늘은 맑은 하늘이니"
2,"여름휴가를 어디로 가기로 했니"
2,"어제 지진 여진인지 본진인지 아니"
2,"시험 날짜 확실한거야 "
2,"인사동에 있는 사우나는 어디야"
2,"방금 온 메일 누구한테서 온 거야"
2,"다음주에 태풍이 오는 지 알려줄 수 있니"
2,"오빠 퇴원일이 언제인지 알려줘"
2,"팔월에 세부에 태풍이 올까"
2,"냉장고가 언제부터 열려있었니"
2,"지금 밖에 날씨 어떠니"
2,"저번주 화요일에 내가 총 몇통 메일 보냈니"
2,"한달전 받았던 메일 모두 삭제됐니"
2,"다음 주 언제 눈 오는지 확인해줘"
2,"어제 교수님한테 받은 메일이 있니"
2,"적금 통장 하나 만들어볼까"
2,"내일 일몰 시간 알려줘"
2,"추석이 며칠이지"
2,"공기 청정기 필터 교환 시기를 알려줘"
2,"이번년도에 첫눈 언제 인지 알려줄 수 있니"
2,"학교에 지각을 할 것 같은데 너는 도착했니 "
2,"요즘은 한참 천원샵 그런 게 많던데 그런 쪽은 어때 "
2,"오년전 오늘 서울 날씨 어땠니"
2,"오늘 습도가 뭐니"
2,"오늘 저녁 약속 스케쥴 몇 시에 어디니"
2,"현관문 열려있는지 확인해"
2,"이학기 종강이 언제니"
2,"냉장고에 계란 있니"
2,"받은편지함 남은용량 확인해"
2,"이번주 일요일 일정 알려줘"
2,"내일 동호회 일곱시 어디로 가면되니"
2,"이번달 태풍정보 알려줘"
2,"냉장고 냉동실 온도가 지금 몇도니"
2,"수요일 저녁 약속 장소는 어디야"
2,"내일 소나기 가능성을 알려줘"
2,"정기예금과 정기적금의 차이점이 뭐야"
2,"지금 광주에 비가 오는지 알려줘"
2,"내일 제주도 날씨 좀 알고있니"
2,"부산시 소재 영화관 어디야"
2,"이번주 전체적인 일기예보가 어떻게 되니"
2,"서울대 앞 우동 전문점 위치를 알려"
2,"오늘 메일 왔니"
2,"다음주 일정 알려줘"
2,"동의대 주변 플레이스테이션 방은 어디냐"
2,"고속도로랑 국도 중에 어디가 나을까"
2,"요즘 씨엠에이 금리 몇 퍼센트래"
2,"서태지 콘서트가 언제 하는데"
2,"세탁실에 불 켜져 있는지 확인해"
2,"외국인 투자자들의 동향은 좀 어떠니 "
2,"눈이 언제까지 오니"
2,"아이티 관련부서에서 메일이 발송되었니"
2,"실내 온도가 몇 도인지 알려줘"
2,"분당선 타려면 어느 역에서 타야 하니 "
2,"아침에 눈이 얼만큼 내렸는지 적설량 좀 알려줘"
2,"이학기 개강 언제인지 확인해줘"
2,"이틀 뒤 기상 특보가 있는지 알려줘"
2,"의정부에 소재하는 부대찌게 전문점 어떻게 가"
2,"까쓰오븐 끄고 잠글까"
2,"미팅관련 메일 온 거 있니"
2,"서울에 아토피 전문클리닉이 있는 병원은"
2,"대전에 폭염특보가 발효 될 가능성 있니"
2,"내일 저녁 약속 장소 어딘지 확인해줘"
2,"오늘 저녁 일정 있니"
2,"오늘 초미세먼지 농도가 어떤지 알려줘"
2,"우리 회사는 아넬바랑 기술 제휴 맺고 있는 거 맞죠"
2,"내일 제주도 날씨 어떠니"
2,"내일 아침 아홉시의 온도 알려줘"
2,"명동 부근 카레 전문점 어디에 있어"
2,"재건축 바람에 대한 기사를 찾아라"
2,"냉장고에 계란이 몇개나 있니"
2,"저번달 월 평균 기온 몇도니"
2,"작년에 대리님이 보낸 메일 아직 남아있어"
2,"선거 언제하니"
2,"택시를 타는 것이 빠를까 지하철을 타는 것이 빠를까"
2,"오늘 서울의 오존 지수는"
2,"스팸메일 몇 개 남아있니"
2,"어제 온 메일의 첨부파일을 다운로드했니"
2,"내일 미국 시카고 날씨 어떤지 알려줘"
2,"다음주 목요일에 앤트맨 영화 세시꺼 예약 가능할까"
2,"내일 기온이 뭐지"
2,"폭염 주의보 여부를 알려줘"
2,"내일 비내릴때 천둥번개를 동반할 확률이 얼마인지 알려줘"
2,"티브이 선호 채널 목록 보여줄 수 있니"
2,"다음 공휴일이 언제니"
2,"로봇 청소기 고장난건 에이에스 연락 완료됐냐"
2,"에어컨 작동 중인지 확인해줘"
2,"삼성전자가 유망하다는데 주식을 살까"
2,"내일 아침 날씨 알려줘"
2,"내일 저녁 친구들 만나"
2,"다음 헌혈 일정은 몇 월 며칠에 있니"
2,"이메일 부장님께 전달했니"
2,"기말에 중간고사 범위까지 포함해서 시험 봐 "
2,"장학금 관련한 메일이 왔니"
2,"어제 서울 강수량 좀 검색해줘"
2,"수요일에 장민하에게서 온 이메일을 모두 얼마나 되니"
2,"기념일로부터 이천일째 되는 날 좀 알려줄래"
2,"내일 서울 날씨 알려줘"
2,"오벳의 엄마 아빠는 누구일까요"
2,"이번주에 왁싱일정있는지 알려줘"
2,"아침 회의 어디에서 하니"
2,"다음 주 회사일정만 다 말해줘"
2,"조성민 선수의 현황은"
2,"장마 언제까지인지 확인해줘"
2,"선풍기 꺼져있니"
2,"몇 시에"
2,"부산역 근처 삼성 에이에스센터가 어디니"
2,"지금 온 편지 발송자가 누군지 확인해줘"
2,"수신자 이름이 김진인 메일이 몇 통이지"
2,"내 방 불이 꺼져 있는지 확인해"
2,"내일 두꺼운 옷을 입어야 하는지 알려줘"
2,"아테네 올림픽에서 수영 관련 기사 찾아주렴"
2,"스팸목록에 공과대학 추가했니"
2,"분당 율동공원 가기로 한 날짜가 언제니"
2,"남자에게는 있고 여자에게는 없는 것 아줌마에겐 있고 아저씨에겐 없는 것 총각에겐 있고 처녀에겐 없는 것은"
2,"이번주 야근이 언제 있었지"
2,"작년 장마 언제 끝났니"
2,"아기옷 만들기 동호회 공지 이메일이 왔는지 확인해줄래"
2,"오늘 새벽에 비가 언제 그치니"
2,"학교에서 온 메일 회사 메일보관함으로 옮겼니"
2,"오늘 습도는 몇 퍼센트인지 찾아줘"
2,"보일러 켰니"
2,"오늘 아침 안개가 짙게 끼었니"
2,"오늘 날씨 어때"
2,"제약 회사에서는 건강 챙겨주냐"
2,"아빠 생일이 언제야"
2,"내일 학교 몇시까지 가는지 알려줘"
2,"주방에 불이 켜져있니"
2,"온라인 샵 배달시간을 검색해줄래"
2,"안녕하세요 몇 분이신가요"
2,"스팸메일함에 회사에서 온 메일이 있니"
2,"오빠 생일이 몇 월이야"
2,"칠월 일일 모임 장소가 어디니"
2,"주말에 티비 시간표 알려줄래"
2,"안녕하세요"
2,"어젯밤 온 메일 중 첨부 파일 든 메일 얼마나 될까"
2,"성적이 많이 올랐는데 어떻게 공부했나요"
2,"전체 메일함에 몇 개의 메일이 담겨 있는지 아니"
2,"다음주 동문 모임이 어디인지 알려줘"
2,"오늘 새벽 눈이 얼마나 내렸니"
2,"다음 주의 전국 날씨가 어떻지"
2,"별표 편지함에 있는 메일 몇 개나 있니"
2,"광고 메일 다 지워졌니"
2,"이번주에 폭염특보가 있니"
2,"오늘 아침 일곱시에 보내도록 예약해둔 메일은 잘 보내졌니"
2,"다음주 알바 언제인지 알려줘"
2,"부산 시내 정체구간 어딜까"
2,"이번주에 점심약속 있는 일정 알려줘"
2,"점심은 뭐 먹었어 매일 똑같은 거 먹기 지겹지 "
2,"티비 켜져있니"
2,"이번 달 경조사 몇개나 있는지 알려줘"
2,"어젯밤 오후에 도착한 이메일은 몇 통이냐"
2,"내일 장례식장 방문 몇 시로 잡아놨지"
2,"다음 학회 일정이 어디지"
2,"거실 불 꺼졌는지 확인해줘"
2,"이번주 아버지 병원 방문일 시간 알려줘"
2,"과천시 소재 서울랜드는"
2,"청와대 소식 보여주렴"
2,"휴지통 메일 지웠니"
2,"오늘 온 메일 있니"
2,"위층 전등이 켜져있니"
2,"다음주 화요일 축구경기 어디로 되어있니"
2,"내일 약속있니"
2,"전자레인지 꺼져 있니"
2,"이번 달 생일인 사람 누구인지 알려줘"
2,"내일 회의 몇 시야"
2,"의정부 소재 부대찌게 전문점 어떻게 가니"
2,"서강대 주변 플스방 어떻게 가지"
2,"윤하는 내가 보낸 메일 수신했니"
2,"김대중씨에 대한 기사를 찾아라"
2,"오늘 저녁 추천요리 알려줘"
2,"오늘 안개가 언제부터 개는지 알려줘"
2,"이번주에 받은 이메일 중 빨리 답해달라고 하는 이메일이 있니"
2,"서재 조명 밝기 조절 되어 있니"
2,"오늘 일교차가 크니"
2,"다음주중에 하늘이 가장 파란 날이 언제인지 알려줘"
2,"거실 온도가 몇 도니"
2,"우리 사귈래"
2,"오늘 전체 일정 좀 알려줄래"
2,"지하철 몇 호선 타는 게 빨라 "
2,"아인트호벤 팀 관련 뉴스를 찾아다오"
2,"영어 외에 배우는 게 또 있으세요 이유는요"
2,"현재 태풍의 강도를 검색할 수 있니"
2,"과음하시더니 속은 좀 어떠세요 "
2,"화단에 물 언제 줬지"
2,"별일은 없고"
2,"우산을 쓰고 나가야 하는지 알아봐"
2,"나면서부터 배를 탄 사람은"
2,"저번주 크리스마스 날씨가 어땟니"
2,"다음주 일요일 오후 한시에 식사 약속 장소가 어디니"
2,"받은 편지함에 편지가 얼마나 있니"
2,"금요일 저녁까지 비 오는지 알려줘"
2,"전자레인지가 돌아가고 있니"
2,"읽은 메일 중에 다운로드 되지 않은 파일 포함한 메일 있니"
2,"올해 남은 일요일이 총 몇 일인지 알려줘"
2,"내일 저녁에 무슨 약속있는지 알려줘"
2,"이번주 중학교동창회가 언제니"
2,"병든 자에게 빠른 쾌유를 비는 명령 형태의 말을 세 글자로 표현하면 무엇인가"
2,"내일 심림동에 눈이 내리니"
2,"로봇청소기 언제 거실청소 했니"
2,"오늘 일몰 시간을 알려줘"
2,"이번주에 비 오는지 확인 해 줘"
2,"오늘 소나기가 언제쯤 오는지 알려줘"
2,"화요일 대구 기온이 얼마나 올라가니"
2,"교수님한테 온 메일중에 첨부파일이 있니"
2,"현관문 앞에 누가 있니"
2,"토요일 아침에 조깅할 수 있을지 알려줘"
2,"다윗은 밧세바를 통해 낳은 자녀가 병이 들었을 때 며칠을 밥을 먹지 않고 땅에 엎드려 울었나요"
2,"너네는 조별 발표 없어 우린 학점을 전체적으로 준대"
2,"실장님이 뭐라고 안 해"
2,"허재의 미국 연수에 관한 기사를 찾아줄래"
2,"어제도 무단결근이더니 오늘은 또 왜 안 나와 "
2,"엘에이 이번 주 날씨 알려줘"
2,"경부 고속도로에 노면이 결빙된 구간 얼마나 돼"
2,"지마켓 결제완료 메일을 읽었니"
2,"서울 구리 간 국도 상황이 어떻지"
2,"상반기 원서 접수 일정 언제니"
2,"말이 사는 집을 한자로 쓰면 무엇인가"
2,"내일 나들이 가기 좋은 날씨니"
2,"어디가 가장 먼저 장마를 시작하는 지 알려줘"
2,"아침식사를 안 하면 요금이 얼마니"
2,"수강신청이 언제니"
2,"내일 미팅 장소가 어디니"
2,"오늘 아침에 눈오는지 알려줘"
2,"제주도 다음주 날씨 좋을까"
2,"청량리역 지상 역으로 가야 돼 아니면 지하로 가야 돼"
2,"임시 보관함에 메일이 있니"
2,"음식물 쓰레기 통이 얼마나 차있니"
2,"차두리의 중징계 관련 기사는"
2,"오늘 우리 팀에서 온 이메일이 있니"
2,"이번 주말에 가기로 한 계곡이 어느 계곡인지 아니"
2,"지금 내리는 눈이 언제까지 내리는지 알려줘"
2,"이천 오년 시월 일일이 무슨 요일인가"
2,"도어락 잠겼는지 확인해줘"
2,"잠실에 찜질방이 어디어디 있지"
2,"올 여름 프랑스의 날씨는 어때"
2,"내일 비가 몇시에 오는지 알려줘"
2,"이번주 금요일 날씨 어떠니"
2,"회사에서 마지막으로 온 이메일이 언제니"
2,"자가용으로 가면 밀양까지 얼마나 걸릴까"
2,"최근 한시간 동안 어떤 메일이 왔어"
2,"내일 과외 몇시까지 가야하니"
2,"잘못된 주소로 갔는지 메일 확인해"
2,"이번 태풍에 한반도가 위험반경에 있니"
2,"오늘 비 언제 그치는 지 말해봐"
2,"오늘 비가 몇시까지 오니"
2,"성적 평가서 너에게 메일 혹시 왔니"
2,"와이파이를 이용해 대용량파일을 보낼 수 있는지 확인해줘"
2,"요즘엔 컴퓨터도 학원에서 배워야 한다더라 사실일까"
2,"차세대 선도 사업 기술 개발 사업의 아이템이 뭐죠"
2,"비 언제 그치는지 알려줘"
2,"여자친구와 백일이 언제인지 알려줘"
2,"여자친구가 내일 몇시에 귀국하니"
2,"스팸 편지함 전부 삭제했니"
2,"중요 표시된 메일들 몇 개니"
2,"어느 계좌인지를 모르겠다"
2,"어제 일정에 대해서 다시 말해주겠니"
2,"임시 보관함에 메일이 있니"
2,"한국은 왜 비가 많이 와요"
2,"칠월 십팔일 일정 어떻게 되니 "
2,"이번주 월요일에 스케줄이 있니"
2,"다음주 주말에 동창회가 있는지 확인해달라니까"
2,"내년 이맘 때 쯤에 태풍 예보가 있는 지 알려줘"
2,"입학 통지서 너에게 메일로 왔어"
2,"강아지 먹이 줄 시간 됐니"
2,"보낸 메일 중 되돌아 온 메일 몇 통이냐"
2,"명동에서 연인들이 제일 많이 가는 레스토랑은 어딘데"
2,"현관에 불 켜져 있는지 확인해"
2,"경부 고속도로 노면 결빙 구간 어디지"
2,"다음달 콘서트 일정 언제인지 알려줘"
2,"어느 길로 가야 가장 빨리 갈 수 있을까 "
2,"내일 더운지 알아봐"
2,"벌금 납부기간이 언제까지지"
2,"구리에 있는 엘지전자 서비스센터는 어떻게 가지"
2,"예약함에 저장된 메일이 있니"
2,"다음주 날씨 알려줘"
2,"내년 추석 연휴는 며칠부터 며칠까지니"
2,"오늘 몇 도니"
2,"다음 달 둘 째주 토요일 콘서트 관람 몇 시였지"
2,"아들아 과외 한 번 받아 볼래"
2,"저번 주 일정 달성도를 알려줘"
2,"김해 공항 진입로가 막히니"
2,"칠월 이십팔일에 저녁 일정 있는지 알려줘"
2,"오늘 과장님께 온 메일이 있니"
2,"올해 지원 마감 일정 알려줘"
2,"이번달 오케스트라 음악회 일정 언젱인지 알려줘"
2,"어제 임시비밀번호 받았던 메일 삭제됐니"
2,"오늘 자외선치수 알려줘"
2,"내가 학교에 보낸 메일의 발신여주 좀 확인해줘"
2,"이번달 스터디 모임이 몇번 있는지 알려줘"
2,"읽지 않은 회사메일 삭제되었니"
2,"다음 달 마감 일자가 언제니"
2,"지역별 전운량이 어때"
2,"오늘 날씨가 북태평양 고기압에 영향을 받을지 알려줘"
2,"이란 이라크전에 대한 기사를 찾아"
2,"방금 수신자가 교수님으로 보낸 이메일의 수신여부 좀 확인해줘"
2,"휴지통에 편지가 있니"
2,"광명역 근처 독일 레스토랑 어떻게 가니"
2,"서울대 주변 정형외과는"
2,"지난달에 온 메일 지워졌니"
2,"오늘 평균기온이랑 어제 평균 기온이랑 몇 도 차이 나"
2,"내일 비오니"
2,"내일 엄마와 쇼핑 일정 삭제했니"
2,"수강신청기간 하루전 알려주도록 설정되어 있니"
2,"서해안 고속도로 구간의 흐름을 알려주련"
2,"그 회사 주주총회 열었다는데 주가에 영향 미칠까"
2,"너 뭐 타고 왔는데 이렇게 늦었냐"
2,"집에 누가 왔나 확인해줘"
2,"실내온도가 이십도 맞니"
2,"메일계정 남은 용량 확인해줘"
2,"제습기 꺼져있니"
2,"장마가 며칠동안 이어질지 알려줘"
2,"오늘 우박이 오는지 확인해줘"
2,"오늘 날씨 알려줘"
2,"금리 변화 관련 뉴스를 보여라"
2,"대구에도 지하철 있지 몇 호선까지 있어 "
2,"월요일 날씨 알려줘"
2,"지하철이나 버스 이용 하면 세금혜택도 있을까 "
2,"이번주에 비오는 날 알려줘"
2,"다음주 가장 추운날이 언제니"
2,"내일 해수욕장 가는데 일기예보 들어봤니 "
2,"오늘 일정이 몇개인지 알려줘"
2,"경부 고속도로의 현재 교통상황을 알려"
2,"이번주 안에 비가 오는지 알려줘"
2,"자동청구함에 새 메일 있는지 확인해"
2,"맑은 하늘은 언제쯤 볼 수 있니"
2,"오늘 일정 다 알려줘"
2,"오늘 태풍의 최대풍속이 어떻게 되니"
2,"난방이 몇 도로 설정되어 있니"
2,"이 동네 갑자기 왜 이렇게 막히지 "
2,"다음주 수요일 제주도 날씨 알려줘"
2,"난방이 꺼져있니"
2,"이번주 프랑스 날씨 좀 알려줘"
2,"지금 비가 소나기인지 계속오는지 궁금해"
2,"오늘 몇시에 친구와 점심약속이 잡혔니"
2,"내일 온도가 몇도인지 알려줘"
2,"오늘 눈이 언제 그치는지 아니"
2,"국어 수업시간이 이번 주에 몇 번있지"
2,"어제보다 추운 날씨인지 알려줘"
2,"내일 미세먼지 어떻니"
2,"코미디 물인가요"
2,"영어 인터뷰 연습할 상대를 구하는데 적당한 사람 있을까 "
2,"중간고사 시작일이 언제니"
2,"스팸메일들 다 지웠니"
2,"일월 십일일이 누구 생일이니"
2,"어머니 생신 언제인지 알려줘"
2,"이번달 엄마 생일 언제인지 알려줘"
2,"요즘 잘나가는 모델의 차가 뭐 있지"
2,"내일 저녁 어떠세요"
2,"오늘 최고기온은 몇도니"
2,"기차보다 더 빠른 게 비행기 맞니 "
2,"광고 메시지 온 거 다 지웠니"
2,"헬스 가는날이 언제였지"
2,"경포대 근처에서 제일 좋은 노래방은"
2,"내일 모레 눈이 내리니"
2,"지난주 월요일 오전 일정 몇시 부터니"
2,"지금 내방에 불 켜져 있니"
2,"생활의 지혜가 담긴 속담 중 최고의 거짓말을 하는 속담은"
2,"이번 장마 며칠까지 오니"
2,"저번주 수요일 일정 확인해줘"
2,"금요일 날씨 알려주겠니"
2,"내 방 전등 켜져있니"
2,"인터넷 뱅킹 신청하려면 뭐 뭐 필요해 "
2,"회사에서 온 메일이 있는지 확인해줘"
2,"난 자전거 못 타는데 자전거 탈 줄 알아야 해 "
2,"오늘 뭐 먹을까 안 먹어본 거 먹고 싶다"
2,"이번달 강수량이 어느 정도인지 알려줘"
2,"천호대교 지금 정체되는 구간을 보자"
2,"주문 상품 배송 이메일 왔는지 확인해줘"
2,"내일 부산 날씨 알려줄래"
2,"결혼기념일이 언제인지 알려줘"
2,"베란다에 창문이 열려있니"
2,"현재 작동되고 있는 가전제품 있는지 확인해줄래"
2,"일 주일 패스 얼마냐"
2,"지금 몇도야"
2,"별자리를 관측할 때 최고의 관측 도구는 무엇일까요"
2,"십이월 가족모임 날짜가 몇일이니"
2,"내일 오전에 황사가 있니"
2,"금요일 영덕 날씨 좀 알려줘"
2,"오늘 미팅 장소가 어디니"
2,"오늘 집에 온 사람 있는 지 알려줘 "
2,"오늘 자외선 지수는 어떻게 될까"
2,"동래 럭키 아파트 주변 자장면 집 어디야"
2,"오늘 오후 스케줄이 뭔지 알려줘"
2,"신용카드공제를 받을 수 있나요 "
2,"베이징에 지금 비가 얼마나 오니"
2,"내일 영어회화 모임 몇 시인지 알려줘"
2,"이번 주에 친구 생일이 있니"
2,"지난주에 지운 메일 모두 복구했니"
2,"오븐 속에 뭐가 들어 있는지 보여주라"
2,"가스레인지 불이 켜져 있는지 확인해줄래"
2,"내일 새벽에 안개 심할까"
2,"매달 말일에 메일 모두 지웠니"
2,"도쿄 날씨가 어떻게 되지"
2,"오늘 미세먼지 심한지 알려줄래"
2,"보스턴 승리와 관련된 소식 검색"
2,"장마가 언제 끝나는지 알려줘"
2,"오늘 누구랑 저녁 약속을 잡아놨었지"
2,"아침 운동 몇 시에 하기로 했니"
2,"오늘 미세먼지 수준을 알려줘"
2,"선택한 메일들 모두 지웠니"
2,"지금 어딨어"
2,"부산에 있는 해수욕장의 현재 기온은 얼마나 되니"
2,"지하철역 주변에 조흥은행 씨디기 없어"
2,"내일 오전 일정이 어떻게 되는지 알려줘"
2,"서울 월간 날씨 알려줘"
2,"삼계탕이 더 좋을까 보신탕이 더 좋을까 "
2,"오늘 경주 날씨 아니"
2,"이번 달부터 요가 한다고 하던데 어느 요가원이야 "
2,"오늘 오후 세시부터 회의 시작 맞지"
2,"메일 총 용량이 어떻게 되니 "
2,"오늘 몇시부터 날이 갤지 알려줘"
2,"물이 다 꺼져 있는지 확인 할 수 있니"
2,"나 척추 휜 거 같은데 어떻게 하지"
2,"냉장고 냉장실 오늘 몇번 열었니"
2,"오늘 예상 강설량 몇 센티미터이지"
2,"올 여름 장마의 예상기간을 알려라"
2,"작년 첫 눈 언제왔는지 알려줄래"
2,"미국 날씨 좀 알려줘"
2,"굿모닝증권과 신한증권 중 어디가 나을까"
2,"내일 모래 얼마나 더운 지 확인해"
2,"오늘 서울의 습도를 알려줘"
2,"내가 답 안한 이메일 있으면 알려줘"
2,"이번 한달 동안 부산여행가는데 태풍예보 있니"
2,"이번 달 가스 사용량 얼마나 되니"
2,"오늘 남양주 날씨 어떻니"
2,"스팸목록에 누구 추가되어있니"
2,"이번 주 폭염인 날 알려줘"
2,"광고 메일 모두 차단했니"
2,"할인중인 영화가 뭐가 있어"
2,"내일 인천에서 일몰을 볼 수 있는지 알려줘"
2,"이번주에 눈 오는지 확인 해 줘"
2,"작년 첫눈 언제였어"
2,"내일 오후 미팅 시간을 정확히 알려줄래"
2,"내일 모래 장보기 일정 언제니"
2,"지금 시드니 날씨 어때"
2,"내일 비가 언제 오니"
2,"올림픽 심판 오심에 관한 기사를 찾아줄래"
2,"이번 장마가 사일까지라는 데 맞아"
2,"지하철 요금인상에 대한 기사를 보여줄래"
2,"내일 아침에 비 많이 오니"
2,"난방 꺼져있는지 확인해봐"
2,"오늘 받은 이메일 중 이미지가 첨부된 이메일은 몇개니"
2,"다음주에 비오는 날이 있니"
2,"이번주 회의가 언제인지 알려줘"
2,"내일모레 전체회의 시간 알려주겠니"
2,"이번주 월요일 몇시에 봉사니"
2,"이번주 주말에 폭풍메미가 서울에 오는지 알려줘"
2,"여기는 처음이신가요"
2,"새로운 메일 주소를 주소록에 저장했니"
2,"다리미 전원 켜져있는지 확인해줄 수 있니"
2,"가스레인지 꺼져 있는지 확인해줘"
2,"남산 삼 호 터널은 원활한지 알려다오"
2,"이번주에 중요한 약속이 뭐니"
2,"오늘 온 메일확인하고 지워졌니"
2,"카드 값 어떻게 막지"
2,"작년중 가장 눈이 길게 왔던 시간 몇시니"
2,"금요일 일정이 어떻게 되니"
2,"휴지통에 어제 삭제한 메일이 있니"
2,"다음주 토요일 해운대해수욕장 일몰시간 좀 알려줘"
2,"낮에 로봇 청소기가 청소했니"
2,"텝스 점수도 인정하나요"
2,"오늘 오후 일곱시에 어디서 운동하기로 했니"
2,"유럽 챔피언스리그 관련 기사를 보여라"
2,"아시아나에서 온 메일이 있니"
2,"서울 미세먼지 알려줘"
2,"생각보다 날이 따뜻한데 야외로 나갈까 "
2,"스팸 메일함에 학생 메일 있나 확인해줘"
2,"송정 바닷가 부근 레스토랑은 어디"
2,"난 왜 못 찾아낸 거야"
2,"수요일에 날씨가 맑은지 알려줘"
2,"개천절이 쉬는 날인가"
2,"내일 부산 날씨 좀 알려줘"
2,"코믹 영화 볼만한거 있니"
2,"그저께 어떤 일정이 있었는지 알려줘"
2,"나 오늘 우산 필요할까"
2,"내일 가장 온도 높은 시간은 언제니"
2,"내일 최고 기온 알려줘"
2,"오늘 자외선지수 아니"
2,"오늘 탄핵 결과가 어찌됐니"
2,"내일 잠수교가 잠길 수도 있니"
2,"요즘 건강은 어떠세요"
2,"이번주에 강원도에 우박내린다던데 진짜냐"
2,"주방 불이 꺼져 있는지 확인해라"
2,"오늘 비 몇 시까지 내리지"
2,"티비가 켜져있니"
2,"폭설예상인가"
2,"왜 올 겨울엔 눈이 펑펑 안 오는 거지 "
2,"오늘 제주도 날씨 아니"
2,"내일 수업 장소가 어디야"
2,"성수 제이시 부근은 정체 구간인지 파악해주렴"
2,"당신 괜찮어"
2,"상일 인터체인지에서 대전 인터체인지까지 까쓰충전소가 있는 휴게소는 몇 군데인지 알려주렴"
2,"지난 사월 십칠일 평택 날씨 찾아봐라"
2,"현재 실내 온도 좀 체크해줘"
2,"안읽은 편지함에 있는 메일 중에 한 달 전에 온 메일이 뭐였니"
2,"오늘 서울 광진구 광장동 날씨 어떤지 보여줘"
2,"보일러 온도 몇 도로 되어 있어"
2,"오늘 가장 더운시간이 언제니"
2,"배송관련 이메일 온거 있으면 알려줘"
2,"메일 몇 개 왔는지 알려줘"
2,"카페메일함 모두 복구가 되었니"
2,"사람이 몇시에 들어왔는지 알아"
2,"내일 모레 눈이 얼마나 쌓일까"
2,"신문 대금 수금일이 언제지"
2,"내일 폭우가 내릴지 알려줘"
2,"내일 눈이 오는지 알려줘"
2,"동아일보 사회면을 보여라"
2,"태풍 올 확률좀 알려줄래"
2,"회신 메일은 모두 몇 통이냐"
2,"다음달 회식 언제인지 알려줘"
2,"수신확인이 되었는지 확인해봐"
2,"아직도 병원에 입원해있는 거야 "
2,"관악구에 초미세먼지 농도를 알려줘"
2,"환기 작동되고 있니"
2,"이번달 일정 모두 취소했니"
2,"오늘 온 편지 중 첨부 파일 든 편지는 몇 통이냐"
2,"이번달 휴일에 가족모임 있니"
2,"보일러 온도가 현재 몇도이니"
2,"내일 미팅 장소에서 가장 가까운 주유소 찾아줄 수 있니"
2,"내일 비 오는지 좀 알아봐"
2,"인천 공항에 황사 주의보 내려졌니"
2,"보험이 나을까 적금이 나을까"
2,"저번달 중요 일정이 뭐였는지 알려줘"
2,"서울에서 라식수술을 잘하는 안과는 어떻게 간데"
2,"거실 불이 켜져있니"
2,"내일 낮 기온 좀 알려줘"
2,"서울에서 제일 안 아프게 치료하는 치과는 어떻게 가니"
2,"대학로 가려면 버스랑 지하철 중에 뭐가 더 나아"
2,"밤새 비가 오는지 알려줘"
2,"모레 아침 북한산 날씨 찾아봐라"
2,"우리나라의 대통령 선거일은 언제인데"
2,"약 먹은 지 얼마나 됐는지 아니"
2,"우리나라 최고 지진 세기 좀 알려줘"
2,"베트남의 팔월 평균 강수량 알려줘"
2,"다음주에 눈오는 날이 있는지 알려줘"
2,"내일 오전 아홉시 렌트카 장소 어디니"
2,"내일 새벽에 얼마나 추운지 아니"
2,"다음주에 눈오니"
2,"올해 함박눈이 올 첫 예상일을 알려줘"
2,"오늘 몇 시쯤 비가 그칠까"
2,"비상장 기업의 주식은 어떻게 사지"
2,"현재 경부 고속도로의 날씨는 어떻니"
2,"오늘 오후 여덟시에 합정동의 기온 알려줘"
2,"내일 경북 낮기온이 몇도인지 물어봐도 되"
2,"안 읽은 메일이 모두 읽음으로 표시됐니"
2,"지금 밖에 몇 도인지 알려줘"
2,"가장 날씨 온도가 낮은 지역이 어딘지 아니"
2,"성함을 여쭤봐도 좋을까요"
2,"중요메일 다 해제했니"
2,"이번달에 눈이 오니"
2,"제주도의 날씨는 어떤지 확인해줘"
2,"다음 달 생인일 사람 누구인지 알려줄수있니"
2,"오늘 저녁 날씨좀 알려줘"
2,"오늘 바람 언제 까지 부는지 확인해"
2,"내일 영화관이 어디였니"
2,"어머니 몇 시에 약 드셨어"
2,"학교에서 온 메일들 수신여부 확인해줘"
2,"이번년도에 첫눈 언제 인지 알려줘"
2,"최수아 관둔 거 송미진씨도 알고 계셨습니까"
2,"오늘 콘서트 티켓팅이 몇시였는지 아니"
2,"아합은 누구의 아들인가요"
2,"오늘 태풍 최대 풍속 알려줘"
2,"어제 미팅 관련 메일 왔었는지 확인해줄래"
2,"지방대 미달사태에 대한 기사를 보여라"
2,"여기서 대구까지는 정체 구간이니"
2,"내일 갯벌 물빠지는 시간 좀 알려줘"
2,"어제 예약전송한 메일 수신확인 되어있니"
2,"다음 주 날씨 알려줘"
2,"내일 아침 온도를 알려줘"
2,"다음주 금요일 울진에 바람 얼마나 부니"
2,"블레셋 사람들은 법궤를 어디에 두었나요"
2,"세탁기 남은시간 확인해줘"
2,"부천 대 삼성의 경기에 관한 기사 모아"
2,"내일 약속장소 근처의 괜찮은 레스토랑이 어디지"
2,"창문이 전부 닫혀 있니"
2,"명륜동의 시싯골에서 연산동 올림피아 볼링장 구간 도로상황은 어떻니"
2,"칠월 이십삼일 여섯시 재무팀 메일 예약이 잘되어있니"
2,"오늘 오존 농도가 얼마야"
2,"이번주 오빠 군제대 일정이 있니"
2,"이번주 강우량은 얼마나 되니"
2,"오늘 일곱시에 누구 만나기로 했지"
2,"어제 교수님한테 메일 왔니"
2,"올해 겨울 첫눈 언제 오니"
2,"와이티엔 뉴스채널 뉴스 종류 알려"
2,"이번주 지원 마감 일정 알려줘"
2,"내일 일출 시간 알려줘"
2,"이번주 맑은 요일을 알려줄수 있어"
2,"어제 온 메일 지워졌니"
2,"그럼 잘되려면 무엇부터 해야 하죠"
2,"이번주 주말 일정 전부 알려줘"
2,"우리 같이 중국 다녀 온 게 몇 년 전이지"
2,"내일 구름 많은지 알아봐줘"
2,"내일 오전 열한시 대기오염 농도 어떤지 알려줘"
2,"대림산업의 어제 주가급등의 이유는 뭡니까"
2,"오늘 배드민턴 경기에 관한 기사는"
2,"이번주에 영화 보는 일정 있니"
2,"거실 온도 몇도이니"
2,"이번주 금요일 저녁 날씨 알려줘"
2,"내일 저녁 비가 오는지 알려주라"
2,"현재 온도 알려줘"
2,"주말 새벽 날시는 어떻니"
2,"이 이메일의 발신날짜가 언제야"
2,"라식 수술은 회복이 빠르다지만 눈이 좀 시리다던데 괜찮니  "
2,"집 안 온도좀 알려줘"
2,"언제 장마가 시작되는지 알려줄수 있어"
2,"둘째 누나 결혼식이 언제야"
2,"다음 명절이 언제니"
2,"거실 불 꺼져있니"
2,"지금 코스닥 시세가 어떻게 되지 "
2,"금요일부터 일요일까지 동해안 날씨 좀 말해 줘"
2,"오직 한 글자로 동서남북을 가리키는 한자는"
2,"가스불 언제 잠궜는 지 알 수 있니"
2,"집에 냄새 나는 지 확인해"
2,"부활절은 앞으로 몇일 남았니"
2,"이번주 수업 휴강 날짜가 언제니"
2,"지금 캐나다 벤쿠버 날씨가 어떠니"
2,"냉장고에 달걀이 몇 개 남았니"
2,"다음주 수요일 기온 좀 알려줘"
2,"내일 최고기온 몇 도 까지 올라가니"
2,"내일 우산 챙겨야하니"
2,"이번 출장은 해외입니까"
2,"설마 내일 비는 안오겠지"
2,"거실 베란다 문 열려있는지 확인해줄래"
2,"자외선 지수 알려줘"
2,"다음주중에 날씨가 가장 맑은 날이 언제일까"
2,"동아 대학교에서 온 이메일을 찾아줄래"
2,"근데 준기선배님은 집에 안가셔도 되겠습니까"
2,"초복이 언제지"
2,"부산지역 누적 적설량 아니"
2,"월급날은 앞으로 몇일 남았니"
2,"실내 불 다 꺼져있어"
2,"내일 회의 몇 시부터 몇 시까지야"
2,"가스오븐 온도가 몇도인지 확인해"
2,"경기지방 특산물을 찾아라"
2,"울산 정자 주위의 펜션은"
2,"이번주에 비가 안 오는 날이 언제인지 확인해줘"
2,"창문 열린 곳 있니"
2,"오늘 새벽에 비왔었니"
2,"몇시에 해가 뜨는지 알려줘"
2,"오늘 일교차 얼마나 돼"
2,"지금 남산터널 상황을 보여주렴"
2,"휴가는 언제부터 언제까지야"
2,"여객선은 하루에 몇 대 있지"
2,"내일 나들이 가기 좋은지 알려줘"
2,"오늘 수업 시작 시간을 알려줘"
2,"다음주에 우박 내리는 날 알려줘"
2,"프로야구 한국시리즈 관련 기사 찾아라"
2,"쇼핑몰에서 온 메일 모두 스팸처리 했니"
2,"오늘 스케줄 동선 알려줘"
2,"이번주 토요일 봉사 장소는 어디니"
2,"오월 이십사일 날씨가 어떨거 같니"
2,"이번주 어버이날 언제인지 알려줘"
2,"내일 약속이 있니"
2,"내가 아침 운동을 하는 날짜가 언제인가"
2,"저 베란다가서 문 열렸나 보고와"
2,"보일러 예약 종료 몇 시까지야"
2,"내 외박 날짜 언제니"
2,"중학교 친구 한테 메일이 왔니"
2,"대출 자격 요건이 있나요"
2,"여로보암은 예루살렘성으로 백성들이 가지 못하도록 하기 위해 금송아지를 만들어 단을 두개나 만들었어요 무엇과 무엇인가요"
2,"오늘 오후 몇시에 친구랑 만나기로 했니"
2,"스키보드랑 숏 스키가 다른가요 "
2,"내일 동생이랑 어느 미술관가기로 했니"
2,"내일 약속 장소까지 차로 이동하는데 얼마나 걸리지"
2,"오늘 비 언제 와"
2,"영화 볼만한거 있어"
2,"너는 어느 은행에서 주로 금융거래 하니"
2,"내일 새벽에 기온이 어떻게 되니"
2,"화요일이랑 수요일 서울 날씨 찾아보거라"
2,"이번주 미세먼지 지수 좋음인 날 알려줘"
2,"어제 두시에 보낸 메일이 읽음 표시되어있는지 확인해줘"
2,"오늘 우리나라 미세먼지 좋은 지역 알려줄래"
2,"내일 썰물 시간 알려줘"
2,"아까 보낸 편지가 보낸편지함에 저장되어 있니"
2,"등록한 작가의 최신작 책 출판일을 알려줘"
2,"보스턴까지 왕복표는 얼마에요"
2,"장마는 언제 끝나는지 아니"
2,"이번주에 언제 비가올지 찾아봐줘"
2,"오늘 몇도까지 내려가는 날씨야"
2,"내일 자외선 지수가 어떻게 되지"
2,"친구들과의 계모임 날짜를 알아보렴"
2,"다음 주 수요일 날씨가 어떠니"
2,"오늘 오전에 온 메일은 누구한테서 왔니"
2,"이번주 비가 어디가 제일 많이 왔는지 알려줘"
2,"이번주 일요일에 일정 있니"
2,"다음주에 비오는 날 있으면 무슨 요일인지 말해줘"
2,"다음달 베트남 평균 습도가 어떤지 아니"
2,"과장님께 보낸 메일 수신 확인 좀 해줘"
2,"정수기 필터 교환 날짜를 알려줘"
2,"예상 전기세 비용을 알려줘"
2,"내일 시간표 알려줘"
2,"저번 주에 내가 병원을 몇 번 갔니"
2,"시월 일정이 어떻게 되는지 알려줘"
2,"오늘 흐린지 봐줘"
2,"다음 주에 동아리 동기들과 모임이 있니"
2,"오늘 몇시에 비가오는지 알려줘"
2,"이번달 안에 서울에 지진올 확률은 얼마나 되니"
2,"안방에 불이 켜져있니"
2,"인터넷 쇼핑몰에 관한 정보를 얻고 싶은데요"
2,"낮에는 괜찮다고 하셔놓고 왜 다시 밤에 검사를 신청하셨"
2,"이번주 기온이 어떻게 되니"
2,"내일 서리가 낄 확률을 보여줄래"
2,"오늘 전세계에서 가장 습한 곳이 어딘지 아니"
2,"수영장 있나요"
2,"현관문 잠겨 있나 확인해줘"
2,"잠은 좀 주무셨어요"
2,"김현철에 대한 기사를 모두 찾아라"
2,"다음주 일요일에 스케줄이 있니"
2,"오늘 오전일정 알려주겠니"
2,"내일 사려고 했던 책 제목 찾아줘"
2,"내일 미세먼지 농도 알려줘"
2,"메일 남은 공간 확인 해"
2,"올해 설날 날짜는 며칠이야"
2,"어린이집에서 갔다와서는 엄마는 오늘 뭐 했어"
2,"이번주 목요일 날씨가 어때"
2,"꽃이 제일 좋아하는 벌은"
2,"내일 소개팅 시간이 몇 시지"
2,"지금 호주 체감온도 몇도인지 알려줘"
2,"내일 낮에 몇 도 까지 올라가니"
2,"스팸 메일함에 메일이 왔니"
2,"업무 관련 메일 새로운게 있니"
2,"안읽은 메일 몇통이니"
2,"내일 차로 갈 건데 도로 여건이 어떨지 모르겠네"
2,"가스밸브 잠갔어"
2,"어젯밤에 온 메일이 있니"
2,"일몰 시간 확인해줘"
2,"메일함 남은 용량 알려줘"
2,"오늘 눈이 가장 많이 오는 지역 알려줘"
2,"이번 태풍이 언제까지 한국에 있니"
2,"아저씨 누구세요"
2,"오늘 오후 일정 중 장소가 서울이 아닌곳이 있니"
2,"교수님이 내가 보낸 메일을 읽으셨는지 확인해줘"
2,"오늘 왜 아는 척도 안했어 "
2,"침실에 보일러 켜져있니"
2,"사용료는 잘 받는 거야"
2,"부장님으로 부터 메일 왔니"
2,"어젠 차가 고장이 났 고장이 났어 걔 잘못두 내 잘못두 오해하는 거 아니지 "
2,"오늘 오전 열한시 일정을 알려줘"
2,"어제 보낸 메일 중 수신 확인된 메일은 얼마나 되는가"
2,"이번 주 토요일에 눈이 오는지 확인해줘"
2,"일주일 안에 천둥이나 번개가 있는지 알려줘"
2,"이번주 강수량 좀 알려줘"
2,"외국에서 온 메일 있니"
2,"조교로부터 온 메일있니"
2,"포항 지진 세기 좀 알려줄래"
2,"내일 비오는지 알려줘"
2,"나 해외여행 가는데 면세점 갈 거야 뭐 필요해"
2,"고평가된 주식의 가능성은 어느 정도지"
2,"내게 쓴 메일함에 안 읽은 메일이 있는지 확인해줘"
2,"오늘 전국 한낮의 체감온도는 어떻데"
2,"몇 일 전 팔았던 우리집에 있는 골동품 이름을 아니"
2,"폭우 주의보 여부를 알려줘"
2,"결혼을 앞두고 있는데 어떤 금융상품이 괜찮을까요"
2,"오늘 오전 도착 메일을 모두 보여주렴"
2,"어제 일정이 몇시에 끝났는지 아니"
2,"세탁기가 작동되고있니"
2,"이번주중 눈오늘 날 있으면 알려줄래"
2,"십오일 날씨 알려줘"
2,"강변도로가 많이 막히고 있는지 보고싶어"
2,"이번주 평균온도가 몇도인지 알려줄 수 있니"
2,"머리가 너무 아픈데 무슨 병원을 가야 하는 거야 "
2,"작은방에 불이 켜져있는지 알려줄수있니"
2,"이번 달 열대야가 시작되는 날을 알려줘"
2,"저번 달의 전기사용량을 알려줄래 "
2,"올해 서리의 양은 어떻게 되는지 알려줘"
2,"학회 관련한 메일 왔니"
2,"메일함에 메일 몇통이나 있니"
2,"지금까지 신용카드 얼마나 썼니"
2,"중가고사 기간이 언제니"
2,"다음주 맑은날이 언제인지 알려줘"
2,"보낸 메일이 수신확인 되었는지 알려줘"
2,"내일 신사동 날씨는 어떤지 알려줄 수 있니"
2,"대학 합격자 오늘 발표 나지 않던가"
2,"오늘 정치 이슈는 무엇이야"
2,"침실 지금 따듯하니"
2,"오후 네시에 대만에 비 올 확률이 몇 퍼센트인지 알려줘"
2,"정기 회의 날짜가 언제지"
2,"내일 눈 많이 오니"
2,"복도에 불이 켜져있니"
2,"우산을 가져가야 하는지 알려줘"
2,"지운 메일함에 회사 메일이 있는지 확인해줘"
2,"국립 중앙 박물관 관련 기사 찾아라"
2,"오늘 기온이 가장 높은 지역이 어딘지 알려줘"
2,"오늘까지 이번 달 전력 소비량이 어떻게 되니"
2,"저번달에 메일이 얼마나 왔니"
2,"자외선 지수좀 알려줘"
2,"오늘 뉴스 속보 뭔데"
2,"이번 달 전력 소비량이 저번 달에 비해 어떠니"
2,"요즘 운동 뭐하면 좋을까"
2,"너 왜 오늘도 수업 빠진 거야 "
2,"이번주 제주도행 비행기가 몇시 비행기인지 알려줘"
2,"오늘 새 편지 중 아이디 피그바라가 보낸 메일 몇 통이니"
2,"어제 거래처에서 메일 온거 있니"
2,"다음주중에 눈이 오는 날이 언제야"
2,"이번주 회의 몇 개 있는지 알려줘"
2,"차단함에 있는 메일은 몇 개가 있니"
2,"이번 주말 제주도 날씨 어떻니"
2,"이번 주 돌잔치 장소 알려줘"
2,"오늘 영상 삼십도 넘는지 알려줘"
2,"최저가 상품 메일이 있니"
2,"퇴직 연금은 어떤 금융 상품에 투자될까요"
2,"이번학기 정식종강일이 언제니"
2,"새벽에 눈이 얼마나 내렸는지 강수량 좀 알려줘"
2,"동해안 바다의 물결을 알려줘"
2,"매일 아침 열시 폴댄스 학원가는 일정 추가 했니"
2,"교수님은 차단 대상이니"
2,"부모님 결혼기념일이 언제니"
2,"다음달 첫째주 오사카 날씨 어떠니"
2,"칠월 팔월 중에 태풍 예보가 있는 지 확인해 줄 수 있니"
2,"내일 대전 날씨 어떤지 아니"
2,"마누라가 보낸 이메일이 몇 개나 있지"
2,"다음주 화요일 날씨 알려줘"
2,"부엌에 불 꺼져 있니"
2,"경기 부근 온천"
2,"일정에서 회식 날짜 검색해줄래"
2,"다음달 동창모임 취소했니"
2,"내일 새벽 온도를 알려줘"
2,"다음주 화요일에 나 바쁘니"
2,"담주에 면접날 언제 인지 알려줘"
2,"오늘 저녁에 마포구 비 와"
2,"마지막으로 현관이 열렸던 시간을 알려줘"
2,"오늘 전해상의 안개상태를 알려줄래"
2,"나한테 전달된 메일이 있는지 봐봐"
2,"헬스장 트레이너들은 왜 다들 느끼하게 생겼을까 "
2,"오늘 삼척 날씨 좀 알려줘"
2,"최근 이 메일들이 열어진 기기들을 알 수도 있니"
2,"내가 오늘 첨부파일이 포함된 메일을 보낸 적 있니"
2,"서울에서 언제 출발이래"
2,"올해 수능일이 언제냐"
2,"오늘 하루 기온차가 어때"
2,"이번 주 미세먼지가 좋은 날들을 아니"
2,"지난주 월요일 오전 일정 알려줘"
2,"내일 우산을 챙겨야 하는지 알아봐라"
2,"내일 일몰 시간을 알려줘"
2,"오늘 오후 일정이 어떻게 되는지 알려줘"
2,"내부 순환도로 사정이 좀 나아졌나"
2,"경부 고속도로에 노면 결빙 구간은 어떨까"
2,"다음주에 언니랑 어느 놀이동산 가기로 했는지 알려줘"
2,"태풍이 어디로 오고 있는지 알려줘"
2,"나도 포켓볼을 배워보고 싶은데 가르쳐 줄 거야 "
2,"이란 이라크전 관련 기사를 보여라"
2,"내일 점심약속 어디야"
2,"재무팀에서 메일이 몇통 왔지 확인해줘"
2,"우리 큰 딸 피아노 콩쿨 일정을 알려줘"
2,"이번주 면접 몇시인지 알려줘"
2,"금년의 탁구 동호회 모임이 언제니"
2,"강동구 소재 호텔 어디야"
2,"어머니 팔순 잔치 장소 어디지"
2,"가족 외식 내일 오후 일곱시 맞니"
2,"휴지통에 있는 메일 모두 삭제했니"
2,"그대도 무탈하였는가"
2,"앞으로 십년동안 공휴일이 가장 많은 해가 언제니"
2,"지금 실내 온도가 몇 도야"
2,"연결 가능한 와이파이 목록이 뭐가 있니"
2,"이번 주에 미세먼지 농도좀 알려줘"
2,"내일 저녁 열시 이후 일정 확인해"
2,"거기 어떻게 가요"
2,"오늘 자외선 수치가 어떻게 돼"
2,"현재 에어컨 몇도니"
2,"엘피지에이 대회의 경기 결과 관련 기사 찾아주렴"
2,"세탁기 빨래가 다 끝났니"
2,"노트북 수리 일정 언제니"
2,"이번 주 주말 부산 날씨 검색해줘"
2,"지금 안방에 사람있는지 확인해줄 수 있니"
2,"내일 데이트 약속 장소가 어디니"
2,"칠월에 있는 생일을 모두 알려줘"
2,"내일 날씨 전망이 어떻게 되지"
2,"황사주의보 내렸는지 알아봐줘"
2,"태풍 언제 온대"
2,"우리 회사는 아넬바랑 기술 제휴 맺고 있는 거 맞죠"
2,"명동 소재 백화점은 어디더라"
2,"읽지 않은 메일이 몇개나 있니"
2,"비는 이번주에 언제오는지 알려줘"
2,"어떡하면 수아씨가 혼란스럽고 고통스럽고 힘겨운 시간을 겪지 않고 원하는 곳에 있을 수 있을까요"
2,"언제 장마 시작하는지 알려줄 수 있니"
2,"요새 몸이 너무 안 좋아서 어떻게 해야 할지 모르겠어"
2,"요즘 넌 뭐하고 지내"
2,"어제 광고 메일이 몇개왔는지 확인해줘"
2,"작년 세금 정산 내역 메일 왔니"
2,"안 읽은 메일 모두 삭제됐니"
2,"내일 초미세먼지가 어떤지 아니"
2,"주차장 자리에 차 들어온게 있니"
2,"이번주 목요일 일정이 뭐야"
2,"뒤쪽으로 자리를 좀 옮겨도 될까요"
2,"주식은 운일까 실력일까"
2,"내일 과천에 눈이 몇시까지 오니"
2,"다음주 가장 온도 높은 요일은 언제니"
2,"남자친구 생일이 언제니"
2,"넌 지금 어느 역 지나고 있어"
2,"올해 공휴일 며칠인지 알려줘"
2,"부모님께서 메일을 확인하셨니"
2,"이태원 근처 일식 전문점은 어디래"
2,"생명보험의 원금 회수율은 보통 얼마나 될까"
2,"동계 올림픽 유치와 관련된 기사를 찾아다오"
2,"서울 종로구 대형 서점은"
2,"누가 또 와"
2,"고속도로와 국도 중 어느 것이 좋겠니"
2,"은행원들은 대출 받기 쉬울까 "
2,"축구 유소년 캠프 개최 관련 기사 모아줄래"
2,"다음 달 여행에서 돌아오는 날이 언제니"
2,"검토 용역을 맡기는 것이 타당한지"
2,"내일까지 천둥이 치는지 알아봐"
2,"지금 싱가포르 날씨 어떠니"
2,"컴퓨터 켜져있니"
2,"가장 급히 처리해야할 스케쥴 알 수 있니"
2,"오늘 스케줄을 알려줘"
2,"내일 습도를 알려줘"
2,"노량진의 바닷가재 요리 전문점은 어떻게 가"
2,"오늘 오후에 온 메일이 있니"
2,"경부 고속도로 정체구간 어딘데"
2,"오늘 서울은 날씨가 어떤지 확인해"
2,"오늘 포항의 기온은 몇이니"
2,"오늘 바람 많이 부니"
2,"우리나라 지진이 가장 최근에 일어난 게  언제야"
2,"언제 어떻게 바꾸었나요"
2,"교육 일정 메일이 왔는지 확인해줄 수 있니"
2,"오늘 사회면 주요 소식 뭐냐"
2,"기스의 아들 사울은 무슨 지파인가요"
2,"필리핀 여인과 결혼에 대한 기사를 찾아라"
2,"오늘 강수량은 약 얼마나 되는지 알려줘"
2,"내일 오늘보다 기온이 낮은지 높은지 알려줘"
2,"지난주 화요일 오전에 메일 왔니"
2,"한 시간 후의 일정을 알려주겟니"
2,"이번 달 정기 회의 몇 신지 알려줘"
2,"도대체 어디야 여기 왜 이렇게 차가 많니 "
2,"졸업 학점이 몇 학점이지"
2,"한달전 수영장에서 몇시간 운동했니"
2,"다음주 남자친구랑 몇번 만나기로 되어있는지 확인해줘"
2,"이번주에 비 오는지 알고 있니"
2,"이번주 금요일에 어디 식당으로 가야하니"
2,"세탁기 시간 얼마나 남았니"
2,"내일 가족 모임 어디 인지 알려줘"
2,"교수님께 온 메일 다 확인했니"
2,"어제 메일 몇통 왔는지 알려줘"
2,"내일 오후 열두시 인터넷설치 일정 추가 했니"
2,"금요일 과외시간 몇시로 되어있니"
2,"서울에 눈이 얼만큼 내리는지 알려줘"
2,"호우 특보가 내려진 지역은 어디지"
2,"학교에서 온 메일 전부 읽었니"
2,"현관 잠금장치 배터리 얼마나 남았니"
2,"다음 주 주말근무 잡아도 되니"
2,"상사에 어떻게 말씀 여쭐지 모르겠습니다"
2,"오늘 일기예보를 알려줘"
2,"휴지통에 잇는 메일 다시 복구시켰니"
2,"주말에 비가 오니"
2,"팔월 오일에 일정 뭐 잡혀 있니"
2,"쉬는 시간에 주로 뭘 하고 지내니 "
2,"방금 보낸 메일이 잘 보내 졌는지 확인해줘"
2,"올해 공휴일이 며칠이나 되니"
2,"이번주 토요일 폭염이니"
2,"이번주 비가 언제까지 내리니"
2,"일주일 전 일정 검색해줘"
2,"작년 가스비 가장 많이 나온 금액이 얼마인지 알려줘"
2,"태풍 언제 올지 알려줘"
2,"증권거래소 최초 상장기업은 어디니"
2,"이번달 가스 검침하는 날이 언제니"
2,"이번달 면접이 언제니"
2,"예비 전력이 얼마나 있어"
2,"내일은 비가 오니 안오니"
2,"오늘 강수량이 평년보다 적을지 알려줘"
2,"이번주 레포트 제출 마감일이 언제인지 알려줘"
2,"오늘 유머 보이렴"
2,"동창회를 하는데 그 많은 사람들이 어디서 모이지 "
2,"지지난주 주말에 보낸 메일 수신했니"
2,"다음주에 기말고사 일정이 있는거 맞니"
2,"다음주 인천에 가기로한 일정이 있니"
2,"김치냉장고의 온도가 몇도이니"
2,"금년 추석은 무슨 요일이니"
2,"오늘 비 언제 그치니"
2,"화장실 환풍기 켜져 있니"
2,"환기가 필요한 지 알려줘"
2,"토요일 포항날씨 어떠니"
2,"일 도와주겠다는 것 유효하지 "
2,"이월 이일이 여동생 생일맞니"
2,"온수가 켜져있는지 확인해줘"
2,"냉장고에 우유가 남아있니"
2,"고기 남은 건 얼마나 있어"
2,"왜 연락이 안돼 "
2,"누구 일본말 할 줄 아는 분 계세요"
2,"제주 해안지역의 대설특보를 알려줘"
2,"하나 쟈실래"
2,"아내 출산 예정일 알려줘"
2,"오늘 저녁 열 시에 부모님과 영화보기로 했니"
2,"새 편지 중 입금 확인 메일 확인해주렴"
2,"집에서 공부하니"
2,"이번주 가장 더운 요일을 알려줘"
2,"인천공항 근처 롯데리아는 어떻게 가는가"
2,"호주에 있는 에이에프엘 일정을 검색할 수 있니"
2,"어제 과음하더니 오늘은 기분이 괜찮아 "
2,"이번 달 회의 몇 번 남았어"
2,"혹시 가스 새고 있는지 확인 좀 해주라"
2,"어제 온 메일들 몇 개나 되니"
2,"오늘 서울 날씨는 어때"
2,"칠월 팀 회식 언제니"
2,"세탁기 전원기 켜져있니"
2,"건너방 불 켜져있니"
2,"예천 목요일 최저기온과 최고기온좀 알려줄 수 있니"
2,"부산 시내 정체구간은 얼마나 될까"
2,"다음달 랩미팅 장소가 어디니"
2,"과장님 야근하셨는데 몸은 좀 어떠세요"
2,"서울 부산 간 지체 구간도 알려주련"
2,"인류 최초의 동거 생활을 시작한 사람은"
2,"일요일 날씨 알려주겠니"
2,"내일 우박이 오니"
2,"내일 강수량이 얼마나되니"
2,"십이월 휴가가 언제지"
2,"일주일에 몇 번 쉴 수 있는데"
2,"내일 오후 인천 앞바다 파고가 어떻게 되니"
2,"내일 약속이 몇 시인지 알려줘"
2,"작년 십일월 온 메일 확인할수 있니"
2,"오늘 오후제 일정 있니"
2,"회전율이랑 거래량 상위 종목 중에 눈에 띄는 종목 없니"
2,"너 어릴 때 태권도 배웠지"
2,"이메일 서명에 이미지 넣는 방법을 알려줘"
2,"내일 저녁 약속 취소 되었니"
2,"이번주 풍랑 주의보 여부를 알려 줄수 있어"
2,"이번주에 일정이 가장 많은 요일이 언젠지 알려줘"
2,"할아버지 생신이 언제지"
2,"내일 안양에 풍량이 어느정도 되는지 확인해"
2,"내일 눈이 오는지좀 알려줘"
2,"인덕션 꺼져 있는지 확인해줘"
2,"이번주중 강수량 백밀리리터 넘는 날 있으면 알려줘"
2,"이번주 목요일에 바람이 얼마나 부는지 알려줘"
2,"폭염주의보 지역이 어딘지 검색해줘"
2,"현재 전국 풍량은 어떨까"
2,"사랑니는 무사히 뺐나요"
2,"보일러가 켜져있는지 확인해라"
2,"내일 방문 할 백화점 이름을알려줄래"
2,"연계은행 계좌는 왜 필요한지"
2,"작년에 해외출장 어디로 갔었니"
2,"주식이 곧 유가증권을 말하는 거지"
2,"오월 이십사일 날씨좀 확인해라"
2,"작년까지의 이메일 모두 삭제되었니"
2,"고속도로와 국도 중 어느 것이 좋아"
2,"지금 불 켜져 있는 곳이 어딘지 알려줄 수 있니"
2,"장마가 끝나는 날은 언제야"
2,"냉장고에 우유 있는지 체크해줘"
2,"요새 장사 잘 되냐 연락 없는 거 보니까 엄청 바쁜가 보네 "
2,"우리학교 올 해 축제가 언제니"
2,"한 일 월드컵에서의 붉은악마들의 활약상에 대한 기사를 보자"
2,"오후 세시에 호주 습도는 얼마니"
2,"매달 말일에 메일 모두 복구 했니"
2,"올해 과 동기 회식이 언제 있니"
2,"오늘 밤에 눈오는지 확인해"
2,"중요 편지함에 발신자가 회사인 이메일이 얼마나 있니"
2,"동문회에서 온 이메일이 스팸메일함에 있니"
2,"나한테쓴 메일 다 지워졌니"
2,"다음달 수요일에 미팅 시간 확인해줘"
2,"부엌 팬 꺼져있니"
2,"발송이 잘못됐는데 왜 안 되지"
2,"왜 이대표가 숨기래 뭣 땜에"
2,"비행기 표는 예약 해 뒀니"
2,"더하나 곱하나 같은 수는"
2,"일 주일 사이에 읽지 않은 메일 보여"
2,"이번주 주말 부모님 결혼기념식기념 외식 일정 추가했니"
2,"차마 눈뜨고 볼 수 없는 여자는"
2,"임시 보관함의 편지 수가 몇 개니"
2,"내일 모래 오전 조기축구 모임 일정 있니"
2,"은행 예금을 해지하려고 하는데 어디로 가야 하는가요 "
2,"밥 된 지 얼마나 되었어"
2,"오늘 강릉에서 일출을 볼 수 있는지 알려줘"
2,"수락산 터널 차량 흐름은 어때"
2,"오늘 바람 좀 부는 지 확인해 봐"
2,"어학연수는 왜 실패하는가 "
2,"내일 서울 초미세먼지 농도 좀 알려줘"
2,"장마가 언제 끝나는지 알려줘"
2,"이재록 목사 강간 소식을 찾아라"
2,"이번달에 미용실 언제 갈지 알려줘"
2,"다음 주 가족식사 장소 어디니"
2,"경부 고속도로의 교통상황을 말해주라"
2,"신용불량자 회복 제도는 알아봤니"
2,"내일 밤에 있을 우리 딸 걸스나잇 시간을 알려줘"
2,"오늘 몇시부터 날이 갤까"
2,"중요메일 몇 개니"
2,"올해 할아버지 제삿날은 양력 몇 월 며칠이지"
2,"주요 고속도로 현재 교통상황을 알려"
2,"내일 체감기온이 몇도인지 알려줘"
2,"공기청정기 켜져있니"
2,"환불 메일이 들어왔는지 확인했니"
2,"어부가 물고기를 잡을 때 준비할 망 중에서 큰 것은 대망이라고 한다 그러면 작은 것은 무엇이라 하는가"
2,"내일 최고기온과 최저기온좀 알려줘"
2,"교수님한테 메일 온 거 있어"
2,"안 읽은 메일이 몇 개인지 알려줘"
2,"부산 이번주 날씨 검색해"
2,"수련회 언제 모여"
2,"내일 약속 장소 어디니"
2,"내부 순환도로에 교통 사고 난 지점은 어딘지 알려"
2,"언제부터 비가 와"
2,"거실 스탠드 켜져있니"
2,"언제부터 장마 시작이니"
2,"이 카메라는 보증서 있나요"
2,"내일 강수량은 몇이니"
2,"이번주 영화약속 언제인지 알려줘"
2,"내일 오후에 약속있니"
2,"내 월급날이 몇일이지"
2,"내일 오후에 비가 올 확률은 얼마나 되니"
2,"세시간 뒤에 나 뭐 해야하는지 확인해줘"
2,"오늘 인사팀에서 메일이 왔니"
2,"어제 내가 보낸 이메일중 답온게 있으면 알려줘"
2,"목요일 날씨 알려주겠니"
2,"최근에 학교에서 온 메일이 있니"
2,"이천수 소속팀 관련 기사를 찾아라"
2,"대회 공고 메일이 온게 있니"
2,"농협 공제 종류가 몇 가지나 되나요"
2,"오늘 아침 알람이 작동했었니"
2,"세탁기 지금 돌고 있니"
2,"오늘 날씨가 어떤지 알려줘"
2,"안방에 불이 켜져있는지 확인해줘"
2,"시월 십일 엄마 환갑 장소가 어디니"
2,"다음주 비소식 있는지 검색헤줘"
2,"내일 안동 바람세기가 어떻게 되는지 아니"
2,"스키 호주 국제대회에 관한 기사를 찾아줄래"
2,"밥솥이 지금 켜져있니"
2,"지금 한국에 가장 따뜻한 지역이 어디야"
2,"이번 달 주말 일정 비어있는 날이 언제지"
2,"내일 업체미팅 어디서 몇시에 만나기로 되어있니"
2,"이번 태풍 때문에 산사태 심하게 났다며 너네 집은 괜찮아"
2,"오늘 여덟 시에 비 오는 지 알려줘"
2,"에어컨 온도가 몇 도니"
2,"잘 살아 못 살아"
2,"습도 쾌적한 상태니"
2,"오늘 눈 오는지 알려줘"
2,"현금으로 드릴까요 수표로 드릴까요"
2,"오늘 바람 얼마나 분대"
2,"내일 엄마랑 여섯시에 냉면먹기로 한게 맞니"
2,"오늘 안개주의 날인지 확인해"
2,"작년에 가장 눈이 많이 왔던 곳이 어디니"
2,"부장님이 주소록에 등록되어 있니"
2,"유아학습 및 놀이 사이트 어느 곳이 좋은가요 "
2,"현재 중부 하행선 교통이 통제되는 구간은 어떠니"
2,"이번주에 시간 한가할 때 있어"
2,"오늘 미세먼지 농도 아니"
2,"현재 영국 런던 날씨 알려줘"
2,"이번 장마 기간이 언제까지인지 검색해줘"
2,"어제 하루 사이에 총 몇 통의 메일이 왔니"
2,"친구 생일파티 일정이 저장되어 있는지 확인해줘"
2,"방금 작성한 이메일이 임시보관함에 저장되어있니"
2,"막내의 면접시험 날짜는"
2,"전국에 눈이 얼마나 내리니"
2,"오늘 황사의 영향이 있니"
2,"내일 오전 여섯시 몇 도인지 알려줘"
2,"내일 동기 모임 몇 신지 알려줘"
2,"작년 추석이 언제였는지 검색해줘"
2,"현관문 열려있니"
2,"오늘 밖에 바람 많이 부는지 알려줘"
2,"오늘 대기오염 정보를 알려줘"
2,"왜 바닷가에는 눈이 잘아오는 걸까 "
2,"오늘 응급으로 온 메일 알려줘"
2,"이번주 토요일에 클럽 몇시에 가기로 했니"
2,"화장실 불이 켜져있니"
2,"세미나가 어디서 잡혀있니"
2,"얼마 동안 투숙할 일정이냐"
2,"임플란트 검사받으러 가는 날 언제인지 알려줘"
2,"체크 아웃은 몇 시에 한데"
2,"난 한달간 온 이메일 중 나와 가장 회신을 많이 한 이메일은 뭐니"
2,"제목에 성적이 들어가는 메일이 왔니"
2,"다음달 장날이 언제야"
2,"서부산 요금소 정체가 되고 있나"
2,"첨부 파일이 든 메일은 몇 통일까"
2,"텔레비전 드라마 어디 채널에 하는지 아니"
2,"이번주 목요일 오후 일정 알려줘"
2,"내일 공항에 몇시까지 가야하니"
2,"이천십구년 설날 언제인지 알려줘"
2,"내일 서울의 날씨 알려줘"
2,"왜 추운데 아이스크림 생각이 나는 걸까 "
2,"어제랑 비교해서 오늘 날씨좀 보여줘"
2,"이번주에 스팸 메일 몇 개나 왔어"
2,"다음 주에 약속이 몇 개나 있니"
2,"서울시 전역 도로망 한번 보여주렴"
2,"전국 주요 도시의 강수 분포도는 어떻지"
2,"부엌에 가스레인지 불 켜져있는지 확인해줘"
2,"무슨 얘기라두 들은 거야"
2,"성적 공개 메일이 도착했는지 확인해줘"
2,"메일 받는 사람들 여섯명 맞는지 확인해주라"
2,"내일 오전 가장 이른 스케쥴 알려줘"
2,"오늘 낮 최고 기온이 몇 도인지 알려줘"
2,"지금 날씨가 몇도인지 아니"
2,"보낸 이 이름이 영어로 된 이메일 있니"
2,"오늘 부산에 최고온도는 몇이니"
2,"오늘 독서일정 취소 했니"
2,"오늘 내일 강수확률 알아봐줘"
2,"고교 동창회가 언제야"
2,"지분 몇 퍼센트 있는 사람이야"
2,"다음주 가장 비가 많이 오는 날이 언제니"
2,"지난 주에 보낸 메일 수신 확인이 되어 있니"
2,"내일 일정 뭐 있는지 알려줄 수 있니"
2,"오늘 습도가 어떤지 알아봐줘"
2,"뭐 먹을 거야"
2,"압구정동 여자 연예인들이 많이 찾는 성형외과 어디냐"
2,"고구마 살까 으깬 감자로 할까"
2,"계약 준비는 완벽하겠지"
2,"어제 보낸 메일들 수신확인 안 된 것 있나 확인해줘"
2,"뭉치가 어디에다 오줌 싸놨니"
2,"오후 여섯시에 습도가 어떻게 되니"
2,"안방 실내 습도 알려줘"
2,"다음달 오월 육일 일정이 뭐니"
2,"플레이오프 관련 기사 보자"
2,"내가 보낸 메일함 확인 되었니"
2,"스탠드가 꺼져있니"
2,"방금 읽은 메일 누구한테 온건지 확인해줘"
2,"오늘 체감온도 알려줘"
2,"네 시에 클라이언트에게 온 메일 확인 되었니"
2,"해외에서 온 메일이 있니"
2,"주식으로 번 돈은 쉽게 쓴다는데 도대체 왜 그런거야"
2,"청담동에 가려면 뭐 타고 가야 하냐 "
2,"사월 이케아로 표시한 날이 언제지"
2,"다음 주 회의 어디서 해"
2,"다음주 대전에 황사가 부는지좀 알려줘"
2,"중복되는 일정 있는지 알려줘 "
2,"내일 일정 알려줘"
2,"부산시 진입로 지체구간은 어딘가"
2,"그 내역에 대해 뭐라고 주장합니까 유죄입니까 무죄입니까 "
2,"올해 태풍이 오는 지역이 있니"
2,"분당구청은 어디지"
2,"내일 모레 부산 날씨 좀 알려줘"
2,"출발하는 날 날씨가 어떤 지 확인 부탁해"
2,"조카 돌잔치 날짜 알려줘"
2,"작은방에 선풍기 켜져있는지 확인해"
2,"직파법은 왜 이앙법에 비해 가뭄에 강한지 알고 싶습니다"
2,"야 김민희 너 나한테 아직도 화났냐"
2,"화장실에 환풍기 켜져 있니"
2,"밥솥 전원 꺼져있는지 확인해줘"
2,"이번 주 바깥활동하면 안 되는 날 알려줘"
2,"뭐 하실 말씀이라두"
2,"오늘 동아리 모임 끝나고 뒤풀이 있을 텐데 거기 올래 "
2,"부모님에게 메일이 왔니"
2,"종강일이 언젠지 알려줘"
2,"아이들은 잘 크고 있겠지 "
2,"맑은 날씨가 이번주 언제까지 지속되니"
2,"내일 저녁 약속장소 사당 맞니"
2,"은정이와 에버랜드 가기로 한 날이 언제지"
2,"메일로 받은 업체 전화번호 좀 확인해줘"
2,"이번 주 통합대기환경지수 어떤지 아니"
2,"스팸 메일함에 보낸 사람들 알려줘"
2,"미일이 개업일이 언제인지 알려줘"
2,"안녕하세요"
2,"주말 날씨는 평일보다 몇 도나 오르는지 알아봐줘"
2,"나 척추 휜 거 같은데 어떻게 하지"
2,"오늘 언제까지 비 오는지 알려줘"
2,"티비에서 지금 나오는 프로그램 뭐니"
2,"주간 날씨 좀 간략하게 알려줄래"
2,"죽이다의 반대말은"
2,"어젯밤 새 메일 중 공지 이메일 찾아줄래"
2,"교통비를 절약할 수 있는 가장 좋은 방법이 뭐야 "
2,"오늘 저녁 여덟시이후에 일정 있니"
2,"주변에 주식 하는 사람 없어 뭐 물어볼게 있는데"
2,"지금 세탁기 작동 끝났니"
2,"오늘 오후 전국날씨 확인해 줄 수 있니"
2,"오늘 서울의 한낮 체감온도는 얼마지"
2,"오늘 점심에 밥 같이 먹을 수 있니"
2,"회사에서 내일 약속 장소까지 가는 데 얼마나 걸릴까"
2,"전학 가서 외롭지는 않아"
2,"서울 시내 정체구간을 보여다오"
2,"도대체 비 언제 그쳐"
2,"추가납부기간은 언제지"
2,"내일 미세먼지 농도가 얼마야"
2,"내일 포항 날씨 좀 검색해줘"
2,"뭐 먹을 거야"
2,"지금 거기 갈까"
2,"로봇청소기 마지막으로 사용한게 언제지"
2,"삼성 자동차 부실에 대한 소식을 찾아라"
2,"다음주 목요일 대구 날씨 알려줘"
2,"팀장님이 요청하신 에이 서류 언제까지 해야하는지 알려줘"
2,"지난달 시험 일정 알려줘"
2,"나아만 장군이 엘리사를 만날 수 있었던 첫 번째 원인 제공자는 누구일까요"
2,"내일 몇시에 회의일정이니"
2,"작년의 강수량을 알려줄래"
2,"잠실에서 신길까지 길이 어떤데"
2,"오디오 배터리가 다 되었니"
2,"내일 날씨 팁을 알려줘"
2,"우리 아들 백 일이 언제지"
2,"다음 주 수요일에 눈 와"
2,"몇통에 메일이 와있는지 확인해줘"
2,"박사 논문 마감일이 언제일까"
2,"이번 주까지 해야할 과제 몇 개야"
2,"서울은 구름이 많이 꼈니"
2,"카드결제 메일이 왔는지 알려줘"
2,"마을버스 운행시간 아니"
2,"전자렌지 아직 켜져있니"
2,"근데 진짜 운동하면 살이 빠지긴 빠지는 거야"
2,"오늘 미세먼지 수치가 얼마나 되니"
2,"올해 크리스마스가 무슨 요일인지 확인해줄 수 있니"
2,"내일 바람이 얼마나 부니"
2,"은행에서 방카슈랑스 상품에 가입하면 우대 금리를 주나요 "
2,"이렇게 열심히 운동해서 무슨 대회라도 나가려고 하는 거야 "
2,"친구들과 계모임 하는 날이 언제야"
2,"일학기 기말고사 시작일이 언제니"
2,"내일 저녁 파티에 참여하는 사람이 몇 명이지"
2,"이번주 화요일에 비가 오는지 알려줘"
2,"작년 칠월 칠일 경기도에 비왔었어"
2,"안 읽은 메일 있니 "
2,"폭우 주의보 여부를 알려줄수 있을까"
2,"다음주 금요일 져넉 모임 장소가 어디니"
2,"수영장 가기로 한 날이 언제니"
2,"안마기가 전원 켜져있니"
2,"이메일 주소록에 저장된 사람이 몇 명이니"
2,"할인쿠폰 메일 얼마나 왔니"
2,"이번 합창대회 때 우리반이 우승할 수 있을까"
2,"입금 확인 메일이 몇시에 왔니"
2,"비행기를 예약하려고 하는데 인터넷 예매가 가능한가요 "
2,"성수 제이시 월릉교간 통행에 소요되는 시간을 보여라"
2,"에어컨 얼마나 켜 있었지"
2,"이백삼십사 호실을 찾고 있는데요 어떻게 가야 하나요"
2,"오후 일정 모두 취소했니"
2,"오월 사일에 온 몇 개야"
2,"낫 놓고 기억 자도 모르는 이유는"
2,"고속도로와 국도중 어느 것이 좋을까"
2,"다음주에 병원 일정이 있니"
2,"오늘 비가 언제까지오나 확인해"
2,"비 오는 한강에 뭐 특별히 볼 거라도 있어 "
2,"다음주 강원도 바람 많이 부는날 알려줘"
2,"핸드폰 할부 요금 얼마 남았는지 알려줘"
2,"양천구 목동 근처 양식"
2,"보일러 켜져 있니"
2,"보일러 온도가 몇인지 확인해줘"
2,"작년 이맘때 강수량 아니"
2,"아빠와 만나기로 한 날이 언제니"
2,"지난 이 주 간 전국의 날씨를 찾아라"
2,"밥솥 얼마나 남았어"
2,"다음주 눈이 오는 요일을 알려줄 수 있니"
2,"포르쉐 컨셉트 카 발표회 관련 기사를 찾아"
2,"지금 오고있는 태풍 경로 알려줘"
2,"오늘 해야할 일이 뭐야"
2,"장마가 언제까지인지 확인해줘"
2,"영어회화 유창하게 하는 법 없을까 "
2,"오늘 미세먼지 나쁨 수준 알려줘"
2,"학생회나 반장 등의 다양한 리더 활동을 했는데 자신은 어떤 리더라고 생각하시나요"
2,"언제 여름이 끝나니"
2,"보일러가 꺼져있는지 확인해라"
2,"저번겨울에 뵌 뒤로 못 봤는데 건강하시죠"
2,"어디가 아픈 거야 내가 갈게"
2,"에어컨 적정 온도가 몇 도로 설정되어 있니"
2,"계대앞 근처 찜질방"
2,"엄마 생신이 무슨 요일인지 알려줄 수 있니"
2,"백두산 한 달 여행비용은"
2,"오늘 가장 온도 높은 시간은 언제니"
2,"논문 발표일이 언제야"
2,"난방이 잘돌고있니"
2,"내가 쓴 메일 몇 개인지 알려줘"
2,"에어컨 전원 꺼져있는지 확인해줘"
2,"오늘 오후 일정 알려줄수있니"
2,"과외가 나을까 학원이 나을까"
2,"아침에 눈 얼마나 쌓였는지 알려줘"
2,"내일 썬크림 바르고 가야할까"
2,"태풍이 오는지 알려줘"
2,"원고 마감일이 언제니"
2,"지금 자외선 수치가 많이 높니"
2,"오늘이 무슨 요일이지"
2,"오빠 생일이 언제인지 알려줘"
2,"이 테이블 괜찮으세요"
2,"남산공원 근처 출근길 상황 보여다오"
2,"오늘 비 오니"
2,"서울에 벚꽃은 언제펴"
2,"그 서류 결재 받으셨어요"
2,"일년 이내에 온 메일이 몇 개니"
2,"한남대교 북단은 상습 정체구간이냐"
2,"어제 오후 열한시 쯤에 누구 들어왔었니"
2,"잠실대교 상황을 알 수 있을까"
2,"선풍기 전원 꺼져있니"
2,"이번주 자외선 지수 좀 알려줘"
2,"이번 주에 미세먼지 농도좀 알려줄래"
2,"내일 날씨 어떤 지 확인해줘"
2,"이번 달 날씨는 전반적으로 어떤지 알려줄 수 있니"
2,"이번 주 금식기도 일정과 기도제목들을 알려줘"
2,"수신함에 장민하에게서 온 이메일이 몇 개가 있니"
2,"어느 은행이 이율이 제일 높을까"
2,"수신거부 함 메일 자주 정리하니"
2,"이번주 수요일에 온 메일 삭제했니"
2,"이번주 토요일에 저녁약속이 있니"
2,"동서대 주변에 파마 제일 잘하는 미용실은 어떻게 간데"
2,"프로야구 순위와 관련된 기사를 찾으렴"
2,"컴퓨터에 카카오톡 로그인 되어있니"
2,"그리고 동부중부해상 물결이 얼마로 일지도 알려줘"
2,"금요일 출장 기차 시간 몇 시니"
2,"현재 프랑스 파리 날씨 알려줘"
2,"오늘 일정 중 교수님 만나는 시간 언제인지 알려줘"
2,"이번주에 황사 있는 날을 알려줘"
2,"학교에서 주최하는 토익 강좌는 들을만 할까 "
2,"말씀드리려고 했는데 계속 타이밍을 못 잡아서 정말 죄송합니다 근데 어떻게 아셨어요"
2,"다음주 대학 동기 모임이 언제니 "
2,"기장 근처 재래 시장은 어디"
2,"오늘 불쾌지수 어떠니"
2,"내일 날씨는 어때"
2,"구월에 온 메일 모두 지웠니"
2,"다음달 셋째 주 일정 좀 알려줘"
2,"기말고사 시험범위 알어"
2,"서울일보 근처의 일식 전문점은"
2,"오늘 첫 메일 내가 몇시에 확인했니"
2,"워킹비자로 장사할 수 있나요 "
2,"어제 메일이 얼마나 왔는지 확인해줘"
2,"지금 영국 날씨는 어때"
2,"오늘 습도 알려줘"
2,"어제 내가 보낸 메일 뭐였지"
2,"오늘 저녁에 쇼핑 갈까 술 한 잔 할까 "
2,"닫을까 열어둘까 "
2,"가스레인지 켜져있는지 확인해줘"
2,"오늘 저녁에 마트에서 살것 알려줘"
2,"올해 장마가 언제 시작되니"
2,"내일 수업 오후로 옮길 수 있는지 알아봐줘"
2,"집 현관도어 열려있니"
2,"페이스북이 스팸처리 되어있니"
2,"리턴메일 메일 주소 다시 한 번 확인해"
2,"오늘 밤 열시 인천날씨 알려줘"
2,"안 읽은 중요한 메일이 있니"
2,"학교에서 온 메일 있는지 확인해줘"
2,"이번 시험 커트라인이 몇 점이야"
2,"유월에 온 메일 모두 복구 했니"
2,"내일 구름이 언제 걷히는지 확인해줘"
2,"지지난주에 오전에 받은 메일 있는지 알려줘"
2,"오늘 서울 해 몇시에 지는지 알려줘"
2,"가족 모임 몇시인지 알려줘"
2,"올해 장기간 폭설이 있을까"
2,"다음 주 목요일부터 토요일까지 속초 날씨 알려줘"
2,"승진 시험 언제인지 알려줘"
2,"나한테 온 메일 라벨 붙혔니"
2,"지금 밖에 바람이 얼마나 부니"
2,"장마가 언제 끝나는지 확인해"
2,"다음 달 일정 가장 많은 날 알려줘"
2,"건강 비결에 대한 기사를 찾아라"
2,"어젯밤 새 메일 중 공지 이메일 찾아라"
2,"상반기 원서 접수 일정 알려줘"
2,"현재 완제품 재고량이 얼마나 되죠"
2,"파일 첨부가 되어 있니"
2,"다음 달 주말 중 비어 있는 날이 있니"
2,"이번달 등산회 모임이 언제니"
2,"다음주에 비 언제 오니"
2,"내일 최저온도 몇 도 까지 떨어지니"
2,"답장으로 온 메일이 있는지 확인해"
2,"이번주 울산 최고 기온이 몇이니"
2,"내일 우레옥 예약 시간이 언제야"
2,"현관 불이 꺼져있니"
2,"다음주에 비오니"
2,"작년 첫눈 언제 왔니"
2,"오늘의 미세먼지 농도가 어떤지 알려줘"
2,"내일 파리의 날씨 어떨까"
2,"오늘 자외선지수 어떤지 검색해줘"
2,"펜션 예약이 되어있나"
2,"오존 주의보 언제 해제 돼"
2,"내일 갈 오션월드 폐장시간을 검색해줘"
2,"안방에 불 꺼져 있니"
2,"내일 저녁 약속 미룰 수 있는 날 언제야"
2,"오늘 소나기가 내리니"
2,"기드온이 미디안군대와 싸울때 사용한 세가지 무기는"
2,"작년 전국 주요 도시 기후표를 보여라"
2,"체육시간에 피구를 하다가 여학생 두 명이 죽었다 어떻게 된 걸까"
2,"내일 눈 오는지 알려줘"
2,"고등학교 동창 모임 장소가 어디니"
2,"이번주 지원 마감 언제까지니"
2,"멀티 플렉스 관련 기사를 보여라"
2,"내일 일정이 몇 개니"
2,"보일러 꺼져있니"
2,"이번달 눈 언제까지오니"
2,"빨래 얼마나 쌓여있니"
2,"이번 태풍 때문에 피해 많던데 너네 집은 괜찮은거야"
2,"엄마 아빠 결혼기념일이 언제야"
2,"현관에 불이 켜져 있는지 확인해"
2,"금융 공사 모기지론과 은행 대출 중 어느 것이 유리할까요"
2,"시월 독일 평균 기온 좀 검색해줘"
2,"오늘 친구들 방문 시간 몇시니"
2,"진료가 내일 오전 아홉 시로 예약 돼 있죠"
2,"컴퓨터 끄고 자니"
2,"내일 일정이 몇개 있는지 알려줘"
2,"올해 여름의 오존지수 알려줘"
2,"안녕하세요 근데 누구세요"
2,"동해와 남해 중 바람세기가 더 강한 곳은 어디니"
2,"철수는 어제 왜 숙제를 해 오지 않았지"
2,"이번주 결혼식 시간 언제니"
2,"이번 주 일요일 기온을 알려줘"
2,"개구리 만드는 것 유치원에서 배웠니 "
2,"지금 바람이 어느쪽으로 부는지 아니"
2,"이번 달 날씨는 전반적으로 어떤지 알려줘"
2,"첨부 화일이 들어 있는 메일은 몇 개니"
2,"모레 예상 강수량을 보여줘"
2,"곰이 목욕하는 곳은"
2,"내일 눈 올 예정이니"
2,"안의 해를 다른 말로 표현하면 무엇인가"
2,"내일 습도 퍼센트를 알려줄 수 있니"
2,"지난 해 동창회 일정이 있었어"
2,"야 여기서 안양 가려면 몇 번 버스 타야 돼"
2,"오늘 저녁에 쇼핑 갈까 술 한 잔 할까 "
2,"다음달 첫째 주 주말 일정 추가 되어있는게 있니"
2,"내일 울릉도에 바람이 많이 불지 알려줘"
2,"나한테 메일을 가장 많이 보낸 사람 메일 주소 알려줘"
2,"출장 갈 때 뭐 타고 갈 거예요 "
2,"현관 불 켜져있니"
2,"서재 스탠드가 켜져 있니"
2,"가장 감명깊게 또는 인상깊게 읽은 책에서 느낀 점을 말해주세요"
2,"다음 달 있을 페스티벌 날짜를 알려줘"
2,"이번주에 저녁 약속 있는 일정 알려줘"
2,"아직 읽지 못한 메일이 있니"
2,"방탄소년단 콘서트 메일이 왔니"
2,"내일날씨 오늘이랑 비교해서 알려줘"
2,"날씨가 따뜻해지려면 얼마나 남았니"
2,"안개는 액체일까 기체일까"
2,"기적을 많이 나게 한 사람은"
2,"용산에 위치한 태국요리 전문점 어떻게 가냐"
2,"선생님의 안부가 궁금한데 연락할 방법이 없을까 "
2,"이번주 일요일 날씨 어떻니"
2,"유튜브 구독 채널의 업데이트 내역이 어떻게 되니"
2,"다음 태풍 진행 방향 좀 알려줄래"
2,"씨지브이 예매 메일이 왔니"
2,"다음주 일요일이 몇 일이야"
2,"내일 부산에 눈 오는지 검색해봐라"
2,"오늘 서울 지역 구름의 양은 얼마나 되지"
2,"어제 샀던 스테이크의 종류가 어떤 거였니"
2,"우리 공장 가동율이 얼마나 되지"
2,"오 번 국도 정체 상황을 보여주렴"
2,"북한산에는 지금 비가 오니"
2,"냉장고 냉장실 온도 몇 도니"
2,"구리의 정체구간을 알자"
2,"이번주에 폭염 날씨는 언제 인지 알려줄 수 있니"
2,"여름학기 개강 몇일이야"
2,"오늘 큰 아빠 퇴원은 잘 하셨어요"
2,"다음달에 누구 생일 있는지 알려줘"
2,"미아리 금란교회 신축현장 포토뉴스를 보여라"
2,"건너방 온도 몇도니"
2,"교수님께 온 메일 있니"
2,"내일 비가 몇시까지 오니"
2,"화장실 불 켜져있니"
2,"학교 개교기념일이 언제니"
2,"오늘 날씨의 위성연상을 보여줄 수 있니"
2,"오늘 대천에 비 내리는 지 알려줘"
2,"오늘 미세먼지 수치를 알려줘"
2,"세시에 면접합격 메일이 왔니"
2,"올해 대통령 선거 일정을 알려줄 수 있니"
2,"성경에서 딸을 가장 많이 낳은 여자는"
2,"오늘 서울 미세먼지 수치 알려줘"
2,"혹시 귀 다쳤어"
2,"서재에 불은 다 꺼졌는지 좀 확인해"
2,"침실가서 누나 자는지 확인해"
2,"이번주에 비가 언제까지 오니"
2,"저번 주 작성한 엑셀파일이 보내진 이메일을 찾아줘"
2,"안 읽은 메일이 필터링 되었니"
2,"일월달 날씨가 어떠니"
2,"이번 학기 기말고사가 몇 개 남았는지 알려줘"
2,"오늘 인천 앞바다 파도 상태 알아 봐라"
2,"내일 아침 일정이 어떻게 되는지 알려줘"
2,"실내 습도가 얼마나 되니"
2,"오늘 최고 기온이 어떻게 되니"
2,"이 학과에 지원한 동기는 무엇인가요"
2,"어제 내가 보낸 이메일중 답온게 있으면 알려줄래"
2,"오늘 해 지는 시간 알고 있니"
2,"시아버지 제사 날짜 확인해"
2,"집 안 습도 확인해봐"
2,"내일 어디서 일정이 있는지 알려줘"
2,"아테네 올림픽 마스코트 관련 기사는 없을까"
2,"전남대 근처 축협은 어디지"
2,"오늘 비올 확률이 얼마야"
2,"이메일중 파일첨부 된 이메일 있으면 알려줘"
2,"올 크리스마스에 눈이 올까"
2,"여의도의 바닷가재 전문점"
2,"내일 아침에 몇시부터 일정이 있지"
2,"내일 세시에 뭐하는지 알려줘"
2,"싫어하는 것은 무엇인가요 이유는요"
2,"오늘 남은 약속 몇 개야"
2,"태국과 필리핀 중 어느 상품이 더 저렴하나"
2,"오늘 최고 기온과 최저기온이 어떻게 돼"
2,"자네는 우량주 위주로 가지고 있나 "
2,"일요일에 결혼식 어디인지 확인해"
2,"실질 이자 효과가 어떻게 되는데 "
2,"다음주 부산 평균 습도 어떤지 아니"
2,"학과로 보낸 메일 수신확인여부좀 알려줘"
2,"내일 갈 마사지샵의 전화번호를알려줘"
2,"이번주 금요일 회의가 몇시니"
2,"어제 안읽은 메일이 있니"
2,"네 카드 되지"
2,"예약 발송한 메일 잘 갔어"
2,"오늘 온 편지 중 첨부 파일이 든 메일은 얼마나 되냐"
2,"다음달 마지막 주 일정 알려줄래"
2,"예금담보 대출하려는데 어느 은행이 좋을까"
2,"오늘 온 메일 수신자 누구니"
2,"내일 우리 동네 날씨 알려줘"
2,"내일 오후에 일정 비니"
2,"오늘 결제한 상품 영수증 메일로 왔나 확인해줘"
2,"내일 예정된 영화관을 롯데시네마로 변경되어 있니"
2,"현재 습도 알려줘"
2,"올해 크리스마스는 무슨요일인지 알려줘"
2,"한강교량 구간의 통행 소요 시간은 얼마나 되는지 파악해주련"
2,"집안에 환기가 되고있는지 확인해줄래"
2,"십이월 가족모임 언젠지 알려줘"
2,"현재 중부 고속도로의 노면 상태는 어떻지"
2,"부대찌개에 넣을 재료 뭐 필요해"
2,"둘 데는 생각해뒀구"
2,"다음 조별 모임 날짜 알려줘"
2,"강릉에 있는 해수욕장의 온도는 얼마나 되지"
2,"다음주 출국 비행기 시간 몇시야"
2,"언제가 시간이 제일 편하세요"
2,"오늘 미세먼지 농도 보여줘"
2,"고려대 앞에서 제일 유명한 떡복기집은 어디야"
2,"서울 부산 간 고속철 운임은 얼마냐"
2,"안 읽은 메일들 모두 확인 되었니"
2,"오늘 오후 세시에 비가 오니"
2,"일층 문이 모두 잠겨있는지 확인해줘"
2,"전공수업인데 수강정원이 왜 그렇게 작아"
2,"화장실 불 켜져있어"
2,"건너방 불 켜져 있는지 확인해라"
2,"로또복권 당첨확률을 두배 올리는 방법은"
2,"우리나라 양궁의 순위 관련 기사 찾아다오"
2,"어제 우박이 몇 시부터 몇 시까지 왔어"
2,"냉장고 문 열렸는지 확인해 줘"
2,"내일 베를린 날씨 알려줘"
2,"왜 안 와 벌써 삼십분 기다렸어"
2,"안 읽은 메일이 총 몇 개니"
2,"삼성전자에 관한 기사 있나"
2,"하루에 몇 시간 공부해야 원하는 대학에 갈까요 "
2,"먹골엔 특산품 점이 많을까"
2,"올 해 장마 언제 끝나는 지 아니"
2,"용산 가려면 뭐 타고 가면 될까"
2,"내일 오전 열시 영화보기 일정 추가 되어있니"
2,"내일 친구와 몇시에 편의점 앞에서 만나는지 알려줘"
2,"오늘 날씨 어떠니"
2,"이집트 오후 두시 온도 좀 검색해줘"
2,"회사 메일 다 읽었는지 알려줘"
2,"내일 가족 저녁 식사 일정 언제지"
2,"오늘 구미 최저기온 알려줘"
2,"주식회사라는 말은 전부다 상장기업임을 의미합니까"
2,"호주 멜버른과 서울 도봉구의 날씨온도차이 어떤지 아니"
2,"휴지통에 있는 메일이 몇 개나 있니"
2,"실시간으로 내 주식의 등락폭을 알 수 있는 방법은 뭘까요"
2,"김포공항으로 들어가는 도로 상황을 알리렴"
2,"올해 설은 몇 월이야"
2,"오늘 아침에 서울에 비가 얼마나 내렸는지 검색해줘"
2,"방금 온 메일 보낸 사람이 주소록에 있니"
2,"초복날 날씨를 알려줘"
2,"이게 웬 미납고지서냐 가스요금 안 냈어 "
2,"서울 도봉구에 지금 비가 오니"
2,"발신함에 장민하에게 보낸 이메일이 총 몇 개가 있니"
2,"오늘 최고 온도 알려줘"
2,"나발은 누구의 남편인가요"
2,"다음달 교회수련회 언제인지 알려줘"
2,"사울의 부하 아브넬은 누구를 왕으로 세웠나요"
2,"스쿨버스 도착시간이 언제니"
2,"이번주 금요일에 점심 어디서 먹기로 했니"
2,"휴지통에 회사메일 있는지 확인해줘"
2,"일요일 오전예배 몇시야"
2,"자녀는 있나요"
2,"이번 주 주말 날씨 알려줘"
2,"지금 동작중인 가전이 뭐지"
2,"거실 티비 켜져있는지 확인해줄수있니"
2,"작년 칠월 평균 기온 알려주겠니"
2,"그때 그 사람 스킨스쿠버 강사라고 했었지"
2,"문 앞에 온 택배가 있니"
2,"올해 장마는 언제 시작하니"
2,"오늘의 최고 온도 알려줘"
2,"이번 주에 잡혀있는 일정이 몇 개인지 알려줘"
2,"마지막으로 여자친구 만난게 언제니"
2,"네 안부 묻는 애들이 많던데 왜 안 나왔어"
2,"다다음주 화요일 몇 시부터 일정 시작이야"
2,"최근에 독일축구 관련 기사가 있는지 찾아주렴"
2,"교수님한테 메일 답신 왔냐"
2,"박찬호 선수 기사 좀 찾아주련"
2,"어제 온 메일 모두 몇 개니"
2,"칠월 일정이 어떻게 되는지 알려줘"
2,"아까 지운 메일 언제 온 거였니"
2,"이번주 비소식 있는 지역 좀 검색해줘"
2,"이번 겨울 최저기온을 알려줘"
2,"아이방에 커튼 쳐져 있니"
2,"필터링된 메일이 몇 통이 있니"
2,"롯데백화점 근처 전통 독일식 맥주집은 어디니"
2,"둘째 예방접종날 언제니"
2,"좀 된 건가요"
2,"이번주 정읍 날씨 알려줘"
2,"내일 수업이 언제 끝나니"
2,"눈이 언제까지오는지 알려줘"
2,"오늘 만나는 사람 전화번호 알려줘"
2,"다음달 아들 학예회 날짜 알려줘"
2,"서울에 언제 도착해"
2,"서울에서 분위기가 제일 좋은 스카이 라운지의 위치는 어디냐"
2,"언제쯤 눈이 녹을지 알려줘"
2,"내일 눈 얼마나 많이 내리는지 알려줘"
2,"장학금 받으려면 성적이 얼마나 되야 하지"
2,"강아지 미용 날짜 알려줘"
2,"레저 스포츠의 종류에 대해서 알고 싶어요"
2,"내일 일정 있니"
2,"오늘 파도가 얼마나 센지 알려줘"
2,"나 오늘부터 방학이 시작했는데 너희학교는 방학했니 "
2,"직접 내냐"
2,"따듯하게 입을 날씨인지 봐줘"
2,"지난주에 오기로 한 물량이 왜 아직도 안 도착한 거죠"
2,"지금 오고있는 태풍이름 아니"
2,"홍제 램프 부근은 시시티브이로 찍은 정보도 볼 수 있는지 알려라"
2,"오늘 오후 합정동의 습도는 얼마인지 알려줘"
2,"작년 장마 언제 끝났는지 알려줘"
2,"이번 주 토요일에 만나기로 한 사람이 누구지"
2,"화장실 불 켜져있나 확인해"
2,"부엌에 가스가 열려있는지 확인해"
2,"저번 주에 샀던 컴퓨터 샀던 전자센터 전화번호를 알려줘"
2,"대문 열려 있니 "
2,"일개월 전 메일 모두 지워졌니"
2,"작년 육월에 비가 왔던 날이 모두 언제였지"
2,"자동청구함에 새 메일 왔니"
2,"내일 과제 마감이 언제니"
2,"트위터에서 온 이메일 있으면 알려줄래"
2,"저저번달 주말 일정 없는 날 있었나"
2,"로봇 청소기 작동 시킬수 있니"
2,"지금 날씨 어떤지 봐줘"
2,"한국 대표팀 축구 기사 있어"
2,"어제 아침에 온 메일이 얼마나 있니"
2,"아직 안 읽은 메일이 있니"
2,"내일 일정에 대해 알려줘"
2,"오늘 보낸 메일 모두 몇 개니"
2,"음주 운전과 무면허 중 어떤 게 더 나쁜 걸까"
2,"지금 쫌 빨리 가는 방법이 없을까"
2,"효도 관광 언제가니"
2,"조별 과제는 메일로 처리하니"
2,"다음 달 생일인 친구 알려줘"
2,"아마존에서 답장이 왔니"
2,"오늘 삼십도가 넘을지 알려줘"
2,"어제 받은 카드 청구내역 메일에서 이번달 청구금액 얼마였니"
2,"다음 달에 친구 생일은 언제 있니"
2,"주준영이 어딨냐 이 개새끼 내가 아주 잡아 죽여버릴라니까 주준영 어딨어"
2,"현관문이 잠겨있니"
2,"논술은 학습지가 날까 학원이 날까"
2,"경부 고속도로의 노면상황이 좋으니"
2,"금요일 저녁 친구를 어디서 만나기로 했지"
2,"일요일 약속이 몇 시야"
2,"현재 황사 주의보가 내려진 지역 어딘가"
2,"너 어디서 뭐 하고 지내는 거야"
2,"오늘 자외선 지수 좀 알려줘"
2,"오늘 영하로 내려가는지 알려 줘"
2,"이종격투기는 폭력일까 스포츠일까 "
2,"오늘 저녁 여섯 시에 비가 내리는지 알려줘"
2,"티비 수리가 언제 끝나기로 되어있지"
2,"이번 주에 언제 처음 비가 오니"
2,"서울 폭염기간 알려줘"
2,"이번달에 운동일정이 언제니"
2,"호우주의보 해제됐는지 찾아봐줘"
2,"내일 날씨좀 알려줘"
2,"몇 시부터 몇 시까지 비오는지 알려주겠니"
2,"이번 주에 시청역 주변에 삼십도 이하로 떨어지는날 없을까"
2,"회신 메일은 모두 몇 통이야"
2,"벌써 아르바이트 구했구나 어떤 아르바이트야 "
2,"내일 비어있는 시간 알려줄 수 있니 "
2,"배드민턴 치기 일정은 몇 시니"
2,"내일 오전 울릉도에 바람이 얼마나 부는지 알려줘"
2,"가스밸브 잠궜는지 확인했니"
2,"오늘 강수량이 얼마나 되지"
2,"교통사고처리 사례에 대해서 알 수 있는 곳은 "
2,"회사에서 온 이메일 몇개인지 알려줄래"
2,"오늘 오후 아홉시 기온좀 알려줘"
2,"우리 내일 놀러 갈때 버스탈까 기차타고 갈까"
2,"여러분이 가장 크게 후회하는 일은 뭔가요 이유는요"
2,"제주도 주말 날씨 알려줘"
2,"오늘 서울 미세먼지 농도 좀 알려줘"
2,"오늘 자외선 지수 얼마니"
2,"몇 시 쯤에 기온이 삽십도보다 낮아질까"
2,"내일 저녁에 약속 있습니까"
2,"내일 아침에 구름이 얼마나 낄지 아니"
2,"올해 윤달이 있니"
2,"이번주 날씨를 요약한다면 어떻게 되겠니"
2,"올해 외할아버지 제삿날 알려줄래"
2,"내일 사업 설명회 때 어떤 내용을 말하지 "
2,"인권센터에서 온 메일 읽었니"
2,"오늘 갈 레스토랑의 이름을 알려줘"
2,"오늘 날씨가 어떤지 아니"
2,"이번 태풍이 언제 시작되는지 알려줘"
2,"정수기 필터는 언제 갈았지"
2,"보일러 온도 몇도인지 알려줘"
2,"오늘 남은일정 확인해줄수있니"
2,"눈이 얼마나 내린데"
2,"첨부파일이 있는 가장 최근 메일이 뭔지 아니"
2,"내일 최저 기온 좀 알려줄래"
2,"지난주 수요일 오후에 온 메일 있니"
2,"교회 사기에 대한 기사를 찾아라"
2,"오늘 자외선 지수가 어떻게 되는지 알려줘"
2,"보통 열한시이후에 듣는 노래뭐야"
2,"최근 한 달 동안 받은 메일이 몇 통이니"
2,"냉장고 문이 열려 있니"
2,"개강일이 언제인지 알려줘"
2,"메일함 남은 용량 알려줘"
2,"다음주 제주도에 태풍이 오니"
2,"즐겨찾기에 있는 사람한테 온 메일 있니"
2,"방금 카메라에 찍힌 거 같은데 어쩌지"
2,"폭염주의보가 내려진 지역들을 알려줘"
2,"시제이 홈쇼핑 전화번호는"
2,"현관문이 잘 잠겨져있니"
2,"이번주에 내가 새로 추가한 일정이 있다면 알려줘"
2,"오늘 바람 많이 부는지 알려줘"
2,"오늘 메일에서 보낸 이가 이순신인 메일 보여주렴"
2,"오늘 출근이 몇시까지였니"
2,"내일 저녁 평균 온도 알려줘"
2,"폭염이 언제부터 시작인지 알려줘"
2,"전공 과제 마감일이 언제니"
2,"오늘 온 메일이 몇 통인지 확인해줘"
2,"이번에 곗돈 타면 무엇을 할 거야 "
2,"내일 아침 인천지역 일출시간 언제니"
2,"밤인데 컴퓨터하고 있어"
2,"내일 오전 일정 알려줘"
2,"다음주에 일정이 겹치는 날이 언제인지 알려줘"
2,"친구들 모임이 언제였는지 봐봐"
2,"오늘 비가 언제 그치는지 알려줘"
2,"이번 대학 동문회 모임 언제인지 알려줘"
2,"태풍이 언제 서울을 지나가는지 알려줘"
2,"오늘 바람 얼마나 부는 지 알아봐줘"
2,"이번 달 쇼핑 이메일 전부 보자"
2,"이 개월 뒤 전국체전 일정을 모두 보여라"
2,"모레 영화 약속 추가되어 있는지 알려줘"
2,"세계에서 가장 큰 동물원이였던 곳은"
2,"지금 습도가 몇 퍼센트인지 아니"
2,"부산 날씨 좀 검색해줘"
2,"내일도 오늘만큼 선선하니"
2,"웹툰 메일 모두 지워졌니"
2,"정통부 사 세대 이동 통신개발 관련 소식 뭐지"
2,"이번달에 엄마랑 잡은 일정이 몇 개인지 알랴줘"
2,"다음 주 아파트 수리센터에서 방문할 요일을 알려줘"
2,"메이크업을 배우고 싶은데 어느 학원이 유명하지 "
2,"임시보관함에 저장된 메일이 몇 통인지 확인해줘"
2,"이번주 토요일 두 시 롯데시네마 일정 취소했니"
2,"어제 보낸 메일 답장 왔는지 확인해줘"
2,"왜 일본 스키장에 가려고 하는 거지 "
2,"내일 영화 약속이 어디에서 잡혀 있었지"
2,"올 여름 휴가는다들 어디로가시나요"
2,"부천 대 삼성의 경기에 관한 기사 모아볼래"
2,"이틀뒤 회식이 있니"
2,"왜 이렇게 전화를 안받아"
2,"주소록에 몇 명이 추가 되어있니"
2,"나 새 차 살건 데 뭐가 좋을까"
2,"오늘 태풍주위보가 해제되니"
2,"가마솥 더위가 다음주까지라는 데 맞아"
2,"사일전에 과장님이 보낸 메일 내용 확인했니"
2,"삼일전 병원에서 온 메일 알려줄수 있니"
2,"내일 서울 습도가 얼마야"
2,"롯데팀 순위에 관한 기사 보여다오"
2,"오늘 스케줄 다 끝났니"
2,"냉장고에 고기 있니"
2,"오늘 습도 좀 알려줘"
2,"저번 주의 아이허브 주문 리스트를 알려줘"
2,"다음주 화요일 점심약속 몇시까지로 잡혀있니"
2,"내일 아침운동 어디서 하기로 했니"
2,"이번주 회의가 있는지 알려줘"
2,"이층 불 켜진곳 없니"
2,"태풍 현재 위치가 어디야"
2,"산책하기 좋은 날씨인지 알려줘라"
2,"오늘 저녁에 쇼핑 갈까 술 한 잔 할까 "
2,"현관에 불 켜져 있니"
2,"가짜 수표는 보상 받을 수 없나요 "
2,"첨부파일이 존재하는 메일 몇 개 있는지 확인해줘"
2,"나의 목표를 빨리 이룰 수 있도록 도움을 줄 수 있는 것은 뭘까 "
2,"다음달에 생일일정이 언제인지 알려줘"
2,"경부 고속도로 내 소통이 원활한 구간 얼마나 되지"
2,"오늘 폭염주의보가 떳는지 확인해줘"
2,"온라인 성적표 도착했는지 확인해줘"
2,"설날 연휴 잘 보내셨나요 "
2,"이번주 금요일에 소나기가 올 가능성 있니"
2,"목요일 날씨를 알려줘"
2,"도쿄까지 앞으로 몇 시간 걸리죠"
2,"벌금 매기면 애들 시간 맞춰서 나올까 "
2,"어제 보낸 메일 수신여부 좀 확인해"
2,"증권 시장에서 장외 시장이란 게 뭔 줄 아니"
2,"저 같은 경우는 어떻게 주식투자를 준비해야 합니까"
2,"바나나가 웃으면"
2,"이번주 무슨요일에 봉사니"
2,"요일별 날씨를 알려줄래"
2,"조명 밝기 이게 최대니"
2,"메일함에 안 읽은 메일이 몇 개 있는지 확인해줘"
2,"어제 학교에서 온 메일의 수신여부 좀 확인해줘"
2,"사울과 아들들이 죽은 곳은"
2,"다음주 가장 더운날이 언제인지 검색해줘"
2,"뭐 먹을까"
2,"아주 오래 전에 건설된 다리를 무엇이라 부르나"
2,"홍 과장님 송별회에 뭐 특별한 거 준비 할 게 있을까 "
2,"언제 만날 거야"
2,"오늘 습도 어느정도니"
2,"수행평가 제출 마감일이 언제니"
2,"어제 저녁 여덟시이후에 온 이메일이 있니"
2,"오늘 실내 적정 습도 아니"
2,"앗수르왕 산헤립은 이스라엘 군사들을 설득시키기위해 누구를 보냈나요"
2,"밤까지 비가 올까"
2,"내일 미팅 스케줄에 함께 참여하는 사람들이 누군지 알려줘"
2,"날씨가 너무 더운데 오늘 기온 몇도야"
2,"이번 주말에 과외 몇 시냐"
2,"이번에 보는 시험 일정이 언제니"
2,"그저께 일정 알려줄 수 있니"
2,"이번달 모임이라고 스케쥴에 적힌 일정들 모두 알려줘"
2,"이번 주 태풍오는지 확인해줘"
2,"작년 추석이 화 수 목요일이었나"
2,"신촌이랑 홍대 중 어디가 편했어"
2,"지난 년도에 우리가족이 여행을 어디에 갔지"
2,"휴지통에 있는 메일이 다 지워졌니"
2,"어제 오후 날씨 대비 오늘 오후 날씨 어때"
2,"부엌에 창문 닫혀 있니"
2,"민정이는 오기로 했는데 오빠 친구들도 온대"
2,"이번주에 본격적으로 더워지는 날짜를 알려줘"
2,"가스레인지에 불 다 꺼져 있는지 확인해줘"
2,"페이스북 메일들 스팸처리되어있니"
2,"오늘 음력으로 몇 일이니"
2,"회원가입 약관에 동의하십니까"
2,"부산 시내 정체구간 얼마나 되니"
2,"저번에 했던 약속은 아직 유효한거지 "
2,"휴지통 비워졌니"
2,"오늘 저녁 아홉시 친구들과 카지노 가는 일정 추가 했니"
2,"내일 오후 여섯시 삼십분에 비가 올까"
2,"비도 오는데 주말은 뭐하고 보냈어 "
2,"제주도의 맑은 하늘은 언제쯤 볼 수 있니"
2,"형한테 온 메일 있니"
2,"내일 약속있니"
2,"과모임이 무슨요일이지"
2,"이번주에 가장 시원한 때가 언제인지 알려줘"
2,"오늘 최저기온 알려줘 십육도 넘니"
2,"오늘 저녁에 라면먹기로 했니"
2,"진행요원 오백 명 다 채워졌나 "
2,"일년중 가장 건조한 기간 확인해"
2,"오후 두시에 치과 가기로 했니"
2,"수업 자료는 얼마나 준비되었니"
2,"아들 대학교 졸업식 언제니"
2,"너 어제 술 많이 먹던데 속 괜찮아 "
2,"우리나라 지역별로 전운량은 얼마나 되나"
2,"곰을 뒤집어 놓으면 문이 된다 소를 뒤집어 놓으면"
2,"오늘 고터 주변 한강 날씨 어떤지 보여줘"
2,"오늘 저녁 약속 몇 시였지"
2,"어이구 죄송합니다 괜찮으세요 "
2,"아령 몇 키로가 적당한 거니"
2,"오늘 서울 강수량좀 알려줘"
2,"어제 헤드라인 뉴스를 보자"
2,"이번주에 가장 많이 메일 보낸사람이 누군지 알려줘"
2,"내일 대구 최고기온이 몇 도인지 알려줘"
2,"세차하기에 오늘이 좋을까 내일이 좋을까"
2,"오늘 안개 심한지 좀 봐줘"
2,"광안리에서 연인들이 제일 많이 가는 레스토랑 어떻게 가냐"
2,"오늘 소나기 내리는지 아니"
2,"회사메일은 다 삭제했니"
2,"화요일 오전 일정 있니"
2,"칠월십칠일 보낸메일 삭제되었니"
2,"오늘 최고 최저 기온 몇 도야"
2,"경부 고속도로 정체구간은 얼마나 되냐"
2,"아이방에 스피커 켜져있니"
2,"다음주에 스위스에 비가 오는지 알려줘"
2,"국어수업시간이 이번 주에 몇 번있지"
2,"적금을 얼마짜리를 들길래 그렇게 많이 넣어"
2,"저번 주에 내가 병원을 몇 번 갔는지 확인해줘"
2,"아버지 생신이 언제니"
2,"위탁 증권이면 난 아무 것도 안 해도 되는 거야"
2,"너 지금 주식에 투자하는 돈이 유휴 자금이냐 "
2,"오늘 얼마나 더운지 알려줘"
2,"인간의 약이 듣긴 하는 거야"
2,"날씨 속보가 있는지 알려줘"
2,"다음 주 토요일 날씨 좀 알려줘"
2,"수요일 몇시에 등산약속이 있었니"
2,"오늘 오후 통영날씨 좀 알려줘"
2,"이 도로에 교통 사고가 발생했니"
2,"유월을 최고 온도가 어땟는지 아니"
2,"냉장실 온도가 몇 도인지 알려줘"
2,"삼성차 리콜 관련 기사 찾아라"
2,"오늘 회사에서 온 메일이 몇 개야"
2,"일요일에 결혼식 몇시인지 확인해"
2,"세미나가 몇 시에 시작하니"
2,"학교에서 온 메일 수신여부 좀 확인해"
2,"유치원 버스가 언제 집 앞에 도착하니"
2,"오늘 습도를 알려줘"
2,"오늘 사우디아라비아에 미세먼지 농도좀 알려줘"
2,"세탁기는 꺼졌는지 보고와라"
2,"요번 주 전국 날씨는 어때"
2,"발행 유가 증권이 뭐니"
2,"이번주 월요일 미국 캘리포니아 날씨좀 알려줘"
2,"한강 둔치에 있는 수영장 기온을 보여라"
2,"냉장실 온도가 몇도니"
2,"눈이 얼마나 올지 알려줘"
2,"오늘 최저기온이 몇도니"
2,"내일 기온이 삼십사도가 넘니"
2,"댁의 아들은 학교에 잘 다니나요 "
2,"오늘 체감온도 얼마야"
2,"보내는 사람 이름을 변경 할 수 있니"
2,"실례합니다 서점이 어디지요"
2,"오늘 밤 최저 기온 알려줘"
2,"오늘 회원업무팀 이주현 사원에게 메일이 왔니"
2,"비행기를 예약하려고 하는데 인터넷 예매가 가능한가요 "
2,"오늘 미팅 장소가 어디지"
2,"이치로 선수 홈런에 관한 기사 알려"
2,"메일 확인했는 지 알려줘"
2,"아이방 스텐드 켜져있니"
2,"폭염 특보가 없는 지역이 어디인지 알려줘"
2,"다이어트 관련 메일 수신여부 확인해"
2,"이번주에 이상 한파 있니"
2,"선풍기 전원 꺼져있는지 확인해"
2,"오늘 달러 환율 얼마예요"
2,"지난 달에 나 얼마나 시간낭비했니"
2,"내가 얼마의 주식을 보유해야 그 회사 경영에 참여할 수 있지"
2,"다음주 토요일 봉사 몇시부터 하는지 아니"
2,"이번 주에 생일인 사람 찾아줘 "
2,"회계 원리 백 쪽 사번 문제 어떻게 푸는지 알아 "
2,"학교에서 온 메일 있니"
2,"제대하는 날까지 얼마나 남았지"
2,"여의도로 자전거 타러 갈까"
2,"동생 생일이 언제였지"
2,"다음주 수요일 오전에 뭐하는지 알려줘"
2,"다음주에 있을 화이트 데이에 살 만한 초콜릿좀 검색해줘"
2,"현재 풍랑 경보 해제 지역을 알려"
2,"오늘 저녁에 머하는지 알려주세요"
2,"우리나라의 국경일 날짜를 모두다 검색하렴"
2,"내일 가평 날씨 좀 검색해줘"
2,"오늘 건조주의보 있니"
2,"환기 꺼져있니"
2,"내일 비 오는지 확인해라"
2,"이번주 속초 날씨 알려줘"
2,"내일 아침 일정이 언제 시작하는지 알려줘"
2,"여름휴가 일정 취소했니"
2,"지지난 달에 갔었던 헌책방 이름이 뭐였지"
2,"오늘 어제보다 덥니"
2,"내일 몇시에 친구와 저녁약속이 잡혔니 "
2,"다음주 목요일 저녁 날씨 어떻니"
2,"이번주 배드민터 동호회 모임이 언제니"
2,"내가 보낸 메일함에 있는 메일 모두 지워졌니"
2,"오늘 비가 올 확률은 얼마나 되니"
2,"이번 목요일 오후에 무슨 일정이 있지"
2,"오늘 열대야 예보있니"
2,"보일러가 꺼져있니"
2,"오늘 체감온도는 어떻데니"
2,"내일 미팅이 언제인지 알려줘"
2,"지운 편지함에 편지가 몇통 있니"
2,"올해 첫 폭염주의보는 언제였니"
2,"내일 언제부터 비가 오는지 알려줘"
2,"열려있는 창문 있니"
2,"이번 달에 총 몇 개의 메일들이 왔니"
2,"여행가기로 한 날에 비가 오니"
2,"중간고사 기간이 언제인지 알려줘"
2,"다음주 수요일에 우산 필요하니"
2,"지난 달에 도서관에서 온 메일이 있니"
2,"텀블러 메일 수신 차단이 제대로 되었니"
2,"교회 사기에 대한 기사를 찾아라"
2,"시험 끝나고 뭐하고 놀까"
2,"내일 대구 날씨 검색해줘"
2,"이번달에 생일이 몇 명있니"
2,"모레에 어디 헬스하는지 알려줄래"
2,"장전동 부근 무료 신문 배포소는 어떻게 가"
2,"여행 기간 동안 비가 내리는 지 알려줘"
2,"금요일 안동 날씨 알려줘"
2,"금요일 출장 기차 시간 몇 시인지 알려줘"
2,"오늘 몇시까지 회사에 가야하니"
2,"내일 아홉시에 어디서 만나기로 했니"
2,"내일 폭풍이 끝나니"
2,"오늘 자외선지수 어떤지 검색해줘"
2,"다음달 두번째주 토요일 일정 확인해줘"
2,"요즘 개봉한 영화 중에서 뭐가 제일 재밌니 "
2,"학교에서 보낸 메일 중 안 읽은 게 있니"
2,"서울 종로 음식점은 어떻게 가니"
2,"동호회에 대한 이메일 왔니"
2,"올해 이월에 온 메일 있니"
2,"다음년도에 학회일정 알려줘"
2,"이번 가을의 기상 전망을 보여"
2,"부모님과 영화 약속 두시 맞니"
2,"작년에 일기예보 가장틀렸던 곳 어딘지 알려줘"
2,"입원하셨다더니 건강은 좀 어떠세요 "
2,"오늘 오후 동해 기온좀 알려줘"
2,"첨부 파일 클라우드에 저장할 수 있니"
2,"내일 몇 시가 가장 덥니"
2,"오늘 주식시장의 주요 소식은"
2,"작년 결혼 기념일에 예약했던 레스토랑이 어디였지"
2,"오늘 새벽 몇시에 비 왔는지 아니"
2,"내일 친구랑 어디에서 만나기로 했니"
2,"스케줄 확인해서 토플 접수 기간 언제까지인지 찾아줘"
2,"너 나 몰라"
2,"어디 있니 로비야"
2,"다음주 스케쥴이 어떻게 돼"
2,"칠월달 시험일정이 언제인지 아니"
2,"모레에 구름이 많을지 알려줘"
2,"내방 스탠드 켜줘있는지 확인해줘"
2,"회의록 메일이 왔는지 확인해줄래"
2,"보건진료소에서 온 메일 별표했니"
2,"주차 문제가 신경 쓰이는데 거긴 주차할 때 많니 "
2,"다음달 월간날씨좀 알려줄 수 있니"
2,"태풍 언제 오는지 알려줘"
2,"다음 달 시험 일정 알려줘 "
2,"눈 언제까지 내리니"
2,"육억 달러의 산출 근거가 뭐요 "
2,"어머니 저 배고픕니다 밥 먹어요 이제 여기 그 국수집이 어딧드라 "
2,"공기청정기 꺼져있니"
2,"게임중독과 관련된 뉴스를 보여라"
2,"내일 약속 장소까지 제일 빠른 대중교통 수단이 뭐지"
2,"오늘 비 몇 시까지 내리는지 알려줘"
2,"언제 외출 금지 날씨인지 알려줘"
2,"네가 예전에 다녔던 학원은 어때 "
2,"오늘 서해 바다 풍속이 어떤지 알려줘"
2,"내일 비행기에 탑승하게될 시간을 알려줘"
2,"엔화와 유로 중 어떤 것을 사는 것이 이득일까 "
2,"주식의 공급은 어떤 방법으로 이뤄지나요"
2,"이번주 서울 평균기온 알려줘"
2,"오늘의 강수량을 알려줘"
2,"수요일애 몇시에 엄마랑 저녁먹기로 했니"
2,"경부 고속도로에 정체 구간이 어딜까"
2,"메일 용량 얼마나 있는지 알려줘"
2,"괜찮니"
2,"다음달 치과치료 언제인지 알려줘"
2,"세탁기 돌릴수 있니"
2,"이번주 토요일에 풋살 어디서 하니"
2,"위탁모집은 뭘 말하는 거야 "
2,"오늘 저녁 기온이 어떻게 돼"
2,"먹골의 유명한 특산물이"
2,"긴장할 때는 어떻게 하나요"
2,"약속 시간이 언제"
2,"어떻게 하면 투자자들을 많이 유치할 수 있을까요 "
2,"대방동 미세먼지가 좋음이니"
2,"사람이 있는 방이 어디야"
2,"오늘 할 일 목록 알려줘"
2,"화장실에 사람 있니"
2,"전송실패 된 메일이 있는지 찾아봤니"
2,"우리 사촌오빠가 수학 잘 가르치는데 배워볼래"
2,"실내 미세먼지 농도 체크 좀 해줘"
2,"내일 밤에 별 많아"
2,"창문에 커튼이 내려져 있니"
2,"내일 얼마나 추울지 알려줘"
2,"이번주 일요일 오후 일곱시에 어디서 영화보기로 했니"
2,"지금 밖에 비가 오는 지 알려줘"
2,"주방 조명 밝아"
2,"금요일에 하늘이 맑은지 알려줘"
2,"아직 안 읽은 메일 있니"
2,"다음주 교수님과의 회의 일정을 모두 취소했니"
2,"요새 전자 쪽에 투자하는 게 좋을까"
2,"혼인 전의 상태는 미혼이다 그러면 혼인 후의 상태는 무엇인가"
2,"오늘 오후 한시에 어디로 가야 하니"
2,"오늘 비가 내릴까"
2,"요즘 샌디에고 날씨 어떤지 확인해줘"
2,"내일 몇시에 도서관 가기로 했니"
2,"다음 주 토요일 짚라인 타러 가는 일정 추가해도 되니"
2,"이번주 눈 오는 지역 알려줘"
2,"현재 호우 주의보가 해제된 지역을 보이렴"
2,"지금 밖의 더위체감지수를 알려줘"
2,"다음달 아들 체육대회 날짜 알려줘"
2,"일층 전기가 모두 차단되어있니"
2,"오늘 구름 많아"
2,"시계에 알람이 맞춰져 있니"
2,"전기 밥솥 취사중이니"
2,"이번주 회의 몇시인지 알려줄 수 있니"
2,"내일 저녁 어떠세요"
2,"오늘 무슨 날이야 검문 경찰이 쫙 깔렸어"
2,"혹시 샤워했어"
2,"구서동 파출소는 어디니"
2,"이번주 평균기온 좀 확인해줘"
2,"서울역 근처 볼링장 어딘데"
2,"주택 상속 세율 알고 있어"
2,"내일 버스터미널에 몇시까지 가야하니"
2,"비가 언제까지 오는지 알려줘"
2,"독일 오후 세시에 눈이 오는지좀 알려줘"
2,"지난 주말에 서울 추웠어"
2,"언제 왔어"
2,"휴지통에 메일 모두 삭제되었니"
2,"현재 전력 소비량이 어떻게 되니"
2,"내가 몇 개월에 한 번씩 파마를 하는지 아니"
2,"다음 일정이 몇시인지 알려줘"
2,"친구중에 은행다니는 애 없냐 대출좀 알아보게"
2,"컴퓨터 켜져있는지 확인해줘"
2,"내일 언제 일어나야할지 알려줘"
2,"이번 달에 생일인 친구들 누구인지 알 수 있을까"
2,"압력밥솥에 밥이 있니"
2,"오늘 저녁 여섯시에 약속있는데 기온 좀 체크할 수 있겠니"
2,"별일은 없고"
2,"서해안 갯벌 물빠지는 시간 좀 알려줄래"
2,"올해 한국어 정보처리 학회는 언제 시작인데"
2,"오늘 오후에 캐나다 출국이 몇시야"
2,"예약한 게임 출시 일이 등록 되어 있니"
2,"초미세먼지 농도 얼마나 되니"
2,"당뇨병은 불치병이라던데 그거 정말이야 "
2,"적금이랑 예금 중에서 어떤 게 더 나을까"
2,"등록금 납부 학교 코드를 잊어버렸는데 혹시 너 알아"
2,"언제 좌석이면 예약할 수 있나요"
2,"오빠 문병 날짜 언제 되는지 알려줘"
2,"효과적으로 업무를 수행할 방법이 없을까 "
2,"다음주에 스케줄이 몇 개 있는지 알려줘"
2,"내일 부산 날씨 좀 검색해줘"
2,"내가 교수님께 마지막으로 메일을 보낸 날이 언제니"
2,"오늘 미세먼지 농도는 어때"
2,"다음주 토요일 서울 미세먼지량 좀 알려줘"
2,"여러분의 성격을 설명해 주실래요"
2,"호우주의보 언제 해제 돼"
2,"이천십팔년 오월 오일에 가족한테 온 메일 있는지 확인해줘"
2,"저번 달 초에 회의 몇 번했어"
2,"내일 미팅장소 근처에 있는 숙박업소 찾아줘"
2,"지금 내리는 비 언제쯤 그치는지 확인해줘"
2,"다음주 화요일 일정 삭제되었니"
2,"다음 일정까지 얼마나 남았는지 알려줘"
2,"내게 쓴 메일함 확인했니"
2,"누나 생일이 언제였는지 알고 있니"
2,"내일 날씨가 화창한지 알려줘"
2,"교수님에게서 온 이메일 다 수신확인 되어있니"
2,"내일 청주에 태풍이 얼마나 부니"
2,"중요보관함에 이메일이 몇 개가 있니"
2,"파일첨부 최대 용량이 어떻게 돼"
2,"지운 편지함이 비워져 있니"
2,"오늘 주가 어떻게 되지"
2,"오사카 날씨는 어떠니"
2,"오늘 최고온도 좀 알려줘"
2,"방금 보낸 거 전송 취소할 수 있어"
2,"내가 어제 회사 메일 답장했었는지 확인해줘"
2,"어떻하면 좋아"
2,"칠월 삼십을 부터 팔월 일일까지 수련회 일정 추가했니"
2,"오늘 자외선 지수는 어떻게 되니"
2,"여러분은 대학을 졸업한 후에 어떻게 변했나요"
2,"요금조정을 요청했는데 왜 처리가 안되지 "
2,"대출 하려고 하는데 유가증권 담보도 가능한가요"
2,"서울 전체에 막히는 구간의 현재상태는 어떨까"
2,"오늘 언제부터 온도가 내려가니"
2,"첨부 파일 든 메일 몇 통이래"
2,"보내다가 전송 실패한 메일이 있니"
2,"치과 예약이 몇 시로 되어 있니"
2,"오늘 비가 몇시부터 몇시까지 오니"
2,"십일호 태풍이 현위치를 지나가니"
2,"이층에 불이 다 꺼져있니"
2,"작성중인 메일이 있는지 확인해줄수있니"
2,"부엌에 환풍기 틀려있는지 확인해줄래"
2,"해외 이메일주소로 온 메일이 있니"
2,"오늘 밤 열시의 온도를 알려줘"
2,"다음달 학회가 어디니"
2,"오늘 미세먼지 농도 확인해"
2,"천호대로 소통상황 보여주렴"
2,"오늘 일출 시간이 언제니"
2,"한국의 어떤 관습을 좋아하며 그 이유는 뭔가요"
2,"오늘 미세먼지 농도가 어느 정도인지 알려줘"
2,"어젯밤 온 메일 중 첨부 파일 든 메일은 몇 통이나 된데"
2,"이천이년 우리나라를 지나갔던 태풍의 종류는 무엇이니"
2,"내일 아침 예상 강수량을 알려줘"
2,"오늘 습도는 몇이니"
2,"오늘 점심 약속은 취소했니"
2,"주간날씨 알려줘"
2,"읽지 않은 메일 즐겨찾기 폴더에 추가 했니 "
2,"이은비 어딨어"
2,"다음주 평일에 저녁약속이 몇개 있니"
2,"서울의 월간 날씨 확인해줘"
2,"이번 주말에 약속이 있었니"
2,"오늘 우산을 챙겨야할까"
2,"작년에 온 메일도 있니"
2,"아홉시 출발은 몇 시 도착이래"
2,"내일 동기 모임 어디 인지 알랴줘"
2,"이번 주 비오는 날 있는지 알려줘"
2,"오늘 만조 시 수위는 얼마지"
2,"추석이 언제인지 알려줘"
2,"오늘 강수확률 알려줘"
2,"내일 첫 스케줄이 언제부터 시작하는지 알려줘"
2,"가장가까운 영화관에 오늘 관람가능한 일곱시 영화 예약 가능해"
2,"다음주 토요일에 스케줄이 있니"
2,"다음주에 고등학교 동창모임이 있니"
2,"방이 덥네 현재 방 온도 알려줘"
2,"내일 과천에 기온이 몇도인지 알려줘"
2,"이 금액은 뭐죠"
2,"수신함 용량 남았어"
2,"오늘 오후 일정 알려줘"
2,"오늘 일정 몇 개니"
2,"내일 오후에 서울에 풍량이 어떤지 알려줘"
2,"왜 아까 못들은 척 한거야"
2,"오랜만에 햇살도 나서 이불 말리고 있어 너는 뭐해"
2,"미세먼지 많이 나쁘니"
2,"다음주에 비오는 날 있는지 아니"
2,"어제 온 메일 중 답장을 보낸 이메일들을 보여주는 기능이 있니"
2,"일층 화장실 팬이 꺼져있니"
2,"내일 만날 사람이 누구야"
2,"어제 검색한 버뮤다 삼각지대의 미스테리에 대해 아니"
2,"우편함에 우편이 왔는지 확인해라"
2,"중요 표시 된 메일 중 안 읽은게 남아있니"
2,"지금 제주도에 비 오니"
2,"오늘 토론토 날씨는 어떻니"
2,"한국의 신용등급 상향조정에 대한 기사를 검색해"
2,"오늘 오후에 도착한 메일 몇 통이래"
2,"작년에 갭에서 온 이메일이 총 몇 개니"
2,"다음주 출국할 공항이 어디야"
2,"오늘 환기 시켜도 되는 지 알려줘"
2,"오늘 제주도에 비가 오니"
2,"내일 강수량이 어떻게 되니"
2,"내일 모레 어느 지역 방문이니"
2,"특강이라는 제목의 메일 왔니"
2,"태풍 소식이 있는지 알려줘"
2,"내일까지 서울 예상 강수량을 알려줘"
2,"금요일 오후 일정이 비어 있니"
2,"올해에 우박이 내린 적이 있나"
2,"주식이 정확하게 무엇을 뜻하는 건지 알아 "
2,"지지난주 오전에 받은 메일 있었니"
2,"이번 주 눈 언제까지 온다고 해"
2,"설마 정말이야"
2,"오늘 오전에 관악구 강수량 알려줘"
2,"다음주 금요일 회의 일정 몇시니"
2,"오늘 가평에 눈이 오니"
2,"다음주도 계속 더운지 기온 좀 검색해줘"
2,"오늘 오사카 비가 언제 그칠지 알려줘"
2,"내일 최고 온도 알려줘"
2,"이십일 열두시 잠실대교 흐름을 보여주렴"
2,"이번주 서울 미세먼지량 좀 검색해줘"
2,"하체 강화운동에는 무엇이 있을까 "
2,"오일전에 삭제된 메일 전부 복구되었니"
2,"받은 메일이 총 몇 개야"
2,"오늘 눈 언제까지 내리니"
2,"이번주 엠티 장소가 어딘지 말해줄 수 있니"
2,"오늘 새 편지 중 정미가 보낸 메일 몇 통이니"
2,"지난 주 일주일 동안의 비행기 티켓 여정을 알려줘"
2,"거실 선풍기 꺼져 있는지 확인해"
2,"다음주 금요일 날씨 알려줘"
2,"상대방이 읽지않은 메일이 있는지 확인해"
2,"진짜 주준영이 나 사귀고 싶다고 그랬어요 진짜"
2,"방에 스탠드가 켜져있는지 확인해"
2,"왜 그래"
2,"지금 일본 날씨 알려줘"
2,"시험 며칠 전부터 공부해야 할까"
2,"열대야가 언제부터인지 알려줘"
2,"내일 불쾌지수는 어때"
2,"화요일 다섯시 이후로 일정이 비어있니"
2,"이번주 메일 몇 개 왔는지 알려줘"
2,"무균무때 관련 광고를 보여라"
2,"오늘 미세먼지 농도 알려줘"
2,"날이 너무 춥다 내일 기온 좀 알려줘"
2,"내일 미세먼지 괜찮니"
2,"모레 미세먼지 농도 확인해줘"
2,"현재 전국의 풍량은 어떤데"
2,"이진수 교수님 과제 언제까지인지 알려줘"
2,"다음주 평균 기온이 어떠니"
2,"캠핑차로 여행가기 가장 좋은 날이 언제니"
2,"내일 호주 기온 좀 알려줘"
2,"내일 오전 일정이 어떻게 되니"
2,"다음 미팅 날짜가 언제니"
2,"메이저리그 뉴스 보여주렴"
2,"최종 발표까지 예비 발표 몇 회 남았는지 찾아줘"
2,"백업된 메일 몇 개니"
2,"우리 아들이 저번 달에 갔던 동물원 주소를 알려줘"
2,"어제랑 비슷한 날씨인지 알려줘"
2,"이번주 월요일 마사지 약속 일곱시에 있니"
2,"다음 달 기념일 뭐 있어"
2,"열대야는 언제 끝나니"
2,"주식 투자를 할까 아니면 땅을 좀 살까"
2,"갑자기 가족회의라뇨 무슨 일 있어요 "
2,"어제 보낸 메일 수신자가 확인했는지 알아봐줘"
2,"오늘 최저 기온이 몇 시일 때니"
2,"남자친구가 춥다고 손난로 좀 보내달라는데 열내는하마 그런거 사면되나"
2,"어제 보낸 메일 수신여부 좀 확인해줘"
2,"로봇 청소기가 청소하고 있니"
2,"우리 교양수업 야외에서 한다는 거 어디서 하는 거야 "
2,"내일도 미세먼지가 심하니"
2,"부산 가는 비행기 하루에 몇 회 운행이야"
2,"담주 일요일 날씨좀 알려줘"
2,"알바비 들어오는 날이 언제니"
2,"모레 상담 몇 시부터 몇 시까지야"
2,"내일 일정 알려줘"
2,"작은 방에 불 켜져 있니"
2,"오늘 미세먼지농도는 어떠니"
2,"결혼식 메일 왔니"
2,"네 카드 되지"
2,"신용카드 언제까지 사용 가능해"
2,"작년 삼월 미세먼지 나쁜 횟수 아니"
2,"다음주에 누구 생일이 있어"
2,"다음주 금요일 오전에 미팅있니"
2,"소이 방 에어컨 십 분 뒤에 켤까"
2,"먹골의 배축제 기간은"
2,"올해 대체공휴일 알려줘"
2,"언니 입국하는 날짜가 언제인지 알려줘"
2,"오늘 몇도인지 알려줘"
2,"내일 예배 시간이 언제야"
2,"학교 포스코 말고 싸고 괜찮은 헬스 장 없어"
2,"다음주 월요일 날씨 알려줘"
2,"오늘 빙판길인지 확인해줘"
2,"너 회계원리 족보 가지고 있어 "
2,"결국 카드로 질러버렸다 수습이 안 되는데 어떻게 하지 "
2,"살이 빠졌는데 어디 아픈데 있는 건 아니지 "
2,"오늘부터 십일동안 잡혀있는 일정 알려줘"
2,"주차하다가 옆 차를 긁었어 어쩌지"
2,"증권시장에서 지난 옵션 가격을 행사가 별로 알 수 있을까 "
2,"얼음골은 어떻게 가야 하지"
2,"에어컨 냉방 예약 몇시부터 시작이지"
2,"지금 몇시야"
2,"홍은동 녹번역 구간 교통상황 어떻데"
2,"그게 주가에 영향을 주려나"
2,"지금 세탁기가 돌아가고 있는지 확인해줘"
2,"해외유학을 갔다 왔다면서 거기 생활은 어땠니 "
2,"택배함에 택배왔는지 확인해줄수 있니"
2,"경원대학교 축제가 언제니"
2,"미 엘피지에이 개막전 관련 기사를 찾아다오"
2,"폭염은 언제 끝날지 알려줘"
2,"지금 보고 있는 메일 스팸목록에 포함된 사람꺼니"
2,"토요일날 여행 일정이 몇 시에 시작하니"
2,"내년 신정 날씨가 어떤지 알려줘"
2,"울버 햄프턴 구단 관련 소식을 찾아주렴"
2,"이번주에 햇빛 많은 날 좀 알려줘"
2,"오늘 남은 일정 몇개 있는지 알려줘"
2,"요요현상이 없는 다이어트가 있을까요"
2,"어제의 서울 평균 온도 알려줘"
2,"비행기는 정시에 도착하나요"
2,"저번 달 총 지출금액을 알려줘"
2,"부천역 근처 롯데리아는 어떻게 가니"
2,"폭염이 시작되는 달이 몇 월인지 알려줘"
2,"내일 회의 어디에서 하니"
2,"지금 집에 보일러 켜있니"
2,"이번 여름 장마철이 언제니"
2,"중요 보관함에 이메일이 얼마나 있니"
2,"제목에 회신이 들어간 메일이 있니"
2,"이번달까지 항공권 예매하기 어디서 하기로 했니"
2,"오늘 병원 예약 시간이 언제니"
2,"스키 못타는데 가면 알려주는 거야"
2,"오늘 오후에 도착한 메일 모두 보여줄래"
2,"김치냉장고 수납 가능한 칸 얼만큼 있어"
2,"다음달 대학교 면접일이 언제인지 아니"
2,"오늘 미세먼지 나쁨 수준 어때"
2,"나 오늘 밥먹고 두 시 쯤에 메일 전송했냐"
2,"주임님 커피 한 잔 하실래요"
2,"날씨 다시 언제 좋아지는지 알려줘"
2,"첫눈이 언제 내릴 지 알려줘"
2,"이번주 수요일 몇시에 볼링치러 가기로 했니"
2,"오늘 회사에서 온 메일이 있니"
2,"시월 십일 내 생일 일정 추가했니"
2,"내일 낚시하기에 날씨가 어때"
2,"다음주에 비 오는 날 알려줘"
2,"저번주 폭염주의보가 몇번 있었는지 알려줘"
2,"친구 생일 언제니"
2,"내일 오전 미팅을 취소되어 있니"
2,"수업 내용분 자료 찾고 책 읽었니 "
2,"남산공원 근처 편의점은 어디니"
2,"이십삼일 업체 미팅 몇시야"
2,"어제 온 메일 있니"
2,"오늘 기상 특보가 발령된 지역을 알려줄래"
2,"다음주 토요일 부산 최고 기온이 어떤지 아니"
2,"다음 주 오는 태풍이 우리나라에 영향을 미치는지 아니"
2,"소득공제 혜택을 받을 수 있습니까"
2,"네 안녕하세요"
2,"내일 강수확률 얼마나 돼"
2,"온수 기능이 켜져 있니"
2,"사랑니 뽑아야 한다면서 괜찮겠어"
2,"지금 포항 날씨가 어떻게 돼"
2,"오늘도 열대야니"
2,"아빠가 일어나면 엄마는 책보는 곳은 어디일까"
2,"오늘 우산을 챙겨야 되는지 확인해"
2,"현관문이 잠겨있니"
2,"서울대 근처 도로 상황 표시를 보여주렴"
2,"제품의 문제점이 무엇입니까"
2,"지금 거실 조명 색깔이 뭐니"
2,"다음 주 전국 예상날씨는 어떠니"
2,"내일아침에 비가 오는지 확인해봐"
2,"화요일에 비가 오는지 알려줘"
2,"밴드랑 소독약 있나요"
2,"요즘 소비자들의 소비의 패턴은 어때 "
2,"다음주 일요일 날씨 아니"
2,"이번 학기에 몇 학점 듣니"
2,"지금 컴퓨터 켜져있니"
2,"오늘 밤 날씨 어떤지 알고 있니"
2,"다음주 수요일 날씨 어떤지 아니"
2,"다음주 금요일 인천 날씨 알려줘"
2,"지난 주에 언제 비 왔는 지 알려줘"
2,"오늘 기온과 내일 기온 차이가 얼마니"
2,"현재 전체 메일이 몇 통이니"
2,"일본에 있는 유명 온천은 찾아라"
2,"다음주 시험 일정 어떻게 되니"
2,"다음주 화요일 날씨 알려줘"
2,"언니는 왜 서울 가고 싶으면서 안 가"
2,"병역비리 관련 프로야구 기사 찾아"
2,"이번 달에 뷔페를 몇 번 갔는지 알려줘"
2,"올해에 가장 긴 연휴가 언제니"
2,"오늘 미세먼지 많을까"
2,"이번달 마지막 주 수요일 문화의달 일정 몇시부터니"
2,"다음주 제주도 날씨는 어떨가"
2,"일산 오전예보 알려줘"
2,"오늘부터 백 일 뒤가 몇 월 며칠이야"
2,"일월달 친구 생일파티 어디에서 하는지 아니"
2,"조명 밝기 이게 최소니"
2,"이번달 며칠까지 있니"
2,"경부 고속도로 지체구간은 어디지"
2,"내일 강수량 알려줘"
2,"작년에 장마가 언제부터였지"
2,"오늘 미세먼지 수치가 어떻게 되니"
2,"세계 주요 도시의 강수 분포도는 어떠니"
2,"오늘 전화 몇 통 왔어"
2,"이번 주 중에 제일 따뜻한 날 알려줘"
2,"오늘 미세먼지 지수 좀 알려줄 수 있니"
2,"편지함 용량이 얼마나 차 있니"
2,"에어컨이 켜져있는지 확인해라"
2,"오늘은 음력으로 언제야"
2,"이번 컴퓨터 특강 때 무슨 프로그램 배우는지 혹시 알아 "
2,"현재 태풍 주의보 내려진 지역 어디지"
2,"미용실 파마할껀데 비오니"
2,"남자친구와 백일 언제일까"
2,"올해 여름 휴가가 언제인지 알려줘"
2,"보낸사람이 아빠인 메일이 있니"
2,"난방이 지금 들어오고 있니"
2,"인터넷 환전 서비스가 과연 안전할까 의심이 가"
2,"이번 달 미팅이 누구와 있나"
2,"오늘 오전 스케줄이 뭐야"
2,"오늘 날씨 알려줘"
2,"현관문 잠겨있는지 확인해줘"
2,"헬스장 사용기간 얼마나남았니"
2,"이번주 비 오는 날이 언제니"
2,"이번 달에 병원 진료 일정이 잡혀있니"
2,"이번주 풍랑 주의보 여부를 알려줘"
2,"다음주에 눈이 오는지 확인해줘"
2,"내일 밤 친구와 어디서 만나기로 했니"
2,"이번 주말에 결혼식 장소가 어디야"
2,"다음 주 휴가 때 날씨 알려줘"
2,"교수님과의 만남이 언제인지 알려줘"
2,"테크노마트 갈까 용산전자상가 갈까 네가 정해"
2,"일요일날 가족약속이 있니"
2,"내일 저녁 한가하신지 알고 싶습니다"
2,"내일 출장 장소가 어디인지 알려줘"
2,"보건소에도 이빨 때우는 거 하냐"
2,"이번주 세미나 장소가 부산 맞니"
2,"오늘 온 학교메일이 몇개인지 봐줘"
2,"이번주 구름이 많이 끼는 요일을 알려줄 수 있니"
2,"내일 몇 도인지 아니"
2,"내일 대구 날씨 좀 알려줘"
2,"요번 주의 전국 날씨 어떤데"
2,"현금카드랑 직불카드중 어느 것으로 할까"
2,"내일 오전 미팅 장소가 어디지"
2,"내일 친구들 몇시에 만나니"
2,"너 어디야 왜 아직도 안 나오는 거야 "
2,"부모님도 모두 안녕하시니"
2,"교수님이 어제 보낸 이메일 수신확인 하셨니"
2,"오늘 습도 어떤지 알려줘"
2,"오늘의 천식과 폐질환 가능지수를 알려줘"
2,"혹시나 저축 은행이 망해도 원금을 보장 받을 수 있나요 "
2,"현위치 모레 바람이 어떤지 알아봐"
2,"누가 책임을 지죠"
2,"무슨 일 있어"
2,"보낸 편지함에 메일 몇 개가 있니"
2,"오늘의 종목별 경기결과는"
2,"친구 생일이 다음 주 목요일이던가"
2,"내가 읽지않은 이메일이 몇 개인지 알려줘"
2,"내일 오전 일정이 어떻게 되는지 알려줘 "
2,"오늘 미세먼지 수치를 알려줘"
2,"풀햄에 대한 기사는 없을까"
2,"날씨가 춥고 바람이 많이 부는데 배가 출항 할 수 있을까"
2,"태풍 언제까지 지속되니"
2,"다음주 제일 선선한 날 알려줘"
2,"오늘 비가 언제 그칠지 알려줘"
2,"냉동실에 얼음 다 얼었니"
2,"이 사람 이메일 주소를 자주 사용하는 이메일 주소에 등록했니"
2,"이번주 주간 날씨좀 알려줄 수 있니"
2,"과제 관련 메일 왔는지 확인좀 해줘"
2,"세계 여행을 할 때 나라들의 인사법을 알아야 하나 "
2,"이번주 화요일날 부산 나씨 좋은지 알려줘"
2,"주말에 비 예보 있는지 알려줘"
2,"세탁기 작동이 언제 끝날 예정이니"
2,"저번주에 받은 메일 중 경영관리팀에서 온 메일이 있는지 확인해줘"
2,"보일러 온도 몇 도로 되어 있어"
2,"어제 일기도가 어땠니"
2,"내일 학교 날씨 알려줘"
2,"장마 언제 끝나는지 알려줘"
2,"사장님 메일 읽으셨니"
2,"냉장고 설정 온도가 몇 도니"
2,"문이 닫혀있는지 알려줄래"
2,"무교동 주변의 낙지전문점은 어디지"
2,"대문 잠겨져 있는지 확인해 줘 "
2,"언제쯤 선선해지니"
2,"다음달 빨간날이 언제니"
2,"에어컨 꺼져있니"
2,"몇일 전에 샌드위치를 먹었는데 몇 일이었는지 아니"
2,"이번 주 수업이 몇개가 있니"
2,"이종범 선수에 대한 기사를 보여줄래"
2,"내일 점심약속이 몇시인지 알려줄래"
2,"집에서 머하니"
2,"내일 눈 와"
2,"내일 면접 몇시인지 알려줄래"
2,"반포대교 밑에 잠수대교가 침수 되었나요"
2,"선물 옵션이 궁금 하네"
2,"내가 두 시에 보내라고 했던 메일은 잘 보냈니"
2,"차 가지고 갈 거야 피곤한데 그냥 버스 타고 갈까"
2,"다윗의 교만으로 인구 조사를 했는데 그로인해 받은 벌과 죽은 숫자는"
2,"어제 최저기온이랑 최고기온 알려줘"
2,"양재 인터체인지 상황은 어떻데니"
2,"박찬호 관련 기사를 보여다오"
2,"아이스링크로 놀러가기로 한 날이 언제니"
2,"컴퓨터로 할 수 있는 사업들에 대해 알고 싶어"
2,"어제 블로그에서 온 메일이 있니"
2,"며칠쯤 기온이 이십도 아래로 떨어지는 지 확인해"
2,"이번주 금요일에 눈오니"
2,"냉장고에 남는 공간이 있니"
2,"오늘 삼척 강풍량이 얼미 인지 알려줘"
2,"주말에 자외선 지수 확인해줘"
2,"이번 주말 소개팅 장소가 어디였니"
2,"어떻게 분산 투자를 해야 위험을 줄일 수 있는데"
2,"안방 옆 작은 방에 불 껴져 있니"
2,"혹시 너 올해 아홉 살 됐니"
2,"다음 주 맑은 날이 몇 일이니"
2,"제목에 할인이 들어가는 편지가 왔는지 검색해줘"
2,"오늘 식중독 지수 높은지 알아봐줘"
2,"내일 나들이 가기 좋은 날씨인지 알려줘"
2,"비 언제 그쳐"
2,"집안에 켜져 있는 가전기기가 있니"
2,"주식형 펀드와 적금 중에 뭘 하는게 좋을까"
2,"오늘 오후 여섯시경 날씨좀 확인해줘"
2,"어제의 최저 온도 알려줘"
2,"기차는 정시에 도착하나요"
2,"오늘 낮 최고기온이 몇 도인지 알려줘"
2,"오늘 비 언제 그치니"
2,"화장실 욕조에 물이 받아져 있니"
2,"이번주 월요일에 눈이 오는지 알려줘"
2,"나에게 쓴 메일 몇건인지 확인해줘"
2,"신약과 구약 사이에 있는 것은 무엇인가"
2,"이번주 눈 오는 날이 언제니"
2,"지난 달 목표 달성을 몇 개나 했는지 알려줘"
2,"올해 에어컨을 가장 많이 사용한 날이 언제인지 알 수 있니"
2,"오늘 날씨가 흐리니"
2,"가스 레인지 밸브 잠겨 있니"
2,"목동교는 현재 서행구간인지 파악해"
2,"미일이 가게가 어디었지"
2,"이번주 구름많이끼는 날들을 알려줘"
2,"현재 가장 많은 전력을 소비하는 전자기기가 뭐니"
2,"다음주에 첫눈이 올지 알려줘"
2,"현관 문 잠겼는지 확인해줘"
2,"스팸 메일함 모두 비워졌니"
2,"명상요가는 뭐가 달라"
2,"이번주 공강 시간 언제야"
2,"가습기가 켜져있니"
2,"요새 유언비어가 너무 많은데 그 정보 확실한 거야 "
2,"다음주 화요일 최고온도가 몇인지 알려줘"
2,"다음주에 비오는 날 있으면 무슨 요일인지 알 수 있니"
2,"이번주에 청담동에서 하는 일정들 다 알려줘"
2,"에어컨 무슨 모드로 되어 있어"
2,"보일러 몇 도야"
2,"봉사활동 중 가장 기억에 남았던 봉사활동은 무엇인가요"
2,"내일 여섯시 강아지 산책시키는 시간이니"
2,"오늘 날씨 덥니"
2,"교수님이 주소록에 등록되어 있니"
2,"태풍 경로가 어떻게 되니"
2,"요즘 씨엠에이 금리 몇 퍼센트래"
2,"부동산 정책 관련 기사는"
2,"베란다에 불 켜져 있어"
2,"내일 천둥 번개가 치니"
2,"학교 도서관 몇 권까지 대출 가능하지"
2,"작년 여름 평균기온이 몇도였니"
2,"불쾌지수 표를 보여라"
2,"현관문 닫혀있는지 확인해"
2,"열흘 전에 온 메일 중 안 읽은 게 있니"
2,"너 주식한다면서 여윳돈은 좀 있는 거야 "
2,"이번 달 출장이 언제 있니"
2,"경마와 주식 중 어느 게 좋니"
2,"이번달 월급날이 언제니"
2,"다음주에 일정 없는 날이 언제니"
2,"이번 주 가장 선선한 요일을 알려줘"
2,"언니가 입원한 병실이 몇 호야 "
2,"이번주 토요일 비 안오는지 확인해"
2,"외할아버지 칠순잔치가 언제야"
2,"금요일 첫 수업이 뭐지"
2,"내일 습도를 알려줘"
2,"세탁기 언제끝나는지 알려줘"
2,"이번달 화요일 오전에 일정 있는 날이 있니"
2,"내일 계모임이 장소가 어디지"
2,"벤쿠버 날씨는 어떤지 알려줘"
2,"이번주에 아무 일정이 없는 요일 알려줘"
2,"내게 쓴 메일함에서 제목에 팀플이 들어가는 메일 검색해줘"
2,"경주에는 특산품 점이 많니"
2,"제목이나 내용에 연극과 관련된 메일이 왔니"
2,"최저 기온이 얼마인지 알려줘"
2,"내일 비오는지 알려줘"
2,"내일 연주회 시작 시간을 알려줘"
2,"작년 크리스마스 메일 몇 장 왔는지 알려줘"
2,"이번 달 회식이 언제야"
2,"언제쯤 비가 올까"
2,"이번 첫 눈은 언제 내리니"
2,"첫 월급을 받았는데 뭐 필요한 거 있어 "
2,"이번주 금요일에 합정에서 저녁약속 저장되어있니"
2,"어제 보낸 메일 혹시 반송 됐어"
2,"집에 아는 사람들 불렀어"
2,"오늘 무슨 일정이 있었니"
2,"작년에 갔던 모든 비행기 일정을 검색할 수 있니"
2,"주식 배당금 탄 걸로 뭐할 거야"
2,"이번 주 오전 일정 전부 알려줘 "
2,"가스렌지 밸브가 잠겼는지 확인해다오"
2,"칠월 이십팔일부터 이십구일까지 가족여행 일정 추가했니"
2,"공기청정기 필터교체는 언제 하면 되니"
2,"세탁기 작동을 언제 예약했는지 확인해줄래"
2,"내 휴가 일정이 언제지"
2,"선풍기가 틀어져 있니"
2,"이번달 스케줄 없는 날을 알려줘"
2,"오늘 베이징 미세먼지 수치 알려줘"
2,"수신함에 장민하에게서 온 이메일이 얼마나 있니"
2,"오늘 오후 여섯이에 온 메일이 있니"
2,"가스벨브가 잠겨있는지 확인해"
2,"올해 황사는 언제부터 시작이니"
2,"오늘 비 얼마나 오는지 알고 있니"
2,"바벨탑은 누구를 이길려고 만든 탑인가요"
2,"중간고사가 언제부터 시작이니"
2,"버스가 좋을까 지하철을 타고 가는 것이 빠를까 의견주세요"
2,"여름방학의 기간을 확인해줘"
2,"설 연휴 사건 사고 관련 기사를 찾아라"
2,"주식에는 손대지 않는 것이 낫다고들 하는데 왜 그런거죠"
2,"다음달 봉사활동 몇번가야 하니"
2,"내일 밤에 비가 내리는지 알려줘"
2,"어제 종합 주가 지수에 대한 기사를 보여라"
2,"서울 압구정 오후 예보 알려주겠니"
2,"오늘 서울 습도 좀 알려줘"
2,"다음주 주말에 비가 오니"
2,"내일 비가 얼마나 올지 알려줘"
2,"스카이프 회의가 몇 시인지 확인해줘"
2,"다음달 편의점 알바 언제인지 아니"
2,"인천공항 근처 롯데리아 어딘데"
2,"압구정동에서 뼈를 가장 잘 붙이는 정형외과 어딘데"
2,"과장님으로부터 온 메일이 있니"
2,"이번 달 말에 열리는 킨텍스 일정을 아니"
2,"너 지금 어디야 십분 후면 도착해"
2,"현관문 닫혔는지 확인해줘"
2,"오늘 날씨 알려줘"
2,"십오일에 눈 오는지 아니"
2,"어느 지역에 눈이 제일 많이 오니"
2,"오늘 일몰 몇시인 지 아니"
2,"오늘 밤에 얼마나 춥니"
2,"이번 달 전력 소비 목록 보여줘"
2,"일년 이후 된래된 메일 자동으로 삭제 했니 "
2,"경부 고속도로에 노면이 결빙된 구간은"
2,"대학원 시험 접수 날짜는 언제니"
2,"오늘 학교에서 메일이 왔니"
2,"오늘 주의보 같은거 내렸는지 알아봐"
2,"오늘 온 메일 몇 개니"
2,"소호는 이쪽인가요"
2,"메일 용량이 일기가 이상 남아있니"
2,"마지막으로 영화 단어 들어간 일정이 언젠지 알려줘"
2,"내일 축구를 해도 되는 날씨인지 알려줘"
2,"다음 달에 춤연습 일정 횟수 확인해줘"
2,"오늘 약속 있냐"
2,"요금조정을 요청했는데 왜 처리가 안되지 "
2,"시사만화를 검색해"
2,"오늘 자외선 지수 알려줘"
2,"아기방 온도 몇 도인지 체크해봐"
2,"금요일 저녁에 비가 오는지 알려줘"
2,"다음학기 수강신청일이 언제니"
2,"이번주 토요일 비오는지 알려줘"
2,"공기 탁한지 알려줘"
2,"이번주 금요일 오후 여기 날씨 보여줘"
2,"가스 꺼져 있지"
2,"거실불 키고 왔는지 확인해 줄래"
2,"설날이 언제인지 알려줘"
2,"기획 영업팀의 성격과 하는일이 궁금해요"
2,"내일 모레 습도 높은지 알려줘"
2,"너 어느 학교원서 낼 거야 "
2,"오늘 저녁 마트에서 할인상품 확인해"
2,"저번 남친 메일 모두 내가 삭제했나"
2,"어제 보낸 메일 누구한테 보냈지"
2,"가격제한폭이 위아래로 십오퍼센트 아닌가"
2,"지난주 목요일 오후 일정 있니"
2,"다음 주 무슨 영화본다고 했지"
2,"집에서 머하고 시간 보내"
2,"오빠 요새 잘 지내고 있나요"
2,"이번달 마트 세일 기간 알려줘"
2,"어제 수신 내용 중 두시 에서 네시 사이에 확인한 메일 보여주렴"
2,"내일 비 올 확률은 어느정도니"
2,"이번 동계올림픽은 어느 나라에서 하지 "
2,"선풍기 꺼져있니"
2,"오늘 오후에 영화일정이 있니"
2,"오늘 점심 약속 아직 유효한 거지 "
2,"현재 새벽 서울날씨가 어떤지 알려줘"
2,"이번 주말 결혼식 장소 알려줘"
2,"내일 공연장소가 어디였니"
2,"강남역 근처 게임방은 어디더라"
2,"오늘 춘천의 미세먼지량 좀 알려줘"
2,"월요일과 화요일 중에 언제 만날래"
2,"날씨 속보가 있니"
2,"에어컨 전원이 꺼져 있니"
2,"지원서 제출 언제까지야"
2,"혹시 내일 우박이 내린다는 예보가 있어"
2,"오늘 몇시부터 비오니"
2,"성적표가 담긴 메일이 왔니"
2,"가장 최근에 비 온 날짜 알려줘"
2,"이번주 일요일 부산 날씨 검색해줘"
2,"현금으로 드릴까요 아님 통장으로 입금해 드릴까요"
2,"저녁에 눈이 내릴 확률은얼마나 되는지 알려줘"
2,"부산 가는 비행기 하루에 몇 회 운행이야"
2,"이번 추석이 무슨 요일이지"
2,"국고채 금리의 하락이 미치는 영향"
2,"사람의 몸에서도 만들어질 수 있는 기름은"
2,"이번주 일요일에 파리 날씨 좀 알려줘"
2,"오늘 모임에 참석할 건가요"
2,"바닷가 놀러가기 가장 좋은 날씨 알려줘"
2,"어제 아침 기온이 어땠니"
2,"모레 점심 약속이 누구와 있는지 확인해줘"
2,"현재 태풍의 진행 상황은 어떻지"
2,"가스 벨브 잠궜니"
2,"올해 보낸 메일 모두 몇 통이야"
2,"현관등 조명 꺼졌니"
2,"오늘 오후에 일정 있니"
2,"구월에 있는 결혼식 날짜가 언제니"
2,"마늘 깐 건"
2,"우리나라의 국경일이 얼마나 있지"
2,"내일 오전일정 알려줘"
2,"이번 주 누적 강수량이 얼마나 되니"
2,"지금 집에 누가 있지"
2,"대전 체감 온도가 몇도니"
2,"이번주 수요일부터 금요일까지 서울 날씨 검색해"
2,"내일 클럽활동 뭐하니"
2,"냉장고 문 제대로 닫혔니"
2,"오늘밤도 열대야니"
2,"그제 저녁 비 왔었어"
2,"내일 열한시에 약속이 있니"
2,"태풍 예상 경로가 어떻게 돼"
2,"최근 십일 동안 학교에서 메일이 왔니"
2,"열대야 언제까지 지속되는지 일기예보 알려줘"
2,"방금 보낸 메일 수신자 좀 확인해줘"
2,"즐겨찾기로 설정 해 놓은 메일이 몇 통이니"
2,"다음주 주말 날씨 알려줘"
2,"오늘 이 자리에 나오는 게 확실하긴 한 걸까"
2,"칠월 서울 날씨가 궁금합니다"
2,"제 자리는 어디에요"
2,"이층에 전기가 다 꺼져있니"
2,"오늘 습도는 어떤지 아니"
2,"부산의 외삼촌은 잘 지내셔"
2,"소이 방 에어컨 이십 오 도로 맞추니"
2,"다음 주 서울에 비가 오지 않는 날이 언제니"
2,"오늘 낮 최고온도 확인해"
2,"인터넷 쇼핑하는 거 괜찮을까 "
2,"시골은 왜 날씨가 좋나요"
2,"올해 공휴일이 금요일인 날이 언제니"
2,"이번 주 일정중 두시간 이상인 걸리는게 있니"
2,"내일 오전에 안개가 끼는지 알려줘"
2,"팀장님과 점심 식사 일정 언제니"
2,"밖에 눈이 얼마나 왔니"
2,"가스 밸브 잠겨져 있는지 확인해줘"
2,"이번 에 살 새로나온 삼십오인승 캠핑카 모델명을 아니"
2,"이번년 체육대회는 몇월 몇일이니"
2,"직장 동료가 메일을 확인했니"
2,"병원에 가서 주사 맞을까 한의원에 갈까"
2,"이번주 토익시험 장소가 어디로 되어있니"
2,"이번 추석 연휴가 언제인지 알려줘"
2,"밥은 먹고 다니냐"
2,"올해 겨울 날씨 특징을 알려줘"
2,"취업관련 메일 온 거 있으면 나에게 말해줘"
2,"장마 언제 끝나니"
2,"내일 오후 네시에 친구와 어디에서 만나기로 했니"
2,"추분 다음에 오는 절기가 뭐야"
2,"다음달 랩미팅이 몇일에 있니"
2,"거실 온도가 몇인지 알려 주겠니"
2,"내일 날씨 어떨까"
2,"버스와 지하철 중에서 뭘 이용할 거니 "
2,"오늘 보낸 메일 정확히 갔는지 확인해"
2,"나는 우리나라 크림 치즈랑 차이를 모르겠더라"
2,"광주 오후예보 알려줘"
2,"다다음주 금요일 저녁 회식 일정 있니"
2,"일주일 안에 천둥이나 번개가 오는지 알려줄래"
2,"항공티켓정보가 적힌 메일이 왔니"
2,"시골에 가는데 버스가 빠를까 기차가 빠를까"
2,"내일 더운지 아니"
2,"일주일동안 메일이 가장 많이 온 날짜 알려줘"
2,"컴퓨터 켜져있는지 확인해줘"
2,"내일 몇시에 눈이 오니"
2,"안마 의자가 켜져있니"
2,"쥬디스 태화는 어디일까"
2,"초복이 언제니"
2,"오늘 오전 여섯시 날씨좀 알려줄 수 있니"
2,"다음주 중간 고사 어디로 가야해"
2,"필리핀 마닐라의 사월 날씨 알려줄 수 있니"
2,"월 렌탈 비용은 얼마야"
2,"여기 지금 태풍 때문에 난리도 아니야 거긴 괜찮아"
2,"내일 해야할 거 뭐 있어"
2,"어제 내가 취소시킨 스케줄이 몇 개니"
2,"봉사활동 시간이 적은 것 같은데 혹시 이유가 있나요"
2,"내일도 비가 오는지 알아봐줘"
2,"서울까지 요금 얼마냐"
2,"팔월 두번째 주 주말에 일정이 있니"
2,"모임 관련 메일 있니"
2,"메일에 첨부파일이 있니"
2,"언제쯤 선선해는지 검색해줘"
2,"생활 체육 관련 기사를 보자"
2,"스팸함 메일 전부 삭제했니"
2,"내일 날씨 알려줘"
2,"현재 한국 프로야구 순위 현황 보여주렴"
2,"오늘 모임에 몇 시까지 가야하는지 봐줘"
2,"가습기에 물이 얼마나 있니"
2,"작년 이번 달 목표가 뭐였는지 알려줘"
2,"지금 인덕션의 온도가 몇도인지 알 수 있니"
2,"이번 달 장마 언제 끝나는 지 알려줘"
2,"광명역 근처의 독일 레스토랑 어떻게 가"
2,"세탁기 무슨 모드로 작동되고 있니"
2,"부산대학병원에서 제일 가까운 약국은 어디야"
2,"내가 보낸 메일함에 있는 메일들 모두 삭제 되었니"
2,"유레일 패스로 갈 수 있는 국가가 어디니"
2,"오늘 일정 중 가족 모임 있으면 알려줄래"
2,"다음주 주말 일정 있니"
2,"오늘 폭염에 대한 특보가 있었는지 알려줘"
2,"회사에서 정한 회식장소가 어디니"
2,"이번주 수요일 서울 날씨 알려줘"
2,"어제 보낸 메일 수신 확인해봐"
2,"태석이 장난감 언제 도착하니"
2,"핸드볼 고사 위기에 관한 기사를 찾아줄래"
2,"오늘 가장 추운 시간대가 언제니"
2,"국내 바이오 단지와 관련된 기사 모아줄래"
2,"어제 예약과 관련된 메일이 왔니"
2,"다음 주 대전 날씨 전반적으로 어떤지 알려줘"
2,"이번주 맑은 날이 언제인지 알려줘"
2,"내일 오후 수영연습 몇시에 하는지 아니"
2,"현재 전력 사용량 확인해줘"
2,"오늘 저녁약속 장소가 명동 맞니"
2,"장학재단에서 보낸 메일 확인했니"
2,"최근 이 주일 간 받은 이메일 전부 보여라"
2,"부엌에 수도꼭지가 틀어져 있니"
2,"춘천 가려면 무슨 터미널로 가야 돼요"
2,"가장 최근에 영화본 날이 언제인지 알려줘"
2,"교통카드가 쌀까요 전철표가 쌀까요"
2,"오늘 남은 일정이 몇 개나 되니"
2,"향수병에 걸린 적이 있거나 지금 걸려 있나요"
2,"거실 불 켜져 있는 지 확인해줘"
2,"큰 방에 불 켜져 있니"
2,"이번달에 여행가기 좋은 날이 언제인지 알려줄 수 있니"
2,"현재 서울시내 사고 지점을 보여주렴"
2,"남부 순환도로에 교통 사고 난 데 있나"
2,"오늘 눈이 얼마나 오니"
2,"내가 오늘 같은 제목의 메일을 보낸 적이 있니"
2,"이번 주에 미세먼지 가장 적은 날이 무슨 요일이니"
2,"오늘 메일이 총 몇통 왔니"
2,"다음주 미세먼지 많니"
2,"내일 오후일정 알려주겠니"
2,"내일 태현이랑 만나기로 한 장소가 어디지"
2,"보통 무슨 메일이 많이 오니"
2,"수요일 날씨 알려주겠니"
2,"열두 지파가 크게 두 나라로 나뉘어진 것은 누구때문인가요"
2,"현재 이탈리아의 강수량은 얼마야"
2,"과천에 있는 한식당 어떻게 가"
2,"어제 온 메일 에스엔에스 알림함에 넣었니"
2,"서울 최고 기온이 몇도이니"
2,"서울대에서 서울역까지 흐름은 원활하냐"
2,"내일 영화 씨지브이에서 보기로 했니"
2,"이번 주말에 일정 있어"
2,"회사에서 제일 최근에 온 메일이 언제인지 확인해"
2,"한일 월드컵에서의 붉은악마들의 활약상에 대한 기사를 보여다오"
2,"다음주중에 가장 따뜻한 날은 언제일까"
2,"내일 오전 인천공항 강수량을 알려줘"
2,"통장 어느 은행에서 만들었어"
2,"눈이 가장 많이 내리는 지역 검색해줘"
2,"오늘 흐림 지수가 어떻게 되니"
2,"블루투스 스피커 전원 켜져있는지 확인해줄 수 있니"
2,"이민영씨 매니저 되십니까"
2,"홈쇼핑에서 보험을 계약하면 더 나을까"
2,"방금 기록된 리스트를 좀 띄워"
2,"다음달 일정 모두 취소했니"
2,"인생에서 성공하기 위한 가장 중요한 자질은 무엇인가요 그 이유는요"
2,"오늘 빨래를 해도 될지 알려줘"
2,"오늘 부산에도 눈이 내리니"
2,"냉장고 전원 켜져있니"
2,"한반도의 위성 사진을 보여줄래"
2,"식기세척기 언제 끝나는지 확인해"
2,"에어컨 전원 꺼져 있니"
2,"일요일에 서울로 나들이 갈 만한 날씨인지 알아봐라"
2,"이치로 선수 홈런에 관한 기사를 보여주련"
2,"오늘 습도랑 불쾌지수좀 알려줘"
2,"지금 냉장고 얼마나 차있는지 확인해줘"
2,"다음달 개학이 언제니"
2,"영어 회화 어떻게 공부했어 "
2,"다음주 오후 한 시에서 세 시 사이에 일정이 있니"
2,"내일 낮의 기온을 알려줘"
2,"교수님께 보낸 메일 확인하셨니"
2,"내일 비 얼마나 오는지 알려줘"
2,"도서 반납 일자에 알림 설정 했니"
2,"계단 오를 때 숨이 쉽게 차니"
2,"메이플 스토리에 관한 공지사항 있니"
2,"이번 달에 운동을 몇 번 갔는지 알려줘"
2,"일반 근로자도 스톡옵션을 받을 수 있나 "
2,"주말에 일교차 얼마인지 확인해줘"
2,"어제 안동 날씨 어땠니"
2,"내일 저녁에 스케줄 있니"
2,"오늘 얼마나 추운지 알려줘"
2,"음력 설날에만 사용하는 물은"
2,"강원도 날씨 좀 알려줘"
2,"오늘 미세먼지 나쁨이니"
2,"스즈키 씨를 호출하셨나요 호텔 어딘가에 계실 텐데요"
2,"가습기에 물이 충분하니"
2,"은행 이율은 지점마다 다르지 않아"
2,"내일 최고 기온 알려줘"
2,"길동 근처의 길동사거리 정체되는지 알 수 있을까"
2,"에어컨 수면 모드로 되어있니"
2,"내일 친구랑 만나서 뭐 하기로 했는지 알고 있니"
2,"티비 재밌는거 안하니"
2,"김과장님이 메일 읽으셨니"
2,"월요일에 비가 오는지 알려저"
2,"바닥 난방 온도가 몇 도니"
2,"십 년만에 찾아오는 더위였대 괜찮았니 "
2,"요즘 뭐하고 지내 학교는 잘 다니고 있지"
2,"내년에 휴일 총 며칠인지 계산해줄 수 있을까"
2,"오전에 아침 식사 이외에 부가 서비스를 이용하셨나요"
2,"가장 화창한 지역 검색해줘"
2,"오늘 소나기가 오니"
2,"내일 회의 몇 시부터 몇 시까지니"
2,"현재 기상 특보가 발령된 지역을 알려"
2,"다음달 중국 날씨 어떤지 아니"
2,"선택한 여덟 개의 메일 스팸처리 되었니"
2,"사업계획을 짜보셨나요 "
2,"새해 첫날 강릉 일출시간 좀 알려줘"
2,"오늘 동해의 날씨를 알려줘"
2,"구덕 터널이 붐비니"
2,"이번주 화요일에 몇시까지 비가 오니"
2,"이번주 수요일 강수량 알려줘"
2,"엄마 생일 일주일 전이 언제야"
2,"우리나라 월드컵 예선 순위 관련 기사 찾아다오"
2,"스팸 메일이 있니"
2,"다음주 저녁식사 스케쥴이 몇번있니"
2,"예약메일을 다 보냈니"
2,"화장실 불이 꺼졌는지 좀 확인해줄래"
2,"미 상공회의소 회장과 인터뷰 기사는 뭘까"
2,"내일 해가 뜨는 시각이 언제니"
2,"내일 을지로주변에 비오는지 알려주겠니"
2,"수신안된 메일 좀 확인되니"
2,"내일 회의 몇시니 "
2,"연말 보너스 몇 퍼센트인지 혹시 알아 "
2,"임시보관함에 편지 있니"
2,"얼마야"
2,"내일 보기로 한 영화 제목 알려줘"
2,"오늘 밤에 눈이 오는지 알려줘"
2,"거실 티비 몇시간 뒤 꺼짐 예약되어있니"
2,"에어컨 꺼져있니"
2,"바닥에 왜 물이 흥건하지"
2,"내일 학교 몇시까지 가야되니"
2,"오늘 저녁에 미용실 예약이 몇 시니"
2,"배드민턴 대회 공고 메일 수신자좀 확인해줘"
2,"오늘 저녁 여덟시 날씨 알려줘"
2,"가스밸브 지금 열려있니"
2,"지금 가스벨브가 잠겨있니"
2,"다음주 토요일 제주 날씨 아니"
2,"마트 행사 언제 하니"
2,"이번주 화요일날 부산 나씨 좋은지 알려줄 수 있니"
2,"넘어진 펭귄이 일어나서 걷다가 또 넘어졌다 뭐라고 말했을까"
2,"이건 어디서 만들어졌나요"
2,"결혼 기념일이 언제지"
2,"내일 아침에 비오는지 검색해봐"
2,"어제 회사에 보낸 메일의 발신 여부 좀 확인해줘"
2,"내일 우산 챙겨가야 할까"
2,"과연 다른 나라의 대중 교통보다 우리나라가 더 좋을까  "
2,"내일 낮에 구름 많은지 아니"
2,"내일 자전거 타기 좋은 날씨일까"
2,"토큰은 어디서 파나요"
2,"그런데 은행이 부도나면 내 돈은 어떡해"
2,"그런데 아이돌 걸스 데이 민아 가 혹시 생소한 분들 계신가요"
2,"메일의 검색기능을 늘릴 수 있니"
2,"해 지는 시간 알려줘"
2,"내가 없을 때 집에 방문한 사람이 있니"
2,"스팸 목록에 누가 추가 되어있는 지 확인해줘"
2,"저번주에 이사님에게 온 메일 몇 개인지 확인해줘"
2,"지리산 단풍 개화시기 알려줄래"
2,"일개월 이내에 메일 모두 중요 메일함에 넣었니"
2,"내일 미세먼지 농도는 얼마인지 알려줘"
2,"사귀기 시작한 날 언제니"
2,"장기 거래 실태에 대한 기사를 보여라"
2,"내일 수업 일정 있니"
2,"다음 주 저녁 시간대에 두시간 이상 비어있는 시간 있니"
2,"대전의 저번달 평균 강수량 검색해줘"
2,"열대야인지 알려줘"
2,"참 선 많이 봐 "
2,"휴대폰 통신사에서 메일이 왔니"
2,"내일 오륙도의 파고는 얼마나 높지"
2,"이번주 수요일 습도를 알려줘"
2,"가장 가까운 친구 생일이 언제니"
2,"복날은 며칠이지"
2,"구월달 부산 지방의 전반적인 기상 전만은 어떤가"
2,"이번주 토요일에 어디서 만나기로 했니"
2,"내일 최저기온 얼마니"
2,"발신함에 김은주에게 이메일 보낸게 언제니"
2,"이번 주 토요일 가족 식사 장소가 어디야"
2,"날씨에 가장 영향을 많이 받는 직업은 뭘까 "
2,"욕실 청결도가 어느정도니"
2,"언제 서울의 장마가 끝나는 지 알려줘"
2,"주말 날씨 검색해줄래"
2,"상일동 아이씨 좀 보여라"
2,"새해 첫날 강릉 일출시간 좀 알려줄래"
2,"내일 약속 장소가 어디인지 알려줘"
2,"오늘 일정 중 교수님 만나는게 있니"
2,"내일 새배 가는 일정 취소 했니"
2,"어젯밤 온 메일 중 첨부 파일 든 메일 얼마나 되냐"
2,"교수님께 보낸 메일 교수님이 읽으셨는 지 확인해줘"
2,"한시간 뒤 일정 알려줘 "
2,"자연 휴양림은 어떻게 가야지 빠른가요 "
2,"알았어요 얼마나 되죠"
2,"다음주에 삼십도 넘어가는 날 있는지 알려줘"
2,"교통문화 선진국의 시민들은 교통법규를 잘 지킬까"
2,"모레 비가 오는지 알려줘"
2,"박지성 선수의 최근 경기 관련 소식을 찾아다오"
2,"내일 오후 대구 날씨 좀 알려줘"
2,"구슬을 한 글자로 줄이면 무엇이 되는가"
2,"다음주 월요일에도 미팅이 있니"
2,"다음 주에 태풍 오는 지 확인해줘"
2,"오늘 오후에 바람이 얼마나 부는지 알려줘"
2,"에어컨 전력사용량 알려줘"
2,"스팸 메일 차단했니"
2,"이번달 전기 사용량을 알려줘"
2,"임지 저장된 메일이 누구한테 발송됐는 지 확인해 줄 수 있니"
2,"그거 왜 안 팔고 가지고 있어"
2,"지금 스피커에서 나오고 있는 음악 뭐야"
2,"여자친구랑 헤어진 지도 꽤 지났는데 좋은 사람 만났니 "
2,"인터넷하면 메일도 자주 이용해"
2,"이번 달 가장 추운 날을 예상할 수 있니"
2,"오늘 연구실에 사람들 나와 있나요"
2,"언제 태풍이 지나갈 지 알려줘"
2,"서류 마감일이 언제로 되어있니"
2,"이번주 일요일 독도 날씨 아니"
2,"조만간 한번 볼까"
2,"방배동 파출소는 어디니"
2,"열대야 언제까지 지속되니"
2,"저번달 중요 일정에 뭐가 있었더라"
2,"다음 일정까지 몇 시간이나 남았는지 알려줘"
2,"다음주 서울 강수량 좀 알려줘"
2,"입금관련 메일 모두 삭제했니"
2,"메일함 용량이 얼마나 남았니"
2,"수요일 네일샵 예약 시간 알려줘"
2,"제주도에서 다금바리 회 파는 곳은"
2,"내일 날씨가 덥니"
2,"요즘 코스닥 시장 상황은 어때 "
2,"노량진 주변 일식집은 어디에 있는가"
2,"반납해야 할 책이 무엇인지 아니"
2,"내일 브라질 날씨 좀 알려줘"
2,"경부 고속도로 상행선 방향의 상황 알려주렴"
2,"보험 가입 하면 뭐가 좋지 "
2,"삼년 전 돈 관련 메일 확인했니"
2,"마지막주 토요일에 비 오니"
2,"내일 오늘보다 얼마나 더 추울까"
2,"금요일 저녁에 일정 비었어"
2,"저 안 보이세요"
2,"오늘 회사로 보낸 메일 있니"
2,"일월 일일 우리나라에서 가장 빨리 해가 뜨는 위치 좀 알려줘"
2,"노후 자금의 규모는 어느 정도가 적당할까 "
2,"유월은 봄이야 여름이야 잘 모르겠어"
2,"이번 달에 과외를 몇 번 했니"
2,"주문 가능한 생활 용품을 알려줄수 있어"
2,"오늘 미세먼지 어떻대"
2,"강연이라는 제목의 메일 왔니"
2,"팩스를 어디서 보낼 수 있을까요"
2,"지지난주에 대용량 파일 첨부된 메일 있니"
2,"다움달 강수일수 알려주겠니"
2,"이번주에 눈 소식 있니"
2,"오늘 비가 올까"
2,"미국이나 유럽의 이율은 어떨까"
2,"다음주 수요일 날씨 알려줘"
2,"토익시험 일자가 며칠이니"
2,"봉사활동 시간이 굉장히 많은데 봉사활동을 하면서 느낀 점이 있나요"
2,"내일 눈 오는지 검색해줘"
2,"이 폭염이 언제까지 계속될지 알려줘"
2,"냉동실 온도 체크좀 해줄 수 있니"
2,"이번주 일요일 일정이 뭐니"
2,"천국에 간 사람이 제일 좋아하는 책은"
2,"임시저장된 메일 좀 보내졌니"
2,"오늘 서울에 비가 얼마나 내렸니"
2,"오늘 미세먼지 농도는 얼마인지 알려줘"
2,"누나 저 어제 서울 올라왔어요 어떻게 지내세요 "
2,"오늘 습도 몇 퍼센트니"
2,"거래처에서 메일 왔니"
2,"방금 온 메일 누구한테 온거야"
2,"광고메일 남은거 있니"
2,"언제쯤 날씨가 선선해 지니"
2,"수요일 오후 다섯시에 시간이 비었니"
2,"오늘 언제가 제일 시원해"
2,"어젯밤에 꽤 춥더라 잠은 잘 잤니 "
2,"작년 유월 육일 오전 날씨 어때"
2,"지금 보는 티비채널의 아나운서 이름을 알 수 있니"
2,"태풍의 이동경로를 알아볼래"
2,"세탁기 작동 중이니"
2,"왜 전화 안해"
2,"오늘 우산을 챙겨야할까"
2,"다음 일정까지 몇 시간 남았는지 아니"
2,"내일 운동 일정이 몇시니"
2,"안방에 텔레비전이 꺼졌는 지 확인해줘"
2,"모의주식은 실제랑 많이 다를까"
2,"선거에서 공약과 사람 중 어떤 걸 봐"
2,"내일 몇시에 알람이 설정되어있니"
2,"오늘 온 메일 몇건인지 확인해줘"
2,"받은메일함에 회사메일 빼고 삭제되었니"
2,"오늘 기온이 뭐지"
2,"이번 달 출장 몇개인지 알려줘"
2,"서울 미세먼지 농도가 어떤지 알려줘"
2,"당신은 이 일 왜 시작했어"
2,"무선 청소기 배터리 상태가 어떻니"
2,"아빠 생신 무슨 요일인지 알려줘"
2,"도대체 언제쯤 부모님께 나를 알려드릴 거니 "
2,"이천 사 시즌 타자 순위에 대해 알려주련"
2,"오늘 메일에서 뉴스 제목이 있는 메일을 보이렴"
2,"읽지 않은 회사메일이 있니"
2,"이번주에 눈 언제 내리니"
2,"현관문 잠겨있는지 확인해줄 수 있니"
2,"오늘 저녁 아홉시 친구 만나기로 한 약속 장소 확인해"
2,"이번주 목요일 날씨가 궁금해요"
2,"올해 설날이 며칠인지 알려줄 수 있니"
2,"미국의 주식시장을 한번 확인해봐"
2,"오늘 제주도에 눈이 오니"
2,"이번 달 수도 사용량이 얼마나 돼"
2,"주식 투자 시 용어와 절차"
2,"재건축 문의 메일 왔니 "
2,"어젯밤 도착한 이메일을 모두 보여라"
2,"지하철을 타고 가는 게 빠를까요"
2,"숙소예약 정보가 담긴 메일이 왔니"
2,"현재 안 읽은 메일 몇 개인지 알려줘"
2,"현관에 온 사람이 있지"
2,"작년에 미국에서 온 메일 아직 남아있나 확인해줘"
2,"내일 첫 수업이 몇시인지 알려줘"
2,"적금 나가는 날이 언젠지 알려줘"
2,"그는 어떤 사람인가요"
2,"한달 삼백만원 정도의 금액을 어떻게 저축하면 좋을까요"
2,"하하 혹시 그 얘기 알아요"
2,"오늘 최고 기온 얼마인지 알려줘"
2,"메일함 용량은 얼마나 남았니"
2,"속리산에 있는 절을 찾아라"
2,"내일 가장 더운 시간을 알려줘"
2,"이번 달 일정들 뭐가 있는지 알려줘"
2,"현관 문 열렸있니"
2,"담배 피우세요 이유는요"
2,"그리스 모린의 방한 일정 관련 기사를 알려"
2,"여러분이 저지른 가장 큰 실수는 무엇이었나요"
2,"다윗은 사울을 위해 왜 수금을 탔을까요"
2,"내일 하루 최저기온 알려줘"
2,"내일 자외선 지수 알려줘"
2,"롯데 백화점 가을 정기 세일 기간이 언제니"
2,"내일 저녁 데이트 일정 잡아도 될까"
2,"사모님과 여행 잘 다녀 오셨나요"
2,"내일 강수 확률 어느정도 될까"
2,"강아지 잘 있는 지 확인해라"
2,"이봉주 선수의 아테네 경기 관련 기사는 없을까"
2,"햇빛이 얼마나 강한지 확인해알려주겠니"
2,"오늘 몇도니"
2,"부산 명동칼국수는 어떻게 간데"
2,"비오는 하늘은 언제쯤 볼 수 있니"
2,"관광 버스가 있나요"
2,"다음주 눈 예보 있는 지역이 어디니"
2,"내 생일까지 얼마나 남았니"
2,"오늘 남은 약속들 뭔지 말해줘"
2,"직불카드랑 체크카드는 뭐가 달라요"
2,"오늘 스케쥴 좀 알려줄 수 있니"
2,"오늘 새 편지 중에 정보라는 단어가 든 메일이 있냐"
2,"이번 주 토요일 결혼식 몇 시였지"
2,"창훈씨가 얼마 전에 니 얘기해서 함 보고 싶다 했는데 이사 온 거야"
2,"미세먼지 농도가 언제 낮아지니"
2,"여러분의 좋은 습관과 나쁜 습관은 뭔가요"
2,"안 읽은 메일 모두 몇 개야"
2,"비밀번호 변경 완료 메일 왔니"
2,"임시 저장한 메일이 총 몇 개니"
2,"지난주에 온 메일 지워졌니"
2,"오늘 오전 열한시에 메일 예약발송 성공했니"
2,"이번 연도 추석이 언제부터니"
2,"청담동에서 가장 유명한 네일숍 어떻게 가지"
2,"교과서가 얼마죠 요즘 책 값이 너무 비싸요"
2,"이번 달에 정윤이로부터 이메일이 몇 통왔지"
2,"우리 회사 거래 은행이 어디입니까"
2,"여자친구 생겼다며 예뻐 "
2,"내일 강수확률 알려줘"
2,"고등학교의 졸업식이 언제냐"
2,"일주일 전에 온 메일 중에 안읽은 메일 있으면 알려줘"
2,"내일 영화 일정 몇시인지 알려줘"
2,"제주도에서 목포로 가는 배편이 어떻게 되요"
2,"레알 마드리드팀 새 감독 관련 기사를 찾아주렴"
2,"이번주 가장 온도 높은 요일은 언제니"
2,"오늘 네시에 친구 병문안 가기로 했니"
2,"맥북이 제대로 충전되고 있니"
2,"오늘 친구랑 몇시에 만나기로 했는지 알려줘"
2,"저번달에 언제 고양이 병원데려갔는지 보여주렴"
2,"조카 교육보험 하나 든다는데 뭐 좋은 상품 없을까"
2,"지금부터 내일 자정까지 올 강수량 수치를 알려줘"
2,"다음주 서울 최고 기온 좀 알려줘"
2,"이번 달 휴가 언제야"
2,"주식 관련 메일 모두 삭제 후 스팸등록 했니"
2,"이 열차는 급행입니까 완행입니까"
2,"오늘 까쓰수리공이 온다고 한 시간이 언제일까"
2,"나 오늘 뭐해야해"
2,"오늘 밤에 천둥번개가 치니"
2,"메일함에 있는 메일 전달하기로 다시 보내졌니"
2,"엄마에게 마지막으로 온 메일이 언제 온 거니"
2,"내가 올해에 보낸 메일이 몇 건인지 아니"
2,"어제 답장한 메일의 수신여부가 어떻게 되지"
2,"내일 모래 온도가 얼마나 되는 지 알려줘"
2,"내일 보는 영화 제목 찾아줄 수 있니"
2,"오존 주의보 언제 해제되는지 알려줘"
2,"로봇 청소기 충전 해야하니"
2,"하늘의 별따기 보다 더 어려운 것은"
2,"한국사 시험 일정 언제인지 알려줘"
2,"저번 주 일요일에 보낸 메일을 상대방이 읽었니"
2,"주윤이가 회신 보냈나"
2,"일본 날씨가 어떻지"
2,"여름휴가 일정을 자세히 알려줘"
2,"스위스의 칠월 평균 기온을 알려줘"
2,"교수님한테 온 메일들 중에 안읽은 메일 있는지 확인해줘"
2,"옷방에 불 켜져있니"
2,"지금 온 편지 내용 확인해줘"
2,"영동대교의 영상 정보를 볼 수 있니"
2,"언제쯤 따뜻해지니"
2,"이번 주말에 비 예보가 있니"
2,"내생일이 음력으로는 몇일이지"
2,"이번주 화요일 안동 날씨 좀 알려줘"
2,"겨울에 낮시간 가장 긴 날짜알려줘"
2,"주가가 꽤 높은데 적립식 펀드 같은 곳에 가입해도 될까"
2,"컴퓨터 전원 켜져있니"
2,"집에 사람이 있는지 알려줘"
2,"교양 과목을 최소 몇 학점 들어야 하는 거야 "
2,"이번주 예산팀에서 몇통의 메일이 왔니"
2,"내일 출장 장소가 어디였지"
2,"일요일 오후 비 오는지 알려줘"
2,"오늘 하루중 가장 추운 시간 알려줘"
2,"어제 날씨가 어땠는지 알려줘"
2,"다음 주는 맑은 지 확인해줘"
2,"오늘 반팔 입으면 추울까"
2,"이번 장마 며칠까지 이어지지"
2,"동생한테 온 메일 있니"
2,"청소기 어딨어"
2,"내일 최고 기온이 어떻게 되니"
2,"습도 체크해줄래"
2,"이번달에 눈 오는 날 좀 알려줄 수 있니"
2,"이번 주에 태풍이 오는지 검색해줘"
2,"내일 강원도 비오는지 확인해줘"
2,"티비 꺼져 있니"
2,"가장 가까운 가족 행사가 언제야"
2,"주방에 불 켜져있니"
2,"그 사람을 왜 채용했는지 묻고 싶다"
2,"돈이 들어있나요"
2,"구월 일정이 어떻게 되는지 알려줘"
2,"칠월칠일 오후 세시의 날씨 알려줘"
2,"왜 보자고 하셨소 "
2,"오늘 최저기온 몇 도까지 내려가"
2,"내일 오후 다섯시 네일샵 추가했니"
2,"오늘 황사가 가장 높은 지역이 어디니"
2,"내년 대통령 선거일이 언제니"
2,"오늘 최고 기온은 몇도니"
2,"보낸 메일함에 수신되지 않은 메일 있니"
2,"창문이 닫혔는지 확인 좀 해줄래"
2,"다음주 수요일 서울시청 날씨 알아봐"
2,"통영 아주 돌아간 거야 "
2,"지금 가스불에 음식올려둔 지 몇 분이나 됐냐"
2,"여행가기로 한 날 날씨를 알려줘"
2,"오늘 몇 개의 메일이 왔니"
2,"내일 오전 미팅이 몇시야"
2,"오늘 당구장에 몇시에 가기로 했니"
2,"하나님은 엘리야에게 바알에게 무릎 꿇지 않은 사람이 얼마나 있다고 말씀해 주셨나요"
2,"내일 날씨 흐린지 확인해줘"
2,"다음 주말에 일정 있니"
2,"외국에서 뜨는 사업이 뭐가 있을까 "
2,"부산 시내 지체구간 얼마나 되니"
2,"가스레인지 켜져있니"
2,"엄마 생신이 언제니"
2,"서울 특산품이 뭐니"
2,"상일 인터체인지에서 대전 인터체인지까지 가스충전소가 있는 휴게소는 몇 군데지"
2,"인덕션 켜져 있는지 확인해"
2,"현대증권과 한양증권 중 어느 것이 수수료가 싸나요"
2,"그저께 오전 아홉시부터 오후 여섯시 사이 일정 다 알려줘"
2,"크리스마스에 눈이 올까"
2,"최근 창단된 여자 농구팀 관련 소식 알려주렴"
2,"왜 바닷가에는 눈이 잘 안오는 걸까 "
2,"오늘시간 괜찮나요"
2,"강남역 부근 퓨전 레스토랑"
2,"내일 일정이 몇 개나 되니"
2,"혹시 냉장고 열어놨니"
2,"흐린 날씨가 언제까지 인지 알려줘"
2,"보낸 편지함에 전체 메일 몇 통이지"
2,"제일 최근에 온 메일은 언제 왔는지 확인해줘"
2,"이번주 목요일에 쇼핑 할 장소는 어디니"
2,"남대문에서 제일 싼 술집은 어디냐"
2,"내일 점심 먹을 시간 있니"
2,"우리 교양수업 오늘 휴강된 거 확실해"
2,"너는 왜 필기 안 하는데"
2,"이번 달 중 삼일 동안 비가 연달아 오는 날이 있니"
2,"이번달 평균 기온이 몇이니"
2,"이번 주 부산 날씨 어떠니"
2,"내일 아침 회의 몇시에 시작해"
2,"사장님께서 메일 읽으셨니"
2,"스탠드 전원 꺼져있니"
2,"이번 달에 약속 몇 개 있어"
2,"스포츠 방송 목록 좀 보여줄래"
2,"부동산 거래 관련 메일 알려줄수 있니"
2,"내가 저녁에 운동하는 날짜가 언제지"
2,"부동산 시세와 관련된 기사는"
2,"시드니까지 할인 항공권 있나요"
2,"이 번호로도 있나요"
2,"오늘 가평에 비가 오니"
2,"오늘 아침에 미세먼지 농도가 얼마니"
2,"오늘 체감온도는 몇 도야"
2,"부모님 결혼기념일이 언제니"
2,"오늘 불쾌지수가 얼마나 되니"
2,"이번주 일정 알려줘"
2,"지난주 목요일 오후 일정 알려줘"
2,"서울 방배동에 우리은행 지점은 어떻게 가"
2,"지난달 미세먼지 나쁨 횟수 알려줘"
2,"지난주 삼계탕 미팅 장소가 어디였지"
2,"낙선운동에 대한 기사를 보여라"
2,"어제 직장에서 메일 왔는지 확인해줘"
2,"어제 과음했지만 네가 부르면 가야지 어디서 만날까 "
2,"이번주에 폭염주의보 몇 번 내렸는지 확인해줘"
2,"냉장고 여유 공간 좀 확인해줘"
2,"에스케이 여자 골프에 관한 기사를 찾아줄래"
2,"폭염주의보 언제 끝나는 지 알아봐줘"
2,"팔팔 도로 출근길 소통이 원할한 구역이 어디니"
2,"오늘 오후 워싱턴 날씨좀 알려줘"
2,"답장이 급한 메일 있니"
2,"생계형 적금은 어떻게 가입하는 거야 "
2,"다음주 진주 강수량 좀 검색해줘"
2,"레포트 제출마감일이 언제니"
2,"내일 오전에 계실 거죠 열한 시 정도에 방문하겠습니다"
2,"밤 사이 비가 오니"
2,"이번 합창대회 때 우리반이 우승할 수 있을까"
2,"내일 바람 풍속이 어떻게 되는지 알려줘"
2,"외국 계열의 보험회사가 괜찮다고 들었는데 어때"
2,"라합이 내린 빨간 밧줄은 무엇을 의미할까요"
2,"이번주 중국 날씨 알려줘"
2,"어제 지운 메일 모두 복구했니"
2,"이번주 일요일 결혼식 일정 몇시부터니"
2,"오늘 비 언제쯤 그치니"
2,"내년 일월 일일 동해 날씨 알려줘"
2,"내 주소록에 몇 명이 있는지 알려줘"
2,"서해안의 파도가 얼마나 높은지 검색해봐"
2,"내일 비어있는 시간이 언제니"
2,"스팸등록되어 있는 메일계정이 몇 개인지 알려줘"
2,"방문 상담 관련 메일 회사에 발송 했니"
2,"이모 집가는 일정 알려줘 "
2,"캐쉬 로비는 몇 시까지지"
2,"증권거래소의 위치는 어디입니까"
2,"수업 필기한 것 있으면 좀 보여줄 수 있어 "
2,"안녕하세요"
2,"어제 최고기온이 얼마였는지 알려줘"
2,"어 약속을 깜빡 했어 어떻게 하지 "
2,"올해 제일 눈이 많이 온 지역이 어딘가요"
2,"체육대회는 몇 일이니"
2,"화장실 불이 켜져 있니"
2,"마지막주에 비 내리는지 알려줘"
2,"내일까지 해야할 일 알려줘"
2,"이번 주에 언제부터 천둥 번개가 치니"
2,"내일 우박이 떨어지는지 아니"
2,"환경보호단체에서온 메일에 답장했니"
2,"그러게 햇빛 차단제는 바르고 나왔어"
2,"오늘 헬스장 스케줄이 어떻게되니"
2,"이번 품평회까지 샘플 다 나와야 하는데 가능합니까 "
2,"내일 아침 알람이 제대로 켜져 있니"
2,"다음주 월요일 수업 강의실이 어디니"
2,"비만 오면 왠지 우울하고 찝찝하다 왜 이럴까"
2,"오빠 군대 입대하는 날이 언제인지 아니"
2,"오늘 저녁 밥은 누구랑 먹니"
2,"내일 가장 추운시간이 언제니"
2,"이 책에 나와 있는게 도움이 될까 "
2,"주방에 불 꺼져 있니"
2,"오늘 비가 얼마나 내리니"
2,"저녁약속 비어있는 가장 빠른 날이 언제니"
2,"이번 달에 회의 언제언제 있니"
2,"현관 앞 모니터링으로 누가 왔는지 확인해줘"
2,"분야별 헤드라인 보이렴"
2,"이번 주 근무날이 언제니"
2,"이번주에 기습우박 소식이 있니"
2,"오늘 회식 예약 몇시인지 확인해라"
2,"현재 전국 풍량 주의보가 발표된 지역을 보여"
2,"학교에 보낸 메일의 발신여부 좀 확인해줘"
2,"오늘 비가 몇시부터 몇시까지 내리는지 확인해"
2,"부산까진 뭐 타고 갈까 "
2,"우리 집 최고 최저 기온 알려줘"
2,"다음달 알바가는 날이 무슨 요일 인지 알려줘"
2,"오늘 체감온도좀 아려줄 수 있니"
2,"오늘 자외선 지수 어떠니"
2,"이번주 목요일 몇시에 동기모임이니"
2,"내일 저녁 식사 약속이 언제니"
2,"다음 달에 있는 결혼식 알려줘"
2,"지금 밖에 비가 내리니"
2,"안개 낀 날은 언제쯤 볼 수 있는지 알려줘"
2,"오늘 오후 네시에 어디로 가야하니"
2,"여기는 처음이신가요"
2,"인천공항의 날씨 알려줘"
2,"오늘 최고기온이랑 최저기온 알려줘"
2,"어제 서울 낮기온이 몇도였는지 알려줘"
2,"회사에서 온 메일 모두 삭제했니"
2,"시험 잘 봤니"
2,"지금 풍속이 어때"
2,"오늘 승훈씨와 만나기로 한 시간이 언제지"
2,"휴지통에 예산 관련 메일이 있는지 확인해줘"
2,"다음주 울산 평균 기온이 어떤지 아니"
2,"방금 온 메일 확인 되었니"
2,"지옥에 간 부자가 너무 억울해서 난 살아서 십원을 적선한 적이 있는데라고 말하자 하나님의 대답은"
2,"학생을 뽑아야 하는 이유는 무엇인가요"
2,"금요일 오후에 일정이 있는 지 알려줘"
2,"가스 밸브 열려있니"
2,"일본은 지금 몇 시에요"
2,"작년 내 생일이 무슨 요일이었는지 아니"
2,"어제 전국 공항의 날씨를 찾아라"
2,"이번달 지진나는지 검색해줘"
2,"내일 남자친구와 데이트 일정 몇시로 했는지 아니"
2,"이체 수수료 어느 은행이 싸"
2,"발신자 중 정보 메일 있는지 확인해주렴"
2,"너 정말 보여"
2,"목요일 자외선 지수 얼마나 되는지 확인해"
2,"오늘 오전 날씨가 어떻게 돼"
2,"관악구 날씨 어떠니"
2,"내일도 덥니"
2,"먹고 살기 위해 한 가지씩 배워 두면 좋은 술은"
2,"명일동 명성교회는 어디에 있냐"
2,"서울 여가 일식집은 어디에 있어"
2,"다음 일정은 뭐야"
2,"이번주 회사 일 관련 일정 다 알려줘"
2,"구월에 지운 메일 모두 복구 했니"
2,"세스코가 잘 돌아가고 있니"
2,"너 네 집 근처에 한미은행 있지"
2,"이번주 강수량 아니"
2,"오늘 해 뜨는 시간 알고 있니"
2,"솔로몬은 하나님의 성전을 짓는데 몇 명을 동원해서 몇 년간 지었나요"
2,"다음 주 화요일에 우리 보기로 한 거 맞지"
2,"사표 언제쯤 내는 게 좋을까"
2,"일주일동안 어디서 메일이 제일 많이 왔니"
2,"보험사에서 메일 온 거 있니"
2,"이번주 친구 생일 언제인지 알려줘"
2,"메이저 골프대회 상금 순위 관련 기사는 없을까"
2,"타 은행으로 인터넷 뱅킹할 때 수수료 얼마 붙는지 알아 "
2,"언제 지금 내리는 비가 그칠까"
2,"프로야구 올스타전의 일정 관련 기사 찾아주렴"
2,"수요일 네일샵 예약 시간 몇 시니"
2,"수표는 수수료 없이 그냥 현금으로 바꿔주나요 "
2,"동물원의 배고픈 사자가 철창 밖에 있는 사람들을 보고 한 말은"
2,"냉장고 문 열려있는지 확인해"
2,"이번 주에 폭우 예보가 있는지 확인해줘"
2,"내일 첫 약속 어디서 만나기로 했더라"
2,"내일 정오의 기온을 알려줘"
2,"엄마 이번에 점수 오르면 반지 사준다는 약속 유효하지요 "
2,"밖에 좀 건조하니"
2,"저번달 누적 강설량이 얼마니"
2,"티비가 켜져 있니"
2,"내일 바람 많이 부는지 확인해줘"
2,"내일 가족과 영화 볼 장소가 어디니"
2,"부모님 걱정 많이 하시지 몸 아픈 것도 불효야"
2,"동대에서 가장 싼 술집은 어떻게 가니"
2,"담주 일본 날씨 어떤지 알려 줄 수 있니"
2,"어제 친구와의 약속이 몇시였는지 알려줘"
2,"오늘 약 먹어야 하는 시간을 알려줘"
2,"내일 습도좀 알려줘"
2,"냉장실 온도 일도 낮췄니"
2,"이번주 수요일 지역별 강수량 알려줄 수 있니"
2,"이번 지진 강도가 몇이었는지 알려줘"
2,"첫 월급은 어느 계좌로 입금해야 하나요 "
2,"요새 전자 쪽에 투자하는 게 좋을까"
2,"이번주 수요일 스케쥴이 몇 개니"
2,"면허 취득 기준은 무엇인가요"
2,"작년 이맘때에 받은 메일 있니"
2,"저번달 받은 메일에 첨부된 사진들 저장가능기간 언제까진지 알려줘"
2,"이번주 필리핀에 맑은하늘을 언제 볼 수 있는지 알려줘"
2,"지금 밖에 기온 좀 알려줘"
2,"막내 여름방학 시작일이 언제니"
2,"어제 새벽 체감온도 아니"
2,"내일 인천 날씨 어떠니"
2,"조찬 모임이 언제있는지 봐봐"
2,"오늘의 간식 타코야끼 재료 알려줘"
2,"내일 회의 공지 메일 찾아줘"
2,"내일 스케줄 있는지 알려줘"
2,"이번주 중요 일정을 알려주겠니"
2,"여유 자금 굴릴 곳 좀 없을까요"
2,"다음주 부산 여행 일정 알려줘"
2,"내일 인천공항에 비오니"
2,"현재 황사 경보가 내려진 지역은 어디지"
2,"투자할 때 제일 먼저 고려돼야 할 사항은 뭐지 "
2,"수강신청 날짜를 알려줘"
2,"공원에 가려면 버스와 지하철 어느 것이 편리하니 "
2,"집에 커튼이 다 쳐져있니"
2,"정말 사랑하니"
2,"비 예보 있니"
2,"할머니 언제 약 드셔야 하니"
2,"내일 비 오니"
2,"오늘 저녁약속 장소 어디야"
2,"지금 뭐 해"
2,"가장 최근에 받은 메일이 뭐였어"
2,"오늘 자외선 지수가 얼마인지 아니"
2,"사용료는 얼마지"
2,"에어컨이 꺼져 있니"
2,"오늘 비가 몇 시까지 오니"
2,"언어교육원에서 온 메일의 수신여부 좀 확인해줘"
2,"오늘 구름많니"
2,"혹시 휴지통에 교수님한테 온 메일 있어"
2,"다음 달 김연희 과외 날짜를 모두 알려줘"
2,"불쾌지수가 얼만큼이나 높니"
2,"이번주 회사 일 관련 일정 다 알려줘"
2,"위메프에서 온 메일 모두 스팸처리했니"
2,"유튜브 구독 체널의 업데이트 내역을 알려줘"
2,"학교 메일 다 지웠니"
2,"지금 대구 기온 알려줘"
2,"비과세 혜택이 있는 건 어떤 거지"
2,"이번 주 최대 온도 알려줘"
2,"정체 구간이 몇 곳이나 되지"
2,"내일 오전 일정 몇시부터니"
2,"올해 십일월 대전 날씨 좀 알려줘"
2,"내일 부산 날씨 어때"
2,"내일 광안리의 해수 온도는 어떻지"
2,"에어컨 희망 온도가 뭐니"
2,"어제 휴지통에 있는 메일들 삭제했니"
2,"외국에서 내 계좌로 돈을 받을 때 아무 은행에서 받아도 돼"
2,"내일 일교차 얼마나 되는 지 알려줘"
2,"이학기 개강 일정이 언제인지 알려줘"
2,"내일 저녁에 일정 어떻게 되는지 알려줘"
2,"저번주에 폭염 특보 언제였는지 알려줘"
2,"오늘 교수님 몇시에 만나니"
2,"내일 저녁 약속 몇시야"
2,"냉동실에 얼음이 모두 얼었니"
2,"오늘 밤 기온이 영하인지 알려줘"
2,"오늘 오존지수 알려줘"
2,"시험 잘 봤니"
2,"오빠 엄마 아빠는 잘 계시고 할머니는 편찮으신데 없으시지"
2,"내일 대전 낮 최고 기온이 몇 도인지 알려줘"
2,"내일 날씨 어때"
2,"야간 셔틀버스 몇 시까지 다니니"
2,"주식의 양도는 어떻게 이루어 지는 거야"
2,"읽지 않은 메일 개수가"
2,"가장 오래 누군가를 기다려 본 적은 언제이며 그때 어떻게 행동했나요"
2,"왜 아직까지도 돈을 안 붙여줄까"
2,"주변에 주식 하는 사람 없어 뭐 물어볼게 있는데"
2,"보통 누구하고 메일로 자주 연락하니"
2,"난방 온도가 이십오도로 맞춰져있니"
2,"재테크 고수가 되려면 어떻게 해야 될까 "
2,"보낸편지함 삭제되었는지 확인 부탁해"
2,"보일러 꺼져있는지 확인해줘"
2,"이번주 토요일 경산 최고 기온 좀 검색해줘"
2,"수리 영역 교육 방송 시간이 언제지"
2,"다음 달에 있는 일정 전체 읽어주겠니"
2,"오늘 일기도 보여라"
2,"방 불 좀 껐나 확인해줄래"
2,"안방 컴퓨터 켜져 있니"
2,"경부 고속도로 노면 결빙 구간은 어떻지"
2,"내일 모레 운전면허시험 보러 몇시까지 가야하니"
2,"캐나다에서 온 메일을 읽었니"
2,"그 사람이 누군데요"
2,"전국의 날씨 알려줘"
2,"오늘 비 오니"
2,"오늘 양산을 챙겨야할까"
2,"광주의 특산품이 뭐니"
2,"이번주 일요일 친구 결혼식이 있니"
2,"모레 점심 누구랑 약속 있니"
2,"실내 습도 어떻게 되는지 확인해"
2,"십이월 평택에 눈이 얼마니 내리니"
2,"강남구청 가려면 버스와 지하철 중 어느 쪽이 더 나은가요"
2,"하나님의 선지자 백 명을 굴속에 숨겨 놓고 음식과 물을 날라다 먹여 살려준 아합의 신하는 누구인가요"
2,"엄마랑 이번주에 언제 보기로 했니"
2,"오늘 강수량 알려줘"
2,"내일 최저기온 알려 줄 수 있니"
2,"왜 그래"
2,"다음주 일요일 오전 일정이 어떻게 되는지 알려줘"
2,"신혼여행 명소를 찾아라"
2,"오늘 불쾌지수를 보여라"
2,"성함과 방 번호가 어떻게 되시나요"
2,"다음주 회의 일정 있는지 알려줘"
2,"호와 원주율에 관한 원 공식을 알고 싶어"
2,"현재 전국날씨를 알아봐라"
2,"다음 피부과 예약 알려줘"
2,"수신안된 메일 갯수 알려줘"
2,"오늘 마지막 스케쥴 어디로 등록했니"
2,"예약전송 메일들 전부 전송되어 있니"
2,"내일 저녁약속 어디인지 알려줄래"
2,"샤라포바에 대한 기사를 보자"
2,"오늘 바람 얼마나 부니"
2,"얼마나 필요하세요"
2,"원주에 강풍주의보가 있니"
2,"내일 서울 기온은 몇 도야"
2,"내일 제주 날씨 어떤지 말해줘"
2,"세계 여자 프로골프 랭킹 관련 기사 찾아주렴"
2,"구월에 결혼식 장소가 강남이 맞는지 확인해줘"
2,"화요일 오후에 눈이 언제 오니"
2,"이번주 금요일 동창회 장소는 어디니"
2,"방카슈랑스 시행한 게 작년인가"
2,"현관문 열려있니"
2,"안방 에어컨이 켜져 있니"
2,"옷을 어떤 스타일로 입으세요"
2,"오늘 눈이 내릴까"
2,"왜 아직도 안와 "
2,"이번주 전국 강수량이 어떤지 아니"
2,"현재 강수량 얼만지 알려줘"
2,"티비를 음소거 했니"
2,"꽃샘추위가 언제쯤 그칠까"
2,"지금 풍속이 어느 정도야"
2,"스키와 스노보드 중 어떤 것이 더 쉬운가요"
2,"오늘 온 사람 있니"
2,"아무리 돈이 많아도 평생동안 한번도 못 가는 곳은"
2,"내일 일정이 언제부터 시작하니"
2,"이번 장마는 언제 끝나니"
2,"요즘 경제면 최고 이슈는 뭐니"
2,"너 전공 공부 말고 따로 공부하는 거 있니 "
2,"수목 드라마 관련 소식 알려라"
2,"다음달 열대야가 언제인지 알려줄래"
2,"내가 얼마의 주식을 보유해야 그 회사 경영에 참여할 수 있지"
2,"종로 근처에서 가장 비싼 호텔은 어디지"
2,"현관에 온 사람이 있니"
2,"안방에 불 꺼져 있니"
2,"받은 메일함 모두 지웠니"
2,"혹시 요즘 여윳돈 좀 있으면 주식투자 좀 해볼래 "
2,"지윤이 방에 불은 다 꺼졌는지 좀 확인해줄래"
2,"행정법도 들을 예정인데 수요일 아침이 좋을까 오후가 좋을까"
2,"이번 주 최고 기온 몇 도이니"
2,"하길라산으로 쫓아온 사울과 아브넬을 죽이지 않고 사울의 물병과 창을 가져온 장군은 누구인가요"
2,"내가 수신인에 포함된 메일이 몇개니"
2,"내일 갈 딸기농장이 몇 시 출발인지 알려줘"
2,"지금 우리 집 전체 조명 켜져 있는지 확인해 줘"
2,"눈 언제 그치는지 알려줘"
2,"이번주에 회의가 몇 건이야"
2,"몇 살입니까"
2,"회사에서 온 메일 중에 중요 표시한 메일이 있니"
2,"오늘 과천 날씨 좀 알려줘"
2,"다음주 월요일 일정 몇 개니"
2,"오늘의 미세먼지 지수를 알려줘"
2,"오늘 관악구 미세먼지 농도 알려줄 수 있니"
2,"내일 반팔 입어도 될까"
2,"에어컨 꺼져있니"
2,"남산 미팅 날짜가"
2,"지금 오는 눈이 쌓일지 녹을지 검색해봐"
2,"안방 스탠드 불이 중간모드로 되어있니"
2,"주식 시가는 어떻게 정해지는 거예요"
2,"휴지통 비웠니"
2,"다음 주 회의 어디서 해"
2,"오늘 최저기온 알려줘"
2,"목요일 친구 약속이 몇 시야"
2,"기말고사 시험범위 알어"
2,"가족 모임이 이번주 금요일인 것 맞니"
2,"올해 우박이 심하게 발생할 확률은 얼마나 되지"
2,"친구 동아리 공연장소가 어디니"
2,"야 너네 동네 물난리 났던데 너네 집은 어때"
2,"내일 날씨가 어떠니"
2,"문이 잠겨있는지 확인해줄래"
2,"수요일 남자친구랑 어디에서 만나는지 아니"
2,"이번달 필리핀 얼마나 습한지 아니"
2,"올해 서울 가을 날씨 좀 알려줘"
2,"내일 태풍이 언제까지 부니"
2,"너 교양수업 리포트 제출했어 난 아직 쓰고 있는 중이야"
2,"지금 제주도 날씨는 어때"
2,"버스로 올 거야 택시로 올 거야"
2,"실업급여 타는 방법이 뭐야 "
2,"이번주 중국에 비언제오는지 알려줘"
2,"새 편지 중 입근 확인 메일 있는지 확인해주렴"
2,"다음 주에 태풍 오니"
2,"야 너 정말 강릉 갈 거야 "
2,"공무원은 정확히 어떤 업무를 해 "
2,"칠월 엠티가 무슨 요일이야"
2,"기차 타고 가는 것이 좋을까 아니면 버스 타고 가는 것이 좋을까"
2,"한 시간에 얼마에요"
2,"회의 시작시간이 언제였지"
2,"내일 점심 일정 있었니"
2,"우리나라 공항 예보 보여"
2,"해외 투자에 따르는 추가적 위험은 뭐라고 생각해 "
2,"경부 고속도로 상행선 정체구간 알려"
2,"어제 몇시에 회사에서 이메일이 왔지"
2,"오늘 예천 미세먼지량 좀 알려줘"
2,"외국에 갔다온 적 있나요"
2,"지날 한달 간 내가 답을 제일 길게 쓴 이메일은 뭐니"
2,"과제 제출이 이번주 무슨 요일까지였냐"
2,"오늘 오후에 기온이 몇 도니"
2,"구월 십사일 부터 구월 십팔일의 날씨를 보여"
2,"수화물 표를 보여주실래요"
2,"삼월육일에 온 메일 좀 지워졌니"
2,"지난달 일본 지진 강도 좀 검색해줘"
2,"내일 저녁 약속 몇시인지 확인해라"
2,"작년 내 생일에 비가 왔었니"
2,"오늘 오후에 우박이 내리니"
2,"오존 경보가 있었던 날은 언제와 언제지"
2,"동창회 장소가 어디니"
2,"순방향 좌석은 할인이 되니"
2,"이번 주에 낮 최고기온이 삼십도 이하로 떨어지는 날을 확인해줘"
2,"베란다에 불 켜져있는지 확인 좀 해줄래"
2,"스팸 메일함 다 비웠어"
2,"다음주에 태풍오늘날이 있으면 알려줘"
2,"삼월달 캐나다 여행 일정 무슨요일이니"
2,"티비에 유명한 어린이 컨텐츠 알려줘"
2,"장마가 언제까지인지 알려주겠니"
2,"민간요법이 정말 효과가 있을까 "
2,"받은 메일 중에 답변 안한 메일 있는지 확인해줘"
2,"보통 과제제출이나 연락을 아는사람들에게 메일로 자주 하니"
2,"내일모레 부산 날씨 좀 알려줘"
2,"내가 중요표시한 메일이 얼마나 있니"
2,"내가 주번 언제 하지"
2,"올해 메일을 뺀 나머지 메일이 모두 삭제되었니"
2,"슈트 빌리는데 오 만원 이었나"
2,"제대루 배운 적 있어"
2,"가장 최근에 보낸 메일 상대방 수신확인해"
2,"분류 메일함에 메일함 몇 개로 분류되어 있니"
2,"십년 후 자신의 모습과 그것을 이루기 위해 자신이 해야 할 노력을 이야기해보세요"
2,"치마 입을까 바지 입을까"
2,"오늘 우산 필요한지 알려줘"
2,"이번 주말 데이트 장소 알려줘"
2,"티비에 나오는 영화는 무슨 영화이니"
2,"비가 언제쯤오는지 확인해줘"
2,"오늘 오전에 눈이 오는지 알려줘"
2,"다음주 화요일 야구장 몇시까지 가면되니"
2,"다음주 수요일에 비 올 확률 좀 알려줘"
2,"에어컨 희망온도 몇도로 되어 있니"
2,"요즘에 은행 새로 나온 상품 뭐가 있어"
2,"이번주 금요일에 비가 오니"
2,"오늘 대구 날씨 알려주렴"
2,"다음주 고등학교 동창회 언제니"
2,"수신이 확인되지 않은 수신자가 누구니"
2,"오늘 최저 온도 알려줘"
2,"오늘 미세먼지 농도가 얼마나 되니"
2,"집에 누구 있는지 확인해 줘 "
2,"현재 실내 온도 알려줄 수 있니"
2,"임시 보관함에 메일들 다 지워졌니"
2,"최종 보고서 제출일까지 며칠 남았어"
2,"오늘 마지막 일정 장소가 어디였지"
2,"메일 첨부파일 용량이 얼마니"
2,"해가 많이 뜨거운 날씨인지 확인해줘"
2,"워킹비자로 장사할 수 있나요 "
2,"이런 게 알레르기성 비염인가 요즘 코가 이상한 것 같아"
2,"오늘 탁구 경기 관련 기사를 알려"
2,"노량진의 바닷가재 요리 전문점"
2,"어제 온 메일이 누구한테 온거지"
2,"다음주 주말 부산 날씨 좀 알려줘"
2,"그 종목의 숨겨진 리스크가 있지 않을까"
2,"미국 국회의원 선거에 대한 기사를 찾아"
2,"돌발상황이 발생한 구간은 어딘지 보여다오"
2,"콘서트 예매 정보가 담긴 메일이 왔니"
2,"어제 오전에 회사에 보낸 메일의 발신 여부 좀 확인해줘"
2,"내일 오전쯤에는 비가 그치니"
2,"킹스컵 축구 소식을 알려줄래"
2,"세탁기에 빠져서 돈이 찢어졌는데 교환 받을 수 있나요 "
2,"용인휴게소 주위 교통상황을 보여주렴"
2,"오늘 인천의 전체적인 생활지수 검색해줘"
2,"다음주 빕스 식사 약속이 무슨 요일이니"
2,"내일 개인 트레이닝 수업을 확인해줘"
2,"반품 메일이 있니"
2,"오늘 눈 언제까지 내리는지 알아봐라"
2,"이번주에 비가 오는지 알려줘"
2,"오늘 교수님이 메일 보냈는지 봐봐"
2,"내일 일몰 시간이 언제니"
2,"폭염 언제까지니"
2,"오늘 미팅 일정 알려줘"
2,"휴지통에 회사메일 빼고 삭제되었니"
2,"일본으로 전화하려면 몇 번을 처음에 눌러야 하나요"
2,"저녁때 볼만한 방송 있어"
2,"온 집안에 불이 꺼져있니"
2,"내일 과천의 하늘이 맑은지 알려줘"
2,"그 카드에는 어떤 할인혜택이 있는데 "
2,"이번주 가족모임 취소되었니"
2,"오늘 오전 일정 있니"
2,"오늘 천둥 번개가 쳤니"
2,"장마가 언제쯤 끝날까"
2,"다음주 월요일 날씨 알려줘"
2,"지난 학기 과톱이 누구였더라  "
2,"쿠폰있는 이메일 있으면 알려줄래"
2,"광안리 인근 놀이공원은"
2,"최경주 선수의 근황에 관련된 기사 찾으렴"
2,"금요일에 특별한 일정 있니"
2,"타이거 우즈 경기 기사가 있는지 알려다오"
2,"모레 저녁 밥약속이 어디인지 알려줘"
2,"겨울방학 토플강좌 일정이 어떻게되"
2,"결혼 기념일이 언제지"
2,"날씨가 조금만 추워도 손과 귀가 가려워 동상 걸린 걸까 "
2,"가스밸브 잠겼는지 확인해 주겠니"
2,"작년 눈이 온 날이 몇 일이나 돼"
2,"통근버스 시간을 찾아놔"
2,"하루에 보통 스팸메일이 몇 통이나 오는지 평균좀 알려줄래"
2,"동대문에서 제일 싼 술집 어떻게 가니"
2,"오늘 회사에서 온 메일이 있니"
2,"속초에 있는 해수욕장의 현재 기온은 얼마니"
2,"오늘 일출이 언제인지 알려줘"
2,"거실에 가습기 켜져 있니"
2,"오늘 오후에 보기로 한 영화가 뭐니"
2,"메일 새로온 것 있니"
2,"군산은 눈 많이 오니"
2,"다음주에 비소식 있는지 알아봐라"
2,"오늘 최고온도랑 최저온도 아니"
2,"이번주 대구 날씨 알려줘"
2,"부모님도 모두 안녕하시니"
2,"네가 투자한 주식이 과연 오를까 "
2,"오늘 불쾌지수 알려줘"
2,"강아지 밥은 제 시간에 줬냐"
2,"운임이 얼마인가요"
2,"이번주에 바람 많이 부니"
2,"내일 부산 지역 일몰 출몰 시간이 어떻게 되니"
2,"오늘 영국에 비가 언제 오는지 아니"
2,"오늘 폭염 특보인지 알려줘"
2,"이번 주에 시험 일정이 몇 개나 있는지 알려줘"
2,"남해안으로부터 올라오는 태풍 이름을 알아봐"
2,"내일 눈이 얼마나 올까"
2,"구월 일일부터 구월 사일까지의 날씨를 보여줄까"
2,"다음주 가장 더운 날이 언제니"
2,"이번주 무슨 요일이 가장 덥니"
2,"동문회 회의 몇 일인지 알려줘"
2,"냉장고에 상한 음식 있는지 확인해줘"
2,"병목 정체를 보이는 구간은 어디지"
2,"혹시 메일 사용 안하고 있니"
2,"빨래 건조기 껐니"
2,"내가 받은 메일을 회사로 전달했니"
2,"광고 메일 모두 지웠니"
2,"교통문화 선진국의 시민들은 교통법규를 잘 지킬까"
2,"내가 티비 끄고 나왔나"
2,"이번주 대구 평균 기온 좀 계산해줘"
2,"그럼 나랑 김태희 중에 누가 더 예뻐 "
2,"주식회사는 자신의 주식을 취득할 수 있나요"
2,"예약메일이 모두 몇 통이니"
2,"겹치는 스케줄 있니"
2,"이번주부터 시작해서 황사 언제 끝나"
2,"오늘 오전에 도착한 메일 모두 보이렴"
2,"열대야가 얼마나 오래 갈까"
2,"로봇청소기가 지금 청소하고 있니"
2,"이번주 토요일 오후 세시에 어디서 영화보기로 했니"
2,"다음주 출국 비행기 시간 알려줘"
2,"구매팀에서 메일이 몇통 왔니"
2,"보낸 메일이 수신확인 되었니"
2,"이번주에 받은 메일이 몇 개인지 확인해줘"
2,"잠원역에서 만나서 같이 갈까 아니면 안에서 볼까"
2,"내일 아침 몇시에 알람 등록되어 있니"
2,"강남역 근처 일마레 어디냐"
2,"지운편지함 삭제했는지 확인 부탁해"
2,"강원도 갈껀데 눈이오니"
2,"내일 밤 기온은 몇도니"
2,"이스라엘 백성들이 사막을 여행중 석달만에 어디에 도착하여 장막을 쳤나요"
2,"생일에 온 메일 있니"
2,"오늘 서울 자외선 수치 좀 알려줘"
2,"어젯밤 이메일 중 첨부 파일이 든 이메일은 얼마나 돼니"
2,"임시 보관함에 편지가 있니"
2,"팔팔 올림픽 성과 관련 기사를 검색해"
2,"태성이 학교 운동회가 언제야"
2,"기획 영업팀의 성격과 하는일이 궁금해요"
2,"오늘 오존 농도 괜찮은지 찾아줘"
2,"남자 들어오지 않았어요"
2,"중요한 메일 수신됐어"
2,"내일 기온이 몇 도나 될까"
2,"이번달 수도요금 확인해줘"
2,"우리 회사의 임직원 수를 알려줘"
2,"다음주에 비오는 날 있어"
2,"메일 용량이 얼마나 남았니"
2,"외울 수 있겠어"
2,"할인 쿠폰 메일 알려줄수 있니"
2,"실내 습도 좀 알려줘"
2,"내일 모임장소가 어디니"
2,"무선 인터넷 관련 기사 뭔가"
2,"오늘 비 오는지 알려줘"
2,"들려주는 책 얼마나 더 있어야 끝나"
2,"오늘 점심 약속 아직 유효한 거지 "
2,"오늘 새로 온 메일이 누구누구에게 온거니"
2,"오늘 비가 어느정도 내렸니"
2," 오늘 온 메일 중 미국에서 온 이메일 몇개니"
2,"내일 최저온도 얼마니"
2,"그저께 회의 몇시에 했는지 알려줘"
2,"비가 언제쯤 그칠까"
2,"다음 주 할아버지 기일 언제야 "
2,"다음달 대학동기모임  언제인지 확인해줘"
2,"이번주 토요일에 회사 가니"
2,"내일 습도는 어떻게 되지"
2,"조금 뒤에 있을 세미나 올 거지"
2,"내일 안개 얼마나 끼는지 알려줘"
2,"눈 얼마나 쌓였어"
2,"최근에 동창회에서 온 메일이 있니"
2,"수표 입금 시 뒷면에 이서를 해야 하나요 "
2,"내일 오후 여섯시에 어디로 가야 하니"
2,"오늘 음력으로 몇 일이야"
2,"아기방 온도 몇 도인지 체크해 볼 수 있니"
2,"올해 나의 음력 생일이 언제니"
2,"필드에 한 번 나가면 캐디 비가 얼마쯤 들까"
2,"내일 일정 몇 시에 끝나는지 알려줘"
2,"중국 환율 좀 가르쳐 주지"
2,"다음주 팀플 과제 제출 몇 시까지야"
2,"메일에 첨부된 사진들을 모두 내려받기 했니"
2,"오늘 온 메일은 총 몇 통이니"
2,"오늘 부산 날씨 어떠니"
2,"지금 티비 오디오 볼륨 몇이냐"
2,"내일 운동하기 좋은 날씨니"
2,"다용도실에 불 꺼져 있니"
2,"오늘 오후에 소나기 내리는지 알려줘"
2,"준영이 기집애가 너 찼냐"
2,"장애인 올림픽 성적 좀 보여다오"
2,"오전 일곱시에 눈이 얼마나 내리겠니"
2,"비가 오늘 그칠까"
2,"콩나물해장국 이십사시간 하는데 아는데 거기 갈래 아님 소파에서 한숨 잘래 "
2,"오빠 엄마 아빠는 잘 계시고"
2,"내일까지 적설량이 얼마나 되는지 알려줘"
2,"임시저장 메일 남은거 있니"
2,"올해 추석이 언제인지 알려줘"
2,"이탈리아의 수도에 서 있다를 세글자로 말하면"
2,"핸드폰 마지막 업데이트 날짜가 언제야"
2,"내일 새벽에 맑은 하늘을 볼 수 있는지 알려줘"
2,"전문가들은 왜 안 사나요"
2,"오늘 몇 시쯤 눈이 그칠까"
2,"목동교는 현재 서행구간인가"
2,"오늘 회사에서 온 쪽지가 있니"
2,"부모님 결혼기념일 언제니"
2,"내일 예천 최공 온도 좀 알려줘"
2,"여기서 대전까지는 정체 구간이니"
2,"이십일 부산에 비가 올 확률은"
2,"밥솥 몇 분 남았는지 확인해줘"
2,"새로운 편지 온게 있니"
2,"내일 일몰이 몇신지 아니"
2,"무슨 일 있었어"
2,"오늘 하루종일 맑은지 검색해줘"
2,"오늘 해가 언제 지는 지 알려줘"
2,"우리나라 각 야구팀별 성적과 관련된 기사는 없을까"
2,"오늘 비 몇 밀리미터 내려"
2,"태풍 예상 경로 알려줘"
2,"과제 제출 메일이 보내졌는지 확인해줄래"
2,"투자자들의 반응은 어떤거 같아"
2,"전체메일이 다 지워졌니"
2,"조카 돌잔치가 언제야"
2,"쌍커풀 수술 몇시에 하는지 아니"
2,"오늘 서울 최고기온 몇도니"
2,"거실 불 꺼져있니"
2,"휴대폰으로 주식 매매하면 수수료가 얼마쯤 나오니"
2,"집안에 불 다 꺼졌는지 좀 확인해 줄래"
2,"기아 삼성의 선두 다툼에 관한 기사를 찾아줄래"
2,"내일 최고기온 알려줘"
2,"내일 오후 열시에 파티 어디에서 하니"
2,"오늘 온 메일 모두 스팸처리 했니"
2,"동대문에서 저렴한 맥주집은 어디일까"
2,"확인하지 않은 메일들을 모두 삭제했니"
2,"내일 오늘보다 기온이 높아 낮아"
2,"예약한 메일 다 보냈니"
2,"캘린더에서 거래처 단어 들어간 일정만 모두 모아서 보여줘"
2,"어제 저녁에 이전에 삭제된 메일을 비워졌니"
2,"오늘 부산에서 비내리는 알려줄 수 있니"
2,"어제 온 이메일이 모두 몇 개니"
2,"방금 보낸 메일 잘 보내졌나 확인해줘"
2,"금붕어가 있는 어항의 현재 물 온도를 알려줘"
2,"오늘 메일 보낸데가 어딘지 읽어줘"
2,"올해 태풍이 얼마나 많이 올까"
2,"이번 주 목요일에 일정 뭐 있어"
2,"다음주에 비오는 날이 언제인지 알려줘"
2,"교수님이 내가 어제 보낸 이메일 확인했는지 알려줘"
2,"칠월 삼십일에 일정이 있니"
2,"오늘 다섯시 미팅 일정 장소로 가는 길 좀 알려줘"
2,"이번주 금요일에 우산을 가져가야되는지 알려줘"
2,"오늘 약속 있니"
2,"내일 동창 모임 어디서 모이기로 했니"
2,"축구와 농구 중에 어떤 운동을 좋아해"
2,"티비전원이 꺼져있니"
2,"올해 부활절이 몇 일이지"
2,"오늘 우박 예보가 있는지 알려줘"
2,"내일 최저 기온을 알려줘"
2,"경상남도 창원에 수영장"
2,"마지막으로 보낸 메일이 제대로 갔니"
2,"송년회 메일 왔니"
2,"보일러가 예약 세시간으로 맞춰져 있니"
2,"내가 오늘 답 안한 이메일이 몇개니"
2,"오늘 우산 필요하니"
2,"오늘 겉옷 챙겨야 하는지 알려줘"
2,"거실 티비 켜져있는지 확인해"
2,"비가 몇시에 그치는지 알려줘"
2,"전 직장에서 받은 메일 모두 삭제했니"
2,"이번 달 구름과 번개가 치는 날이 있니"
2,"내일 남해안 파고 좀 알려줄래"
2,"호남 고속도로의 상황은 어떠냐"
2,"부모님 결혼기념일이 언제니"
2,"교수님에게 오늘 보낸 메일 보셨지는 확인해줘"
2,"오늘 소나기가 오는지 알려줘"
2,"잘 살아 못 살아"
2,"연락은 해봤어"
2,"오늘 구름 많은지 알아봐줘"
2,"오늘 우박이 오니"
2,"내일 눈이 오니"
2,"지금 전기장판 켜져 있는지 확인해"
2,"황사에 대한 정보를 보자"
2,"구월에 있는 결혼식 일정이 몇 일인지 알려줘"
2,"다음주에 번호 이동하니"
2,"오늘 남산 날씨 검색해줘"
2,"오늘 저녁 열한시 가계부 확인 일정 추가 했니"
2,"원고 마감까지 얼마나 남았는지 아니"
2,"둘째의 학원 진도표 좀 보여라"
2,"이번년도 추석날짜 언제인지 알려줘"
2,"지리산 산악예보 보자"
2,"이번주중에 비가 언제 제일 많이 내려"
2,"다음주 친구와의 점심약속이 무슨 요일인지 확인해줘"
2,"붉은 악마에 대한 기사를 찾아"
2,"오늘 날씨 몇 도 인지 알려줘"
2,"도대체 왜 돈을 안 보내는거야"
2,"생사부에도 명부에도 이름이 없어서 어떤 근거를 어떻게 적용해야 할지 모르겠다"
2,"에스케이에서 데이터 관련 메일이 왔니"
2,"금요일 출장 때 부산 날씨 어떻니"
2,"육자회담 결렬에 대한 소식을 찾아라"
2,"오늘 서울 지역 구름 양은 어떤가"
2,"여윳돈 있으면 너도 주식이나 한 번 해볼래 "
2,"내일 저녁 축구경기 언제인지 확인해줘"
2,"작년에 가장 눈이 많이 왔던 곳이 어딘지 알려줘"
2,"어제온 메일을 검색 가능해"
2,"내일 고등학교 동창모임 장소가 어디니"
2,"학교에서 온 메일 알려줘"
2,"오늘 서울에 황사 있는지 알려줘"
2,"내일도 비가 오니"
2,"오늘 자외선 지수 얼마인지 말해줘"
2,"오늘 날씨 알려줘"
2,"받은 메일의 첨부 파일이 모두 제대로 저장되었니"
2,"이번 주 주말에 혹시 눈이 오니"
2,"다음주 토요일 날씨를 알려줘"
2,"너희 집에서 다섯 시쯤 볼까"
2,"다음주 목요일에 일정이 있니"
2,"내일 같이 영화보는 사람 번호 알려줄 수 있니"
2,"덕전 로타리의 상태는 어때"
2,"어제 보낸 메일 수신여부 좀 확인해"
2,"오늘 새벽 날씨 알려줘"
2,"매체별 주요 뉴스는 뭐니"
2,"이번주 회의 몇 개 있는지 알려줄 수 있니"
2,"안 읽은 메일이 몇 개인지 확인해줄 수 있니"
2,"시간 되세요"
2,"오늘 밤 열시에 티비에 재밌는 프로 하는거 있니"
2,"이번달에 고등학교 동창모임이 있니"
2,"내가 산 주식은 왜 떨어지기만 하는지 모르겠어"
2,"학교에서 온 이메일 다 삭제됫니"
2,"오랜만에 모임인데 왜 파토가 났어"
2,"오늘 비 오는지 알려줘"
2,"내일이 학부모 회의 날이라고 엄마께 알려드렸니 "
2,"체크 인 언제 하니"
2,"개강이 언젠지 알려줘"
2,"부동산 관련 기사를 모두 찾아라"
2,"오늘 미세먼지 농도는 얼마니"
2,"스피커가 켜져 있는지 확인해줄래"
2,"내일 점심 모임 장소가 어디니"
2,"블레셋 사람들은 두 암소를 어디로 보냈나요"
2,"이번주 레슨 무슨 요일에 있는지 알려줘"
2,"오늘 바람 많이 부는지 알려줘"
2,"오늘 저녁요리할 닭도리탕 재료 알려줘"
2,"언제 비가 그칠것같니"
2,"명동 미세먼지 알려줘"
2,"휴지통이 비워져있니"
2,"이번주 경기도 날씨 어떤지 검색해줘"
2,"다음달 코미디빅리그 방청 언제인지 알려줘"
2,"스팸등록 되어 있는 메일 계정이 몇 개나되는지 알려줄 수 있니"
2,"우산 챙겨야 되는지 알려줄 수 있니"
2,"팔월에 누구 생일이 있니"
2,"눈 왜 그래"
2,"다음 주 저녁 약속 없는 날 있어"
2,"내일 새벽 경기도 의정부 날씨 알려줘"
2,"엄마 혈압약 이름이 뭐였더라 "
2,"비가 몇시부터 몇시까지 오는지 알려줘"
2,"비 언제 그치는지 아니"
2,"발신함에 장민하한테 보낸 이메일이 얼마나 있니"
2,"오늘 제주도 풍량을 어떻니"
2,"내 방 컴퓨터가 켜져있는지 확인해줘"
2,"교만한 아마샤를 누가 죽였나요"
2,"다다음주 월요일부터 금요일까지 베이징 날씨 어때"
2,"오늘 호우주의보가 내렸니"
2,"이마트 세일 기간이 어떻게 되지"
2,"아세요"
2,"어제 회사로 보낸 메일 수신여부 확인해줄 수 있니"
2,"독감 예방 주사는 맞았니 "
2,"보일러가 지금 켜져있니"
2,"오늘 체감 온도가 몇도까지 오르는지 확인해줘"
2,"현재 황사 경보가 내려진 지역이 어디지"
2,"내일 최고 온도 알려줘"
2,"육삼빌딩 주변 호프집 어떻게 갈까"
2,"너 배 타고 외국 가 본 적 있어"
2,"오늘 표정이 어둡던데 무슨 일 있어 "
2,"내일 구름이 언제 제일 적은지 알려줘"
2,"오늘 기온 제일 높은 곳 알려줘"
2,"넌 내일 쉬는 날이지"
2,"작은방 에어컨 온도가 지금 몇 도니"
2,"세탁기 가동중인지 확인해줘"
2,"내일 저녁 강릉 날씨 어떤지 알려줘"
2,"풍랑주의보는 지금 어디에 발령되었니"
2,"오늘 일곱시에 친구와 밥먹기로 했니"
2,"현석이 병원가는 날이 언제지"
2,"어디서 볼까 난 아무데나 관계없어"
2,"중간고사 기간 알려줘"
2,"안방 불 지금 켜져있는지 확인할 수 있니"
2,"기말고사 시험범위 알어"
2,"와이티엔 뉴스채널에 있는 뉴스 종류를 알려줄래"
2,"비행기 표는 예약 해 뒀니"
2,"지역별로 구름의 양이 얼마나 되지"
2,"샤워기 꺼졌는지 봐줄래"
2,"지금 냉장실 온도가 얼마야"
2,"몇 퍼센트를 가지고 있어야 주주 총회에 갈 수 있나요"
2,"이번주 수요일에 자외선량이 얼마인지 알려줘"
2,"주식형 펀드와 적금 중에 뭘 하는게 좋을까"
2,"현관등 조명 켜져있니"
2,"내일 전주의 세차지수는"
2,"스톡옵션이 뭔 줄 아니"
2,"냉장고에 채소가 있니"
2,"바람도 선선해지고 낙엽도 지고 왠지 쓸쓸한데 넌 어때  "
2,"내일 회의가 있는지 확인해줘"
2,"와이파이 배터리가 다 되었니"
2,"안방 조명 켜져있는지 확인해"
2,"오늘의 띠별 운세를 찾아라"
2,"가스 불 잠궜니"
2,"내일 친구와 저녁 먹기로 한 장소가 어디니"
2,"마지막으로 친구한테 보낸 메일이 뭐니"
2,"주택청약부금 들을라면 어떻게 해야하지"
2,"오늘 눈 언제까지 내리니"
2,"이번 달 정수기필터 교체일이 언제지"
2,"일층에 안전장치가 켜져있니"
2,"오늘 날씨가 언제부터 개는지 아니"
2,"어떤 성격을 가진 사람을 가장 존경하나요"
2,"유월말에 야유회 시간이랑 장소 어떻게 되니"
2,"거실 전등이 꺼졌는지 확인해줘"
2,"가스 벨브 확인해줘"
2,"다음 달에 멘토링 일정이 있니"
2,"대전 체감 온도가 몇인지 알려줘"
2,"뭐만 먹으면 자꾸 토하는데 어떡하니"
2,"새해 첫 일출 시간이 몇시일까"
2,"임시보관함에 편지가 얼마나 왔니"
2,"과외비를 못 받았는데 그런 건 어디다가 신고해 "
2,"지난 일주일동안 거래처에서 메일이 몇 개나 왔니"
2,"오늘 일정 취소했니"
2,"서울의 미세먼지와 초미세먼지량을 비교할 수 있니"
2,"여기가 시내로 가는 버스 정류장인가요"
2,"신수 향수병 생기면 어떻게 하냐"
2,"건너방 온도 확인해줘"
2,"일학기 종강 언제인지 확인해라"
2,"다음주 예상 날씨는 어떤지 아니"
2,"제일 최근 메일 언제 왔는지 확인해"
2,"내일 저녁 영화 어디서 보는 거지"
2,"내일 첫 수업 언제 시작하는지 알려줘"
2,"다음주 약속 몇 개니"
2,"오늘 바람이 심하게 불던데 풍속이 얼마나 됐을까"
2,"주식 같은 건 어디가야 배울 수 있어"
2,"개강날이 언제인지 알려줘"
2,"김장 한날이 언제였니"
2,"오늘 회사 미팅이 몇시였지"
2,"프로젝트 킥오프까지 며칠 남았어"
2,"우리 할머니 제삿날이 언제니"
2,"에어컨이 켜져있니"
2,"학회 장소가 오사카 맞니"
2,"이천십구년 석가탄신일 날짜 알려줘"
2,"오늘 가장 더운 시간이 언제니"
2,"내일 미세먼지 농도가 낮은 지 확인해줘"
2,"트위터 메일 수신 차단이 제대로 되었니"
2,"우리 병원까지 택시 타고 갈까 버스 타고 갈까"
2,"다음주 일요일에 파리에 비가 오는지 알려줘"
2,"러시아 안개가 언제까지 끼는지 알려줘"
2,"캐나다에서 발신한 이메일이 몇 개지"
2,"대기 오염 정보 알려줘"
2,"오늘 온 메일 있니"
2,"다음 학기 수강신청 시간이 언제니"
2,"이번 주에 열대야가 얼마나 지속되는지 알려줘"
2,"냉장고에 수박이 있니"
2,"저번주 헬스 스케줄 좀 알려줘"
2,"다음주 목요일 속초 최저 기온 몇도니"
2,"보일러 온도가 몇도로 맞춰줘 있는지 알려줘"
2,"남자친구 동네의 내일 날씨 알려줘"
2,"받은 메일함에 안읽은 메일 몇 개냐"
2,"누가 왔는지 확인해줄래"
2,"얼마나 많은 눈이 서울에 내렸니"
2,"이번주 주말 파리 날씨는 어떠니"
2,"막내가 외갓집에 가기로 한날이 얼마나 남았지"
2,"쇼핑 뉴스레터 온 것 몇 개 있니"
2,"지금 멘체스터는 비가 오니"
2,"점심은 뭐 먹었니 난 복날이라고 삼계탕 챙겨 먹었다"
2,"동대문에서 저렴한 맥주집은 어디일까"
2,"남을 도와주는 것을 좋아하나요 이유는요"
2,"이번주 영화보기 일정이 무슨 요일이니"
2,"어제 보낸 메일 중 수신 확인 안 된 메일 몇 통인가"
2,"이번주에 취소된 일정이 있니"
2,"지도교수님 메일 주소가 무엇이니"
2,"이렇게 어색할 수가 어떻게 해야 친해지는 거야"
2,"이번주 눈 오는 날이 언제인지 알려줘"
2,"앞으로의 주간 전망은 어떻게 될까요"
2,"내일 새벽 다섯시에 비가 오는지 확인해줘"
2,"오늘 집에 들어온 사람있니"
2,"다음 달에 있는 약속 알려줘"
2,"종로에서 제일 큰 약국은 어디야"
2,"당뇨병은 많이 좋아 지셨나요"
2,"내일 날씨가 맑을것같니"
2,"내일 몇시에 헬스장 일정이 잡혀있니"
2,"현재 중부 상행선에서 교통이 통제되는 구간은 어떠냐"
2,"길 일동 우체국은 어디일까"
2,"간사님한테 편지 안 왔어"
2,"냉장고가 잘 작동되고 있니"
2,"언제쯤 주워질지 검색해줘"
2,"날이 언제 풀릴까"
2,"아니면 해당 강의 내용만 질문할수 있는지도 궁금합니다"
2,"다음주에 속초 비 올 예정인지 알려줘"
2,"내일 오전일정이 있니"
2,"오늘 미세먼지 농도는 얼마니"
2,"올림픽 국가별 순위 관련 기사를 찾아"
2,"내가 금연한 지 며칠이나 됐지"
2,"휴지통에 메일이 있니"
2,"어제 오후 거래처에서 메일이 왔니"
2,"다음주 목요일 날씨 알려줘"
2,"임시보관함에 있는 메일이 몇 개야"
2,"내일 친구랑 보기로한 영화가 뭐니"
2,"다음주에 맑은날은 언제인지 알려줘"
2,"데스크탑 컴퓨터 켜져있는지 확인해"
2,"태풍 몇 시부터 한국 상륙하니"
2,"오늘 대전 날씨 좀 알려줘"
2,"오늘 세 시 경에 온 메일이 있니"
2,"오월 십일에 받은 메일 좀 검색해줘"
2,"이번주 무료 바이올린수업 날짜 확인해줘"
2,"수원 천안 간 고속도로 상황을 알려다오"
2,"내일 일교차가 얼마나 되니"
2,"오늘 자외선 지수는 얼만데"
2,"아르바이트 페이 받기로 한 날이 언제야"
2,"전화기는 제 자리에 있는지 보여다오"
2,"현관문 잠겨 있는지 확인해줘"
2,"주방 온도 몇 도니"
2,"인증 관련 메일 알려줘"
2,"경주에는 특상품 점 많아"
2,"내일 비오는지 알려줘"
2,"오늘 오전열시 보험설계사 만나는 일정 추가했니"
2,"구정은 언제냐"
2,"아이방 불이 켜져있니"
2,"엘지카드 아직 안 망했나"
2,"오늘 오후에 병원 언제 가는지 알려줘"
2,"금리가 오르면 채권 값이 떨어지는 이유가 뭐야 "
2,"대구 몇 시에 도착이야"
2,"내일 낮에 미팅 있는 지 확인해줘"
2,"우리 오빠가 너 잘 지내고 있냐고 물어보라더라"
2,"너 지난번에 복용했던 약 효과가 있었어"
2,"삭제된 이메일 복원 가능하니"
2,"다음주 비오는날 좀 알려줘"
2,"이번주에 메일이 총 몇통 왔는지 알려줘"
2,"오늘 주식시장의 주요 소식 뭘까"
2,"서울 기온 몇도인지 알려줘"
2,"오늘 미팅 일정 알려주겠니"
2,"한시간뒤 경찰서 가는 일정 추가 했니"
2,"학교에서 온 메일 몇 개니"
2,"지난주에 등록한 일정이 뭐뭐였지"
2,"주소록에 있는 사람들한테 온 메일 있니"
2,"뉴욕 증시의 상승기조가 이어질 지 궁금하네"
2,"다음주 눈 소식이 있는지 알려줘"
2,"회사 메일이 언제 왔었지"
2,"다음달 주말 중에 일정 없는 날 언제야"
2,"폭염주의보 발효지역 알려줘"
2,"서재에 불 꺼져 있니"
2,"교통사고 후유증의 의료비 유효기간이 있나요"
2,"오늘 만나서 뭐 할래"
2,"다음주에 비오는 날이 있니"
2,"내게쓴메일함에 사진 첨부파일이 몇 개나 있니"
2,"이번 주 목표가 뭔지 다시 알려줘"
2,"다음 달 생인일 사람 누구인지 알려줘"
2,"지금 오는 태풍 이동 경로 알려줘"
2,"새 편지함 만들어서 회사에서 온 메일 모두 이동시켰니"
2,"오늘 눈 몇시까지 내릴까"
2,"설날에 온 메일 있니"
2,"마지막으로 보낸 메일이 뭐였지"
2,"회덕 분기점 도로상황을 보여주렴"
2,"다음달 내 생일 아빠랑 어디에서 만나기로 했니"
2,"동창회 장소는 어디니"
2,"내일 세계 날씨 알려줘"
2,"무선청소기 배터리가 몇퍼센트이니"
2,"수학책을 난로위에 놓으면"
2,"추가된 일정에 해당되는 사람 누구인가"
2,"오늘 양산이 필요한 지 알아봐줘"
2,"오늘 날씨는 맑니"
2,"받은 메일함에 메일이 왔니"
2,"다음주 화요일 저녁식사 몇시에 만나기로 했니"
2,"이번 가을 기상 전망을 보여줄래"
2,"올해 겨울은 작년보다 춥니"
2,"서울 종로구 대형 서점은 어디일까"
2,"오늘 할일 있니"
2,"뉴스 메일함에 메일이 얼마나 있니"
2,"내일 최저 기온 알려줘"
2,"십이월 모스크바 평균 눈내리는량 검색해줘"
2,"교내에 자동 입출금기가 어디 있지"
2,"이번주 금요일 제주도 비오는지 아니"
2,"만 원짜리와 천 원짜리가 길에 떨어져 있으면 어느 것을 주어야 할까"
2,"가장 많이 메일을 주고받은 사람을 알려줘"
2,"큰 방에 창문 열려 있니"
2,"여자친구 생일이 양력으로 몇 월 며칠이야"
2,"왜 약속시간에 늦지 말아야 하는가 "
2,"저번 달 과외 몇 번 이었는지 알려줘"
2,"더위가 언제쯤 풀리는지 아니"
2,"방학이 칠월 이십일이 맞니"
2,"교인이 절을 찾지 않는 일은"
2,"저번주에 회의가 몇번있었는지 알려줘"
2,"다다음주 서울 최고 기온 좀 알려줘"
2,"집 창문 다 닫혔는지 확인해줘"
2,"정동진 날씨 좀 알려줘"
2,"내일 습도는 몇 퍼센트야"
2,"서울 종로구에 영양탕 하는 집이 있나"
2,"할머니 제사가 언제야"
2,"내일 얼마나 더울지 알려줘"
2,"에어컨이 꺼져있니"
2,"밥솥에 밥이 다 됐니"
2,"실내온도가 이십오도인지 확인해주겠니"
2,"현재 원효대교 북단은 교통이 원활하니"
2,"다음주 일요일에 어디 놀이공원에 가기로 했니"
2,"내일 바깥온도 영하니"
2,"영어 인터뷰 연습할 상대를 구하는데 적당한 사람 있을까 "
2,"다음주 오후 한 시부터 세 시 사이에 일정이 있는지 알려줘"
2,"내일 세시 일정이 어떻게 되니"
2,"칠월달 예상 미세먼지 농도 좀 알려줘"
2,"삼성전자 유상증자 언제 해"
2,"첨부파일이 있는 메일이 몇 통 이니"
2,"에어컨 작동 중이니"
2,"오늘 오후 세시에 이 메일 예약 발송됐니"
2,"독립문은 뭐하는 곳이지"
2,"내일 날씨 어떤지 알려줘"
2,"무교동 주변 낙지 전문점 어떻게 가니"
2,"얼굴이 야윈 듯 한 게 아파보이네 어디 안 좋아 "
2,"오후에 회사에서 온 메일이 있니"
2,"오늘 몇도인지 알려줘"
2,"화요일에 약속 잡혀있는거 있니"
2,"이번 달 가스 사용량 알려줘"
2,"요즘 뭐하고 지내 학교는 잘 다니고 있지"
2,"제기동에서 제일 좋은 한약상은 어디지"
2,"다음 달 비가 오지 않는 날을 알려줘"
2,"이번 주 맑은 날 알아봐라"
2,"서울에서 부산까지 잔여석이"
2,"다음주에 친구 생일인지 확인해"
2,"올해 서울을 지나가는 태풍은 뭐니"
2,"오늘 제주도에 바람이 심하게 부니"
2,"오늘 안개가 얼마나 꼈는지 알려줘"
2,"내일 세시에 잡혀있는 스케줄이 있니"
2,"고등학생에게 봉사활동은 어떤 의미인가요"
2,"할인되는 요일 있는지 확인해"
2,"올 여름 전국 기압 배치도를 보여줄래"
2,"첨부 파일이 든 메일이 없지"
2,"일본은 지금 몇 시에요"
2,"내일 기온이 몇 도까지 올라가는지 검색해줘"
2,"동의서 메일 얼마나 있니"
2,"넥슨 회사에서 온 메일 중요 메일함에 넣어졌니"
2,"다음주 일요일에 학교일정 있니"
2,"저번주에는 비 몇번 왔는지 알려줘"
2,"보일러가 켜져있니"
2,"방금 읽은 메일 발신자가 누구야"
2,"출장을 어느 공항에서 출발하기로 되어있지"
2,"스피커의 전원이 켜져 있니"
2,"집에 조명이 다 꺼졌는지 확인해줘"
2,"냉동실 온도 체크좀 해줘"
2,"주식형 펀드 열풍이라는데 관심 있어 "
2,"추석이 무슨 요일이니"
2,"보험사에 연락 하셨어요"
2,"이번주에 맑은 날이 언제 인지 알려줘"
2,"오늘 기온 더워"
2,"미팅하는 날 날씨가 어떻게 되니"
2,"오늘이 무슨 요일이야"
2,"내일 여수 날씨 좀 검색해줘"
2,"다음주 금요일 날씨 알아"
2,"우리 형이 너 잘 지내고 있냐고 묻더라"
2,"보낸 이 이름이 영어로 된 메일 있지"
2,"올해는 언제쯤 따뜻해질까"
2,"내일  오후 네시 미팅 장소가 어디니"
2,"회화를 다닐까 리스닝을 다닐까"
2,"뒤에서 부르면 돌아보는 이유는"
2,"내일 저녁에 비오는지 확인해봐"
2,"내일 서울 날씨 좀 검색해줘"
2,"우리 다음 모임 일정이 언제이니"
2,"선지국을 먹는 사람을 무엇이라 하는가"
2,"중부 지방 날씨 알려줄래"
2,"이번 주 상견례 시간 몇 시인지 알려줘"
2,"메일함 용량이 얼마나 남았니"
2,"현위치 누적 적설량 찾아봐"
2,"내일 아침에 안개가 끼니"
2,"오늘 겉옷 챙겨야 하니"
2,"시험까지 몇 분 남았지"
2,"부산대 앞 낚시용품 파는 곳"
2,"중요 메일이 온 것이 있니"
2,"오늘 제일 마지막 스케줄이 무엇인지 알려줘"
2,"다음주에 피서가기 좋은 날 알려줘"
2,"입추가 언제지"
2,"오늘부터 삼일 전까지 받은 메일 전부 수신했니"
2,"이번주 금요일 날씨 알려줘"
2,"열흘 전 나에게 메일을 보낸 사람이 누구이니"
2,"회사 메일 주소가 어떻게 돼"
2,"창문은 모두 닫혀 있니"
2,"내일 눈이 오는지 알려줘"
2,"최근에 받은 메일 누가 보냈는지 알려줘"
2,"오늘 밤에 천둥번개가 치는지 알려줘"
2,"여러분의 장점과 단점은 무엇인가요"
2,"부부에게 갈등이 생기는 요인 원인이 무엇일까요"
2,"다음주 주말 태풍 오는 지역 알려줘"
2,"안방 컴퓨터 꺼져 있니"
2,"거기도 비오니"
2,"팀장님께 메일이 왔는지 확인해줘"
2,"오늘 저녁모임 다시 알려줘"
2,"내년 아빠 생일이 무슨요일인지 알려줘"
2,"은행의 업무를 맡는 사람을 뭐라 불러 "
2,"이번주 수요일 강원도 비오는지 알려줘"
2,"밖에 길이 많이 얼었니"
2,"오늘 자외선량은 얼마인지 검색해줘"
2,"우유 왔는지 보고와 줄래"
2,"오늘 불쾌지수는 얼마니"
2,"가계의 주식투자 결정요인은 무엇인가 "
2,"내일 저녁식사 어디서 하기로 했는지 알려줘"
2,"이번 주 해야할 거 몇 개 있어"
2,"메일함 남은 용량이 얼마니"
2,"대한항공 요금이 얼마야"
2,"내일 비가 얼마나 올까"
2,"정말 아프니"
2,"고양이 잘 있는 지 확인할 수 있니"
2,"여러분을 가장 짜증나게 하는 사람들의 행동은 무엇인가요"
2,"어제 보낸 메일에 답장 왔니"
2,"세탁기 돌아가고 있니"
2,"오늘 바람 많이 부니"
2,"남친한테 지금까지 내가 몇 통이나 보냈지"
2,"문이 열려있는지 확인해줘"
2,"받은 메일함 비워졌니"
2,"이번 주 날씨 알려줘"
2,"이번달 출장이 언제 있는지 알려줘"
2,"안마의자 전원 켰니"
2,"가스레인지 밸브 잠궜는지 확인해"
2,"지윤이가 어디서 놀고 있지"
2,"조기유학이 과연 효과가 있을까 "
2,"내일 레포트 제출 몇시까지니"
2,"돈을 은행에 넣을까 아니면 그냥 가지고 있을까"
2,"토요일 기온이 십도 이하니"
2,"말복은 몇일 남았니"
2,"오늘 습도 높아"
2,"광주 미세먼지 농도 아니"
2,"정말이지"
2,"내일 낮 최고기온 몇도니"
2,"현재 집안의 온도를 확인해줘"
2,"다리에 쥐가 나서 고통스러운데 빨리 풀리게 하는 방법 없니 "
2,"로봇청소기 돌아가고 있니"
2,"삼성동 주변 일식집은 어디지"
2,"내일 오전 부산 날씨 좀 검색해줘"
2,"오디오가 켜져있니"
2,"블루 노트라는 나이트클럽 들어보셨나요"
2,"다음주 토론토에 평균기온이 몇도인지 알려줘"
2,"삼월달 입학식 언제인지 알려줘"
2,"오늘 최저기온인 시간은 몇시인지 알려줘"
2,"오늘 털코트입으면 조금 오바인가"
2,"기획 특집 업무는 퀄리티가 떨어지나요 "
2,"마누라 생일이 언제지"
2,"스팸 메일함 비워져 있니"
2,"분수를 모르고 다윗을 대적해서 반란을 일으킨 사람은"
2,"친구를 만나기로 한 요일이 언제야"
2,"어제 회사에서 온 메일 수신 여부를 확인해줄래"
2,"목요일 오후 네시에 아빠한테 메일 왔었니"
2,"우박이 내린 지역을 알려줘"
2,"로봇 청소기 작동하는지 확인해 줄래"
2,"걔는 요새 어떻게 지낸다니 "
2,"내일 오후 세시 온도가 몇도니"
2,"작년 동창회가 언제였는지 알아봐줘"
2,"오늘 눈 언제 그치니"
2,"젤 첨에 그 얘기 누구한테 했어요"
2,"실례합니다 가장 가까운 신발 가게는 어디인가요"
2,"현관문 닫혀있는지 확인해줘"
2,"비행기 탑승일이 언제니"
2,"교수님한테 답신메일 왔는지 체크해줘"
2,"프로야구 순위와 관련된 기사 찾아"
2,"대구와 부산 중 강수량이 더 높은 곳은 어디니"
2,"라디오 방송사고에 대한 기사를 보여줄래"
2,"내일 모레 눈이 오는지 알려줘"
2,"다음주에 모임이 몇 시니"
2,"좋아하는 시간 계절 장소는 이걸 왜 물어봐"
2,"마감 언제니"
2,"서울에 비가 얼마나 왔니"
2,"오늘 초미세먼지 어떤지 알려줘"
2,"목요일 오전에 안개가 어떻니"
2,"당뇨병에 좋은 음식이 뭐니"
2,"다음주 인천 날씨 좀 알려줘"
2,"다음주에 홍콩에 비가 오니"
2,"바람 방향 좀 알려줄래"
2,"이 메일 중요표시 되어 있니"
2,"내일 스케쥴 알려줄래"
2,"내일 오후 두 시 날시 알려줘"
2,"이 메일은 회신이 가능하니"
2,"여의도 레스토랑 예약 날짜가 언제지"
2,"내년 설 연휴가 며칠이니"
2,"내일 눈 오니"
2,"모레 오전 오후 강수확률 찾아봐"
2,"어제 저녁에 제주도에 비가 얼마나 내렸는지 검색해줘"
2,"이번주 미세먼지 농도 알려줘"
2,"이번 주에 올 기왓집 수리센터 일정을 아니"
2,"이번 학기는 몇 학점을 들어야 할까 "
2,"집안에 물이 새는 곳이 있니"
2,"부엌에 불 켜져 있는지 확인해줘"
2,"내일 밤에 비가 오는 지 알려줘"
2,"인천국제공항 고속도로 구간의 교통 흐름은"
2,"오늘 새벽 최저온도 확인할수 있니"
2,"이번주 토요일이 일정 있니"
2,"외교통상부 장관에 대한 뉴스를 보여주렴"
2,"딸아이 학교모임 날짜가 언제인지 알려줘"
2,"강풍이 부는지 알려주겠니"
2,"실내 공기 어떠니"
2,"내일도 춥니"
2,"공기청정기 켜저있느지 확인해 줄 수 있니"
2,"성경에서 수학을 제일 잘 할 것 같은 사람은 누구인가"
2,"내일 서리가 발생할까"
2,"팔월 사일 기온이 얼마나 올라갈지 알려줘"
2,"오늘 최대 기온 알려줘"
2,"하와이 지금 날씨는 어때"
2,"오늘 학교에서 메일왔니"
2,"내일 서울에 눈이 내리는지 아니"
2,"남자친구와 삼백일이 언제인지 알려줘"
2,"오늘 이력서 메일 온 것 있어"
2,"폭염은 언제까지 계속되니"
2,"과에서 온 메일 있는지 알려줘"
2,"이번주 일정 모두 취소했니"
2,"호우주의보 내렸니"
2,"내일 일정 취소했니"
2,"이번달 강아지 입양이 언제니"
2,"오늘 스케쥴 있니"
2,"가스 불 켜져 있니"
2,"공기 청정기 작동중이니"
2,"이번 주에 일정이 겹치는 날이 있니"
2,"안방에 불 켜져 있는지 확인해"
2,"무슨 내긴데"
2,"다음주 주말 제주도 날씨 어때"
2,"다음달 테니스 동호회 모임이 언제니 "
2,"내일이 발표 날인데 준비는 다 되 있죠"
2,"집 안에 열려있는 창문이 있니"
2,"전기 오븐에 불이 켜져있나 확인해줄래"
2,"강원도 날씨 어때"
2,"경기의 주간 날씨 알려줘"
2,"티비 꺼져 있는지 확인 되니"
2,"이번주 약속 몇 개 인지 알려줘"
2,"혹시 이번주 스케쥴표에 내가 운동하기라고 적어놨니"
2,"오늘 회식장소 어디야"
2,"이번주 금요일 종강파티 시간이 언제니"
2,"오늘 중국 최고기온 알려줘"
2,"집에 밥 있어"
2,"이 회사 주식을 팔아야 할까 아님 가지고 있어야 할까"
2,"내일 아침 강수량이 얼마니"
2,"오늘 오후 인천 날씨가 어떠니"
2,"오늘 친구랑 몇시에 만나기로 했니"
2,"항공권 티켓이 메일로 왔니"
2,"수요일 평균기온이 몇도인지 알아"
2,"최근 일 주일 간 보낸 메일 전부를 보이렴"
2,"칠월에 쉬는 날 있니"
2,"다음달 첫주 목요일 열시에 일정 있다면 알려줘"
2,"할아버지 생신이 언제인지 알려줘"
2,"폭풍 매미가 언제 서울을 벗어나는지 알려줘"
2,"오늘 하루종일 맑은지 알 수 있을까"
2,"세탁기 몇 분 남았어"
2,"이번주 수요일에 비가 얼마나 오니"
2,"이 메일 언제 보낸 거니"
2,"집에 작동되고 있는 전기제품 있니"
2,"오늘 해가 몇 시에 질까"
2,"동창회 하는 날은 언제인데"
2,"신림동 근처 문구점은 어떻게 간데"
2,"집중 호우가 언제부터 시작될까"
2,"거실에 불이 꺼져있니"
2,"여의도 한강공원 미세먼지 어떤지 알려줘"
2,"오븐 아직 켜져있니"
2,"할머니 집 방문이 언제였는지 아니"
2,"이번주 무슨 요일이 가장 춥니"
2,"회사에 보낸 메일에 답변이 왔는지 확인해줘"
2,"오늘 울산 미세먼지 농도좀 알려줘"
2,"이번 주에 눈 오는 날 검색해"
2,"외국인이 파는 이유가 뭘까"
2,"내일 일정이 없는 시간이 언젠지 알려줘"
2,"올해 광복절은 무슨 요일인지 알려줘"
2,"저한테 저녁 사주신다는 약속 아직 유효한 거죠"
2,"그래두 뭔지 몰라요"
2,"청담동 건은 어떻게 됐어 잘됐어"
2,"오늘 세탁기의 애벌세탁 할 자동시간을 알려줘"
2,"오늘 비가 몇 시쯤 오니"
2,"다음주 상해 눈 언제 오는지 알려줘"
2,"가습기 꺼져있니"
2,"요금 얼마니"
2,"오늘 세차지수 알려줘"
2,"쇼핑 메일함에 메일이 얼마나 있니"
2,"우리 삼 년 후에 파 보기로 했던 타임캡슐 아직 잘 있겠지 "
2,"강남구청 가려면 버스와 지하철 중 어느 쪽이 더 나은가요"
2,"빨리 풀리게 하는 방법 없니 "
2,"이번주 토요일 대구 날씨 알려줘"
2,"보통 너에게 온 메일 중에 제일 많이 오는 메일은 무엇이니"
2,"오늘 눈 몇 시까지 와"
2,"임시저장된 메일이 몇 통이나 있니"
2,"무역회사에서 주로 하는 업무는 무엇입니까"
2,"오늘 밤에 비 오는지 알고 있니"
2,"내일 첫스케쥴이 언제니"
2,"오늘 오후 서울 날씨 좀 알려줘"
2,"음료수 포함인가요"
2,"우박 언제까지 내려"
2,"경기도 인근 에버랜드는 어디냐"
2,"오늘 학교에서 온 메일 있니"
2,"다음주 수요일 비소식 알려줘"
2,"내일 오후 서울 날씨 알려줘"
2,"지하 불이 켜져있니"
2,"다음달 시골에 언제 내려가기로 했니"
2,"이번주 금요일에 도쿄 날씨 좀 알려줘"
2,"행주대교 남단 교통 흐름이 어떤데"
2,"눈 언제 오니"
2,"하늘에 해가 없으면 어떻게 되나"
2,"확인 안된 메일이 몇 개인지 확인해라"
2,"나 똥 싸고 변기 물 내렸냐"
2,"주식에 투자하는 것과 저축하는 것 중 어느 것이 나을까"
2,"오늘 날씨 보고 옷 어떻게 입고 나가야 할까"
2,"화장실에 불 켜져 있니"
2,"어제 몇 포인트로 마감되었어"
2,"다음주 금요일 저녁 약속 취소했니"
2,"내일 아침 일정 장소 알려줘"
2,"내일 날씨가 어떻게 돼"
2,"결혼기념일까지 며칠 남았니"
2,"언제 자외선 농도 가장 높니"
2,"외국에서 온 메일이 얼마나 있니"
2,"가스레인지 불 꺼져 있니"
2,"고객 예탁금이 얼마나 돼"
2,"원고 마감일이 언제인지 알고 있니"
2,"이천이십년 어떤 태풍이 오는지 검색해"
2,"오늘 학교에서 온 메일이 있니"
2,"이번주 토요일 속초여행 몇시에 출발해"
2,"내일 자외선 수치 알려줘"
2,"이번주 목요일 목포 기상 예보 보여줘"
2,"이 메일의 수신자가 누구로 되어있니"
2,"구월 십사일 부터 구월 십팔일의 날씨를 보여"
2,"오늘 약속이 있니"
2,"아기방 습도 몇 퍼센트인지 확인해줘"
2,"언니 보고 싶어서 눈이 짓물렀어요 우리 언제 보는 거죠 "
2,"욕실 세면대 물이 잠궈져 있니"
2,"이번달 고모 생일 언제인지 알려줘"
2,"내일 비 언제까지 내리는지 알아봐라"
2,"삼일 뒤 가평 날씨 알려줘"
2,"거실에 있는 에어컨 잘 꺼졌는지 확인 좀 해라"
2,"요번 달 이벤트 메일을 전부 보이렴"
2,"냉장고 온도 몇도인지 알려줄래"
2,"이번 폭염은 언제 끝나니"
2,"내일 오후에 서울에 비오니"
2,"오늘 저녁 미팅 시간이 언제인지 알려줘"
2,"그 분야는 미래가 어둡다는데 왜 주식을 팔지 않는 거야 "
2,"다음 달 후쿠오카로 가는 배 일정을 알려줄래"
2,"주식시장의 불법행위는 어떠한 것들이 있나요 "
2,"이 대리 일일 업무 보고 어떻게 됐어"
2,"막내는 며칠에 출장을 떠날껀데"
2,"이번주에 시험일정이 있니"
2,"전에 이야기했던 식사대접을 오늘 해도 되려 나요"
2,"이 주소가 주소록에 있니"
2,"지난 미팅 한 게 언제지"
2,"대대장입니다 강우식어머님 별고없으십니까"
2,"회사에서 온 메일중에 첨부파일이 있는 메일이 있니"
2,"오늘 점심에 눈이 얼만큼 쌓였는지 알려줘"
2,"과연 올해 안에 천이백선 도달할 수 있을까 "
2,"이번 달 공휴일 언제인지 알려줘"
2,"내일 저녁 강릉 날씨 어떠니"
2,"바울이 죄수의 몸으로 황제에게 재판받으러 가는 곳은 어디인가요"
2,"창동 주변의 찜질방 정보를 알려"
2,"오늘 오전 일정 알려줘"
2,"불 켜져 있는 방이 있니"
2,"문화방송 앞 도로 상황 좀 보여주렴"
2,"이번주에 점심약속 있는 일정 알려줄래"
2,"다음주 가장 더운날이 언제니"
2,"다음주 토요일 필리핀 날씨 알려줘"
2,"전기장판 전원이 켜져 있니"
2,"컴퓨터 앞에 누군지 보여줄래"
2,"이번주 비 예보확인 해줘"
2,"비상장 주식일 경우에도 스탁옵션 행사가 가능할까요 "
2,"동서대 근처 내과 어딘데"
2,"이번달 출장이 언제있니"
2,"어제 보낸 메일 중 수신 확인된 메일 몇 통이냐"
2,"이번 주 토요일에 친구와 약속 시간 확인해줘"
2,"이번 학기에는 몇 학점을 들을 예정이니 "
2,"병원에는 무슨 일로 입원하셨어요"
2,"동창회에서 메일이 왔는지 확인해줘"
2,"상견례 장소로 어디가 좋아"
2,"노트북 바데리가 얼마나 있니"
2,"사람의 아들은 누구인가"
2,"받은 편지함에 어떤 메일이 있는지 알려줘"
2,"이번 달 월급날이 언제야"
2,"현재 중부 상행선 교통 통제 구간은 어때"
2,"어제 보낸 메일에 답장이 왔는지 확인해줘"
2,"다음주 수요일 몇시에 마트에 가기로 했니"
2,"어제보다 미세먼지가 높니"
2,"내일 조별과제 모임 몇 시니"
2,"오늘 강남 날씨 좀 보여줘"
2,"올 거야 말 거야"
2,"여름휴가가 언제지"
2,"말복이 언제야"
2,"내일 친구들 언제 만나는 지 확인해줘"
2,"청구서 메일함은 다 지웠니"
2,"일월 필리핀 습도 좀 검색해줘"
2,"지금 체감온도를 알려줘"
2,"메일 날짜 순으로 정리 되어있니"
2,"강변북로에 고장 차량이 있니"
2,"오늘 날씨 언제 개니"
2,"이천십육년 일정 보여줘"
2,"이번 주에 교수님한테서 온 메일이 있니"
2,"조교님에게 보낸 메일 수신확인여부 좀 확인해줘"
2,"이번 달 생활비가 얼마인지 알려줘"
2,"오늘의 운세를 보여라"
2,"부모님께서 답장을 보내셨니"
2,"내일 비가 오니"
2,"업무 안내는 제대로 되는 거야"
2,"어제 내린 비의 양이 얼마나 되는지 알려줄 수 있니"
2,"여름방학은 언제 쯤 시작이야"
2,"티비 켜져있는지 확인해줘"
2,"도대체 날씨는 언제 좀 시원해지는거냐"
2,"내 방 컴퓨터 켜져있니"
2,"언제부터 황사오는지 알려줘"
2,"오늘 오후세시 날씨좀 알려줘"
2,"오늘 울릉도 해상 날씨는 어때"
2,"작년 첫 눈 언제 왔니"
2,"제습기 작동되고있니"
2,"칠월육일 어디 가기로 되어있니"
2,"내일 성당일정 있니"
2,"안녕하세요"
2,"베란다 불이 켜져있니"
2,"현재 경부 고속도로의 소통은 원활하니"
2,"고속도로가 빠를까 국도가 빠를까"
2,"고깃집에서 만나는 거냐 횟집에서 만나는 거냐 "
2,"메일 주소록 전부 지워졌니 "
2,"내일 치킨 어디에서 먹기로 했니"
2,"이번주 알바 시간표를 알려 줄 수 있니"
2,"다음주 토요일 강원도 날씨 검색해줘"
2,"메일이 보낸 이 순으로 정렬되어 있니"
2,"읽은메일 좀 지워졌니"
2,"다음주 수요일 제주도 강수확률 확인해 줄 수 있니"
2,"우편함에 몇 통의 우편이 왔니"
2,"콘센트에 충전기가 꽂혀있는지 확인해줘"
2,"현재 원효대교 북단 교통 원활할까"
2,"다음달 기일이 언제지"
2,"영화 예매 완료 메일이 도착했니"
2,"제주도 다음주 비오는지 알려줘"
2,"서류 전달 데드라인을 이일 미뤄져있니"
2,"가장 최근에 치과 검진 받은 날이 언제니"
2,"팔월 평균 온도가 어떻게 되니"
2,"열려있는 창문 있는지 확인해"
2,"스팸 메일함 비웠니"
2,"오늘 아침에 머하니"
2,"집에 아이가 지금 어디에 있는지 알려줘"
2,"다음 학회 일정이 언제부터였지"
2,"내일 저녁 약속 장소가 어디야"
2,"폐장하기 전에 또 한 번 갈까"
2,"막내학교는 언제 단체 영화 보러가니"
2,"다음달 봉사활동 몇번가야 하는지 알려줘"
2,"내일 불쾌지수가 어느 정도인지 알려줘"
2,"이틀후 회의 일정 확인해줄수있니"
2,"거래처와 어디서 만나기로 했나 "
2,"오늘 밤 열시의 온도가 몇 도니"
2,"이번달에 있는 고등학교 동창모임 날짜 알려줘"
2,"텔레비전 소리 볼륨 몇이니"
2,"이번 주에 남자친구 몇 번 만나기로 했니"
2,"사람이 옷을 벗으면 알몸이 된다 허수아비가 옷을 벗으면 무엇이 될까"
2,"예약금 걸 돈이 없는데 어쩌면 좋지"
2,"오늘 대구광역시 날씨 좀 검색해줘"
2,"대학에 가서 무엇을 할 건가요"
2,"휴대폰 수리 일정 언제니"
2,"읽은 메일들은 모두 지웠니"
2,"서울에 첫눈 언제 오는지 알려줘"
2,"장마가 언제 시작되는지 확인해줘"
2,"내일 일정을 모두 취소되어 있니"
2,"오늘 최저 기온이 어떻게 돼"
2,"제주도에 이번주 날씨가 어떤지 아니"
2,"어제 두산 베어스 팀 경기 관련 기사 검색"
2,"이번달 월급날이 언제인지 알려줘"
2,"다음주 주말에 일정 있니"
2,"오늘 저녁 식사 약속 어디인 지 알려줘"
2,"장학금 받으려면 성적이 얼마나 되야 하지"
2,"이번주 목요일 미용실 예약이 몇시지"
2,"새로운 메일이 있니"
2,"둘째누나 결혼식이 언제야"
2,"너 지표 분석 할 줄 아니"
2,"오늘의 미팅 주제가 뭐지"
2,"장마가 잠시 멈추는 날을 알려줘"
2,"문이 닫혀있는지 알려줘"
2,"이번주 목요일 일몰 시간 좀 알려줘"
2,"다음주 날씨 확인해 알려주겠니"
2,"자동차 어디에 주차 되어있는지 알려줘"
2,"화장실 몇도니"
2,"다음달 결혼식 일정이 언제언제 있니"
2,"등산가들이 부르는 주제가는"
2,"내일 눈이 오는지 아니"
2,"일주일 뒤 가는 동물병원 시간 알려줘"
2,"오늘 기온 검색해서 가디건 들고 나갈지 알려줘"
2,"오늘 오후에 친구 만나기로 했니"
2,"이번주 일요일에 친구와 어디서 만나니"
2,"오늘 오전에 온 메일이 있니"
2,"오늘 해운대에 비가올 확률이 어떻게 되니"
2,"이번에 취직했다던데 어떤 회사야 "
2,"내일 새벽 서울 날씨 어떤지 아니"
2,"양재역 주변에 아직도 공사하는지 알 수 있을까"
2,"날이 언제부터 따뜻해지니"
2,"대구에 폭염주의보가 내려졌는지 알려줘"
2,"어제 너 과음했는데 괜찮아 "
2,"오늘 사야될 게 뭐였는지 알려줘"
2,"백야 현상이 무엇인지 알고 있어 "
2,"지금 집 온도 몇 도야"
2,"화장실에 수도꼭지가 틀어져 있는지 확인해"
2,"오늘 폭염인지 알려줄 수 있니"
2,"주식 투자는 운입니까 실력입니까"
2,"내일 아침 일정이 있니"
2,"점심은"
2,"현관문 조명 켜져 있니"
2,"까쓰중독 기사를 모두 보여라"
2,"가스 꺼졌는지 체크해"
2,"어제보다 오늘 얼마나 더 추운지 알려줘"
2,"사람들은 왜 주식을 사는 것일까 "
2,"보일러가 켜져있니"
2,"오늘 내려진 주의보나 경보 있니"
2,"내일 아침 서울과 대구의 기온 차가 얼마나 되니"
2,"오늘이 로또 발표하는 날인가"
2,"막내 결혼식이 앞으로 몇일 남았니"
2,"이번달에 비오는 날좀 알려줘"
2,"설교를 잘못하시는 목사님이 설교를 오래 하는데도 교인들의 시선이 강단을 떠나지 않는 이유는"
2,"구리에 있는 일식 전문점 어떻게 갈까"
2,"내후년 대선에 관한 새로운 소식 나왔니"
2,"성적 공개 메일이 도착했니"
2,"다음주 주말 날씨 알려줘"
2,"혹시 국문학사 시험 범위 알고 있어"
2,"오늘 경기 비와서 취소 됐니 "
2,"추운데 왜 옷을 얇게 입고 다녀"
2,"부산 날씨 좀 알려줘"
2,"쉽게 할 수 있는 레져 스포츠 없어 "
2,"보일러 껐는지 확인해줄래"
2,"온도가 몇 도야"
2,"어제 간 파스타집 주소를 아니"
2,"오늘 받은 메일 몇 개인지 확인해줘"
2,"세탁기 탈수는 끝났냐"
2,"내일 무슨 수업 있는지 알려줘"
2,"안양예술공원 갔던 날이 언제였니"
2,"내일 시간 괜찮나요"
2,"다음주 발리 날씨 알려줘"
2,"스팸 메일함에 워크샵에 관한 메일이 있니"
2,"김초롱 어제 경기 관련 기사 찾아주렴"
2,"메일 저장공간 남았니"
2,"오빠 생일이 언제니"
2,"주말에 눈이 오니"
2,"내일 아침 황사가 오는지 아니"
2,"오늘 온 메일 확인해줘"
2,"칠월에 여행가기에 날씨 좋은 나라 알려줘"
2,"군내 구타 및 자살사건에 관련된 소식을 모두 찾아라"
2,"오늘 삭제한 메일이 얼마나 있니"
2,"스팸 메일함에 편지 있는지 확인해"
2,"기상 특보 발령 지역의 지도 보여줄래"
2,"이번주 목요일 예상 평균 풍속 찾아봐"
2,"최근에 보낸 메일 상대방이 읽었는지 확인해줘"
2,"다음달 두번째주 토요일 일정이 뭐니"
2,"오늘 오전 열시에 온 메일이 있니"
2,"생필품 구매일을 다음주로 변경 가능하니"
2,"이걸로 흰색 있나요"
2,"조깅하면 한 시간에 몇 칼로리가 소모될까"
2,"내일 속초 체감온도가 몇도니"
2,"옷장에 여유 공간이 있니"
2,"십일호 태풍의 영향이 언제까지 지속되니"
2,"오늘 오후 여섯시에 어디로 가야하니"
2,"이번 주에 눈 많이 오니"
2,"지지난주 주말 일정 알려줘"
2,"신나는 음악은 뭐가 있니"
2,"전송실패 된 메일이있는지 알려줘"
2,"어제 회사에서 온 메일 지웠니"
2,"어제 주문 확인 내용 메일 삭제했니"
2,"오늘 부산 비 얼만 큼 내려는 지 알려줘"
2,"얼마나 그런 거야 나는 보여"
2,"태풍 언제까지 지속되는지 알려줘"
2,"안방 화장실에 조명이 꺼져있는지 확인해"
2,"이번주에 오는 태풍의 이름이 무엇인지 알아봐라"
2,"제 짐은 어디서 찾나요"
2,"오늘 안개 많이 꼈니"
2,"아테네 올림픽 관련 기사를 보여줄래"
2,"신청서 오늘 몇 시까지 내야하니"
2,"내일 친구랑 어디 가기로 했니"
2,"다음 주에 계속 비 오는지 알려줘"
2,"실내 온도 좀 알려줘"
2,"다음주 김선희 생일이 언제인지 알려줘"
2,"내일 오전 대구 날씨 좀 알려줘"
2,"이번주에 일정이 가장 많은 요일이 언젠지 알려줘"
2,"부산에서 제일 안 아프게 치료하는 치과는 어디니"
2,"다음주 월요일에 비가 오는지 알려줘"
2,"평가 관련 일정 전부 알려줄 수 있니"
2,"광고 메일이 모두 지워졌니"
2,"이번 한 달간 누구와 가장 많이 메일을 주고받았니"
2,"비행기에 몇 시에 예약했데"
2,"메일의 용량을 더 늘릴 수 있니"
2,"부산대 앞 컴퓨터 부품 파는 곳"
2,"현관문 잠겨있는지 확인해줘"
2,"아직 일하냐"
2,"오늘 밤에 몇 도 까지 떨어지니"
2,"수강신청 날짜 알려줘"
2,"토요일 약속 장소는 어디야"
2,"회사에 복장 규정이 있나요"
2,"언제까지 비우면 되는데"
2,"회사로부터 받은 모든 메일의 수신여부를 확인해줘"
2,"내일 강수 여부 아니"
2,"휴지통 복원할수있니"
2,"어제 오전에 온 이메일 누군지 좀 알려줘"
2,"오늘 눈이 오는지 확인해줘"
2,"여행사에서 온 메일 확인했니"
2,"다음달 시험까지 며칠 남았는지 알려줘"
2,"오늘 전체 일정 좀 알려줘"
2,"내일 오후 서울의 날씨 알고 있니"
2,"내일 오후 인천 앞바다 풍속이 어떻게 되니"
2,"오늘 습도 높니"
2,"요즘에 차 유지비 많이 나가니  "
2,"내일 저녁 술약속이 있니"
2,"그날 잘 들어가서 쉬셨나요 "
2,"목요일에 태풍이 오는지 알려줘"
2,"오늘 많이 더운지 알려줘"
2,"이번주 친구랑 약속 몇시니"
2,"회사에서 의료비 지원을 해주니"
2,"오늘 헬스장 스케줄 확인해줘"
2,"월요일 날씨 알려줘"
2,"맨 앞에서 탈까 맨 뒤에서 탈까 "
2,"안방에 불 꺼져있니"
2,"올해 조기축구대회가 언제인지 알려줘"
2,"오전에 갈까 오후에 갈까 열 두시쯤에 어때"
2,"오늘 비가 언제쯤 그치는지 알려줘"
2,"아라 자매 애기 백일이 언제지"
2,"동생 생일이 언제니"
2,"작은방 에어컨 켜져있는지 확인 좀 부탁해"
2,"무역회사에서 주로 하는 업무는 무엇입니까"
2,"내일 날씨가 궁금해 전국날씨로 검색해줘"
2,"생일파티 하려고 하는데 이번 주 토요일이랑 일요일 중에 언제가 더 좋아"
2,"어느 나라로 유학 가는 게 좋을까 "
2,"이번주 영덕 강수량 좀 검색해줘"
2,"메일에 있는 첨부파일명 알려주겠니"
2,"오늘 구름이 많은 날씨인지 알려줘"
2,"오늘 미세먼지 농도가 좋음인 시간대가 있니"
2,"오늘 친구 몇시에 오는 지 알려줘"
2,"이천 사년 구월 일일이 무슨 요일인지 찾아다오"
2,"장마가 언제부터 시작될지 알려줘"
2,"프랑스의 화폐가 뭐니"
2,"오후 일정 몇개 있는지 알려줘"
2,"물건을 자주 잃어버리나요"
2,"상승을 주도하는 업종과 테마를 찾아라"
2,"이번 주에 갈 교회 이름이 뭐지"
2,"세탁기 전원 꺼져있는지 확인해줄 수 있니"
2,"다음주 일요일 일정에 대해 알려줘"
2,"김영수에게 메일이 왔는지 확인해줄래"
2,"거실에 불 꺼져 있니"
2,"네이버 메일에서 지메일로 바꿔서 로그인 할 수 있냐"
2,"원효대교 소통 어때"
2,"거래처에 보낸 메일의 회신이 왔니"
2,"작년 여름 대회가 언제였는지 알려줘"
2,"메일 용량 얼마나 남았니"
2,"호법 분기점 교통 흐름을 보여주련"
2,"정민철 선수 연봉 사억 원 관련 기사를 찾아줄래"
2,"이번 여름 방학 개학일 알려줘"
2,"내일 몇시까지 출근이야"
2,"이번 주 토요일 결혼식 몇 시인지 알려줘"
2,"이번 달에 목표 달성을 몇 개나 했어"
2,"사내전산망이 왜 고장났지"
2,"아무도 없을 때 집에 누가 방문했는지 알려줘"
2,"이번주 날씨 어때"
2,"박찬호 올해 성적 관련 기사 찾아다오"
2,"내게 쓴 메일함에 회사 메일이 있는지 확인 가능하니"
2,"중요 메일함에 있는 메일 휴지통에 넣었니"
2,"도우씨한테 갈 수 있을까"
2,"정관이에게서 새로 온 메일이 있니"
2,"모래 로스앤젤레스에 비 강수량이 얼마니"
2,"언제까지 덥대"
2,"이번주 금요일에 비가 올것같니"
2,"이번주에 캠페인 하니"
2,"다음주 눈오는 날이 언제인지 알려줘"
2,"이번주 미세먼지가 심한 날들을 아니"
2,"현관문 잠겼는지 확인해줘"
2,"기상특보좀 알려줘"
2,"오늘 시간당 강수량이 이십미리를 초과하는 지역은 어디니"
2,"항공으로 얼마죠"
2,"내일이 오늘보다 추운지 아니"
2,"병원 예약하려면 어떻게 해요"
2,"친구한테 답장이 왔니"
2,"한달 이전에 보낸 메일 삭제되어있니"
2,"혹시나 저축 은행이 망해도 원금을 보장 받을 수 있나요 "
2,"일주일 전 보낸 메일 읽어졌니"
2,"수영 레슨 받는 날이 매주 몇요일이니"
2,"왜 일본은 비 오는 날이 많죠"
2,"십이월 어디가 제일 춥나요"
2,"학교에서 온 메일 몇 개니"
2,"언제쯤 맑은 하늘을 볼 수 있을까"
2,"거실에 있는 캠이 꺼져있니"
2,"기념일 메일 왔니"
2,"내일 현준이와 몇 시에 만나기로 했지"
2,"오늘 구름이 많니"
2,"월요일 오후 세시 비가 얼마나 오니"
2,"공포증을 가지고 있나요"
2,"이번에 살 새로운 카라반을 판매하는 회사 이름을 아니"
2,"지금 서귀포에 안개 주의보가 발령됐니"
2,"더위가 언제까지 이어지는지 확인해줘"
2,"내일 강수량 좀 알려 줄래"
2,"서해안의 팔월 평균 해수온도는 어떻게 되지"
2,"뒤에서 무릎 구부릴 때 찍은 사진 가지고 계세요"
2,"서울에 풍속량을 알려줘"
2,"이번 주에 오후 기온이 삼십도가 넘는 날이 얼마나 되니"
2,"오늘 미세먼지 수치 어떤지 알려줘"
2,"에어컨이 꺼져 있는지 확인해라"
2,"인천 공항 근처 롯데리아는 어떻게 가니"
2,"작년에 첫 눈이 내린 곳이 어디였지"
2,"홍은동 녹번역 구간 교통상황은 어때"
2,"현재 전국의 풍량은 어떤가"
2,"중요 메일함에 저장한 메일들이 몇 개나 있냐"
2,"다음달 결혼식 일정 몇번이니"
2,"이번주 금요일에 날씨가 맑아"
2,"다음주의 평균 기온 알려줘"
2,"이번 달 전기 사용량이 얼마나 돼"
2,"공처가와 애처가의 공통점은"
2,"이번 달에 영화를 몇 번 봤는 지 알려줘"
2,"내일 점심 약속이 어디에서 있는지 알려줘"
2,"이베이에 답장을 보냈었니"
2,"그럼 강소영 말이 진짜였어"
2,"모레 지호엄마 몇 시에 어디서 만나기로 했지"
2,"오늘 최고 기온 알려줘"
2,"지금 스피커 볼륨 몇이니"
2,"이번에 차량을 바꾸려고 하는데 소나타가 낳을까 아님 투스카니가 낳을까 어차피 이천 씨씨 탈 거니까"
2,"예약 발송 해 놓은 메일 잘 보내졌니"
2,"어제 오후 날씨 대비 오늘 오후 날씨 알려줘"
2,"왜 그래"
2,"내일 바람 얼마나 부니"
2,"이번주 비오는 날이 언제인지 알려줘"
2,"삼십삼도가 넘는 요일 좀 알려줄래"
2,"오늘 강수 확률 알려줄래"
2,"용호동 천주교 묘지 앞 길 정체되나"
2,"사업상 목욕을 할 수 없는 사람은"
2,"월요일에 어디서 만나기로 했니"
2,"중복이 언제지"
2,"팔월달에 방탄소년단 콘서트 언제니"
2,"명일동 부근 하이마트는"
2,"내일 춘천 가는데 우산 필요한지 찾아봐줘"
2,"오늘 반팔 입어도 될까"
2,"최근 한 달 동안 학교에서 메일이 온 적이 있는지 확인해줘"
2,"가스 밸브 열려있니"
2,"세미나를 누구랑 가기로 했었지"
2,"내일 엄마랑 바다 몇시에 가기로 했는지 알려줘"
2,"메일 비밀번호를 조금 어렵게 바꿀까"
2,"내일 새벽에 비가 올 지 알려줘"
2,"목소리가 왜 그렇게 안 좋아"
2,"구월의 부산 지방의 전반적인 기상 정망은 어때"
2,"십일번가 결제내역 메일 왔니"
2,"오늘 서해 바다 풍속은 어때"
2,"오늘 비가 언제 그칠 지 알려줘"
2,"오늘 날씨좀 알려줘"
2,"다음주 제일 미세먼지 없는 날 검색해줘"
2,"저번주에는 비 몇번 왔는지 알려줄 수 있니"
2,"어제 베이징 날씨 어땠는지 보여주라"
2,"내일 눈오는지 알려줘"
2,"교수님께 오후에 온 메일이 있는지 확인해줘"
2,"참조로 온 메일 있니"
2,"부엌에 불 켜져 있니"
2,"온 세상의 하늘 밑을 무엇이라 부르는가"
2,"캠핑 차로 여행하기 가장 좋은 날씨 알려줘"
2,"모레 화창한지 알려줘"
2,"오늘 밤에 우박이 내리니"
2,"천사의 반대말은"
2,"왜 걔한테 불똥이 튀었어"
2,"통장을 만들려면 뭐가 필요한지 아니 "
2,"티브이 켜지는 시간이 언제지"
2,"전기 검침일이 언제인지 말해"
2,"친구 집에 언제가니"
2,"이번달에 학교에서 온 메일이 몇통이니"
2,"내일 영화 몇 시에 보기로 했니"
2,"하나님이 주신 약은 신약과 구약이다 그러면 하나님이 말씀으로 주신 약은 무엇인가"
2,"내일 아침 알람이 몇 시에 맞춰져 있니"
2,"혹시 성적이 나왔다는 메일이 도착했니"
2,"정서진 일몰 시간좀 알려줄래"
2,"아직 거실에 난방 켜져있니"
2,"우리집 티비랑 컴퓨터랑 연결할 수 있냐"
2,"다음달에 해외 나가는 일정 있다면 알려줘"
2,"오늘 바람이 많이 부니"
2,"내일 평창 날씨 아니"
2,"이번주 소나기가 언제 내리는지 좀 알려줘"
2,"휴가기간 알림 답장 설정했니"
2,"프랑스 여행 갔던 날짜 알려줘"
2,"현재 미세먼지 농도 어때"
2,"남부내륙의 날씨를 알려줘"
2,"내일 예천 강수량 좀 알아 봐라"
2,"다음달에 수업 언제언제 있니"
2,"오늘 전국 날씨가 어떤지 확인해"
2,"내일 많이 더울까"
2,"토요일 오후 세시에 몇도인지 알려줘"
2,"최경주 선수의 근황 관련 기사 찾아주련"
2,"아빠 생신이 무슨 요일이니"
2,"이번주 일요일 전주 날씨 어때"
2,"남산터널에서는 왜 통행료를 내야 하는 거야"
2,"반품 처리 관련 이메일 왔는지 확인해봐"
2,"쇼핑몰에서 오는 메일은 모두 즉시 삭제 했니"
2,"영화 관련 기사를 찾아라"
2,"나랑 내 친구들이 너에게 메일을 보냈는지 확인해 줘"
2,"언제쯤 비가 내리는지 알려줘"
2,"오늘 가장 선선할 때가 언제인지 알려줘"
2,"다음 병원 예약이 언제 있는지 봐줘"
2,"지금 텔레비전에서 음악 캠프하지 "
2,"누구냐의 이북 사투리는"
2,"언제쯤 저녁 시간이 편하신가요"
2,"추석특집 영화 관련 소식 보여라"
2,"등산하기 가장 좋은 날짜 언제니"
2,"다음주 토요일에 비가 오는지 알려줘"
2,"서울시내 마을 버스 노선 기사를 찾아"
2,"전기장판 온도가 몇도니"
2,"우리나라 옛 지도의 종류 좀 알려주세요"
2,"형 오늘 언제 갈껀지 조금 있으면 많이 막힐 것 같음"
2,"편지함에 메일 몇 개 있는지 확인해"
2,"방금 도착한 메일 누구에게 왔니"
2,"내일 구름 많은지 알려줘"
2,"온몸이 근지러워지는 노래는"
2,"월간 평균 강수량을 알려줘"
2,"이번주 화요일 날씨 어떠니"
2,"이천십년 전에 온 메일이 보관함에 남아있니"
2,"지금 독도의 날씨 알려줘"
2,"내가 마지막에 보낸 메일이 뭐지"
2,"오늘 평창에 눈이 오니"
2,"막내 소풍가는 날짜가 언제인가"
2,"오늘 눈이 가장 많이 온 지역의 강설량 알려 줘"
2,"다음달 회식은 몇시에 있니"
2,"내일 오전 인천공항 날씨가 어떤지 알려줘"
2,"회사에서 온 메일 모두 보관함에 넣었니"
2,"다음주 과제 제출이 언제까지인지 말해줘"
2,"긴급 메일 도착한 것이 있니"
2,"열대야는 언제까지 계속되니"
2,"칠월 삼주차 날씨 예보를 알려줘"
2,"대방동 미세먼지 농도를 알려줘"
2,"작년 오월 최고 기온 몇 도 였는지 알려줘"
2,"오늘 저녁에 쇼핑 갈까 술 한 잔 할까"
2,"이번 달 무선인터넷 사용료 내는 날은 언제야"
2,"화요일에 일본 도쿄 날씨 찾아봐"
2,"별도의 계좌 유지 수수료가 있나요 "
2,"오늘 토론토 날씨가 맑니"
2,"다음주 화요일에 비가 오니"
2,"이제서야 접영 시작했잖아 그런데 왜 안 되는지 모르겠어"
2,"십이월 일일에 연주회일정 어디서 있니"
2,"발신함에 이메일이 총 몇 개니"
2,"그 카드에는 어떤 할인혜택이 있는데 "
2,"혹시 안 좋은 일이라두"
2,"내일 오륙도의 파고는 얼마나 높지"
2,"오늘 서울 날씨는 어떠니"
2,"오늘 긴 팔 입을 날씨인 지 확인해"
2,"헬스 코치가 너 안 보인다고 묻던데 오늘 왜 안 왔어 "
2,"오늘의 일교차가 어떻니"
2,"새 메일 중 정보라는 단어가 든 이메일 얼마나 되는지 확인해"
2,"날씨도 좋은데 데이트 약속 없어 "
2,"이번 주 일요일이 곗날 맞지"
2,"가족 모임 몇일인지 알려줘"
2,"어머니 생신 날짜를 좀 알려줄래"
2,"보험 종류에는 종신보험 외에 또 어떤 것들이 있지요"
2,"오늘 우리집 방문한 사람 있니"
2,"부모님으로부터 메일 왔니"
2,"사자가 소리내어 읽는 말을 무엇이라 하는 가"
2,"내일 황사가 오니"
2,"폭풍경보가 내려진 지방은 어디지"
2,"다음달 영화 시사회 일정이 언제였니"
2,"일년중 가장 건조한 기간 언제니"
2,"이번 건강검진 날짜가 언제니"
2,"오늘 오후 소나기 있는지 알려줘"
2,"실내 습도 어떻게 되니"
2,"대구 몇 시에 도착일까"
2,"오늘 흐린지 알려줘"
2,"요새 계속 더워지는 이유 알아"
2,"내일 습도는 몇 퍼센트인지 알려줘"
2,"강남의 교통상황을 보여주렴"
2,"휴지통에 이메일이 얼마나 있니"
2,"내일 반팔 입어도 될까"
2,"첫눈 오는 날이 언제야"
2,"이번주에 폭염 날씨는 언제 인지 알려줘"
2,"오늘 서울 날씨 알려줘"
2,"비 언제까지 오니"
2,"올해 이월에 온 메일 제목 모두 알려줘"
2,"올해 석가탄신일이 언제니"
2,"여행 기간 동안 비가 내리니"
2,"베란다 문이 열려있는지 확인해줘"
2,"냉장고 온도 좀 확인해 줄 수 있니"
2,"오늘 몇시에 친구약속이니"
2,"근데 나한테 꼭 해야 할 말이 뭐야"
2,"오늘 몇시에 장민하가 이메일 보냈지"
2,"어제 마지막으로 받은 메일이 몇시에 도착했니"
2,"도산공원 부근 미장원 어디래"
2,"마지막 운동한 게 언제인지 알려줘"
2,"이학기 기말고사가 언제니"
2,"아르바이트 월급 받아서 뭐 할거야 "
2,"다음주 시험 일정 알려줘"
2,"난 요새 늘 놀기만 하는데 넌 뭐하니"
2,"오늘의 헤드라인 기사 뭐야"
2,"필라테스랑 요가랑 뭐가 다른 거야"
2,"오늘 뉴스 속보는 뭘까"
2,"다음달 캠핑 일정이 언제니"
2,"안에는 뭐가 들었나요"
2,"오늘 아침에 길이 미끄러운지 확인해줘"
2,"이번 제헌절 빨간날이니"
2,"이번달 미팅 날짜 알려줘"
2,"내가 가스 불을 끄고 나왔는지 확인해줄 수 있니"
2,"아버지 생신이 언제니"
2,"숙명여대 앞 과일 전문점은 어디에 있어"
2,"제주도 앞바다에 풍랑주의보가 났는지 알려줘"
2,"뭐야 왜 연락 안 하는데"
2,"왜 얘기 안 했냐구"
2,"어제 몇 년만의 최고 더위였는지 알려줘"
2,"거실 불 켜져있니"
2,"회사로부터 받은 메일이 몇 개나 있니"
2,"난방 온도 몇 도야"
2,"오늘 날씨가 많이 덥니"
2,"비 언제까지 오는지 알려줘"
2,"내일 폭풍 메미가 몇시쯤 서울을 지나가니"
2,"어디야 지금"
2,"십일월 몇일부터 눈이 올까"
2,"지금 실외온도는 어떻게 되니"
2,"이주 뒤 쉐어생 들어올 날짜를 알려줘"
2,"필리핀과 태국중에 어디 상품이 더 싸니"
2,"오빠 요새 잘 지내고 있나요"
2,"아이피 주소 앞자리가 일사이로 시작하는게 있니"
2,"오늘 오후에 어디로 가야하니"
2,"태풍이 한반도에 언제 상륙해"
2,"거실 온도 몇도인지 체크해줘"
2,"마주앙 오픈 여자 골프 소식 찾아줄래"
2,"아버지 생신 언제인지 알려줘"
2,"내일 새벽 풍속이 어느 정도로 부니"
2,"작년 동창회가 강남역이었어"
2,"내일 밤 친구들과 저녁식사가 몇시인지 아니"
2,"어젯밤 새 메일 중 알림 이메일 찾아보렴"
2,"성냥만 있고 담배는 없는 사람을 무엇이라고 하나"
2,"학원 다니는 게 나을까 과외 나을까 "
2,"다음 월드컵 개최국 관련 기사 찾아다오"
2,"이번주 금요일 생일인 사람 확인해줘"
2,"오늘 새벽 날씨 어떤지 아니"
2,"지금 실내온도가 적정온도인지 확인해줄래"
2,"어제 보낸 메일 수신확인 됐니"
2,"오늘 충전상태는 어떻지"
2,"대학교 과제 주로 메일로 처리하니"
2,"장마 시작 날짜가 언제니"
2,"올해 내 생일 무슨 요일이야"
2,"지난 주에 있던 미팅 어디서 했었지"
2,"웃시야 왕이 성소에서 분향할려고 하는 것을 가로막은 대제사장은 누구일까요"
2,"태풍 소식이 있는지 알려줄래"
2,"다음주에 비는 안오는지 확인해봐"
2,"화장실 물이 지금 잠겨져 있니"
2,"마이클잭슨이 보낸 이메일 발신날짜가 몇월몇일이야"
2,"소가죽을 입고 사는 황금벌레를 여섯 자로 하면"
2,"이번주 울산 평균 기온이 몇이니"
2,"회사에서 온 메일이 있는지 확인해줘"
2,"가스 벨브 잠겨져 있니"
2,"할아버지 기일이 언제인지 알려줘"
2,"내일 날씨좀 알려줄 수 있니"
2,"내일 영화 관람 일정이 몇시에 있니"
2,"오늘 일몰 시간좀 알려줘"
2,"거실 불 꺼졌니"
2,"오늘 교수님한테서 메일 왔니"
2,"시험 날짜 확실한거야 큰일이다"
2,"거실에 티브이 껐니"
2,"너 수영 꽤 오래했지 어때 살 좀 빠졌냐 "
2,"안읽음 표시된 메일 중에 중요 표시된 메일 있는지 확인해줘"
2,"마지막으로 빨래한게 언제니"
2,"커피포트 전원 꺼져있는지 확인해줘"
2,"취약과목은 어떻게 해야할지 모르겠어"
2,"어떠세요"
2,"내일 안개 얼마나 끼니"
2,"프로야구 포스트시즌 티켓 예매가 언제 시작하니"
2,"거래처 수신확인 했니"
2,"이번주에 언제 가장 더운지 알려줘"
2,"이번주 월요일에 비가 오니"
2,"내후년 대선에 관한 새로운 소식 나왔니"
2,"냉장실 설정온도가 영도 이하니"
2,"오늘 오전에 비오는지 확인해줘"
2,"중요메일만 불러올 수 있니"
2,"오늘 영덕에 비가 오니"
2,"케이 원이라는 것에 대한 기사 어떤 내용이지"
2,"수리 업무는 어느 업체에 맡겨야 할까"
2,"핸드메이드 관련 메일이 왔니"
2,"이번달에 여행언제 가는게 좋니"
2,"알았어요 얼마나 되죠"
2,"스피커 켜져있나 확인해줘"
2,"어제 보낸 메일 중 수신이 확인된 메일 몇 통이래"
2,"요즘 우리나라 골프 선수들의 근황을 찾아주렴"
2,"다음주 수요일 제주도 날씨 어떤지 검색해줘"
2,"아마존이 스팸처리 되어있니"
2,"다음 주에 태풍 오니"
2,"추가된 일정에 해당되는 사람은 누군지 알려다오"
2,"편식이 아무리 심한 사람이라도 어쩔 수 없이 먹는 것은"
2,"탁구 프로 투어 랭킹에 관한 기사를 찾아줄래"
2,"내일 오후 일정 있니"
2,"오늘 삼겹살 먹을까 스테이크 먹을까"
2,"내게 쓴 메일 함 있는 메일 개수 알려줘"
2,"눈이 언제오는지 알려줘"
2,"내일 미팅일정 알려줘"
2,"메일이 크기 순으로 정렬되어 있니"
2,"미세먼지 농도 좋은 날 알려줘"
2,"내일 야외활동하기 적합하니"
2,"오늘 아침에 눈이 얼마나 내리니"
2,"내일 저녁에 약속이 있던가"
2,"오늘 뉴스메일이 몇개나 있니"
2,"이번주 맑은 날이 언제인지 알려줘"
2,"에스유브이와 알브이 중 어느 것이 더 경제적일까 "
2,"오늘 기온이 몇 도나 되"
2,"수요일에 날씨가 어떠니"
2,"주말에 외출해도 되니"
2,"이번 크리스마스에 눈이 오는지 알려줘"
2,"코끼리와 고래를 결혼시켜서 태어난 말은"
2,"인덕션 꺼졌는지 확인 좀 해라"
2,"오늘 공기청정기 작동했었니"
2,"다음달 회사 미팅이 언제니"
2,"나의 발표는 언제야"
2,"야간자율학습 하던 때가 그립지 않니 "
2,"이번 달 경조사 몇 개나 있니"
2,"오늘 몇시에 친구와 저녁약속이 잡혔니"
2,"보일러 켜져있니"
2,"내일 최고 풍속이 몇이니"
2,"우리 학교에는 등산 동아리 없니"
2,"교보문고에서 뭐 살건데"
2,"이번 반상회는 어디서 하니"
2,"내일 부모님과 언제 외식하니"
2,"뉴욕 증시 마감 시황이 궁금해"
2,"한국의 국가 경쟁력 관련 기사를 찾아라"
2,"내일 개인 트레이닝 수업이 어떻게 되니"
2,"박물관 전체 관광 소요시간은"
2,"수요일 아침 온도 알고 있니"
2,"교수님한테 메일 보내라는거 제대로 보냈냐"
2,"오늘 습도가 얼마나 되지"
2,"인간은 신을 점점 멀리하고 있다고 외치는 사람은"
2,"어제 사장님께 메일 보냈었는지 확인해줘"
2,"이번주에 외부 미팅관련 일정 다 알려줘"
2,"미얀마 호텔에서 예약 확인 메일 보냈는지 확인해라 "
2,"팔월 육일에 일정 뭐 있니"
2,"이 호선 타면 돌아서 가는데 충무로 쪽으로 가는 게 빠를까 교대 쪽으로 가는 게 빠를까"
2,"오후에 비가 얼만큼 내렸는지 강수량 좀 알려줘"
2,"오늘 달 지는 시간 알려줘"
2,"오늘 편지 몇 통 왔니"
2,"일요일 날씨 알려줘"
2,"에스유브이와 알브이 중 어느 것이 더 경제적일까 "
2,"오늘 오전에 학교에서 온 이메일 수신여부를 확인해줘"
2,"이번에 취직했다던데 어떤 회사야 "
2,"로봇청소기 돌아가고 있니"
2,"이번주 목요일 머하는지 알려주세요"
2,"이 메일 저장했니"
2,"휴지통에 메일이 몇 개 있는지 확인좀 해줘"
2,"이번주 맑은날이 언제인지 아니"
2,"남자친구랑 사백일 기념일 언제인지 알려줘"
2,"제일 최근에 회사에서 온 메일이 언제인지 체크해"
2,"음성메시지 온것 있니"
2,"이번주 수요일에 강원도 비와"
2,"현재 비행 날씨 알려줘"
2,"오늘 최고기온 알려줘"
2,"여유자금이 생길 때마다 자유롭게 저축하는 상품은 없나요 "
2,"해외 송금 어떻게 하는 거야"
2,"내일도 오늘만큼 춥니"
2,"우리 학교에는 등산 동아리 없니"
2,"인천방향의 국도 상황은 어떤지 파악하고 싶어"
2,"비가 가장 많이 내리는 지역 검색해줘"
2,"이번달 공과금 내역 메일 왔니"
2,"첫눈이 언제 내리는지 확인해줘"
2,"옛날에 우리 같이 수업 빠지고 놀러 다니던 일 기억나니"
2,"어제 메일 수신 확인이 되었는지 봐"
2,"자외선 지수가 얼만큼인지 알려줘"
2,"오늘 마스크를 쓰고 나가야 하는지 알아봐줘"
2,"인터넷 뱅킹 신청하려면 뭐 뭐 필요해 "
2,"이번 달에 선연이를 만날 날이 무슨 요일이었지"
2,"현대 하이닉스 관련 기사를 찾아라"
2,"내일 영화관 데이트 몇시에 만나"
2,"어제 종방된 드라마에 대한 기사를 찾아라"
2,"다음주 파리여행 요일을 알려줘"
2,"박찬호의 연봉 관련 기사 찾아다오"
2,"내일 습도가 뭐지"
2,"현재 경부 고속도로의 날씨는"
2,"이번주 최저 온도는 몇도인지 아니"
2,"피부과에서 아쿠아필 관련 메일이 왔니"
2,"다음 주 월요일 서울 날씨 어떻니"
2,"이번 주 전국의 날씨는 어떻지"
2,"다음 주 중 햇빛이 쨍쨍할 요일을 알려줄래"
2,"아 벌써 유월이야 이번 달 안에 볼 수 있을까"
2,"내일이 내가 발표할 차례인 거지 "
2,"배 괜찮아"
2,"메일을 가장 많이 보내는 곳이 어디니"
2,"시청 로타리 차량 통행 상황을 보여주렴"
2,"첨부 파일이 포함된 메일 중 아직 안 읽은 게 있니"
2,"혜원씨가 아무 말 안해"
2,"내일 새벽에 대전 날씨 어떤지 아니"
2,"에어컨 꺼져있니"
2,"해운대에서 연인들이 제일 많이 찾는 커피숍은 어디니"
2,"학교 수영장 자유수영 어때"
2,"다음주 화요일에 스케줄이 있니"
2,"오늘의 유가를 보여주렴"
2,"구월 오일 교수님에게서 온 이메일 지운편지함에 있니"
2,"다음주 금요일 미세먼지량 좀 알려줘"
2,"내일 오전 인천 날씨 좀 검색해줘"
2,"내일 최저 기온 얼마니"
2,"오늘 중국 미세먼지 지수 좀 알려줘"
2,"내일도 춥니"
2,"창원 어제 날씨 알려줘"
2,"잘 지내는지 궁금하네"
2,"칠월 십사일 날씨 알려줘"
2,"올해 내 생일이 무슨 요일이니"
2,"오늘 온 메일이 얼마나 있니"
2,"이번주 금요일 몇시에 네네치킨에서 만나는지 알려줘"
2,"오늘 에스케이정유 하한가가 얼마니"
2,"내일 적설량 알려줄래"
2,"자동차 말고 다른 교통 수단은 뭐가 있지 "
2,"내일 몇 시까지 일정있어"
2,"이번주 목요일 오전 일곱시에 어디서 버스타기로 했니"
2,"오늘 차도가 많이 얼어있는지 검색해줄래"
2,"국내 외국 용병 선수들에 관한 기사를 찾아줄래"
2,"오늘 여섯시에 여우비가 내리니"
2,"전자레인지 안에 음식이 들어있는지 확인해줄래"
2,"통합보험이랑 종신보험이랑 뭐가 다른지 알아"
2,"이번년 어린이날 요일이 언제인지 아니"
2,"오늘 바람 많이 부니"
2,"내일 구름이 많은 날씨니"
2,"거실온도 몇 도니"
2,"아고다에서 예약 취소 확인 메일이 왔니"
2,"주식과 펀드 차이를 모르겠어"
2,"내 위치에서 일몰이 언제인지 알려줘"
2,"어떻게 공부한 거야 너도 공부가 제일 쉬웠어요 이거야 "
2,"운임은 얼마냐"
2,"금년 축제는 몇 월 몇 일이니"
2,"서울 시내 사고 통제 구간은 몇 곳이나 돼"
2,"오늘 저녁 식사 어디서 하기로 했니"
2,"세탁기 안에 빨래 있는지 확인해"
2,"오늘 오전 아홉시에 눈이 얼마나 내리는지 알려줘"
2,"이천이십년에 어떤 태풍이 오니"
2,"전송실패한 메일이 있니"
2,"내게 쓴 메일이 몇 통이 있니"
2,"다음 스케쥴 어디로 가면되니"
2,"지난 한달 동안 온 메일이 총 몇 통이니"
2,"실내 온도 몇 도니"
2,"지난 미팅 메일 언제 왔었는지 알려줘"
2,"오늘 온 새편지 수가 얼마니"
2,"관광 버스가 있나요"
2,"오늘 대구 최고기온 몇 도인지 알려줘"
2,"코스닥과 나스닥의 차이가 뭐니"
2,"모든 방의 문이 열려있니"
2,"어제 오후에 온 메일이 있니"
2,"다음달에 동호회모임이 언제니"
2,"오븐 전원 꺼져있니"
2,"생일파티 몇 시 쯤 이야"
2,"창문 다 잠겨있는지 확인해줘"
2,"이주 전에 보냈던 메일이 몇 개니"
2,"입다가 서원할 때 어느 나라와의 전쟁을 이기게 해달라고 했나요"
2,"이번 주말 오후 일정을 알려줘"
2,"서재방 에어컨이 켜져 있니"
2,"지난 주에 언제 비가 왔었니"
2,"중요표시 된 메일 몇 개니"
2,"오늘 아침 일정이 뭐였었는지 알려줘"
2,"오늘 눈이 언제까지 내리는지 알아봐라"
2,"임시보관함에 어떤 메일 있어"
2,"오늘 점심식사 예약 시간 언제인지 확인해라"
2,"다음주 주말 날씨 알려줘"
2,"수상스키 처음 타는데 뭘 준비해야 할까"
2,"프로농구 개막일이 언제야"
2,"어제부터 온 메일이 총 몇 개니"
2,"교수님과 미팅 언제 하니"
2,"내 주소록에 그룹이 몇 개인지 알려줘"
2,"다음 주에 저녁 아홉시 이후로 일정이 있니"
2,"폭염주의보 지역이 어디니"
2,"휴지통에 교수님한테서 온 메일 있니"
2,"올해 취업했지 취직준비는 잘 돼가니 "
2,"어제 서울 낮기온이 몇도였는지 알고있니"
2,"우리동네 분리 수거 수거일이 언제야"
2,"이번달 장마가 언제쯤 끝날지 알려줘"
2,"내일 아침 운동 일정 있는지 알려줘"
2,"다음주 가족여행 이후 일정 있니"
2,"오늘 밤에 태풍이 부는지 알려줘"
2,"화장실 팬이 켜져있니"
2,"오늘 폭염주의보가 떳니"
2,"도서관에 가기로 한 날이 언제야"
2,"저번 주 아기들 모임장소가 어디였는지 알려줘"
2,"병원에 입원 하셨다면서요 언제 퇴원하시는지요 "
2,"내일 습도 아니"
2,"내일 오전에 신림동의 날씨는 어떤지 알려줘"
2,"동아대 근처 많이 가는 밥집 어떻게 가는가"
2,"허금순이 오늘 할일 알려줘"
2,"지금 임시보관함에 보관된 메일이 모두 몇 통이야"
2,"메일 확인했는지 알려주겠니"
2,"내일 흐린 지 말해줘"
2,"밤에 비가 얼만큼 내렸는지 강수량을 알려 주겠니"
2,"메일 예약 발송 완료했니"
2,"현관문 열려있니"
2,"이번 주말에 과외 몇 시냐"
2,"내일 부산에 눈이 오니"
2,"다음주 일정중에 과제 모임이 몇개 있니"
2,"오늘 눈 오는지 알아봐줘"
2,"강남에서 제일 물 좋은 나이트는 어디지"
2,"안에는 뭐가 들었나요"
2,"서울 미세 먼지 농도 어떠니"
2,"지하철 노선도 보여주렴"
2,"내일 오전 다섯시에 어떤 산에서 만나기로 했니"
2,"내일 오후에는 비가 그치는지 검색해줘"
2,"오늘 미세먼지 농도가 얼마나 높니"
2,"정말 아프니"
2,"내가 대문을 잠갔니"
2,"잘 지내냐"
2,"태풍 몇 시부터 한국 상륙하는지 알려줘"
2,"과연 피부과에서 다루는 비비 크림은 어떤것인지 많이 궁금했거든요"
2,"내 방 불 끄고 나왔는지 확인좀"
2,"언제 서울의 장마가 끝나는 지 알려줄 수 있니"
2,"세탁기 상태 어디까지 진행됐냐"
2,"와이파이 공유기가 연결되어 있는지 확인해줘"
2,"성적 언제 발표 된데"
2,"진료가 내일 오전 아홉 시로 예약 돼 있죠"
2,"내일 낮에 보고 싶은 영화 알려주세요"
2,"수요일에 동창회 한번 할까 "
2,"언제 장마 시작하는지 알려줘"
2,"메일 확인은 하고 살고 있어어떤 메일들이 왔는가 확인해봐"
2,"고사리 캐러 산에 언제 갔는지 알려줘"
2,"정암배 주니어에 관한 기사를 찾아줄래"
2,"오늘 정선에 비가 오니"
2,"현재 경상도의 풍랑 경보 현황을 알려줄래"
2,"예약 발송한 메일이 제대로 발송 되었니"
2,"호법 분기점 교통 흐름을 보여"
2,"내일 그리스 날씨가 맑은지 검색해줘"
2,"오월 십육일 부산 날씨 어떻니"
2,"이번달에 비 안오는 날 좀 알려줘"
2,"팔월 가족 여름 여행이 언제지"
2,"내일 오전에 일정이 있니"
2,"그 광고 언제쯤 인쇄가 끝난다는 거야"
2,"내일 비오는지 알려줘"
2,"이번 주 일요일에 텝스 시험 있니"
2,"언제 시간 여유가 생기시나요"
2,"다음주에 한국 가는 일정이 무슨요일인지 알려줘"
2,"밤새 눈이 오는지 알려줘"
2,"다른 거 더 필요한 건 없구"
2,"내일 전국이 전체적으로 맑을 것으로 예상되니"
2,"케이티 명세서가 언제 왔지"
2,"이번주에 최고기온 삼십도 이상인 요일 알려줘"
2,"렉스턴 리콜에 대한 기사를 찾아"
2,"화장실 물 잠겨있는 지 확인해"
2,"내일 저녁 날씨는 많이 덥니"
2,"약속하셨나요"
2,"다음주 중간고사는 금요일이니"
2,"같이 없어"
2,"오늘 오전에 기온이 얼마인지 알려줘"
2,"오늘 오전 인천 날씨 어떤지 아니"
2,"부산에서 분위기가 제일 좋은 호텔 바는 어떻게 갈까"
2,"넓고 빨간 바다의 이름은"
2,"안녕하세요"
2,"난 지금 무얼 해야 할까요 무얼 해야겠어요"
2,"여기서부터 링컨 센터까지는 몇 정거장인가요"
2,"창문이 다 닫혀있는지 확인해주겠니"
2,"여가 시간에는 무엇을 하나요"
2,"현재 태풍 경보가 해제된 지역을 알려 주렴"
2,"해외 증시 알아볼 만한 사이트가 어디 있을까"
2,"내일 이교시 수업 뭔지 알려줘"
2,"오늘 치과 몇시 예약이니"
2,"이번주 최저온도가 영도 이하인 날들 아니"
2,"다음주 월요일 오후 일정 알려줘"
2,"이번주 전주 강수량 좀 검색해줘"
2,"오늘 우박 언제까지 내리는지 확인해"
2,"장학금 신청기간이 언제부터니"
2,"급행 요금은 얼마에요"
2,"내일 나주에 비오는지 확인해"
2,"이번 크리스마스 무슨 요일이야"
2,"이번주 생일인 친구집 방문이 언제였어"
2,"보통주와 우선주는 뭐가 다른 거지 "
2,"내일 호우특보 있는 곳 알려줘"
2,"다음주 월요일에 스케줄이 있니"
2,"삼성차 리콜 관련 기사 찾아라"
2,"남자친구랑 언제 사귀었는지 알려줘"
2,"월요일에 포럼 몇 시 인지 아니 "
2,"공짜 점심 먹고 싶은 사람"
2,"내가 뭐라고 말해야되는지 모르겠어 "
2,"내일 예상 강수량 좀 알려줘"
2,"내일 바람의 풍량이 얼마인지 알려줘"
2,"술 마셔서 위 아프다더니 약 챙겨 먹었어 "
2,"너 수영 꽤 오래했지 어때 살 좀 빠졌냐 "
2,"세탁 아직 탈수드니"
2,"너 이번이 마지막 학기인데 졸업하고 뭐 할 생각이야 "
2,"요새 많이 춥다고 하는데 감기는 안 걸렸니 "
2,"내일 비 안오는곳좀 알려줘"
2,"자외선이 약해지는 시간 알려줘"
2,"정말 갈까"
2,"스팸메일은 다 지웠니"
2,"부산 이번주 날씨가 어떠니"
2,"내일 체감온도가 얼마인지 알려줘"
2,"내일 아침 날씨 어때"
2,"오늘 약먹는 시간 알려줘"
2,"차랑 기차 어느쪽이 더 빨라"
2,"내일 몇시에 등상가기로 했니"
2,"이번주 일요일 날씨 알려줘"
2,"이번 주 주말에 친구랑 약속 어디였는지 알려줄래"
2,"외국인 장기자랑에 대한 포토뉴스를 찾아라"
2,"지운 편지함이 모두 지워졌니"
2,"오늘 정선에 눈이 오니"
2,"신촌에서 맛있는 치킨집은 어떻게 가니"
2,"개는 갠데 돌리켜 오는 개는 무엇인가"
2,"현재 미세먼지 농도 알려줘"
2,"오늘 세시에 온 메일의 수신자좀 알려줘"
2,"정확히 몇 시에 끝나는 거야"
2,"휴가기간 언제까지니"
2,"이번주 면접 일정 언제인지 알려줘"
2,"내일 스케줄 있는지 알려줘"
2,"내일 모래 어떤 약속이지"
2,"정기적금은 어느 은행이 괜찮을까"
2,"이번주에 아무 일정이 없는 요일 알려줘"
2,"오늘 오후에 기온이 얼마인지 알려줘"
2,"짐 제한 무게가 얼마니"
2,"혹시 지금 밖에 바람 많이 부니"
2,"학교 약국 지금 열었을까"
2,"사장님에게 온 메일 중 안읽은 메일이 있는지 확인해줘"
2,"남자친구랑 사귄 지 백일 되는 게 언젠지 아니"
2,"에릿지아에서 온 이메일이 모두 몇 개니"
2,"내일 신사동 날씨는 어떤지 알려줘"
2,"직원 할인 요금 있니"
2,"오디오 소리가 밖에까지 들릴 정도로 크니"
2,"오늘 가평 날씨 아니"
2,"이번주에 중요한 일정있니"
2,"오늘 서울 최저기온 몇도인지 알려줘"
2,"오후에 디즈니에서 이메일 왔니"
2,"이번주 비가 언제까지 내리는지 검색해줘"
2,"오늘 오후에 해운대 날씨가 어떠니"
2,"현관 문 열렸는지 확인해줘"
2,"이번달 스케줄이 몇개인지 알려줘"
2,"가스밸브 잠겨 있는지 확인해"
2,"최근 장 본 날이 언제인 지 알려줘"
2,"보낸 메일 중 되돌아 온 메일은 몇 통일까"
2,"내일 최저 기온은 몇 도야"
2,"오늘 강남 비그치는 시간좀 알고있니"
2,"비가 언제쯤오는지 확인해주겠니"
2,"재발송된 메일 왔니"
2,"휴가철이 언제부터야"
2,"오늘 도쿄 날씨는 어떤지 아니"
2,"작년 첫 눈 언제 왔는지 알려줘"
2,"식기세척기 안에 뭐가 있니"
2,"누구 일본말 할 줄 아는 분 계세요"
2,"넌 주말인데 집에서 뭐하냐 "
2,"약속하셨나요"
2,"세탁기 안에 내용물 들어 있니"
2,"내일 오후에 많이 습할까"
2,"모든 메일 확인하고 지워줘"
2,"약속 시간은 언제냐"
2,"지난 달 산 잔디깎는 제초기 회사의 전화번호를 아니"
2,"오늘 어디가 대설주의보 인지 알려줘"
2,"새로 온 매일 내용이 뭔지 확인해줘"
2,"어머니께 보낸 편지 수신확인 되었니"
2,"오늘 가장 더운 시간이 언제인지 확인해줘"
2,"컴퓨터 고치러 몇 시에 오실 거예요"
2,"첨부 파일이 포함된 메일이 왔니"
2,"저번주 무슨요일에 비가 왔니"
2,"이번 달에 미세먼지가 가장 심한 날이 몇 일 이니"
2,"할머니 생신이 언제야"
2,"현재 남산터널을 지나는데 걸리는 시간은 얼마나 되는지 알려다오"
2,"이번 폭염 며칠까지 이어지는지 알려줘"
2,"세탁기 빨래 끝났니"
2,"식사 장소는 어디로 적어 놨니"
2,"내일이 오늘보다 더워"
2,"나도 그 회사 주식 몇 주 보유하고 있는데 어쩔까 "
2,"오늘 온 편지 중 첨부 파일이 든 메일은 얼마나 되지"
2,"대구에서 폭염 경보는 언제쯤 해제되니"
2,"새로 온 메일이 있는지 확인해줘"
2,"내일 우산 챙겨야 하는지 알려줘"
2,"이대 앞에서 연대 앞으로 아직도 차가 많이 밀리나"
2,"눈이 얼마나 왔어"
2,"다음 주에 가장 스케줄 없는 요일이 언제니"
2,"다음주 일정 몇 개니"
2,"투자자들의 반응은 어떤거 같아"
2,"경비실에 받으러가야하는 택배가 있니"
2,"티켓팅 일정 좀 알려줘"
2,"이번 장마는 언제부터인지 알려줘"
2,"밥솥 전원이 켜져있니"
2,"다음달 학회가 언제니"
2,"과천에 내일 비가 올 확률을 알려줘"
2,"로봇 청소기 작동 중이니 "
2,"안녕하세요"
2,"어제 학교에서 온 메일이 있니"
2,"내일 체감온도 몇 도야"
2,"다음 공휴일이 언제야"
2,"주말 가평 날씨 어떤지 알려줘"
2,"내일 오후 다섯시에 어떤 일정 있니"
2,"서울대학교 근처에 우동집은 어떻게 가니"
2,"오늘 우산 필요한지 찾아줘"
2,"오늘 그럼 송이언니도 같이 가도 되는 분위기야"
2,"오늘 오후 일정 있니"
2,"가스 벨브 잠겨 있니"
2,"언제 얘기할 건데참 저녁은 먹었어 준기씨 "
2,"오늘 부산 날씨가 어떠니"
2,"너는 입원 할 생각 없니"
2,"어젯밤 이메일 중 첨부 파일이 든 이메일은 몇 통이나 되는지 확인해"
2,"이번주 금요일 야구관람일정이 있니"
2,"다음주 목요일 저녁 날씨 알려줘"
2,"통합대기지수를 검색할 수 있니"
2,"다음주 화요일 제천 날씨 좀 알려줘"
2,"오늘 저녁 약속 장소를 알려줘"
2,"호호야 너 어딨어"
2,"교수님 메일 주소 좀 알려줄 수 있니"
2,"새 메일 중 물품발송 이메일 확인해줄래"
2,"다음주 태풍정보 아니"
2,"오늘 당진 날씨 좀 알려줘"
2,"다음달 일정중에 장소가 부산인 일정이 몇개 있니"
2,"침대칸이 있을까"
2,"안 읽은 메일 몇 개니"
2,"오늘 가족모임 어디서 하기로 했니"
2,"오늘 우산 가지고 나가야 하는 지 알려줘"
2,"내일 일정 알려줘"
2,"화요일에 어디서 영화보기로 했니"
2,"이번주 주말 부산 날씨 알려줘"
2,"장애인 올림픽 최초 개최국 관련 기사 찾아다오"
2,"오늘 비 언제부터 와"
2,"요요 현상을 극복하려면 어떻게 해야 할까 "
2,"너 어릴 때 태권도 배웠지"
2,"화단에 물 줬나"
2,"부산의 명동칼국수는 어디니"
2,"여자친구 생일이 며칠남았는지 알려줘"
2,"지금 냉장고 얼마나 차있니"
2,"오늘 최저 온도가 어떻게 되니"
2,"건조기 몇 분 남았는 지 알려줄래 "
2,"황사 언제부터니"
2,"어제 보낸 메일에 답장이 왔니"
2,"경기도 가평 내일모레까지 날씨 검색해줘"
2,"수업 휴강일이 언제였는지 알려줘"
2,"다음 주 중에 가장 시원한 날이 언제니"
2,"내일 여덟시에 어디서 장보기로 했니"
2,"이번 달 핸드폰 요금 내는 날이 몇 일이니"
2,"강아지 밥이 자동으로 나왔니"
2,"이번 주말의 날씨가 어떻지"
2,"내일 오존 경보지수가 얼마나 되지"
2,"오늘 소나기가 몇 시쯤 오니"
2,"내일 오후 제주도 날씨 알려줘"
2,"코레일이 내 메일을 확인했니"
2,"오늘 경기 비와서 취소 됐니 "
2,"어제 확인 못 한 메일을 보여줘"
2,"새벽에 잡혀있는 일정 확인해줘"
2,"마지막 요점 정리는 어떻게 하는데 "
2,"내일 인천 불쾌지수 좀 표시해줘"
2,"양재동에 아동 전문 병원이 있나"
2,"다음 해 신정에 한국에서 해가 가장 빨리 뜨는 장소를 알려줘"
2,"언니랑 여행가는 날이 언제였니"
2,"여행가기 좋은 날이 언젠지 알려줘"
2,"주식 위험도를 어떻게 비교할 수 있을까 "
2,"요즘은 하루에 몇 킬로씩 뛰세요"
2,"이번주 목요일 추운지 알려줘"
2,"이번주 토요일 서울 날씨 좀 검색해줘"
2,"다음주 수요일 눈 오니"
2,"오늘 미세먼지 농도 알려주겠니"
2,"오늘 저녁에 스케쥴 있니"
2,"내일 수업이 몇 시에 시작하니"
2,"증빙 서류는 어디에 놨어"
2,"보낸 메일함 모두 지웠는지 확인했니"
2,"어머니 생신이 이번 달 며칠이지"
2,"내일 엄마랑 어디에서 보기로 했는지 알려줘"
2,"이 열차는 몇 번 플랫폼에서 출발해요"
2,"가스벨브 잠겨있는지 확인했니"
2,"내일 강원도 비오는지 확인했니"
2,"막내는 언제 집으로 돌아오니"
2,"오늘 몇시까지 비가 오니"
2,"오늘 오후 다섯시에 온 메일이 얼마나 있니"
2,"가스밸브를 확인해줘"
2,"오늘 열대야니"
2,"서면 밀리오레 근처 유명한 닭 집 어떻게 간데"
2,"최근 이십사시간 미세먼지 추이에 대해 알려줄래"
2,"너 의료 봉사 신청했어 "
2,"정기적금과 자유 적금 중 추천해주고 싶은 것은 뭐야"
2,"내가 최근 제일 맛있다고 써 놓은 레스토랑은 어디니"
2,"드라마 재방송 몇시에 보니"
2,"우리나라의 국경일이 언제"
2,"오늘 최저 온도 알려줘"
2,"강남 글로벌 어학원 강남 글로벌 어학원 토익 시험 보셨는가요"
2,"비디오 테이프를 디브이디로 변환하니"
2,"방 열쇠가 어디 있는지 모르겠다"
2,"왜 모두 은행에 다니면 이자부터 묻는 걸까 "
2,"고등학교 동창모임 언제 하니"
2,"현장학습 계획을 세울 때 필요한 게 무엇이 있나요 "
2,"한강 근처 유람선 타는곳"
2,"이번주 자외선이 좋은날 알려줘"
2,"받은 메일함에 카지노라는 단어가 포함된 메일이 있니"
2,"본인이 평소에 주변에서 존경하는 사람이 있다면 그에 대해 말해보세요"
2,"장기투자 하려고 갖고 있는 주식인데 계속 보유하는 편이 나을까요 "
2,"내일 자외선 지수 좀 알려줘"
2,"사촌누나 결혼식이 며칠이지"
2,"양산 나들목에 정체가 심한지 알자"
2,"지금 안 읽은 메일이 있는지 확인해"
2,"오늘 총 몇 통의 메일이 왔니"
2,"내일 저녁에 미팅이 있니"
2,"이번달에 미세먼지가 가장 많을때가 언제인지 알려줘"
2,"브이자 반등을 기대해도 될까 "
2,"오늘 거래처에서 메일이 왔니"
2,"오늘 오전 일정이 어떻게 되니"
2,"수술 한 뒤로 몸은 좀 어떠세요"
2,"다음달 첫째 주 주말 일정 알려줘"
2,"내일 일정 뭐 있는지 알려줘"
2,"학생으로부터 온 메일있니"
2,"토요일에 누구 만나기로 했니"
2,"오토바이가 너무 사고 싶은데 위험할까"
2,"마지막으로 아빠한테 보낸 메일이 언제니"
2,"스팸메일함에 학교에서 온 메일 섞여 들어갔니"
2,"거실 불 꺼져 있니"
2,"가짜 휘발유를 만들 때 가장 많이 들어가는 재료는"
2,"톨게이트 비용도 외상이 가능할까 "
2,"전체 메일함에 몇 개의 메일이 담겨 있는지 확인해"
2,"내가 주식을 직접 사는 게 좋을까 증권회사에 맡기는 게 좋을까"
2,"보낸메일함 모두 지웠니"
2,"어제 전세계에서  자외선 치수가 가장 높은 곳은 어디였니"
2,"불멸의 이순신 언제 시작하는데"
2,"설악산에 눈이 오는지 알려줘"
2,"명동 부근 카레 전문점 어디에 있어"
2,"이번달에 눈 몇번 오는지 알려줘"
2,"방학 보충이 며칠에 끝나는지 아니"
2,"부산대 인근 볼링장 어디래"
2,"오늘 자외선 지수 알려줘"
2,"문앞 조명이 켜져있는지 확인해줄래"
2,"이번 주에 친구들 만나는 요일 언제니"
2,"이번 폭염 며칠까지 이어지니"
2,"다음주 저녁약속 있는날 날씨 좀 알려줘"
2,"보건소에서 메일이 왔는지 확인해줘"
2,"선물 옵션이 궁금 하네"
2,"삼주전 점심때 먹었던 맛집이름이 뭐니"
2,"이치로 선수 홈런 기사를 알려주렴"
2,"내일 모래 저녁 일곱시에 약속있는지 알려줘"
2,"지금 엘에이 날씨가 어때"
2,"내일 강수량이 오늘보다 높은지 알려줘"
2,"이번해에 공휴일이 언제인지 다 알려줄래"
2,"오늘 서울 이산화탄소 농도 좀 알려줘"
2,"오늘 밤에 기온이 몇도인이 알려줘"
2,"황사가 언제까지 있니"
2,"화장실은 어디에요"
2,"다같이 모여서 공부하는 것이 효과가 있을까 "
2,"현관문 잠겨있니"
2,"친구 생일이 언젠지 알려줘"
2,"안방 온도가 몇 도니"
2,"곧 큰 눈이 온다는데 자동차에 체인은 사셨어요"
2,"이번달 가스 사용량 얼마야"
2,"내일 교회일정 몇시니"
2,"밥솥 보온으로 설정했니"
2,"동해에 최고기온이 얼마나 되니"
2,"정기적금과 정기예금의 차이점이 뭔지 아니 "
2,"메일 몇 개 왔는지 알려줘"
2,"지금 독도의 기온은 얼마인지 검색해줘"
2,"오늘 밤에 비가 그칠것같니"
2,"다음주 토요일 부산 날씨 어떤지 아니"
2,"내일 몇시에 도서관에 가기로 했니"
2,"회사에서 온 메일 수신확인했니"
2,"이번주 저녁약속 모두 취소했니"
2,"내일 시댁 식구들이랑 점심 몇 시에 잡혀있지"
2,"가스레인지 벨브 잠궜니"
2,"공기 청정기 켜져 있니"
2,"친구한테 온 메일이 있니"
2,"수요일 회의는 몇 시로 되어있니"
2,"주요 도시의 강수 분포도 어떻게 되니"
2,"올해 한국어 정보처리 학회는 언제 시작하지"
2,"이메일 스팸함에 몇개있는지 알려줘"
2,"가스 벨브 잠겨있니"
2,"최근에 회사에서 온 메일 체크해줘"
2,"황사 언제오는지 날짜좀 알려줘"
2,"가장 가까운 공휴일이 언제야"
2,"다음주 일정 모두 취소했니"
2,"다음 주 전국 예상날씨는 어떠니"
2,"오늘 음악교실 수업 있는지 알려줘"
2,"내일 오후 날씨좀 알려줄 수 있니"
2,"올해 시험일정 있니"
2,"재산증식을 위한 금융상품은 뭐가 좋을까"
2,"내일 오전에 체감 온도가 몇 도니"
2,"오렌지 주스가 든 컵에 손 하나 안 대고 마시는 방법은"
2,"스팸 메일 수신거부메일 자주 관리하니"
2,"목표 수익율이 몇이십니까"
2,"내년 종합주가지수 전망은 어떤가요"
2,"다음주 경기도 날씨 검색해줘"
2,"가장 최신 메일이 언제온거니"
2,"언니랑 고모네 집에 가기로 한 날이 언제지"
2,"요즈음 어떻게 지내고 계셨는지 궁금합니다"
2,"올해 우리 아버지 생신이 무슨 요일이냐"
2,"티비는 어떤 와이파이에 연결되어 있어"
2,"회사 관련 메일이 다 지워졌니"
2,"어제 여자친구한테 온 메일 있니"
2,"오늘 팀모임 몇시에 있는지 알려줘"
2,"올해 기온이 제일 낮았던 날짜가 언제니"
2,"다음주 월요일에 우산 필요한지 검색해"
2,"어젯밤 보낸 이메일 중 송신 확인 안 된 이메일 얼마나되"
2,"새로운 메일 몇 개인지 알려줘"
2,"오늘 오후에 시간당 강수량을 확인해줘"
2,"즐겨찾기 등록되어 있는 주소 알려줄 수 있니"
2,"이번달에 교수님으로 부터 온 이메일이 총 몇개니"
2,"베란다 등이 꺼져 있니"
2,"이번달에 기념일 있는지 언제 인지 아니"
2,"다음주 화요일 제주도 날씨 좀 검색해"
2,"친구 생일이 몇 월 며칠인지 알려줘"
2,"이번주에 온 메일중에 안읽은 메일이 있니"
2,"이 열차는 몇 번 플랫폼에서 출발해요"
2,"누가 가장 많이 메일 보냈니 "
2,"교수님이 메일 수신했는지 확인해줄래"
2,"부산대 앞 쥬얼리는 어디에 있지"
2,"오늘 아침 천안에 황사가 얼마나 부니"
2,"안 읽은 메일 있는지 확인해줘"
2,"선풍기가 꺼져 있니"
2,"암탉은 어느 집에서 시집왔을까"
2,"장마가 언제 시작인지 알려줘"
2,"세탁기 빨래가 다 되려면 몇 분이나 남았니"
2,"학교에서 날아온 메일 있니"
2,"지난주 서울 최고 기온 좀 알려줘"
2,"너 재테크 어떻게 하고 있어 "
2,"비행기편 변경 가능한가요"
2,"다음주에 저녁 약속이 없는 요일 알려줄래"
2,"어제보다 오늘이 더 춥냐"
2,"요즘 건강은 어때"
2,"이번주 금요일에 눈이 오는지 알려줘봐"
2,"내일 아침 삼척의 습도는"
2,"방금 전화온 전화번호는 뭐니"
2,"실내온도가 몇이니"
2,"이번주 주말에 비오는지 알려줘"
2,"이번 가을의 기상 전반의 전망을 보여주렴"
2,"사일 뒤에 비 오는지 알 수 있니"
2,"가스 벨브 열려있는지 알려줘"
2,"엘리야는 엘리사에게 자신의 능력보다 몇배 더 가지게 될 것이라고 했나요"
2,"내일 예상 일교차가 얼마정도 되니"
2,"내일 모래 아침 기온 확인해줘"
2,"다윗과 압살롬을 다시 만나게 해 준 장군은"
2,"지금 티비가 켜져 있니"
2,"지난 주에 박사님께 온 메일이 있니"
2,"오늘 밤에는 몇도까지 올라가니"
2,"친구들에게 온 메일 얼마나 있니"
2,"오늘 오전에 눈이 언제오는지 알려줘"
2,"너 학기말 시험이 언제인지 아니"
2,"초미세먼지 농도 확인해줘"
2,"즐겨찾기 목록에 있는 메일 확인했니"
2,"가스 켜져있는지 확인해줘"
2,"오늘 강수량 좀 알려 줄래"
2,"내일 최고 기온 좀 알려줘"
2,"내일 중학교 동창회 일정 취소했니"
2,"장마가 언제 끝나는지 알려줘"
2,"내일 예정된 일정이 몇개 있니"
2,"지난 주에 회사에서 온 메일 있었는지 확인해줘"
2,"수정이 한테 메일 왔니"
2,"아버지께 온메일 있는지 확인해줘"
2,"집들이 날짜 언제니"
2,"내가 없는 사이에 초인종을 누른 사람이 있니"
2,"제목에 결제라고 들어간 이메일이 몇 개지"
2,"정수기 점검한지 얼마나 되었니"
2,"미 대학 럭비팀 관련 기사는"
2,"토론토에 폭설주의가 내렸는지 알려줘"
2,"오늘에 비해 내일 날씨가 어떨까"
2,"올해 가장 더운 날이 언제 였는지 알려줘"
2,"내일 최고 기온 좀 검색해줘"
2,"환풍기 꺼져 있니"
2,"주말에 워터파크 몇 시에 출발하는지 알려줘"
2,"이번주 토요일 날씨 알려줘"
2,"오늘 회사에서 메일 왔는지 확인해"
2,"이번 여름 폭염이 언제까지 계속될지 알려줘"
2,"다음 주 휴가 가지 좋은 날씨 알려줘"
2,"방금 회사에 메일 보낼 때 바뀐 메일 주소로 보냈니"
2,"여러분은 행복한가요 이유는요"
2,"다음주 금요일 밤에 약속 있니"
2,"실내온도 알려주겠니"
2,"오늘 회의 공지 메일 온 거 있니"
2,"무엇이든지 혼자 다 해먹는 사람은"
2,"이번주 수요일 새벽 날씨가 몇도니"
2,"어제 두시 일정 확인해줘"
2,"세탁기 다 돌아갔니"
2,"금요일 일정 알려줘"
2,"남은 메일 용량이 얼마나 돼"
2,"오늘 가장 시원한 지역이 어디인지 알려줘"
2,"이번주 월요일 미국 캘리포니아 날씨좀 알려줄 수 있니"
2,"목요일 기도 모임 몇 시까지 모이는지 알려줘"
2,"이번주 일정 몇개 있어"
2,"미일이랑 하와이 몇 년도에 가기로 했니"
2,"천연기념물 발견 기사를 찾아"
2,"금요일 기차 몇시인지 알려줘"
2,"다음달 가족여행이 어디로 가는거였지"
2,"수신메일 몇 개니"
2,"폰뱅킹과 인터넷뱅킹 중에 어느 게 더 나아"
2,"이번 달 가스비 얼마인지 알려줘"
2,"주식이 과연 운일까 실력일까"
2,"오늘 바람이 얼마나 부는지 알려줘"
2,"청담동 근처 네일숍은 어디니"
2,"내가 엄마에게 보낸 메일이 몇 통인지 확인해라"
2,"내일 서울 건조경보 인지 검색해"
2,"오늘 가장 더운 시간대가 언제니"
2,"요즘 일이 많이 바쁘 시죠 "
2,"다음 주에 할 일 뭐 있어"
2,"수신인이 메일을 확인 했니"
2,"자동차 시동 꺼져있니"
2,"너는 사는 게 재밌니 "
2,"내일 일본 후쿠오카의 날씨를 아니"
2,"서울대학병원 근처 편의점은 어떻게 가"
2,"은행의 대출한도가 어느 정도인지 혹시 아니 "
2,"어젯밤 새 메일 중 정자가 보낸 이메일을 찾아"
2,"이번 달 스케쥴 개수 알려줘"
2,"정말 근데 둘이 왜 그렇게 친해"
2,"무슨 대회라도 나가려고 하는 거야 "
2,"내일 대전에 눈이 많이 내리니"
2,"다음주에 바람이 얼마나 부는지 알려줘"
2,"막내동생 초등학교 졸업식이 언제니"
2,"이번 달에 공휴일 몇 일 인지 아니"
2,"칠월일일 날씨가 어떤지 알려줘"
2,"메일함에 메일이 몇 개 있는지 확인해줘"
2,"냉장고 냉동실 온도 알려줘"
2,"오늘 할 일이 무엇인지 알려줘"
2,"지난달 헬스 몇 번 했는지 알려줄래"
2,"워크샵 간다는데 가기 싫어 어떡해 하면 빠질까 "
2,"수영 한 달 강습비가 얼마쯤 되죠"
2,"어제 미세먼지 농도를 알려줘"
2,"이번 주 영화를 어디서 보기로 되어 있니"
2,"중간고사 시험일정이 언제로 되어있니"
2,"이번주 목요일 오후일정 알려줘"
2,"가족 식사는 언제 하기로 했었니"
2,"이번주 수요일 서울에 눈오니"
2,"보낸 메일 다 지웠니"
2,"작은방에 불이 켜져있는지 알려줘"
2,"시어머니 생일 아직 안 지났지"
2,"내일 밤 예상 기온을 찾아라"
2,"이번주에 내가 새로 추가한 일정이 있다면 알려줘"
2,"현금카드 재발급 수수료 비싸냐"
2,"내일 안동 날씨 어떠니"
2,"오늘 할 일이 무엇이니"
2,"이번 장마 언제 끝나는지 알려줘"
2,"컴퓨터 전원이 꺼져있니"
2,"오늘 오전에 일정 있니"
2,"다음주에 회의가 무슨 요일에 있는지 알려줘"
2,"식목일에 일정이 있는지 알려주겠니"
2,"오늘 안개가 많이 꼈니"
2,"이번주에 못 간 수업 보충 할 수 있니"
2,"서울 가는데 버스가 좋을까 전철이 좋을까"
2,"오늘 읽지 않은 메일이 있니"
2,"오늘 프로야구 경기 현황 보여라"
2,"한국의 신용등급 상향조정에 대한 기사를 검색해"
2,"부모님 생신에 갈 음식점 예약했니"
2,"지금 습도가 몇 퍼센트니"
2,"추석 때 뭐 타고 가실 거에요"
2,"버스가 좋을까 지하철을 타고 가는 것이 빠를까"
2,"오늘 폭염 특보 대체 언제 해제되니"
2,"서울은 지금 몇도야"
2,"서울광장 앞 도로 상황이 어떠니"
2,"오늘 일정 비는 시간 좀 확인해줘"
2,"택배함 택배왔는지 확인해줘"
2,"재경부 차관 면담 계획은 잡혔나"
2,"베트남 건기 언제부터 언제까지니"
2,"다음주 눈오는 날을 알려줘"
2,"삼일뒤 몇시에 회사미팅있니"
2,"예후가 아합의 아들 요람에게 화살을 쏘아 죽인 자리는 어디인가요"
2,"신촌 부근 웨딩홀은 어디야"
2,"오디오 볼륨이 어떻게 되니"
2,"남편 수술 날짜 알려줘"
2,"인터넷 속도 확인해 줄래"
2,"과사무실에 보낸 메일에 대한 답장이 왔니"
2,"내일 오전 약속 목록이 어떻게될까"
2,"오늘 몇 시에 회의야"
2,"크리스마스 행사가 몇 시부터 있지"
2,"오늘 습도 어떻게 되니"
2,"현재 한국에 어떤 태풍이 오고 있는지 알려줘"
2,"내일 우박이 오는지 확인해줘"
2,"바벨론 포로중에 성경박사인 제사장은 누구인가요"
2,"에어컨 필터 교환 시기가 언제인지 알려줘"
2,"오늘 미세먼지 수치 알려줘"
2,"건강은 좀 어떠세요 푹 좀 쉬셨어요 "
2,"이번주 금요일 부산 날씨 알려줘"
2,"보일러가 꺼져 있는지 확인해줄래"
2,"보고서 작성 일정이 언제까지로 되어있는지 알려줘"
2,"내일 대구 날씨아니"
2,"기숙사 서류 제출 언제까지니"
2,"다음달 미국 출장 언제야"
2,"미얀마 우기 언제부터 언제까지인지 알아봐라"
2,"용산구 정체구간 보여볼래"
2,"최근 이 주일 간 받은 이메일 전부 보여라"
2,"올해 시청률 최고 드라마 좀 알려줄래"
2,"다음 주중에 저녁 약속이 잡혀 있는지 모두 알려줘"
2,"어제 온 메일 모두 보관함에 넣었니"
2,"최근 한 달 간 메일을 주고 받은게 몇명이나 되니"
2,"여기서 기다릴까"
2,"토플 시험이 언제인지 알고 있니"
2,"다음주 중에 쉬는 날 있니"
2,"햇볕이 가장 뜨거울 때가 언제인지 알려줘"
2,"한 시간 전에 온 메일에 첨부파일이 몇 개가 있었니"
2,"간만에 연락드리는데 요새는 뭐 하세요 "
2,"오늘 받은 메일이 몇 개가 있니"
2,"육십 평대 통장은 프리미엄이 얼마에요"
2,"올해 지원 마감 언제까지니"
2,"오늘 오존 농도가 어떻게 되니"
2,"내일 일정이 몇갠지 아니"
2,"오 번 플랫폼은 어디에요"
2,"나폴레옹은 전쟁터에 나갈때 왜 항상 빨간벨트를 찼을까"
2,"오늘 저녁 서울 날씨 알려줘"
2,"삼척의 열지수는 얼마나 하는지 알려줘"
2,"내일 소나기 가능성이 있니"
2,"지금 실내 온도 몇 도야"
2,"휴지통에 회사에서 온 메일 없니"
2,"다음주 약속이 몇시니"
2,"오늘 최고온도가 몇도인지 알려줘"
2,"오늘 잠실 야구장 오후 일곱시에 날씨 어떤지 알려줘"
2,"다음주 주말 홍콩 날씨를 알려줄 수 있니"
2,"팔월 이십육일이 오빠 생일이니"
2,"차가 지하 몇 층에 주차되어 있는지 확인해줘"
2,"오늘 안개 심한지 알려줘"
2,"오늘 오후일정 알려줘"
2,"왜 자꾸 내 계획안은 퇴짜맞는 걸까"
2,"새 메일의 수가 몇 개니"
2,"최근 윔블든 테니스 대회에 대한 기사를 보여주렴"
2,"이번 달 과외 횟수 좀 알려줄래"
2,"내가 보낸 메일이 수신되었니"
2,"일출시간 때 구름 끼는지 확인해줘"
2,"목요일 수업이 취소되었니"
2,"내일 기상시간을 오전 여섯시로 설정되어 있니"
2,"오늘 오전에 기온이 얼마니"
2,"저번 달에 생리를 언제 했니"
2,"너 수학 교육학과에 친구 없니"
2,"휴지통에 있는 메일 복구할 수 있니"
2,"최근 비 왔던게 언제더라"
2,"오후 세시 쯤에 서울 자외선 지수 어떤지 알려줘"
2,"유럽여행 가기 가장 좋은 날씨 아니"
2,"출장 출발 날짜가 며칠이었지"
2,"압살롬은 노새를 타고 가다가 무슨 나무에 걸려 죽었나요"
2,"이번 달에 최고 더운 날이 언제니"
2,"오늘 두 시에 친구들 어디서 만나기로 했니"
2,"지금 체감 온도가 몇도인지 검색해줘"
2,"어제 있던 약속 알려줘"
2,"내일 오전 일정좀 알려줘"
2,"이번달 미팅 날짜는 언제니"
2,"큰 아들 방학 시작일이 얼마나 남았지"
2,"아침식사 하게 되면 숙박료가 얼마지"
2,"작은방 스탠드 불 꺼져 있니"
2,"내일 낮과 밤의 기온차를 알려줘"
2,"세시로 맞쳐 놨던 예약메일을 보냈니"
2,"네 카드 월간 한도액 얼마야"
2,"예약전송 설정된 메일이 몇개 있니"
2,"오늘 챙겨 먹을 약 있나 알려줘"
2,"냉장고 문이 열려있는지 확인해줘"
2,"오늘 오후에 비가올 확률은 얼마야"
2,"경부 고속도로 노면이 결빙된 구간 어떠니"
2,"다음주중에 가장 따뜻한 날이 언제인지 알려줘"
2,"주소록에 등록된 사람으로부터 온 메일 있니"
2,"임원회의 참석 여부를 알려 주십시오"
2,"서울에서 제일 큰 교회는 어디지"
2,"오늘 최저 기온이 몇 도 까지 떨어지는지 알려줘"
2,"올해 비가 가장 많이 온 날이 언제니"
2,"엄마 생신이 언제니"
2,"저번 달에 산 자동차 회사의 이름을 알려줘"
2,"금요일날 아침 수업이 몇 시에 시작하니"
2,"열대야가 언제까지 계속 되는지 알려줘"
2,"작년 십이월 말에 강설량 아니"
2,"동생 메일 주소가 주소록에 있니"
2,"내일 울산 날씨 좀 알려줘"
2,"밥솥에 밥 다 되었니"
2,"비가 몇시부터 몇시까지 오니"
2,"내일 미세먼지 심하니"
2,"중복된 메일 있니 "
2,"영화 볼까 아니면 연극을 볼까"
2,"우리 같이 중국 다녀 온 게 몇 년 전이지"
2,"오늘 받은 물건 교환 환불이 가능하니"
2,"폭염주의보가 언제 끝나는지 알려줘"
2,"다음 주 월요일 서울 강수확률 알고 있니"
2,"일본 날씨가 어떻지"
2,"꼭 그 은행만 되는 거야 "
2,"지난주 전국 해상 날씨를 찾아라"
2,"오늘 하루중 가장 더운 시간이 언제니"
2,"교수님이 메일 읽으셨니"
2,"오늘 새벽에 비오니"
2,"오늘 남은 약속들이 뭐가 있니"
2,"올해 공휴일이 무슨 요일인지 알려줘"
2,"오늘 오후날씨 확인해줘"
2,"저번 달 혹한주의보가 며칠인지 알려줄래"
2,"서재에 불 켜져있니"
2,"강남역 근처 일마레 어디냐"
2,"내일 서울 습도가 어때"
2,"다음주 화요일 일정 알려줘"
2,"충청도 날씨는 어떤가요"
2,"현재 위치에서 오늘 저녁 약속 장소가 많이 머니"
2,"여기 집 위치를 잘 모르겠어"
2,"아하시야가 다리에서 떨어져 병들었을때 에그론의 신 누구에게 가서 죽나 안죽나를 물어보라고 했나요"
2,"이번 주 일요일에 일정 있을까"
2,"소이 영어학원비 언제까지 내지"
2,"제목에 결제라고 들어간 이메일이 몇 개지"
2,"부산 해운대 해수욕장 개장일은 언제인데"
2,"오늘 점심 약속시간 알려줘"
2,"등록금 언제까지 내야하니"
2,"그냥 우량주에 투자할까"
2,"이번주 회의 몇시인지 알려줘"
2,"영화 본 후에 제가 태워 드릴까요 "
2,"휴지통에 있는 광고메일 다 지워졌니"
2,"냉장고에 수박이 있는지 확인해줘"
2,"이번주중 강수량 백밀리리터넘는 날이 있니"
2,"오늘까지 전기세 얼마나 나왔는 지 확인해"
2,"내일의 불쾌지수는 얼마나 될까"
2,"이번주 날짜별 최고기온 알려줘"
2,"만약 우리 사귀자면 우리 사귈 수 있을까"
2,"서울 미세먼지 농도 알려줘"
2,"현재 실내 기온과 실외 기온의 온도차를 알 수 있을까"
2,"운전면허 시험이 언제인지 알고 있니"
2,"컴퓨터 전원 꺼져있는지 확인해 줄 수 있니"
2,"지역별 날씨 전망은 어떠니"
2,"다음 주에 태풍 오는 지 확인해줘"
2,"선풍기 꺼져있니"
2,"거래처에서 온 메일들 중에 안읽은 메일 있는지 확인해줘"
2,"이번주 일요일 몇시에 영화보기로 했지"
2,"전기밥솥 전원 켜져있니"
2,"코끼리 두마리가 서로 싸워 둘 다 코가 떨어져 나갔다면 어떻게 될까"
2,"서울 천안 간 정체 구간을 보여주련"
2,"스팸 메일함에 메일이 총 몇 통 있니"
2,"갈수록 너무 예뻐지는 것 같더라 비결이 뭐니"
2,"홍은동 녹번역 구간의 교통상황 어떻지"
2,"다음주 일요일 제천 최고 기온이 어떤지 아니"
2,"회의록 메일이 보내졌는지 수신확인 해줄래"
2,"이번 주 토요일 추울까"
2,"칠월 몇일에 캐나다 휴가 일정이 있니"
2,"내일 오후 다섯시일정이 어떻게 되어있니"
2,"축구장 예약 완료 메일이 도착했니"
2,"저번주에 메일 몇 개 왔냐"
2,"저번주 업무회의가 몇번 진행되었니"
2,"이번주 토요일에 비가 오니"
2,"다음주 폭염이 언제부터 시작되는지 알려줘"
2,"방문 목적은 어떻게 되세요"
2,"다음달에 친구 결혼식 있니"
2,"오늘 온 답변 있는 지 확인해줘"
2,"저번 해에 지방세를 얼마를 냈는지 기억이 안 나"
2,"사울이 엔게디 굴에 들어간 이유는"
2,"주식은 노력해서 잘 할 수 있는 걸까요"
2,"아직도 거기에요"
2,"수능의 어느 부분에 중점을 둬야 하는지"
2,"이번 주말 날씨 어때"
2,"이번달 가장 더운 날 검색해줘"
2,"오늘 오후에 비가 내릴 확률은"
2,"지금 온도 어때"
2,"내가 오늘 현철이에게 보낸 메일 제목이 뭐니"
2,"수요일 저녁에 누구랑 약속있니"
2,"내일 통영 날씨 좀 알려줘"
2,"비가 언제 그치니"
2,"영동 고속도로에서 동서울 진입 구간의 현황이 어때"
2,"오늘 가져다주기로 하고선 왜 또 안 된다 그래 "
2,"오늘 날씨 맑으니"
2,"이번 장마로 인한 피해액은"
2,"회사도 그만 뒀다면서 신용카드는 왜 만들어 "
2,"지금 에어컨 온도가 몇 도로 설정되어 있니"
2,"오늘 새벽에 비 오는지 알고 있니"
2,"오늘 대구 미세먼지량은 얼마니"
2,"내일 기숙사에 몇시까지 들어가야 하니"
2,"다음에 학교가는 날이 언제니"
2,"외부에서 온 메일이 몇 개니"
2,"장마가 언제 끝나는지 아니"
2,"오늘 종목별 경기결과 어떨지"
2,"이천 사 시즌 투수의 순위에 대해 알려"
2,"마지막으로 메일 온 시간 알려줘"
2,"오늘 오후 다섯시 모임 시간 알려줘"
2,"이번주 일요일에 춥니"
2,"어젯밤 보낸 이메일 중 송신 확인 안 된 이메일은 얼마나 되냐"
2,"내일 오후 열두시에 비가 오는지 알아봐"
2,"어제 학교에서 온 메일 있는지 검색해줘"
2,"오늘 오후 스케줄이 뭐야"
2,"영아에게 이메일 보냈니"
2,"혹시 펜션에서 예약 완료 메일이 왔니"
2,"내일 소개팅 변경된 장소가 어디니"
2,"오늘 새 편지 몇 통 왔냐"
2,"자기야 영화 볼까 그냥 잘까 "
2,"이번달 전기료 얼마야"
2,"서울소재 삼성전자 서비스센터"
2,"베트남 건기 언제부터 언제까지인지 알아봐줘"
2,"다음주 금요일 날씨 알려줘"
2,"다음주에 눈이 얼마나 올까"
2,"이번주 주말에 안개가 낄까"
2,"다윗은 웃사의 죽음으로 법궤를 누구의 집에 몇 달간 보관케 했나요"
2,"안 읽은 메일이 몇 개야"
2,"차고 문 열려 있는지 확인해줘"
2,"구월 세계 기온 보여"
2,"이메일함에 몇통 있는지 알려줘"
2,"해외 송금 아무 은행에서나 가능한 거니"
2,"이번주에 기온이 가장 낮은 날이 언제니"
2,"내일 나 할거 있니"
2,"장애인 올림픽 성적 좀 보여다오"
2,"이번 주 저녁에 약속 있니"
2,"대학 동기 모임 장소가 어디니"
2,"다음주 피로연 언제인지 알려줘"
2,"어제 사장님한테 온 메일이 있니"
2,"밖에 습도가 어떠니"
2,"이번주 토요일 뉴욕 날씨 좀 알려줘"
2,"휴지통에 편지가 있니"
2,"이 책에 나와 있는게 도움이 될까 "
2,"선생님과 만나기로 한 날짜 좀 알려줘"
2,"오늘 오전에 도착한 메일은 몇 통일까"
2,"어젯밤 온 메일 중 첨부 파일이 든 메일 몇 통이니"
2,"대학교 등록금 마감일이 언제야"
2,"서해 중부해상물결을 알려줘"
2,"내일 습도와 불쾌지수 좀 검색해봐"
2,"화장실에 환풍기가 돌아가고있니"
2,"주식으로 번 돈은 쉽게 쓴다는데 도대체 왜 그런거야"
2,"현재 서울의 야외 습도 알려줘"
2,"더운 거랑 추운것 중에 어떤 게 좋아요"
2,"이번 주 금요일 소개팅 장소가 어디니"
2,"주소록 사람이 총 몇 명인지 확인해줘"
2,"내가 참조로 들어간 메일이 있니"
2,"너 공부 잘 돼"
2,"동해와 서해 중 파도가 더 센 곳은 어디니"
2,"선생님이 교무실로 오라고 하시던데 뭐 잘못했어"
2,"아버지께 온 메일 있니"
2,"에어컨 켜져있니"
2,"너 다이어트 하더니 살 좀 빠졌니"
2,"미세먼지가 언제쯤 줄어들지 알려줘"
2,"리더십을 발휘하였던 경험을 말해주세요"
2,"교통 흐름이 나아졌는지 파악해주련"
2,"그리고 장마가 시작될지도 알려줘"
2,"교수님 건강 하시죠"
2,"내가 어제 회사에 메일 보냈니"
2,"내일 비행기 출발 시간이 몇 시인지 알려줘"
2,"다음주 결혼식 언제인지 알려줘"
2,"팔월 십일일 강릉 날씨좀 알려줘"
2,"수요일 평균기온이 몇도인지 알아봐줘"
2,"이번주 약속장소는 어디니"
2,"방금 지운 메일 다시 복구되니"
2,"선거 메일을 휴지통으로 이동했니"
2,"이번주 비 오는지 봐봐"
2,"팔월 대한민국 평년 강수량 좀 알려줄래"
2,"다음주 일요일 오전 일정이 어떻게 되니"
2,"내일 저녁의 한강의 온도를 알려줘"
2,"오늘 마스크 필요하니"
2,"임시 보관함에 있는 메일 있는지 확인해"
2,"오늘 몇도니"
2,"태풍이 밀려온다는 데 괜찮아"
2,"오늘 오후에 비가 올 확률이 높니"
2,"이번주 교수님과 미팅이 언제인지 알려줘"
2,"이천수 소속팀 관련 기사를 보여"
2,"어젯밤 보낸 이메일 중 송신이 확인된 이메일 몇 통인가"
2,"지운 메일 총 몇 개야"
2,"도서 반납예정일 이라는 제목의 메일 왔니"
2,"사월육일 회사에서 온 메일이 있니"
2,"오늘 저녁에 비가 오는 지 알려줘"
2,"전국 날씨가 어떤지 알려줘"
2,"다음주 목요일에 내 생일파티 어디서 하기로 했니"
2,"현재 수원날씨 확인해줄래"
2,"오늘 먼지 많아"
2,"병원에는 무슨 일로 입원하셨어요"
2,"오늘 술 약속이 있니"
2,"십 대 건강식품과 관련된 기사는"
2,"대설주의보 발효지역 알려줘"
2,"내일 비가 오니"
2,"사 인실 있을까"
2,"이번 장마 언제 끝나"
2,"다음 주 흐린날이 언제니"
2,"패러글라이딩은 좀 위험하지 않을까"
2,"문앞 조명이 켜져있는지 확인해"
2,"부산 시내 정체구간은 얼마나 되니"
2,"날씨가 더워져서 입맛도 없는데 살은 왜 자꾸 찔까 "
2,"이번주 일교차 제일 심한 날 알려줘"
2,"오늘 불쾌지수 어느 정도인지 알려줘"
2,"야 재석이 재철이 송민 선우덕이 연락했냐"
2,"집안 카메라 고장 체크해"
2,"이번주 일요일에 마트가 문을 여니"
2,"대출도서 반납기간이 언제까지니"
2,"시드니까지 할인 항공권 있나요"
2,"올해 폭엽주의보는 몇번있었니"
2,"다음주 주말 예상 강수량 알아봐"
2,"내일은 비가 올까"
2,"오늘 기온이 가장 낮은 때가 언제인지 확인해줘"
2,"모레의 강수확률이 몇퍼센트 인지 알려줘"
2,"이번주에 온 메일이 있는지 확인해줘"
2,"내일 출장 장소가 변경되었는지 확인해줘"
2,"외국어 정규강좌 개강 안내 메일이 왔는지 확인해줘"
2,"나 뭐 물어볼 게 있는데 너 미국 갔을 때 계좌 새로 만들었었어"
2,"이번주 봉사활동 일정이 있니"
2,"충북 지역에 불쾌지수를 알려줘"
2,"문이 잠겨있는지 확인해"
2,"올해 수능 예상 날씨 아니"
2,"오늘 영덕의 미세먼지량 좀 알려줘"
2,"수유에서 여의도 가려면 어디서 환승해야 하지 "
2,"지금 대구 온도 알려줘"
2,"다음 주에 일정 뭐 있니"
2,"첫인상은 나빴는데 나중에 좋아진 경험이 있으면 말해 주시겠어요"
2,"내게 쓴 메일들 중에서 파일첨부가 된 것이 얼마나 있니"
2,"저번달 십육일 일정이 뭐였니"
2,"내 축구화 못봤어"
2,"내일 강릉 날씨를 알아봐라"
2,"오늘 병원 예약 시간 알려줘"
2,"레알 마드리드팀 새 감독 관련 기사를 찾으렴"
2,"사월사일에 보낸 메일 확인하고 지워졌니"
2,"오늘 아침에 눈내리니"
2,"내가 수신함에서 확인 안한 메일이 몇통있니"
2,"오늘 제주도에 강수량이 어떻게 돼"
2,"오늘 언제쯤 비가 그칠 예정이니"
2,"부모님 결혼기념일 알려줄래"
2,"오늘 오전에 회사에서 온 메일 있었는지 알려줘"
2,"오늘 음원파일 있는 메일이 중요표시 되었니"
2,"어제 예천에 비가 얼마나 왔는지 강수량 좀 알려줘"
2,"한 시간 전에 온 메일이 있니"
2,"바람이 가장 강하게 부는 날 알려줘"
2,"올해 여름 날씨 특징을 알려줘"
2,"폭염 다 지나는 날이 언제 인지 알려줘"
2,"다음주 제주도 날씨 어떤지 알려줘"
2,"주유할 때 포인트제일 많이 쌓이는 카드가 어떤 거야 "
2,"화장실 불 켜져있는지 확인해"
2,"어제 온 눈이 언제쯤 녹는지 알려줘"
2,"방금 온 메일 제목이 뭐야"
2,"하늘에 달이 없으면 어떻게 되나"
2,"내일 최고기온 삼십도 넘니"
2,"서울에서 제일 안 아프게 치료하는 치과는 어떻게 가"
2,"내일 몇 시부터 일정 시작인지 알려줘"
2,"요즘 홈페이지에 소식도 잘 안올리고 뭐하면서 살고 있어 "
2,"우박도 같이 내리니"
2,"수요일 아침 온도 확인해줘"
2,"이번주 평균 강수량 알려줄 수 있어"
2,"올해 폭설이 쏟아지게 될 날을 아니"
2,"메일 주소록에 거래처 업데이트 시켰니"
2,"에어컨 몇시간째 쓰고 있니"
2,"이번 일주일 날씨 정보 알아봐"
2,"오늘 날씨 어떤지 알려줘"
2,"다윗을 배신하고 압살롬에게 자기 뜻이 전해지지 않자 고향으로 내려가 유서를 써놓고 죽은 사람은 누구인가요"
2,"첫 눈 언제 오는지 아니"
2,"작년 칠월 칠일 경기도에 비왔는지 알려줘"
2,"이번주 화요일에 눈이 얼만큼 오는지 알려줘"
2,"오늘 기상주의보 있는지 검색해줘"
2,"사업계획서는 다 작성했니 "
2,"미세먼지농도는 얼마나 되니"
2,"많이 맞을수록 좋은 것은"
2,"다음주에 태풍 오는 날 있니"
2,"냉장고 닫혀 있는지 확인해줘"
2,"유럽여행 가기 가장 좋은 날씨 알려줘"
2,"가스밸브 제대로 잠겼는지 확인해줄 수 있니"
2,"오늘 바람이 얼마나 부니"
2,"내일 아침 날씨 어떤지 아니"
2,"에어컨 온도가 몇도로 되어 있어"
2,"오늘 한국에서 어느 도시가 가장 더운지 알려줘"
2,"오늘 날씨확인 알려줄수있니"
2,"오늘 강수량 얼마인지 말해줘"
2,"내일 한시에 약속이 있니"
2,"외국어 공부 하고 싶은데 일본어가 좋을까 아니면 중국어가 좋을까"
2,"신발장에 불 켜져있는지 확인해"
2,"이번 설 연휴에 일정 있니"
2,"자격증 따려고 하는데 뭐가 좋을까"
2,"이번주 부산 바람세기 좀 검색해줘"
2,"국내 바이오 단지와 관련된 사회면 기사 모아줄래"
2,"뭔 일 있어"
2,"버스 급정거시 청년이 아가씨를 껴안고 하는 기도는"
2,"다음주 토요일 토익시험 시간 확인해줘"
2,"기브온 사람들은 그 옛날 학살했던 사울의 자손들 일곱명을 죽였어요 이 시체를 누가 보호했으며 이로인해 다윗으로 하여금 무슨 언덕에 장사케 했나요"
2,"오늘 공기 청정도가 어떻니"
2,"이 메일 수신자가 총 다섯 명인지 확인해주겠니"
2,"기름 경고등 불 켜지고 나서 얼마나 탈수 있지"
2,"지난달에 눈이 왔는지 알려줘"
2,"제주도 팔월 날씨 알려줘"
2,"이번달 인천 누적 강수량이 어떤지 아니"
2,"오늘 스터디모임 언젠지 알려줘"
2,"내 메일 계정 총 용량이 얼마니"
2,"오늘의 환율변화는 어떤데"
2,"스쿼시 하니까 어때 재밌나 나도 해볼까 "
2,"내일 서울 미세먼지량이 어떻게 되니"
2,"가족 모임 언제하는지 알려줘라"
2,"오늘 수업은 몇 시에 시작하지"
2,"내일 아침 여덟시에 알람 설정되어있니"
2,"오늘 서울 최고기온 몇도인지 알려줘"
2,"혹시 지금 보일러 켜져 있니"
2,"다음주에는 비가 언제언제 오니"
2,"현관 문이 잠겨있는지 확인해라"
2,"지금 시각을 알려줘"
2,"새로 생긴 자마이카 휘트니스 어때"
2,"근데 기타누락자는 왜 생기는 겁니까"
2,"오늘 가장 더운 시각이 몇 시니"
2,"먼저 먹어야 하는 음식이 뭐니"
2,"내일 점심에 스케줄 있니"
2,"버스 어디서 갈아 타면 돼"
2,"이 지역이 태풍 영향권에 있는지 확인해줘"
2,"내일 시험 보는 거 공부 끝났니 "
2,"오늘 방화 관련 기사가 뭐니"
2,"서울에서 언제 출발이래"
2,"고객 유치를 위한 세미나가 어떨까요"
2,"에어컨 켜져있니"
2,"스팸 지정된 메일 주소 어떤 것 있어"
2,"장마로 부산에 최대 몇 미리의 비가 내리니"
2,"이번 주 최고 기온 몇 도인지 알려줘"
2,"부산대학병원에서 제일 가까운 약국은 어디일까"
2,"다음주 월요일 수업시간표 알려줘"
2,"보관함에 있는 메일이 모두 몇 개이니"
2,"경부 고속도로 정체구간은 어떨지"
2,"다리미 전원 꺼져있는지 확인해줘"
2,"작은방에 조명 꺼져있는지 확인해"
2,"티비 영화채널을 알려주겠니"
2,"일본어를 배울까 중국어를 배울까"
2,"집에 아무도 없니"
2,"다음주 제주도 날씨 어떤지 아니"
2,"오늘 몇시까지 눈오는지 알려줘"
2,"휴지통 정상적으로 비워졌니"
2,"계획안 대로 진행해도 될까요 "
2,"여자친구는 너 메일 주소 알고 있어"
2,"할아버지 기일이 몇요일이었니"
2,"친구 결혼식이 언제인지 알려줘"
2,"친구가 이번주에 보낸 메일이 있니"
2,"거실에 불 꺼져 있니"
2,"네 친구 중에 포토샵 잘 다룰 줄 아는 친구 있어"
2,"산부인과 가는 시간 알려줘"
2,"토요일에 볼까 일요일에 볼까"
2,"내일 오후에 비가 올 확률을 확인해봐"
2,"지금 해운대 해수욕장 파도 높이 좀 알려줄 수 있니"
2,"내일 수업이 몇 시에 시작하는지 알려줘"
2,"이번 주 철원 날씨 춥니"
2,"태풍이 언제 끝나는지 알려줘"
2,"오늘 식중독 지수 알려줘"
2,"파란 우산 줄까 빨간 우산 줄까"
2,"이번주 미세먼지 농도 좋음인 날 알려줘"
2,"오늘 해가 언제 제일 맑게 뜨는지 알려줘"
2,"예약메일 몇 개니"
2,"지금 강수량을 알려줄래"
2,"그 기업의 시장 점유율은 어느 정도야 "
2,"가족모임 일정 확인해줘"
2,"내일 동아리 모임 어디 인지 알려줘"
2,"오늘 최저기온 알려줘"
2,"팔 월 둘째 주에 온 메일이 있니"
2,"오늘 밤 축구 모임 가려면 집에서 언제 출발해야되는지 알려줘"
2,"용산에 위치한 태국요리 전문점 알려줄래"
2,"이번 주말 소개팅 몇 시에 있니"
2,"오늘 세계에서 가장 추울 나라는 어디니"
2,"오늘 기온 삼십 도 넘는지 궁금해"
2,"이번달 가족모임 언제니"
2,"오늘 몇시에 눈이 오니"
2,"시월달 세계 기온을 보여줄래"
2,"왜 오토바이는 할부금융이 없는 건지요"
2,"예수님의 제자중 세리였던 사람은 누구인가요"
2,"장마가 언제 끝날까"
2,"이번 지진 강도가 몇이었지"
2,"언니 보고 싶어서 눈이 짓물렀어요 우리 언제 보는 거죠 "
2,"거실불 키고 왔는지 확인"
2,"모레 전국에 눈 올 확률이 몇 퍼센트니"
2,"내 핸드폰 어디에 있니"
2,"내일 오전에 아침 운동 일정 있니"
2,"오늘 눈 몇시까지 내리니"
2,"폭염이 언제부터 시작인지 알려줄 수 있니"
2,"시골집에 갔다 오려 그러는 데 뭐 타고 갈 거니 "
2,"오늘 눈이 언제 그치는지 알려줘"
2,"토요일 도봉산 주변 지역 날씨 어떤지 알려줘"
2,"작년 십이월 서울 적설량 좀 알려줄래"
2,"이번주 토요일 점심에 전시회 있니"
2,"바람이 어느 방향으로 부니"
2,"집안 온도좀 알려줘"
2,"다음주 상해 날씨를 알려줘"
2,"다음 주 뉴욕은 어떤 날씨니"
2,"해외 출장이 언제였지"
2,"전자지도 서비스를 이용할 수 있나"
2,"이번달에 눈 오는 날 좀 알려줘"
2,"오늘 강수량이 얼마나 되니"
2,"내일 몇도인지 알려줘"
2,"내일 날씨 알려줘"
2,"이 도시에서 사는 것을 좋아하세요 이유는요"
2,"다음주 목요일 오후 두시에 일정 알려줘"
2,"명세표 관련 메일 왔니"
2,"치과 예약일이 언제이니"
2,"주가 떨어진다는데 팔거야 말거야"
2,"이번주중 세차지수 좋음인날이 언제인지 알려줘"
2,"혹시 십육 일 날 학교 가시나요"
2,"안녕하세요"
2,"현재 방 온도 몇 도니"
2,"이번주 비가 오는 요일을 알려줄 수 있니"
2,"너 어디야 왜 아직도 안 나오는 거야 "
2,"나 오늘 뚝섬에 놀러가도 날씨 괜찮을까"
2,"이번주 대구 미세먼지량이 어떤지 아니"
2,"신세계 백화점 근처 전통 음식점 어딘데"
2,"에어컨 전원 꺼져있는지 확인해줄 수 있니"
2,"이번 주 동안 메일이 가장 많이 온 날이 언제니"
2,"장기 거래 실태에 대한 기사를 보여라"
2,"화장실에 불이 꺼져있니"
2,"보일러 온도가 이십사도로 맞춰져 있니"
2,"샤라포바와 관련된 테니스 경기 기사 찾아"
2,"유다왕 므낫세왕은 몇 살에 왕이 되었으며 몇 년을 치리했나요"
2,"비는 이번주에 언제오는지 알려줄 수 있니"
2,"오늘 밤에 뇌우 예보가 있니"
2,"다음달 마지막 주 일정 좀 알려줘"
2,"용산 주변 전자 대리점은 어디에 있는가"
2,"우리 할머니 제삿날이 언제이냐"
2,"이번주 수요일 약속 있니"
2,"딸아이 생일선물 사기로 한 날이 언제야"
2,"안방 티비가 켜져 있니"
2,"이번주에 최고온도 삼십도가 넘어가는 날이 있는지 알려줘"
2,"주말에 은행 업무를 하는 곳이 없나 "
2,"너 남자들한테 늘 이러냐 "
2,"주방에 환풍기가 켜져있는지 확인해줘"
2,"집에 있는 냉장고 문이 잘 닫혀 있니"
2,"창원시 반림동 소재 외과 병원은 어디야"
2,"이번 주말 데이트 장소가 어디니"
2,"어제 메일 몇 개 왔는지 알려줘"
2,"칠월 둘째주 날씨를 알려줄 수 있니"
2,"주말에 부산에서 우산이 필요하니"
2,"내일 정동진 해 몇시에 뜰까"
2,"임시보관함이 비어있니"
2,"이 열차는 침대차 있나요"
2,"우리 누님 출산일이 언제야"
2,"작년 크리스마스에 눈이 왔었니"
2,"저번달 내가 메일을 가장 많이 보낸게 누구니"
2,"주말엔 가족과 함께 벌초 갔다 왔어 넌 주말에 뭐했어 "
2,"오늘 비 언제 오기 시작하는지 알려줘"
2,"컴퓨터 전원 켜져있는지 확인해"
2,"오늘 조선일보의 띠별 운세 보여"
2,"오늘 일정 시작 몇시였지"
2,"시간이 겹치는 일정을 알려줘"
2,"스팸매일함 다 삭제 되었니"
2,"태양광패널 중지 시킬수 있니"
2,"바쁘니"
2,"오늘의 기온이 평년보다 높을지 알려줘"
2,"내일 출근 시간 알려줘"
2,"내일 프팡스에 태풍이 언제불지좀 알려줘"
2,"용산 가려면 뭐 타고 가면 될까"
2,"아말렉 사람으로 모르드개를 나무에 매달려고 했던 사람은"
2,"부엌에 가스 잠갔는지 확인해줘"
2,"타이거 우즈 경기 기사가 있는지 알려다오"
2,"증권사들이 향후 전망이 갑자기 비관적이 된 이유가 뭐죠"
2,"내일 오후 날씨 좀 알려줘"
2,"에어컨 꺼져있니"
2,"내일도 눈이 내리니"
2,"원피스 반품 언제까지니"
2,"금요일 아침식사 이전 스케쥴이 몇시로 되어있니"
2,"오늘 형 몇시에 만나나요"
2,"칠월삼일에 읽지 않은 메일있니"
2,"어디에 주차 공간이 있니"
2,"내일 오전에 신림동의 기온은 얼마인지 알려줘"
2,"내게쓴메일함에 메일이 몇 통이 있니"
2,"여름엔 뭐니 뭐니 해도 바비큐파티다 너도 올 거지"
2,"한약 먹기 시작한 날이 언제니"
2,"매년 대학생 국토순례하는거 아직도 해"
2,"준영아 너 무슨 일이니      "
2,"어제 받은 승인 메일 있니"
2,"장마 언제 시작하니"
2,"주간날씨가 어떤지 읽어줘"
2,"부모님 결혼기념일이 언제인지 알려줘"
2,"오늘 최고 기온을 알려줘"
2,"페이스북에서 온 메일 있니"
2,"스쿼시 하니까 어때 재밌나 나도 해볼까 "
2,"오늘의 생활기상에 대해 전체적으로 알려줘"
2,"점심은"
2,"겨울방학 토플강좌 일정이 어떻게 돼"
2,"보일러 켜져있니"
2,"영어로 온 메일 내용을 해석할 수 있니"
2,"어제 눈이 가장 많이 온 곳이 어디니"
2,"벌써 말복이래요 점심 때 삼계탕 좋으시죠 "
2,"편지가 모두 읽음으로 표시되어 있니"
2,"내일 비는 어느 지역에 오니"
2,"다음달 출장이 언제니"
2,"국제유가 상승과 원자재 가격 상승이 어떤 의미야"
2,"보일러 전원 켜져 있니"
2,"청구서 메일함에 안 읽은 메일 몇 개니"
2,"다음주에 기온이 십도 이상인 날이 언제 인지 알려줘"
2,"한국 칠월 날씨 알려줘"
2,"학교버스가 얼마나 자주 있지"
2,"부산대 주변 나이트클럽은 어디니"
2,"수신확인했는지 알려줘"
2,"담당교수님의 성함이 뭐지"
2,"오늘 언제부터 비 오는지 알려줘"
2,"갈릴리에서 처음 예수님의 제자가 된 네 명은 누구인가요"
2,"오늘 자외선 수치 알려줘"
2,"내일 오전 병원 예약되었니"
2,"한국 칠월 날씨 어때"
2,"스팸함에 메일이 몇통이니"
2,"내일 일곱시에 어디서 영화보기로 했니"
2,"내 주변 무료주차장 위치 어디니"
2,"오사카 새벽 날씨좀 알려줘"
2,"내일 예상 강수량을 알려줘"
2,"엠티가 언제인지 알려줘"
2,"올해 첫 눈 언제오는지 알려줘"
2,"화장실에 물이 틀려있는지 확인해 "
2,"국제교류처에서 온 메일 있는지 좀 알려줘"
2,"내일 강설량을 알려줘"
2,"제주도 다음주 비오는지 알려 줄 수 있니"
2,"대학 테니스 우승자 관련 기사는 없을까"
2,"청소 한 지 얼마나 됐니"
2,"주방 불 밝기 낮췄니"
2,"내일 비 오는지 알려줘"
2,"여행이라는 단어가 들어간 일정 모두 알려줘"
2,"내일 태풍이 올해 몇번째 태풍이야"
2,"다슷翎오는 장마 언제 끝나니"
2,"이번 주 가족 모임 언제인지 아니"
2,"오늘 새벽에 온 이메일 있니"
2,"내일 평창에서 스키타도 되는 날씨인지 알려줘"
2,"돈까스 먹기 대회의 일정을 알려줘"
2,"내일 저녁 강아지 병원 예약은 몇시니"
2,"전자레인지 전원 꺼져있니"
2,"지금 난방 온도가 몇 도니"
2,"학생은 과학자가 되고 싶은데 부모님은 의대를 희망하네요 이유가 있나요"
2,"내일 무슨 수업 있는지 알려줘"
2,"지금 집이 몇도인지 확인해라"
2,"침대로 던져줄까 그냥 내려줄까 "
2,"내일 새벽 서울에 안개가 심한지 아니"
2,"오늘 서울기상센터의 서울 최고기온을 알려줘"
2,"이번주에 언제 모임인지 체크해줄 수 있니"
2,"다음달 세번주 수요일이 몇일인지 알려줘"
2,"이번주 일요일 메가박스 몇시에 가야하니"
2,"다음달 터키여행 일정 언제인지 아니"
2,"이번에 씨이오가 바뀐다던데 누가 될까 "
2,"대용량 메일 첨부파일 다운로드 기간이 언제까지니"
2,"오늘 서울 체감온도 몇 도인 지 검색해"
2,"고평가된 주식과 저평가된 주식의 구분방법이 궁금해"
2,"이번주 중에 미세먼지농도가 제일 좋은 날은 언제니"
2,"지금 냉장 온도 몇 도야"
2,"오늘 마스크를 챙겨야 하는지 확인해줘"
2,"네 배 안고프세요"
2,"다음 달 결혼식 몇 일인지 알려줘"
2,"카페메일 몇개왔는지 확인해줘"
2,"성남 일화의 최근 기사를 보여"
2,"전자레인지 전원 켜져 있는지 확인해줄 수 있니"
2,"다음주 수요일에 모임약속이 있니"
2,"수리 업무는 어느 업체에 맡겨야 할까"
2,"누나 결혼식 언제야"
2,"스테미너 건강 관리법은 뭐가 좋지 "
2,"장마 언제부터 시작인지 알려줘"
2,"급행 요금은 얼마에요"
2,"이번 주 눈 내리는 날 알려줘"
2,"종교에 관련된 신문을 찾아라"
2,"언어교육원에서 이루어지는 영어 회화 강의는 들을 만 하니"
2,"경부 고속도로 내 소통 원활한 구간은 어딘가"
2,"신세계 백화점 근처 전통 음식점 어디냐"
2,"서울에서 제일 저렴한 예식장 어떻게 가"
2,"다음주 수요일 교육 장소가 어디니"
2,"조명 켜진 곳 있니"
2,"집근처 중고나라 전화번호 알려줘"
2,"의사 선생님이 뭐라고 해"
2,"이번 주에 오후 기온이 삼십도가 넘는 날이 언제인지 알려줘"
2,"이번주 토요일 상해에 비가 오니"
2,"정동진 날씨 보여줘"
2,"여기서 기다릴까"
2,"시험 잘 봤니"
2,"이번달 징검다리 휴가일이 언제 있니"
2,"어제 서울지역 구름의 양이 어땠지"
2,"지금 화장실 불이 켜져 있니"
2,"장마 언제 끝나는지 예상일 알려줘"
2,"쇼핑관련 이메일 있니"
2,"이번주 공강 시간 알려줘"
2,"카페에서 온 메일 차단했니"
2,"오늘 계약 한 건 했다 뭐 먹고 싶어 "
2,"강촌 가는데 버스로 갈까 기차로 갈까"
2,"지금 자외선 지수가 얼마나 되니"
2,"이번에 학교에서 하는 스노보드 강좌 들었니"
2,"교수님한테 메일 답장이 왔는지 확인 되었니"
2,"캣츠 일곱시 반 표 예매했는데 괜찮으시죠"
2,"이번주 일요일 울진 날씨 좀 알려줘"
2,"이번달 핸드폰 요금내는 날 알려줘"
2,"내일 공기청정도 어떤지 알려주렴"
2,"수요일 오후수업 몇시에 마치니"
2,"지금 제주도 날씨 확인해"
2,"건강식품이 정말 효능이 있나요 "
2,"오늘 저녁 미팅 장소가 어디인지 알려줘"
2,"오늘 일정 있니"
2,"차단한 메일 주소 몇 갠지 알려줘"
2,"태풍의 눈은 고기압일까 저기압일까"
2,"오늘 오후에 내게 메일이 몇 통이나 왔니"
2,"이번주 토요일에 속초에 비오니"
2,"서울에서 치료를 잘하는 안과는 어디니"
2,"화물의 추가 요금은 얼마인가요"
2,"이번 주 일요일에 방문 할 요양원 이름을 알려줘"
2,"오늘 최고기온 몇 도야"
2,"보낸 메일함에 회사로 보낸 답장이 있니"
2,"칠월 이십오일 가평 온도 알려줄 수 있니"
2,"국제교류처에서 온 메일 있니"
2,"가습기 틀어져있니"
2,"올해 엄마 생신은 무슨 요일인지 알려줘"
2,"내일 승마 연습 어디에서 하니"
2,"서울시내 어쭈구리 매장은 어떻게 간데"
2,"길동 근처의 길동사거리 정체되나"
2,"수신 확인이 된 새 메일 몇 통인가"
2,"강남역 주변 교통상황을 보고싶어"
2,"에어컨 희망온도 몇 도로 설정되어 있니"
2,"이번 주에 우산 필요한 일이 있니"
2,"가장 감명깊게 또는 인상깊게 읽은 책에서 기억나는 내용을 말해보세요"
2,"다른 계좌 없어 자꾸 에러가 나네"
2,"동생과 형이 싸우는데 엄마가 동생 편을 드는 세상을 뭐라 할까"
2,"서초구 서초동 근처 고깃집 어디에 있데"
2,"앞으로 일주일간 비소식이 있니"
2,"에어컨 온도가 몇도로 설정되어 있냐"
2,"내일 동아리공연 장소가 어디인지 알려줘"
2,"가족과 볼링장을 언제 가기로 했는지 알아봐"
2,"남동생 휴가 날짜가 언제니"
2,"이번 크리스마스가 무슨 요일인지 알고 있니"
2,"윤리학 점수 나온 거 봤니"
2,"우산 안 가져왔으면 나랑 같이 쓸래"
2,"오늘 비 올 확률이 몇 퍼센트야"
2,"영미가 보낸 메일 있니"
2,"이번주 주말 강수확률 어때"
2,"오늘 초미세먼지 어떤지 알려줘"
2,"가장 마지막 일정이 무엇이었는지 말해줄래"
2,"다음주에 눈 오는 날 알려줘"
2,"오늘 최저 기온이 어떻게 되니"
2,"남자친구 생일이 언제니"
2,"어제 본 인카운터 영화 시간을 아니"
2,"내일 몇시에 일어나야 되니"
2,"제작년 오늘 날짜에 보낸 메일 있니"
2,"현관문 카드 인식 장치 배터리가 다 되었니"
2,"오늘 저녁 미팅 장소가 어디인지 알려줘"
2,"신문에 나오는 주식시세표 어떻게 보는 거야"
2,"이번주 화요일 오후 일정이 어떻게 되는지 알려줄수있니"
2,"가장 최근에 받은 메일 제목이 뭐야"
2,"오늘 밤 아홉시에 동창모임이 있니"
2,"올해 외국에서 보낸 메일이 몇 통이나 되니"
2,"오늘의 파도쎄기 알려줘"
2,"내일 새벽 부산 날씨 알려줄 수 있니"
2,"창원터널 진입로는 상황이 어때"
2,"대부분의 이유는 무엇입니까"
2,"초밥요리사랑 결혼하는 건 어때"
2,"주간 서울 날씨 알려줘"
2,"친구들아 단체미팅 언제 하니"
2,"성적 공개 메일 지웠니"
2,"오늘 누구랑 약속 있는지 알려줘"
2,"환전은 외환은행 말고 아무 은행에서라도 할 수 있는 거지"
2,"보일러 꺼져있니"
2,"내일 날씨가 춥니"
2,"이번주에 언제 화창한지 알려줘"
2,"다음주 대구 최고 기온이 어떤지 아니"
2,"이번 달에 비가 몇 번 왔는지 알려줘"
2,"해외 펀드 종류는 다양한 편이니 "
2,"이번주 금요일에 친구 만나기로 했니"
2,"이메일 로그인 비밀번호 변경할 수 있니"
2,"보일러 관수온도가 몇도로 설정되어 있니"
2,"그날 잘 들어가서 쉬셨나요 "
2,"내일 아침 안개 심한 지역좀 알려줘"
2,"스타일러 몇시에 끝나니"
2,"내일 오후 세시에 어디에 가기로 했니"
2,"당뇨병은 많이 좋아 지셨나요"
2,"할인중인 영화를 알려줘"
2,"오늘 최고온도가 몇도인지 알려줄 수 있니"
2,"내일 점심 약속 어디로 가야하는지 알려줘"
2,"올해 내 생일은 무슨 요일이니"
2,"우리 곗돈 국민은행에 통장 만들어서 맡길까 "
2,"최근 한 달 동안 학교에서 온 메일이 있는지 확인 좀 해봐"
2,"입금 취소 하고 싶은데 방법을 알고 있니 "
2,"현관에 불이 켜져있니"
2,"영화 관련 기사를 찾아라"
2,"내일 과제 발표 몇시에 하니"
2,"이번 주에 첫 눈이 오니"
2,"현재 풍속이 어떻게 돼"
2,"내일 날씨 좀 알려줘"
2,"요즘 넌 뭐하고 지내"
2,"오늘 영화보기 일정이 몇시니"
2,"오늘 일정 알려줘"
2,"어젯밤 새 메일 중 아이디 토니가 보낸 이메일 찾아라"
2,"수신함에 장민하가 보낸 이메일이 모두 얼마나 있어"
2,"예약금 걸 돈이 없는데 어쩌면 좋지"
2,"수요일 점심 네시에 영화보기로 했니 "
2,"짐 제한 무게 얼마냐"
2,"영업부에 메일이 잘 발송되었니"
2,"이번주 토요일 대구 최고 온도 좀 알려줘"
2,"다음 달 시험 언제인지 아니 "
2,"오늘 해상 날씨 알려줘"
2,"영화관 일정 저장된거 있어"
2,"안녕하세요"
2,"내일 오후에 회의가 몇시에 시작하니"
2,"오늘 강남 비그치는 시간좀 알려줘"
2,"오늘 스팸 메일 몇 통 왔니"
2,"오늘 어제보다 추울까"
2,"안개가 언제까지 심한지 알려줘"
2,"보낸메일 몇 개니"
2,"다음 달에 춤연습 일정이 몇 번이나 있니"
2,"애기들 방에 불이 켜져 있니"
2,"어제 시험 끝내고 좀 여유가 생겼나"
2,"오늘 우산가지고 나갈까"
2,"오늘 최고 온도가 몇도인지 봐줘"
2,"내일 하루종일 비가 안오는지 검색해봐"
2,"베란다 문이 열려 있는지 확인해"
2,"내일 오전 일곱시에 서울 날씨가 어떤지 알려줘"
2,"모레 오후 날씨 아니"
2,"내일 출근길 날씨 알아봐"
2,"호우주의보 발령이 났니"
2,"내일 오전 일정이 어떻게 되는지 알려줘 "
2,"이번주 회의 없는거 맞지"
2,"어제 집에 들어온 사람 있니"
2,"오늘 정선 날씨 좀 알려줘"
2,"이번주 미용실 예약이 무슨요일이야"
2,"대동병원 근처 꽃집 어디지"
2,"오늘 부산에 비가 오니"
2,"다음 공략 목표는 어디인지요"
2,"이번 달 수도 사용량이 얼마나 되니"
2,"현금 거래 제재는 어떤 식으로 이루어지나요"
2,"언제까지 오늘같이 더운날이 계속 될까"
2,"지금 밖에 비가 많이 오니"
2,"사교육을 받은 적이 없다고 했는데 친구들이 사교육을 받는 걸 보며 불안감을 느끼진 않았나요"
2,"어떻게 된 거야"
2,"오늘 메일 몇 개왔니"
2,"청약저축은 어느 은행에서 하던 다 똑같은 건가 "
2,"우리나라 지역별로 전운량은 얼마나 되나"
2,"다음주 일요일에 날씨 좀 알려줘"
2,"이번달 축구경기 일정이 몇개 있니"
2,"오늘 점심 때 비 올까"
2,"여자친구랑 쇼핑가기로 한 날이 언제니"
2,"내일 날씨가 어떻게 되는지 말해줘"
2,"동생 생일이 언제니"
2,"올해 휴일이 총 몇 일인지 아니"
2,"오늘 자외선 지수 좀 알려줄 수 있니"
2,"임시보관함에 있는 메일은 다 삭제했니"
2,"내일 선생님과 어디서 만나기로 했는지 알려줘"
2,"아이스하키 관련 기사 알려주렴"
2,"오늘 저녁 일곱시 회식 잡혀있니"
2,"어제 거래처에서 메일 왔는지 확인해줘"
2,"태풍이 언제 오는지 알려줘"
2,"내일 해뜨는 시간은 몇시야"
2,"주주들의 마음을 잡기 위해 어떻게 해야 될까 "
2,"전화해서 화 내니까 어떻게 해 드릴까요"
2,"대본은 맘에 드냐 "
2,"무교동에 있는 서린낙지는 어떻게 가지"
2,"전립선 비대증 을 심해지면 전립선암이되나요"
2,"하나님의 성전안에 우상을 세워둠으로 앗수르의 침략을 받은 왕은"
2,"다음달 고등학교 동창 결혼식 날짜 알려줘 "
2,"주방에 불 켜져 있는지 확인해줘"
2,"소나기 예상 시간 알려줘"
2,"오늘 동해 파도 어때"
2,"비 많이 오는데 베란다 문 닫았니"
2,"오늘 오후에는 맑은 하늘을 볼 수 있니"
2,"지금 쌀통에 쌀이 남아있니"
2,"다음주 일요일에 뭐해야 되는지 알려줘"
2,"에어컨 방향 설정 확인해줘"
2,"가장 최근에 받은 메일 발신인이 누구니"
2,"열시 십분 비디오 녹화할까"
2,"일요일은 쉬고 싶은데 사람 만나는 스케쥴 있었나"
3,"팔월칠일부터 이십이일까지 외출할동안 전기최저모드로 해줘"
3,"오늘 온 이메일 확인해줘"
3,"세무사 메일 검색해"
3,"보낸 편지함 열어줘"
3,"내 방 스탠드 불 켜주라"
3,"오늘 복날이라는데 삼계탕 사 먹어 "
3,"세시간뒤에 보일러 꺼줄 수 있니"
3,"회계장부 좀 가져와 보세요"
3,"지금 티비에 나오는 드라마 녹화해 줄 수 있니"
3,"택시 할증 붙기 전에 얼른 타고 와"
3,"다음달 출장 일정에 대해 확인해주겠니"
3,"아침 아홉시 스마트 이불 정리 해줄수 있니"
3,"내일 오는 이메일들에 전부 별표표시를 해 놓을 수 있니"
3,"수화물 표를 보여주실래요"
3,"스탠드 좀 밝게 해줘"
3,"내일 춥데 옷 따뜻하게 입고 나가"
3,"자네 사표 내고 그 쪽으로 가면 부정경쟁방지법 위반이야"
3,"오늘 너랑 나랑 청소당번이야 꼭 같이 해"
3,"상장 탔다고 들었는데 한 턱 쏴라"
3,"내일 오전 일정 취소문자를 보내줘"
3,"너 자꾸 빨간 불일 때 건너지 마"
3,"주방과 거실 제외한 모든 전기 꺼줄수있니"
3,"애국가 악보 프린트 두장 해줘"
3,"회사에서 온 메일만 보여줘"
3,"일주일 전에 내게 쓴 메일 교수님께 전달해줘"
3,"구글 계정에 있는 메일 전부 삭제해줘"
3,"확인안한 메일 확인해줘"
3,"이번엔 내가 등 돌리고 있는 거니까 니 애인 안듯 안어 "
3,"커텐을 걷어줘"
3,"내일 밤에 술약속 취소해줘"
3,"비가 오면 창문 닫아줄 수 있니"
3,"내부 순환도로 교통상황을 알려"
3,"에어컨 온도 좀 높여줘"
3,"이제는 수익률보다는 안정성을 고려해서 투자를 해야합니다"
3,"촬영 끝나고 우리 초밥 먹으러 가자"
3,"커피 머신으로 커피 내려놔 줘"
3,"내일 발표 일정 추가해줘"
3,"이비에스에서 온 메일 전부 삭제해줘"
3,"무리한 운동은 오히려 안 좋아"
3,"할머니 방 온도 삼도 올려줘 "
3,"오늘 전송한 메일들 전부 휴지통으로 넣어줘"
3,"오월에 온 메일 모두 읽음으로 처리해줘"
3,"휴지통함 비워줘"
3,"그저께 거래처에서 온 메일을 삭제해줘"
3,"내일은 단수조치되오니 미리 물을 받아 놓으시기 바랍니다"
3,"이십일 모임 약속 입력해줘"
3,"세탁기 물 중간으로"
3,"이십분만 잘게 이십분 후에 깨워줘"
3,"보일러 전원 좀 꺼줘"
3,"내일 오후 한시에 닭가슴살 먹기 일정 추가해"
3,"안 읽은 메일 중에 중요 메일 제외해서 전부 지워"
3,"이번 달 마지막 주 일주일 간 일정을 모두 지워"
3,"큰방에 내가 좋아하는 노래 틀어라"
3,"일정에서 매주 수요일마다 아침운동이라고 저장해줘"
3,"성인병을 예방하려면 칼로리 높은 음식 좀 그만 먹어"
3,"라디오 케이비에스 쿨 에프엠으로 주파수 변경해줘"
3,"그저께 보낸 메일에 중요 표시 해줘"
3,"현관 조명 꺼줄 수 있니"
3,"집 전체 불을 다 꺼줘"
3,"보라색 조명만 켜 줄래"
3,"커튼 올려줄 수 있니"
3,"다음주 목요일 인사팀팀장님 점심 입력해줘"
3,"다음 교차로에서 우회전 입니다 "
3,"최근 읽은 메일 다시 검색해줘"
3,"월요일 오후 세시에 회사 미팅 일정 취소해줘"
3,"지하철 이 호선은 너무 더워 타지마"
3,"거실에 에어컨 켜줘"
3,"조금 전에 온 메일 중요메일 폴터로 이동해줘"
3,"안 읽은 메일을 삭제해줘"
3,"용량이 큰 메일만 따로 정리해줘"
3,"아이들은 생후에 적절하게 예방 접종을 해야 해요"
3,"무료쿠폰 생겼는데 피자헛 가자 "
3,"좀 더 오랫동안 보유하고 있어"
3,"잔소리 하지마"
3,"선풍기 삼십분 예약좀 해줘"
3,"나 너무 외로운 거 있지 흑 너무 보고 싶어"
3,"내 부인에게 오늘 저녁은 집에서 먹지말고 같이 외식하자고 메일보내"
3,"버린 휴지통에서 메일 복구할 수 있어"
3,"내일 오후 다섯시 네일샵 일정 추가해"
3,"거실 조명을 어둡게 해줄 수 있니"
3,"다음 노래 틀어줘"
3,"피크닉 일정을 이번주 일요일로 추가해줘"
3,"추우니까 옷 두껍게 입고 나가"
3,"철수야 나 누군지 알지 나 결혼한다 토요일에 축해해주라 "
3,"사원 여러분의 많은 관심 부탁드립니다"
3,"지난 주 제약회사에서 온 이메일들을 중요편지함으로 옮겨줄래"
3,"이번주 금요일 저녁약속을 추가해"
3,"할아버지 돌아가셨으니 빨리 조퇴하고 와라"
3,"온수 모드를 켜줘"
3,"다음주 토요일에 한강 가기 일정 추가해줘"
3,"이번 달 주말 일정만 브리핑 해줄 수 있니"
3,"장수마을의 건강비결 취재하자"
3,"어제 학교에서 온 메일을 모두 읽음으로 표시해줘"
3,"밥솥 취사 완료되면 바로 보온켜줘"
3,"북부 해수욕장 입구로 삼십 분까지 와"
3,"오빠가 도시락 싸오는 거 잊지 마"
3,"휴지통에 있는 메일을 전체 삭제해줄래"
3,"닥치구 먹어"
3,"내게쓴메일함 확인해줘"
3,"중앙 창문 블라인드를 내려줘"
3,"컴퓨터를 준비해서 쉽고도 정확하게 주식시장의 흐름에 대응할 필요가 있어"
3,"일월 구일 어머님 제사 일정 추가해줘"
3,"야 차 돌려"
3,"안방에 있는 조명 다 켜주라"
3,"이 이메일을 로그아웃 시켜줘"
3,"학생회투표가 이틀 남았습니다 많은 참여 바랍니다"
3,"김과장님 메일 내용 확인해줘"
3,"전기포트의 물을 팔팔 끓여줘"
3,"커피숍 가서 오랜만에 얼그레이 하고 케이크 먹을까"
3,"전자렌지를 스팀청소해줘"
3,"이번주 수요일 오전 여섯시에 알람 맞춰줘"
3,"이번달 이자 입금이 안됐으니까 확인 좀 해봐"
3,"땀이 많이 흐른다 가서 샤워해"
3,"예술의전당 앞으로 한 시까지 와"
3,"부엌 불좀 꺼주지 않겠니"
3,"매년 칠월 칠일을 생일로 설정해줄 수 있니"
3,"혹시 내 메일 안 읽었니수신차단했다면 풀고 메일 읽어봐 "
3,"오른쪽 스피커 볼륨 좀 키워줘"
3,"가 어 나 잠 좀 자자 낼 촬영 있어 얘"
3,"비가 너무 많다 소나기가 아니라 폭우다 폭우 물살 줄이고 다시 한 번 갑니다 한 번 더"
3,"이리로 와라"
3,"포토샵으로 수정해 주세요"
3,"이틀 전에 온 메일 모두 지워줘"
3,"걔 드디어 오늘이 발표 날이란다 같이 가서 응원이나 해 주자"
3,"내일 모래 오전 조기축구 모임 일정 추가해줘 "
3,"이번주 금요일에 친구 결혼식 일정 추가해"
3,"이백 페이지 이상인 메일은 삭제해줘"
3,"휴지통에 있는 메일 모두 삭제해줘"
3,"아기방 씨씨티비 화면 보여줄 수 있니"
3,"들러붙어"
3,"그리고나면 투자 금액을 따져 봐야 합니다"
3,"거실에 불좀 켜줄수 있니"
3,"부모님방 에어컨 온도 조절해"
3,"까쓰레인지 한 시간 있다가 켜라"
3,"자게 방에 불 좀 꺼 줘"
3,"산책이나 가자 산책이나"
3,"조정장이라 뒤타를 조심하는 게 좋을 거야"
3,"엘이디 조명만 켜라"
3,"꼬마냄비에 순두부 있으니까 그것도 데워 먹어라"
3,"이번 일주일 동안 메일 알람을 모두 꺼 줘"
3,"너희 부모님께서 너한테 메일 보내셨대 확인 빨리 해"
3,"박 팀장 우리 회사 옮기자"
3,"사진이라는 글자가 들어가 있는 메일 찾아줘"
3,"근데 너 왜 이거 이 여자만 주고 나는 안 줘"
3,"이번주 월요일 세시에 친구만나기 일정 추가해"
3,"식기세척기 돌려줘"
3,"칠월 마지막 메일 확인좀 해줘"
3,"집안의 모든 가전제품 전원꺼줘"
3,"다음주 월요일 데이트 일정 취소해줘"
3,"지금 당장 보자"
3,"늦지 않게 빨리 서두르자"
3,"관련 서류 첨부한 거 마저 봐 주세요"
3,"중요 편지함에 있는 메일 지워줘"
3,"보이실 때마다 이거 누르시면 됩니다 턱 바짝 붙여주세요  "
3,"히터의 온도를 조금 더 높여줘"
3,"오늘 오후에 올라가는 열차를 예약해"
3,"애기방에 조명 좀 꺼줘"
3,"확인하시고 공구 할인에 즉시 참가해 보세요"
3,"오늘부터 한 달동안 보일러 전원을 꺼 줘"
3,"박기장이랑 얘기 잘 해봐"
3,"선풍기 삼십분 뒤에 꺼줄 수 있니"
3,"화요일 오후 여섯시에 강남에서 소개팅 일정 등록해줘"
3,"이 메일 수신 확인 해줘"
3,"공부에 대한 스트레스 하루쯤 시간 내서 기분 전환해봐"
3,"담주에 동기 모임 한시간 미뤄줘"
3,"휴지통에 들어있는 메일 숫자 세"
3,"좀 조용히 좀 하지 전화하는데 "
3,"룸은 하늘이 보이는 쪽으로 예약해"
3,"첨부파일 있는 메일 전부 검색해줘"
3,"선풍기를 더 세게 켜주겠니"
3,"잘 찾아봐"
3,"매월 이십오일 사원카드 캐쉬백 일정 추가해줘"
3,"지금 당장 에어컨 꺼줘"
3,"이번주 일요일에 성당 일정 취소해줘"
3,"텔레비전 밝기 좀 더 어둡게 해줄래"
3,"선택한 메일들 안 읽음 처리할 수 있니"
3,"윤선이 수능 백일 전 되면 알려줘"
3,"임시저장함에서 제일 위에 있는 이메일 전송해줘"
3,"화장실 불 꺼줘"
3,"술 그만 마셔 위에 병 난다"
3,"이마트 주차장이야 칠 층으로 와"
3,"주식은 여윳돈으로 해야지"
3,"뉴수 관련 메일 저장해줘"
3,"다음주 약속 장소 다 영화관으로 바꿔줘"
3,"차 안세워"
3,"홍보 메일 스팸 메일함으로 옮겨주겠니"
3,"컴퓨터 화면 밝기좀 조절해 줄수 있니"
3,"스릴을 느끼고 싶으면 래프팅에 한번 도전해봐"
3,"작음 음량으로 조절해줄래"
3,"저번 주에 온 메일 확인해 줄 수 있니"
3,"메일에 있는 번호 저장해줄 수 있니"
3,"다음달 학회 장소는 스위스로 입력해줘"
3,"저번달 마지막 날에 온 메일 검색해"
3,"가장 오래된 메일 순서대로 백개 삭제해줘"
3,"온수를 켜줘"
3,"에어컨 희망온도 이십 육 도로 맞춰"
3,"열시에 뉴스 예약해줘"
3,"폭설주의보 내리기 전날에 알려줘"
3,"집에 도착하면 전화해"
3,"내일 열시에 가족사진촬영 일정 추가해줘"
3,"내일 오후 친구모임 일정 추가해줄수있니"
3,"안방 가서 급탕 스위치 켜주겠니"
3,"무엇보다 교통 법규를 지키는 게 가장 중요한 거야"
3,"건강보험에서 온 메일을 모두 삭제해"
3,"난방 좀 더 올려줄래"
3,"동남아시아 시장 개척을 위해 노력합시다"
3,"받은 편지함에 대학교라는 이름으로 새 폴더 만들어줘"
3,"아이방에 씨씨티브이 작동시켜 줄래"
3,"집 모든 창문 닫아 줄 수 있니 "
3,"가족들이랑 한 메일 가족메일로 옮겨줘"
3,"업무와 관련된 메일만 보여줘"
3,"주방에 환풍기 좀 켜줘"
3,"난방 좀 켜줘"
3,"상장주식 회전율 비율을 분석해 와라"
3,"이번 주 금요일에 미술관 가지 않을래 "
3,"엄마에게 전화 연결좀 해줄래"
3,"너 이번에 승진되었다며 한 턱 쏴야지"
3,"사이버 모의 주식을 해보세요"
3,"김치냉장고 온도를 내려줄 수 있니"
3,"사회 책 읽어줄래"
3,"에어컨 온도 이십사도도로 해줘"
3,"그 외 결함이 있으시면 문의 해 주시기 바랍니다"
3,"샤워기에서 따뜻한 물을 틀어"
3,"리오 카니발 여행을 예약해"
3,"메일함 용량이 십퍼센트 미만으로 남으면 알려줄수 있을까"
3,"기분 풀어"
3,"하루 전에 확인안한 메일이 있다면 확인하고 삭제해줘"
3,"리플리케이터의 전원을 켜서 어제와 같이 작동시킬 수 있니"
3,"오늘 시간 비워주세요"
3,"이번주 회의 내용 동료들로 설정 되있는 사람들한테 전달해줘"
3,"실내 습도가 정상이 되면 제습기를 꺼줄 수 있니"
3,"뉴스 메일함의 메일 좀 다 지워줘"
3,"보낸메일 다 지워줘"
3,"한 시간동안만 보일러 켜줄 수 있니"
3,"워커힐에서 보낸 메일 검색해서 보여줘"
3,"공기청정기 켜 줘"
3,"베란다 불 삼분간만 켜줘"
3,"스피커 소리 좀 낮쳐줘"
3,"올해 자카르타에서 온 이메일들을 자카르타 라벨 목록으로 이동시켜줄래"
3,"수업 시간 빼먹는 것은 나쁜 행동이야"
3,"샌드위치는 삼단으로 만들자"
3,"삼십분 후에 갈래 아까 하던 얘기 계속하자 선생님 그러니까 주준영한테 어떡하라고 "
3,"태영프라자에서 컴퓨터 무료 강의 해주던데 한번 가봐"
3,"티비 채널 목록을 켜줘"
3,"내일 오전 여덟시 엄마랑 햄버거 먹기 일정 추가해"
3,"어제 오후 사장님이 보낸 메일을 삭제해줄 수 있니"
3,"이번주 스케줄만 크게 보여줘"
3,"내일 아침 출장 일정 추가해줘"
3,"가스 벨브 좀 열어줘"
3,"지금 포토샵 공부 중이데 같이 하자"
3,"내일 아침에 차 수리 맡기라고 알려줘"
3,"작은방 온도를 높여주렴"
3,"저번달 가스비좀 계산해"
3,"축구 유소년 캠프 개최 관련 기사 보자"
3,"집 냉방 모두 켜줘"
3,"가스 밸브 잠궈줘"
3,"칼슘 영양제를 한 번 섭취해 보세요"
3,"휴가 계획안을 올려 주셔야 일정을 조절합니다"
3,"청와대 관련 메일 검색해"
3,"칠월 삼십일 일정 전부 취소해"
3,"금요일 저녁 모임시간 토요일 저녁으로 옮겨줘"
3,"예약시간을 오후 다섯시로 입력시켜줘"
3,"안방 불 꺼 줘"
3,"회사에서 온 메일 외의 모든 메일 지워줘"
3,"쇼핑하러 코엑스 가기로 한 거 안 잊었지"
3,"밥 먹을 장소는 이자와로 입력해줘"
3,"저녁 약속시간 수정해"
3,"너도 통합 카드 하나 만들어 "
3,"더 이상 튀는 복장은 금지하겠어"
3,"효은아 거기서부터 달려야지"
3,"오늘 오후 세시에 온 메일 스팸 처리 해줄 수 있니"
3,"오늘 오후 아홉시에 거실 조명 꺼 줄 수 있니"
3,"아이방에 모든 전기꺼라"
3,"스팸 메일 주소들 신고해줘"
3,"조명 밝기 조금만 높여줘"
3,"텔레비전 소리를 높여줘"
3,"전시회 오프닝 다섯 시 부터야 잊지 말고 꽃 사와라"
3,"집안의 공기를 환기해"
3,"지금 은행이거든 이쪽으로 와"
3,"스펨메일함에 있는 거 전부 반송해"
3,"심야버스가 있으니까 두 시까지 신나게 놀자"
3,"베트남어 관련 메일 검색해"
3,"이렇게 더운데 숲 한가운데 가있으면 좀 덜하지 않을까 "
3,"히터 온도 이십구도로 맞춰주겠니"
3,"이제 곧 황사가 들이닥친다는데 웬만하면 집에서 나오지 마 "
3,"내일 약속 취소됐으니까 다음에 보자"
3,"학교에서 온 메일들은 삭제해줘"
3,"복날에 삼계탕 먹으러 가자"
3,"냉동실 온도를 내릴 수 있니"
3,"아침 일곱 시에 커튼을 열어줘"
3,"트윈으로 예약하고 싶어요"
3,"지난 주 미팅 장소 어디였는지 찾아봐줘"
3,"오늘 일정 취소해"
3,"주소록에 있는 메일주소로 온 메일은 모두 읽음으로 처리해줘"
3,"해가 지면 거실에 불을 켜줘"
3,"이번 주 날씨 예보 브리핑해 줄 수 있니"
3,"보낸메일함 삭제해줘"
3,"그 시간대는 길이 잘 막히니까 좀 더 뒤에 와"
3,"최근 한 달 동안 온 메일만 찾아줘"
3,"내일 정오에 과장님이랑 점심약속 취소해"
3,"주차장 문 열어라"
3,"오늘 오전에 온 메일을 확인해줄래"
3,"큰 방에 에어컨 꺼줘"
3,"맨날 집에서 뒹굴지 말고 나와"
3,"병원에서 온 메일 중요폴더에 저장해 줄수 있니"
3,"컴퓨터 네시간 후에 전원 꺼줘"
3,"멀티탭 중 두번째 전원만 꺼줄 수 있니"
3,"우리 그룹과외하자 비용도 싸고 서로 경쟁도 될 것 같아"
3,"아이들의 관점도 존중해줄 필요가 있어"
3,"에어컨 취침 모드로 바꿔줄래"
3,"상담 메일 발송 확인해"
3,"텔레비전 음성다중을 스테레오로 바꿔주겠니"
3,"집에 있는 모든 불 꺼줘"
3,"받은 메일함에서 온지 육개월 이상 지난 메일 다 삭제해"
3,"골프 칠 때는 팔을 쫙 펴야 합니다"
3,"매 주 금요일 아홉시에 운동 가야한다고 알려줘"
3,"정미에게 메일을 보내"
3,"한국 프로야구 우승팀에 대해 찾아다오"
3,"오늘 스케쥴 브리핑해줘"
3,"졸업 전시회는 이번 주 까지입니다 꼭 오세요"
3,"쿠쿠 밥솥의 기능에서 탕요리로 설정해줘"
3,"그래도 졸음운전은 위험해"
3,"월요일 일정을 모두 취소해"
3,"중요메일함에 있는 메일 제목을 읽어줘"
3,"팔월 십이일부터 십사일까지 태국 여행 일정 추가해줘"
3,"실행이 안될시에 권한을바 꺼 주고 실행하면 됩니다"
3,"잔잔한 음악을 틀어 줄수 있니"
3,"보일러 꺼줘"
3,"냉장고 문 닫아줄 수 있니"
3,"냉장실 온도 최강으로 해주렴"
3,"영화 볼 장소는 롯데시네마로 입력해줘"
3,"이 책을한번 보시면 많은 도움이 될것 같아요"
3,"규정상 사적인 만남과 대화는 금지되어 있습니다"
3,"환율 수수료 우대를 받으려면 평소에 이용하던 은행을 가는 게 좋아요"
3,"국악 틀어주고 볼륨 높여줘"
3,"에어컨 한 시간 있다가 켜줄 수 있니"
3,"야야야 앉아 앉아"
3,"에어컨 한시간 있다가 꺼줘"
3,"모레 야근이라고 저장해줘"
3,"학원이나 교육 기관이 있으면 좋은 곳으로 추천 좀 해 주세요"
3,"무드등 좀 켜줘"
3,"그래도 적금 하나는 들어놔야 편해"
3,"자기 직전에 음식 먹는 건 피해"
3,"이번주 일정 모두 다음주로 미뤄 줄 수 있니"
3,"레포트 제출 관련 일정 다 삭제해줄래"
3,"짐 아래루 내려놔두 돼"
3,"아이방 저녁부터 오전 여섯시 까지 티비 켜지마"
3,"에어컨 온도 십팔도로 해줘"
3,"보일러를 가동시켜라"
3,"집안 온도 일도 높여라"
3,"오후 여덟시에 도착하는 것으로 예약해"
3,"아르바이트 시간은 오후 여섯시로 해줘"
3,"부엌에 조명 좀 꺼라"
3,"한달전 보험회사에서 받은 메일 찾아줘"
3,"이번주 일요일 일정 취소해"
3,"메일 재전송 좀 해 줄래"
3,"화장실 환기구 좀 꺼줘"
3,"십일월 십일일 회사에서 온 이메일 전부 찾아줘"
3,"우루과이 평가전 소식을 뽑아줄래"
3,"내일 오전 열두시 다이어트시작이라고 추가해줘"
3,"댁이랑 할 말 없고 조승원씨 오라 그러세요"
3,"사업에 따른 제반 여건을 조사해 봅시다"
3,"십분 뒤에 거실에 가습기 좀 켜주겠니"
3,"적조 현상에 대한 기사를 찾아라"
3,"유통망을 좀 더 넓히는데 힘쓰도록 합시다"
3,"포럼 관련 메일 보관해 줘 "
3,"가스레인지 꺼줄 수 있니"
3,"나 별로 살거 없으므로 끝나고 만나"
3,"창문 다 열어줘"
3,"행정고시가 몇 일 남았는지 디데이로 매일 알려줘"
3,"휴지통에 메일이 있으면 모두 지워줘"
3,"자신과의 약속을 지키는 사람이 되라"
3,"필요한 걸 보내주시게"
3,"집 안에 불 전부 다 꺼줘"
3,"온수 온도를 칠십도로 유지해"
3,"명원이한테 온 메일 중요 표시해줘"
3,"내일 오전 열 시에 거래처에 전화하기 추가해"
3,"눈 피하지 말고 또박또박"
3,"오늘 점심 때 로비에서 십분 일찍 봐요"
3,"토요일 운동 일정 매주 반복해 줘 "
3,"이틀전에 온 메일 검색해줘"
3,"해킹 당해서 자료다 날아갔네요 자료 복구 중입니다 조금만 기다려 주세요"
3,"취침 시간은 알림을 제외시켜줘"
3,"집에 큰아버지 오셨다 집에 빨리 들어와라"
3,"프로젝트 기획서 의논 차 좀 만났으면 합니다"
3,"십분뒤에 가스불 꺼줘"
3,"오는 길에 주유소 들러서 기름 넣어 오세요"
3,"이번주 수요일 일정 한시간씩 늦춰줘"
3,"에어컨 온도 이십오도 되면 꺼줘"
3,"받은 메일함에 새 메일을 확인해줘"
3,"가스 벨브를 열어 줄 수 있니"
3,"오늘 여섯시까지는 전화오면 부재중이라고 해줘"
3,"추천 영화를 틀어줘"
3,"냉동실 온도를 내려줘"
3,"거실 티비에 월드컵 중계 좀 틀어줘"
3,"다음주 금요일에 서울랜드 가기 일정 추가해줘"
3,"내일 오후 한시에 과외가기 일정 추가해"
3,"티비 틀어줘"
3,"말 하세요"
3,"다시 한번 합니다 "
3,"지금까지 온 모든 메일 오케이라고 답장해줘"
3,"그렇게 뛰고 싶으면 집 앞을 달려라"
3,"내일 보낼 예약 메일 취소해"
3,"내일 과외 일정 삭제해"
3,"적어도 오백 주 이상을 사야 투자할 가치가 있지 않을까 "
3,"전기스토브 전원 꺼줘"
3,"저 왔다갔다고 얘기 꼭 전해주시구요"
3,"오늘 발표 네 차례니까 준비 확실하게 해 와야 해"
3,"메일 주소 바뀌었다고 모든 사람에게 메일해줄래"
3,"내일 필라테스 예약 확인해줄 수 있니"
3,"게임하게 컴퓨터 전원좀 켜주겠니"
3,"걱정하지 말고"
3,"퇴직급여 안내서 오늘까지 부탁 드립니다"
3,"오월 이십사일에 온 메일좀 다 읽어줄래"
3,"래프팅 하러 가자"
3,"시월 말 추석 연휴에 해외 출장 일정을 추가해줄 수 있니"
3,"모니터를 꺼줘"
3,"내일 춥다니까 옷 따뜻하게 입어"
3,"비밀번호 재 설정 메일 열어줄 수 있니"
3,"강아지 먹이 줄 시간 되면 알람 울려줘"
3,"내일 오전 두시에 컴퓨터 꺼줄 수 있니"
3,"주방 조명 밝기 낮춰줘"
3,"휴지통 비워줘"
3,"이번달 셋째주 목요일 점심식사 취소해줘"
3,"합격 단어 들어가 있는 메일 오면 바로 알려줘"
3,"이번달 일요일에 있는 약속 다 캔슬해줘"
3,"스팸 메일은 지워줘"
3,"페이스북에서 온 메일을 모두 지워줘"
3,"노약좌석엔 앉는 거 아니야"
3,"대문을 잠궈라"
3,"어제 온 메일 모두 지워줘"
3,"거실에 에어컨좀 켜줘"
3,"전기를 절약모드로 바꿔줘"
3,"티비의 설정을 디티비로 바꿔줄 수 있니"
3,"내일 세시에 미용실 일정 등록해줄래"
3,"학교에서 온 메일을 임시보관함에 저장해줘"
3,"거실에 에어컨 꺼줘"
3,"메일 인쇄 좀 해 줄래"
3,"주말에 집에 쳐 박혀 있지 말고 등산이나 가자"
3,"아니 상황을 화면으로 보여주련"
3,"방금 온 메일에 확인했다고 답장 보내줘"
3,"컴퓨터를 부팅시켜주련"
3,"회사에서 온 메일 백업해줘"
3,"오늘 오전 한시에 친구만나지 일정 추가해"
3,"저녁에 운동 스케줄 입력해줘"
3,"씨지브이에서 예매완료 내용 포함된 메일 온것 열어서 읽어줘"
3,"외부메일을 갖고와줘"
3,"온수 온도를 십 도 낮춰줘"
3,"샤라포바의 방한 관련 기사 찾아"
3,"아니 안바뻐 술 한잔 할까"
3,"이번주랑 다음주 수요일 저녁 일곱시에 스터디 모임 입력해줘"
3,"휴지통에 있는 메일 모두 수신 메일함으로 옮겨줘"
3,"방금 온 메일 회신 좀 해줄래"
3,"지난 일정 모두 삭제해줘"
3,"모닥불 조명으로 켜줘"
3,"이 보다 더 큰 행운은 없을 거야 꼭 축하해줘"
3,"거실에 제습기 좀 틀어줘"
3,"욕조 물은 삼십도 정도로 해서 틀어줘"
3,"걱정 마"
3,"예의 바르게 두 손을 모으고 고개를 숙이며 하는 거야"
3,"경제의 흐름을 알아야 됩니다"
3,"어머니와 저녁약속이 있으니까 너도 꼭 와야 해"
3,"보일러 외출모드로 조정해줘"
3,"거실 불 키면 에어컨도 같이 틀어줘"
3,"교통 법규 위반 하지 마"
3,"내일 오후 세시 일정을 목요일로 미뤄줄 수 있니"
3,"일곱시 이후에 드라마는 꺼줘"
3,"어제 저녁에 만난 사람들한테 만원씩 보내라고 문자해줘"
3,"네 건강만 챙기지 말고 나도 좀 신경써다오"
3,"에어컨 제습 모드 켜 줘"
3,"다음주 목요일 정수기 점검 날짜라고 추가해줘"
3,"신발이나 편한 거 신고 가"
3,"컴퓨터 좀 꺼줘"
3,"외출하고 돌아오면 손 발은 꼭 씻어야 해"
3,"에어컨 풍량 약하게 해줄 수 있니"
3,"만날 장소는 엔제리너스로 입력해줘"
3,"요리연구 관련 메일 수신 확인해"
3,"올해에 학회 워크숍 했던 일정들 다 찾아봐라"
3,"할인 정보 관련 메일을 검색해줘"
3,"오분 뒤에 현문관 좀 잠궈줘"
3,"약속 절대 어기지마"
3,"옷장에 있는 옷 스팀으로 다려줘"
3,"라디오 구십 오 점 구 헤르츠로"
3,"이 메일을 전체회신해"
3,"안 읽은 메시지 다 읽어줘"
3,"거실 스탠드 꺼줘"
3,"히터를 십분 뒤 작동되게 해 줄래"
3,"음악 소리 키워줘"
3,"저번주 금요일에 온 메일 좀 검색해"
3,"차량 안전거리 백미터유지 할 것 "
3,"스팸메일함에 전부 삭제해줄래"
3,"있다가 과외 선생님 오실 거니까 집에 있어"
3,"내일 아침 일곱시에 알람 등록해줘"
3,"사랑하는 우리 남편 어깨 펴고 힘내세요"
3,"내가 좋아하는 영화 추천해줄수 있니"
3,"내일 저녁 약속 일정을 추가해줘"
3,"오디오 볼륨을 두 칸 줄여"
3,"소개팅 시켜준다고 약속하고 왜 전화 없니 "
3,"주식 투자 전략에 관한 잡지를 몽땅 사와라"
3,"아직 교수님이 도착하지 않으셨어 빨리 와"
3,"십이월 이십사일 우레옥에서 점심식사 일정을 추가해줘"
3,"오후에 집으로 전화해"
3,"교수님께 보낸 메일 모두 찾아줘"
3,"이쪽으로 오지마 여기 도로 공사중이다"
3,"발표 외에 많은 참석 인원이 필요해"
3,"받은 메일 모두 읽음으로 처리해줘"
3,"혼자서 등산 갔다 왔는데 새로운 맛이야 너도 한 번 가봐"
3,"오전에 알람 있으면 모두 취소해 줄래 "
3,"그 다음날부터 와요"
3,"다음주 금요일 조식은 빕스로 입력해줘"
3,"십일월달에 온 메일함에 좀 들어가 주겠니"
3,"메일에 포함된 일정 스케줄에 등록해줘"
3,"일곱시에 에스비에스 뉴스 예약해줘"
3,"당뇨병의 호전을 원하면 좀더 관리를 철저하게 하는 게 어때 "
3,"커튼 걷어줘"
3,"관련된 메일별로 정리해줄래"
3,"저희 가족은 돼지 갈비로 바로 주문 물론 후식 냉면 도 추가요"
3,"내일로 예약하고 싶은데요"
3,"답장 안 한 메일이 있을 경우에는 답장 안한 메일함으로 옮겨줘"
3,"경제적 여유가 없을수록 보험이 필요해"
3,"계약관련 메일 확인해"
3,"치킨시켜먹게 남동생한테 전화해"
3,"받은 메일을 모두 휴지통으로 옮겨줄래"
3,"이 음식들을 윗층으로 운반시켜줄 수 있니"
3,"청소기를 작동시켜"
3,"회사 행사 스케줄 내 스케줄러에 동기화 시켜줘"
3,"집 모든 불 다 꺼줘 "
3,"거실 주방 빼고 온도 이도 올려라"
3,"재즈댄스를 배우면 균형 잡힌 몸매가 된다는데 같이 해볼까 "
3,"스타벅스에서 보낸 광고 메일을 확인해줘"
3,"냉장고 냉동실 온도를 삼도 낮춰줘"
3,"방금 온 메일 인턴에게 전달해줄 수 있니"
3,"오후에 미팅 취소해"
3,"가장 최근에 온 메일에 있는 첨부파일 다운로드 해줘"
3,"우리 함께 공부에 빠져 볼까 "
3,"거실에 노래 좀 틀어줘"
3,"다음주 수요일 운동일정으로 바꿔줘"
3,"할아버지 방 보일러 틀어줄래 "
3,"지하철 탈 때는 졸지 않도록 주의해야 해"
3,"싫어 엄마가 달라 그래"
3,"주방 쩐등 꺼줘"
3,"십삼일 일정 십오분전에 알람해줄 수 있니"
3,"칼슘을 많이 먹어서 뼈를 튼튼하게 하자"
3,"아직 쌀쌀하니까 옷 잘 챙겨 입고"
3,"첨부파일 있는 메일만 따로 검색해줘"
3,"교수님께서 편집 디자인 한 거 빨리 제출 하래"
3,"보일러 전원 좀 꺼줄 수 있니"
3,"선풍기 켜줄 수 있니"
3,"바의 조명을 두 개만 켜줄래"
3,"오전 일곱시에 티비 키고 여덜시에는 꺼줘"
3,"거실 두번째 조명 밝기 일로 조절해줘"
3,"강당에서 예금상품관련 특강 있으니까 들어"
3,"내 방에 에어컨 온도 낮춰줘"
3,"온수매트의 온열기능을 작동시켜줄래"
3,"중요 메일 읽어줘"
3,"내일 오전 비가 와서 오전 약속 오후로 옮겨줘"
3,"네시에 클라이언트에게 온 메일 확인해줘"
3,"오늘 일정에 영화보기 추가해"
3,"티비 새벽 다섯시에 켜줘"
3,"시간 나면 너도 요가를 배워봐 피부가 좋아진다니까"
3,"중요표시한 메일들의 중요표시를 풀어줄 수 있니"
3,"어 왜 이럴까 떼쓰지 말고 "
3,"이번 칠월 중순에 보드예약이라고 적어놓을 수 있니"
3,"보일러좀 꺼줘"
3,"에어컨 좀 시원하게 틀어줄 수 있니"
3,"모든 참조인 체크해서 답장 보내기 열어줘"
3,"다음주 금요일 병문안 일정 추가해줘"
3,"핫플레이트 쎈불로 작동시키겠니"
3,"거실 불좀 아홉시에 꺼줄 수 있니"
3,"이번 주 미팅 취소해줘"
3,"먼저 들어가 쉬어 내가 뒷정리 하고 갈게 "
3,"현금으로 들고 있지 마 위험하니까 은행에 넣어놔 "
3,"너무 추워서 그런데 에어컨 설정온도 좀 높여줄 수 있니"
3,"읽은 메일 다 삭제 해 줄 수 있니"
3,"도어락 비밀번호 초기화해줘"
3,"스탠드 좀 꺼줘"
3,"어머니 생신이 글피니깐 스케줄 표에 적어놔줘"
3,"광고라는 단어가 들어간 메일 모두 삭제해줘"
3,"페이스북 관련 메일들 다 삭제해줘"
3,"지금 쓰고 있는 메일의 화면을 캡처해줘"
3,"버스표도 구해 놓는 게 좋겠다"
3,"나에게 보낸 메일 모두 지워줘"
3,"햇빛이 강하니 썬크림 꼭 해"
3,"긴급으로 온 메일 확인부탁해도되겠니"
3,"눈이 올 때는 바퀴에 체인을 감고서 다녀"
3,"어제 오후에 온 메일 전부 내게 쓴메일함에 넣어줘"
3,"한 시간 뒤에 거실 불 꺼줄 수 있니"
3,"밥 먹을 식당은 라라코스트로 입력해줘"
3,"이만 퇴장해 주실래요"
3,"많이 힘들지 내 생각하면서 버텨"
3,"오늘은 일찍 가서 푹 쉬지 그래"
3,"오늘 계획만 크게 보여줄래"
3,"없는 애들 줄 거야 너도 좀하지"
3,"그런 칼로리가 높은 음식들을 먹지 말고 웰빙음식을 먹어 봐"
3,"스피커 볼륨 좀 높여 주겠니"
3,"너 비 자꾸 맞으면 머리 빠져"
3,"매년 팔 월 십오 일에 광복절 추가해"
3,"다음달에 브라질 여행 일정을 취소해줘"
3,"내일 선생님 뵈러 학교 가자"
3,"일년전 친구에게 받은 메일 찾아줘"
3,"저녁 사줄꺼지"
3,"응급 환자가 발생시 일일구로 전화해야 합니다"
3,"티비 꺼줘"
3,"처음하는거라서 일딴 들어와 보셔요"
3,"스탠드 꺼 줄수 있니"
3,"가습기 틀어줘"
3,"휴지통에 있는 메일 중에서 내게 쓴 메일들을 복구해줘"
3,"받은메일함 삭제해줄수있니"
3,"방금 본 이메일 수신확인 뜨지 않도록 설정해줘"
3,"여섯시되면 야구채널 틀어줘"
3,"일층에 안전장치 가동해줘"
3,"내일 모레 오전에 부산 가는 스케줄 넣어줘"
3,"신발장 불좀 꺼줄래"
3,"변호사가 보낸 메일 다시 열어줘"
3,"구글 이메일 확인해"
3,"오늘 여섯 시 영화 약속 여덟시로 미뤄줘"
3,"지금도 충분히 예쁘니까 다이어트 너무 무리해서 하지마"
3,"같은 방향이면 같이 타고 가자"
3,"이따 아홉 시에 심야 영화 보러 가자"
3,"내가 보낸 메일함 열어줘"
3,"보고서 낼 때 꼭 양식을 지켜야 합니다"
3,"나한테 메일을 처음 보내는 발신자에게 온 메일들 모아서 보여줘"
3,"현재 메일에 전체답장을 해줘"
3,"피시덴이나 플 모 있으신 이웃분 연락 좀 주세요"
3,"잘꺼니까 티브이랑 불좀 꺼줄수 있니"
3,"티비 오분 뒤로감기해줘"
3,"부엌의 모든 등을 꺼라"
3,"회의 들어간 메일 검색해줘 "
3,"에이에스 관련 메일 수신 확인해"
3,"오월 오일 회사에서 온 이메일 전부 검색해줘"
3,"대구로 새마을호 한 장 예약해"
3,"회사 이메일 로그아웃하고 개인 이메일로 다시 로그인 해줘 "
3,"은행마다 이자율이 틀리니까 신중하게 택해야 해"
3,"내일 오후 두시에 세탁기 돌려줄 수 있니"
3,"스팸메일함의 메일을 영구삭제해"
3,"안방에 에어컨 꺼줄수있니"
3,"다낭 스파에서 발송된 메일 중요표시해줘"
3,"텔레비전 입력을 외부입력으로 전환해"
3,"핸드폰 무음 모드로 바꿔줄 수 있니"
3,"현관 불 켜줘"
3,"다음주 수요일 친구랑 경리단길 일정 추가해줘"
3,"열 시에 우리 과 축구 예선 있어 응원 가자"
3,"스팸메일 모두 삭제해줘"
3,"여기에서도 일단 롱 소드만 하나 미리 준비해두도록 합니다"
3,"첨부파일 있는 메일 검색해"
3,"내일 저녁 일곱시 쇼핑 일정을 추가해줘"
3,"수강신청기간 하루전 알려줘"
3,"똑같이 중복되어 온 이메일은 삭제해줘"
3,"초기화 상태로 가라"
3,"아니거덩 드라마 얘기나 해"
3,"공부 시간은 오후 두시로 해줘"
3,"내 책상 위를 좀 찍어와"
3,"소문에 사고 뉴스에 팔아라"
3,"이번주에 오전에 일정있을때마다 일정 한시간전에 알려줘"
3,"최신 영화 목록 좀 보여줄래"
3,"병원에서 온 메일 중요폴더에 저장해"
3,"서두르지마"
3,"일년전부터 안읽은 메일 모두 읽음 처리해줘"
3,"오늘 세미나 삼십분 전에 미리 알려줘"
3,"학급회의 삼 만원 이니까 내일까지 가지고 와"
3,"어제 온 메일 보여줘"
3,"회사에서 온 메일 수신 답장 할 수 있니"
3,"칠월 이십칠일에 누나 생일 표시해줄래"
3,"커텐 좀 쳐줘"
3,"다음달 말 봉사활동 일정 추가해줘"
3,"내일 밤 만나주세요"
3,"거실 온도 이십오도 이상이면 에어컨 켜줘"
3,"취침하게 실내 모든 불 다 꺼줘"
3,"세탁기를 핸드폰으로 연결해줄래"
3,"티비 소리 줄여줘"
3,"골프 치러 가자"
3,"오늘 미세먼지가 엄청나던데 공기 청정기 켜줄 수 있니"
3,"라디오에서 팝송 틀어줘"
3,"오늘 오후 두시에 온 메일 신고해줘"
3,"이거 애니 물건 잘 챙겨준 분께 전해줘요"
3,"이런 상황에서 그 주식을 사는 것은 자살 행위야"
3,"내 정보에서 로그인 관리로 들어가줘"
3,"냉장고 온도 일도 내려줘 "
3,"혼잡이 예상되오니 질서를 지켜주세요"
3,"비행 시간에 관련된 메일을 읽어 줄수 있을까"
3,"테잎의 한 면만 듣고 전원 오프해"
3,"내일 회의 끝나고 점심 같이하지"
3,"십분뒤에 전체 소등해주겠니"
3,"새로 온 메일 중요 표시 해"
3,"스테레오 모드로 해주겠니"
3,"부엌 라디오 좀 켜줘"
3,"샤워기 물을 잠가 주겠니"
3,"수신거부함좀 확인해줘"
3,"다음주 월요일 증명사진 촬영 일정 추가해줘"
3,"해외 진출을 위한 아이디어를 내 주십시오"
3,"내일 회의 취소해줘"
3,"테입 칠번 빠졌드라 챙겨와 "
3,"거짓말 하지마"
3,"안방 텔레비전 사 번 돌려"
3,"오늘의 일정을 내일로 옮겨줘"
3,"거실 스피커 소리좀 줄여줘"
3,"팔월 이십일 누나 결혼식 장소로 건국대학교 추가해"
3,"모두 읽은 상태로 바꿔줘 "
3,"구월에 있는 축구경기 일정 브리핑해줘"
3,"거래처에서 받은 메일만 모아서 모두 불러와"
3,"좌석을 좀 예약하려고 하는데요"
3,"거실에 공기청정기 켜줘"
3,"집안에 있는 전기 차단해줘"
3,"매년 십이월 사일에 할아버지 기일이라고 알려줘"
3,"테레비 켜주겠니"
3,"냉동고의 온도를 삼도만 낮춰줄래"
3,"자자자자 우리우리 술 또 마시고 하던 진실게임 마저 하자 마저 해"
3,"가스렌지에 불 켜줘"
3,"오늘 일정 모두 삭제해줘"
3,"내일 저녁약속 일곱시 추가해줘"
3,"팔씬 부터 쭉 이해가고 이십팔씬 장소가 앞과 중복되니까 한번 봐줘요"
3,"보내기 버튼을 클릭해줘"
3,"해외에서 계약하러 오니까 공항으로 마중을 가게"
3,"오늘 오후 네시에 친구와 영화보기 일정 취소해"
3,"그 연구 보고서 내 것도 복사 할 수 있으면 부탁 좀 할게"
3,"안 읽은 메일을 전부 삭제해 줄 수 있니"
3,"생선에서 암 유발 물질이 나왔다는데 먹지 마"
3,"커피머신 안을 자동세척 해 줄 수 있니"
3,"래프팅 하러 가자"
3,"매달 일일에 월급날로 일정 등록해줄수있니"
3,"올 여름 전국의 기압 배치도 보여라"
3,"이름에 비트코인 들어간 메일 다 삭제해줘"
3,"얼어붙지 않도록 세차하실 때 조심하세요"
3,"집에 가면 미리 따뜻하게 난방 틀어 줘"
3,"교수님한테서 온 메일을 중요 메일함에서 제거해줘"
3,"텔레비전 꺼줘"
3,"아빠한테 내일 자료 프린트 부탁한다고 메일 보내줘"
3,"식기 세척기 다 돌리고 건조시켜줘"
3,"토요일 저녁에 고향 가기 입력해"
3,"지금 컴퓨터 쓰고 있는 중인데 잠깐 들어올래 "
3,"넌 경험이 없으니까 간접투자를 하도록 해"
3,"두시간뒤 네비게이션 에이에스하러 가기 일정 추가해"
3,"수상스키 같이 배워볼까"
3,"오늘 날짜로 받은편지함 모두 검색해줘"
3,"월급 탔으니 한턱 쏘마 나와"
3,"오늘 새벽 일곱시에 온 메일 스팸 처리 해줄 수 있니"
3,"오전 일정들 비워줘"
3,"여유 돈 있으면 우리 회사 주식에 투자해"
3,"내일 오후 한시에 동생이랑 점심먹기 추가해"
3,"로봇청소기로 청소 시작해줘"
3,"잔잔한 노래좀 켜줄래"
3,"너 이번에도 늦으면 절교야 알았지 "
3,"부모님도 같이 뵙기로 했으니까 준비하고 와"
3,"다음주 수요일 사진관 다섯시 추가해줘"
3,"내일 떡볶이 사줘야 나도 김밥 사줄 거야"
3,"금요 철야에 기도 모임 있으니 참석 요망"
3,"오늘은 그냥 푹 쉬자"
3,"그런 것은 외우는 게 아니라 이해해야 해"
3,"에어컨을 이십오도로 맞춰줄래"
3,"회의 끝나고 커피나 한잔 하게 휴게실로 와"
3,"김치냉장고 온도 영상 삼도로 설정해줘"
3,"요즘 요가가 유행이라는데 같이 배울까 "
3,"세탁 다 되면 세탁기 뚜껑 좀 열어줄래"
3,"신갈 쪽이 밀리고 있으니깐 수원 유원지 쪽으로 와"
3,"해 봐 아니다 그 전에 코다부터"
3,"메일에 첨부된 파일 자동으로 클라우드에 저장해줘"
3,"이베이에서 온 메일은 모두 스팸으로 보내"
3,"한 시간 후에 환풍기를 꺼 줘"
3,"어제 오후에 온 메일좀 검색해"
3,"내일 아침에 과외 일정을 모레 저녁 일곱시로 바꿔줘"
3,"이번 주에 올 택배들을 정리할 수 있니"
3,"엑셀파일 메일 검색좀 해줘"
3,"이번달 매주 주말에 아침아홉시부터 세시까지 알바 일정 추가해"
3,"오늘 온 메일확인하고 지워줘"
3,"가스레인지 불 조심해"
3,"전기밝기가 이상해 전구좀 바꿔봐"
3,"베란다 창문 닫아줘 "
3,"내일 두 시에 친구랑 과제하기로 했는데 다섯 시로 옮겨줄 수 있니"
3,"오븐 예열좀 시켜놔"
3,"김치냉장고 온도 일도 낮춰줘"
3,"이 메일을 회사 메일로 포워딩해줘"
3,"에어컨좀 틀어줘"
3,"적당한 운동으로 지금과 같은 건강 유지하시기 바랍니다"
3,"내일 일정에 친구 만나기 추가해줘"
3,"거실 조명 오프"
3,"한달 전 메일 모두 삭제해줘"
3,"매달 십일 핸드폰 요금 나가는 날이라고 메모해줄래"
3,"방금 온 메일 넥슨 회사로 전달해줘"
3,"올해 메일만 남기고 나머진 삭제해줘"
3,"콘서트 일정 취소해줘"
3,"에어컨 두시간 뒤에 꺼지도록 해줄 수 있니"
3,"오븐 좀 예열해줘"
3,"내일 오전에 회의미팅 일정 넣어줘"
3,"자식 그렇게 해 "
3,"텔레비전 소리 볼륨 높여줘"
3,"오늘 받은 이메일을 모두 휴지통으로 옮겨줘"
3,"오늘 온 메일제목을 읽어줄 수 있니"
3,"스테레오 모드 해줄래"
3,"실내온도 이십사도가 되면 에어컨 꺼줘"
3,"무드등만 켜줘"
3,"화장품 가게의 위치를 노량진역으로 표시해줘"
3,"일년 전에 수신된 메일 모두 삭제해줘"
3,"이메일 주소록에서 강의 학생목록을 지워줄래"
3,"오늘 온 메일을 모두 중요메일로 넣어줘"
3,"엄마 미쳤 오지 마 차 오잖아"
3,"사월에 온 메일 모두 스팸처리해줘"
3,"스팸 메일함을 비워줘"
3,"애벌 빨래좀 해줘"
3,"현관 불 켜줄 수 있을까"
3,"침대의 리클라이너 기능을 켜서 세워줄래"
3,"온도 삼십도 이상되면 알림해줄래"
3,"그래 학교 끝나고 좀 놀자"
3,"그리고 그 커피머신의 물탱크를 청소해줘"
3,"사월사일에 보낸 메일 확인하고 지워줘"
3,"토요일 오전 열시 수영교실 일정 추가해"
3,"내일 다섯시에 동생 데리러 가는 일정 취소해줘"
3,"상관 하지마"
3,"이 메일주소로 오는 것들 모두 스팸메일 처리할 수 있니"
3,"내 방에 저장된 화면을 삭제해"
3,"어제 온 이메일 알았다고 회신해줄래"
3,"동문회 공지 올릴 시간 알람해줘"
3,"랩음악 틀어줘"
3,"오토바이는 위험하니까 버스를 타고 다니는 게 어때 "
3,"발신 실패 메일 다시 발신해줄 수 있니"
3,"저녁 여섯시마다 청소해줘"
3,"오늘 오후 세시에 온 메일 스팸 처리 해줘"
3,"오디오를 꺼라"
3,"십일번가 결제내역 관련 메일 찾아줘"
3,"오늘 온 메일중 회사와 관련된 메일의 목록을 만들 수 있을까"
3,"다음 달 십오일에 생일파티 일정 추가해줄수있니"
3,"이번 여행으로 보다 많은 것을 배워가길 바래"
3,"같이 시간표 짜서 수강신청하지 않을래 "
3,"이번달 전체 스케줄 보여줘"
3,"보낸 편지함 확인해"
3,"니네 펜션에 사 인용 방 예약 좀 부탁해"
3,"이제 안방 불 좀 꺼줄 수 있니"
3,"여자친구한테 온 메일 열어줘"
3,"저번달에 스팸편지함에 추가된 메일만 보여줘"
3,"누군가 먼저 퇴근하면 뒤따라 나가요"
3,"스탠드 좀 커줘"
3,"회사에서 온 메일을 중요표시 해주겠니"
3,"내일 오후 일곱시에 친구와 저녁약속 추가해"
3,"팔월 삼십일 싱가포르 여행 일정 추가해줘"
3,"집에 있는 거 다 아니까 빨리 튀어 나와"
3,"전자레인지를 전원을 확인해 줄래"
3,"너는 그냥 사물함 자물쇠랑 운동화만 갖고가면되"
3,"아무래도 가슴 근육부터 조금씩 키워나가야 할 것 같아"
3,"테레비 꺼주겠니"
3,"네 쉬세요"
3,"청소기 틀어줄래"
3,"약 드세요"
3,"텔레비전 꺼줘"
3,"안마 의자를 꺼줘"
3,"가스 벨브 잠궈줘"
3,"십구일 여섯시에 데이트 일정 추가해주겠니"
3,"내게 보낸 메일들 중에서 일주일 전에 작성한 것들을 지워줘"
3,"밀린 세금은 이번 주 안으로 납부하세요"
3,"전체 메일으로 다 보내줄 수 있니"
3,"일정 안내음을 더 크게 해줘"
3,"다음날찌 이후에 배달시켜줘"
3,"임시보관함에 있는 메일 확인해줘"
3,"동생한테서 온 메일 다 지워줘"
3,"쇼핑에 대한 메일은 쇼핑폴더로 이동시켜줘"
3,"이번 주 스팸도 모두 지워줄래"
3,"삐치지 마"
3,"매달 마지막 주 일요일에 다음 달 업무 스케줄표 추가해"
3,"낼은 꼭 교회 올 거지 꼭 기다리고 있을게"
3,"집안에 있는 창문 모두 열어줄 수 있니"
3,"보일러 온도를 올려줄래"
3,"공부하기가 너무 싫어서 그러니까 잠시 쉬자"
3,"주거래 은행 쪽에 마이너스 대출을 받아봐"
3,"다른 나라의 교육 방식을 본받아 학습시켜보자"
3,"실내온도 이십사도에 맞춰줘"
3,"취직했다며 한 번 쏴라"
3,"이주 후 토요일 행사를 취소해줘"
3,"내일 유정이 생일이고 하니까 다들 올 거지"
3,"한 시간 뒤에 예약메일을 보내줄 수 있니"
3,"선풍기 회전으로 해줄래"
3,"부장님에게 온 메일 복구해줘"
3,"현관 카메라 꺼 줄수 있니"
3,"이번주 토요일 워너원 콘서트 관람 일정 추가해줘"
3,"이번 주 중요 일정을 안내해줘"
3,"깨지기 쉬우니 조심해서 다루어 주십시오"
3,"전문성이나 풍부한 경험등을 고려하시는게 좋습니다"
3,"방금 온 메일 주소 차단해줘"
3,"조금 기다려야 할 거야"
3,"음악회 티켓 있는데 같이 가자"
3,"곧 추석이라 기차나 버스표 빨리 예매해야 할 거야"
3,"칠월 삽십일 휴가 일정에 맞게 호텔 예약해줘"
3,"샌드위치라도 먹고 있어"
3,"저번주 수요일에 받은 메일 확인해줘"
3,"네가 교육 좀 잘 시켜서 사람 좀 만들어라"
3,"텔레비전 목소리 좀만 키워줄래"
3,"저기 잠깐만요"
3,"중요 표시된 메일들 중요 해제 해줘"
3,"내일 강남으로 출근 일정 추가해"
3,"아이방에 가습기 작동 시켜라"
3,"공동구매 메일 검색해"
3,"성적공개 메일이 도착하면 바로 알려줘"
3,"오월 십일부터 오월 십오일까지 휴가라고 일정 추가해"
3,"무소식이 희소식인거야 연락 좀 하고 살자"
3,"내일 오전 일정 모두 지워줘"
3,"거실 에어컨 좀 켜주겠니"
3,"회비는 이번 주 내로 완납 부탁드립니다"
3,"아빠한테 사랑해라고 메일 보내줘"
3,"여섯시되면 야구채널 틀어줄 수 있어"
3,"내일까지 내가 기차표 예약을 하지 않으면 예약해야함을 알려줘 "
3,"회사에서 온 메일 모두 읽음 표시 가능하니"
3,"차고의 문을 활짝 열어서 차를 시동켜줘"
3,"오 분 뒤 버스가 출발하니 서둘러 탑승하시길 바랍니다"
3,"책상 스탠드 켜줘"
3,"다른 업체에게 뒤지지 않게 힘들내게"
3,"내일 시험 결과 나와 응원해 줄 거지"
3,"해외에서 온 메일 스팸에 넣어줘"
3,"스탠드 조명 밝기 좀 줄여줘"
3,"지금 보고 있는 메일 보낸 사람 스팸 목록에 추가해줘"
3,"아침에 가야지 김밥 싸가자"
3,"많이 먹어"
3,"이번주말 축구경기 일정을 취소해줘"
3,"음악 꺼줘"
3,"보일러 외출로 바꿔줘"
3,"받은 메일함을 모두 비워줘"
3,"대외 협력사항을 촉진시켜 주시기 바랍니다"
3,"세탁기에 들어있는 빨래를 탈수시켜다오"
3,"영업 관련 메일 삭제 할수 있니"
3,"내일 오후에 등산 일정 추가해줘"
3,"제습기 틀어"
3,"집에 있는 모든 조명 꺼줄래"
3,"스팸 메일함 모두 비워주라"
3,"읽은 메일은 전부 삭제해줄래"
3,"화장실 불 켜줘"
3,"뮤지컬 표가 두 장 생겼는데 이번 주에 같이 갈래"
3,"베란다 불 꺼"
3,"스팸편지함 삭제좀 해 줄수 있니"
3,"이번달 미팅장소는 투썸플레이스로 추가해"
3,"내일 만나주세요"
3,"안읽은 메일 전부 읽음표시 해줄수 있니"
3,"거실에 텔레비전 한시간 후에 꺼줄 수 있니 "
3,"내일 아침 일곱시에 침실 불 좀 자동으로 켜줄래"
3,"확신이 가는 종목 중심으로 투자해서 안전하게"
3,"이사회 구성원 명단 위탁서 오늘 내로 작성하세요"
3,"술집 예약해 뒀으니까 내일 여덟 시까지 상인 네거리로 와"
3,"청구서메일은 따로 모아주겠니"
3,"거실 불 좀 켜줘"
3,"내일 오후 세 시 일정을 한 시간 뒤로 변경해줘"
3,"학교 선생님께 내일 아침까지 과제좀 메일로 제출해줘"
3,"에어컨 희망온도 이십육도로 해주겠니"
3,"지운 편지함에서 비행이라는 단어가 들어간 메일을 복구 할수 있어"
3,"다음달 오일부터 칠일까지 동아리 엠티 일정 추가해줘"
3,"여유자금이 있을 때만 주식을 해"
3,"이 이메일은 중요편지함에 넣어줘"
3,"작년 새해 때 교수님한테 연하장 보낸 건 열어줘"
3,"환풍기를 켜줘"
3,"비디오 반납일이 지났군요 빨리 반납해 주시기 바랍니다"
3,"너의 일을 다 했으면 다른 일도 거들면 좋지"
3,"다음달 두번째주 월요일 가족휴가 일정 추가해"
3,"십분뒤에 불 좀 꺼줘"
3,"오븐을 설정한 온도로 예열해 주겠니"
3,"육월 이십사일 부모님 해외여행 입력해줘"
3,"슈퍼마켓에서 무거운 짐을 나르는 것이 너의 일이야"
3,"컴퓨터 전원 꺼줘"
3,"조명 밝기 낮춰줘"
3,"다음달 넷째주 목요일에 휴일이라고 저장해줘"
3,"입금확인 메일 모두 삭제해"
3,"그냥 마음 가는 대로 하자"
3,"중요 메일함에 있는 편지들을 모두 비워줘"
3,"학생들의 두발을 앞머리 십 센티 귀밑 삼 센티로 바꿉니다"
3,"아침 여섯시에 맞춰서 조명을 켜주겠니"
3,"다음주 수요일에 빨래하라고 저장해줘"
3,"거실의 쓰레기통 비워와라"
3,"부장님 호출 이예요 얼른 들어오세요"
3,"컴퓨터 좀 꺼주겠니"
3,"스텐드 조명을 이 단계로 하렴"
3,"잘 때 듣는 노래 틀어줘"
3,"다음 주 화요일에 비행기 티켓 사기 추가해"
3,"그냥 천천히 걷는 거 보다는 파워 워킹이 더 좋데"
3,"기분도 꿀꿀한데 외식이나 하자"
3,"내가 나에게 보낸 메일 보관해줄 수 있니 "
3,"너 나한테 탁구 배워보지 않을래 "
3,"화장대 불 좀 꺼주겠니"
3,"이번달 일정 다 취소해"
3,"적어도 일주일에한두번은 외식이나 문화 생활을같이 즐겨 봐요"
3,"사무실에 열려있는 창문을 모두 닫아줘"
3,"날이 춥거나 더워도 할 일은 해야지"
3,"교통법규는 위반하지 마"
3,"집에 누가 왔는지 스마트폰으로 출입정보를 알려줘"
3,"지금부터 한시간 뒤에 티비 꺼줘"
3,"거실 캠을 켜줘"
3,"좋은 과외 선생님 소개 시켜 줄래 "
3,"화장실 불 꺼줄 수 있니"
3,"회의 후 연락주세요"
3,"싸우고 끝내는 것도 아닌데 쌩하니 고개 돌리고 그러지 말자고 유치하게"
3,"다음 체육대회 때 배드민턴 대회 나가자"
3,"동생방에 있는 조명 다 꺼줘"
3,"에어컨 온도를 삼도 낮춰줘"
3,"이번주 수요일에 휴강이라고 입력해줘"
3,"여름 휴가는 다음달 마지막주로 추가해줘"
3,"크리스마스 저녁 모임 감성식당으로 입력해줘"
3,"모니터 화면 꺼줘"
3,"현금 카드를 교부 받아서 자동화기기를 사용 하라니까"
3,"거래명세서 정리하고 출력해 오세요"
3,"오늘 더우니까 밖에서 너무 오래 있지 마"
3,"냉장고 절전 기능으로 하렴"
3,"다른 메일 계정과 동기화 해줄래"
3,"거실 탁자 위에 스탠드를 껴줘"
3,"내일 저녁 여덟시에 술약속 추가해줘"
3,"거실에 십분만 난방 틀어줘"
3,"텔레비전 볼륨 오십퍼센트로 해줄 수 있니"
3,"스피커 볼륨 육십으로 해줘"
3,"내일 다섯시에 메일보내기 일정 중요표시해서 추가해주겠니"
3,"햇볕이 따갑다 모자 쓰고 와"
3,"스팸 메일함 비워줘"
3,"동생한테 현재 내 컴퓨터에 있는 워드파일 전송해줘"
3,"마지막 메일 친구한테 전달해줘"
3,"내일 오전 열시에 과외 일정 추가해줘"
3,"쿠팡에서 온 메일 다 스팸처리해줘"
3,"라디오 한시간 후에 꺼줘"
3,"노래 소리가 너무 크다 음량 좀 낮춰 줘"
3,"인터폰 무음 해제 해줘"
3,"커튼 내려줄 수 있니"
3,"학교에서 온 단체 메일 좀 확인해라"
3,"너무 미워하지마"
3,"다음 주 금요일 과제 제출 마감일 설정해줘"
3,"오븐 이백도로 예열해줘"
3,"수신확인 안된 이메일들은 모두 휴지통으로 옮겨줘"
3,"경남엔 비 안 오니까 그냥 와"
3,"어제 온 메일들 찾아줘"
3,"올 때 혼자서 오지 말고 애인이랑 오세요"
3,"티비꺼줄 수 있니"
3,"관심 있는 분들의 많은 지원 부탁드립니다"
3,"나한테 온 메일 라벨 붙여줘 "
3,"티비 이전 채널로 돌아가 줘"
3,"피이에프가 성공하려면 인력 운용 면에서 전문성을 갖춰야지"
3,"에어컨 난방 모드로 바꿔 줘"
3,"소이 방 가서 십 분 뒤 알람 세 번 울려주렴"
3,"선풍기 틀어줄 수 있니"
3,"저녁 같이 먹고 싶다"
3,"첨부파일이 있는 메일들 모두 중요 메일함으로 옮겨줄래"
3,"에어컨 바람세기 강으로 해줘"
3,"삼십 분만 잔디 물 좀 주겠니"
3,"어제 오늘 날씨 비교해줘"
3,"눈도 이렇게 오는데 웬만하면 그냥 택시 타고 와"
3,"니가 뛰어"
3,"주식투자는 욕심을 부리지 않는 게 중요한 것 같아"
3,"베란다 불 다 켜줘"
3,"숭산회에서 온 메일은 오자마자 알려줘"
3,"스탠드 밝기 좀 낮춰줘"
3,"인수인계 오늘까지 부탁합니다"
3,"그리고 습식기능으로 설정을 바꿔줄 수 있니"
3,"이월달에 온 메일 좀 검색해"
3,"야 모든 작동을 좀 멈춰 줄래"
3,"스팸메일 오늘 저녁까지 다 지워서 비워놔"
3,"안방 액자가 걸려있는 벽의 조명을 켜줄래"
3,"십일월 오일 할아버님 제삿날로 기록해"
3,"베란다에 작은불 좀 켜주겠니"
3,"토요일 주말의 명화 시간에 티비를 켜 주겠니"
3,"토스트기 작동해라"
3,"생필품 구매일을 다음주로 변경해줘"
3,"로봇청소기 작동시켜줘"
3,"유상증자 공고가 났으니 바로 찾아 봐 "
3,"우리 영원히 헤어지지 말아요 약속"
3,"티비 볼륨 삼십프로 더 낮춰줘"
3,"매주 월 목 네시 보컬 레슨 추가해줘"
3,"목욕하게 욕조에 물좀 틀어줄래"
3,"지금 보고 있는 사진 아빠한테 메일로 보내줘"
3,"티비에 어제 본 드라마 검색해줄 수 있니"
3,"만약 제 블로그에오셨다면 기본 멘트는하지말아 주세요"
3,"장태하한테서 온 이메일을 모두 검색해봐"
3,"블루투스 스피커 좀 켜주겠니"
3,"진정해 좋게 끝냅시다 "
3,"감정 좀 추스르고 다시 얘기하자"
3,"차에 초보 운전이라고 써 붙이고 나가"
3,"내일 오전 열시에 삼촌이랑 게임하기 일정 추가해"
3,"읽은 편지함에 있는 메일들 다 지울 수 있니"
3,"거실 온도 좀 올려줘"
3,"그거 여기 두시고 좀 앉으셔서 뭐 한 잔 드세요"
3,"오늘 오후에 온 메일을 보여줘"
3,"방문 좀 열어줄수 있니"
3,"고사장 입실 시 유의사항을 필독하세요"
3,"제한된 돈으로 소비와 지출이 균형을 이루도록 가르쳐야함다"
3,"밥 해놔라"
3,"실내 온도가 이십구도 이상일 경우에 에어컨을 켜줘"
3,"오늘 오후 세시 반에 알람 맞춰줘"
3,"티비 에스비에스로 바꿔다오"
3,"휴지통에 보낸 메일 다시 받은 편지함으로 옮겨줘"
3,"컴퓨터 전원 꺼줄수 있니"
3,"성적 확인 메일 모두 삭제해줘"
3,"건조기 전원켜서 건조 시작할 수 있니"
3,"그러니까 지금부터 내 말 잘 들어"
3,"오래된 메일 지워줘"
3,"내게 쓴 메일함에 있는 모든 메일을 중요표시해줘"
3,"휴지통에 편지 모두 비워줘"
3,"연합회 모임에 차질 없으시기 바라며 꼭 참석하기 바랍니다"
3,"로봇청소기 켜줘"
3,"인스타그램에서 온 메일 모두 삭제해줘"
3,"다음주 토요일에 친구와 술 마시기 일정 추가해 줄 수 있니"
3,"이번주 일요일에 결혼식 가는 일정 추가해"
3,"시험을 치기 위해 신분증을 지참해 주세요"
3,"협회에서 온 메일의 수신여부 확인해줘"
3,"컴퓨터 틀어줘"
3,"주방조명 줄이고 비오는 날 듣기 좋은 노래 틀어줘"
3,"내 휴대전화 이 번호로 바뀌었으니까 다시 저장해"
3,"메일 알림기능을 꺼줘"
3,"현관 전등 밝기 좀 낮춰주겠니"
3,"사단 의 정신이 그대 안에서 나타나는것을 자녀들에게 보이지 말라"
3,"안방 조명 꺼 줘"
3,"안방 온도를 이십 사 도로 맞춰주련"
3,"내게 쓴 메일함에 있는 메일 좀 열어줘"
3,"내용으로 검색해줘"
3,"에에컨 자동모드로 바꿔줄 수 있니"
3,"결제 관련메일 모두 삭제해"
3,"조명 조금 어둡게"
3,"사람이 출입하면 딩동 해줄수 있니"
3,"오디오를 켜라"
3,"아이방 에어컨 꺼줘"
3,"학교에서 온 이메일 다 삭제해줘"
3,"아마추어로써 준비한 이번 공연 꼭 구경 와 줄 거지 "
3,"커피 끓이게 가스불좀 켜주겠니"
3,"업무 중 외부출타자 꼭 김과장님께 보고 바랍니다"
3,"아르바이트 쓰시는 게 업무에 효율적일 겁니다"
3,"오늘 일정 그대로 내일도 똑같이 저장해줘"
3,"내일 오전 열한시 회의 추가해"
3,"안읽은 메일들을 모두 읽음 처리해줘"
3,"다음 주 점심 약속 다 지워줘"
3,"매일 저녁 열한시 이후에는 클래식 틀어줘"
3,"그냥 먹어"
3,"날씨가 풀려서 저수지에서 썰매타면 위험하데"
3,"토요일 두시 시계탑 앞에서 보자"
3,"부산에 호우 주의보래 다음 주에 가자"
3,"선풍기 바람 약하게 해줄 수 있을까"
3,"토요일 세시 과외를 여섯시로 미뤄줘"
3,"부엌 불 좀 꺼줘"
3,"갈비찜 해놓았으니 어서 들어와"
3,"설명할 자료는 각자 준비하세요"
3,"학교에서 온 모든 메일 검색해줘"
3,"형들 학교 앞 호프집에서 술 먹는다고 거기로 오래"
3,"이번주에 생일인 친구 목록으로 만들어서 메모장에 저장해줘"
3,"부엌에 조명을 꺼줘"
3,"영동 고속도로의 현재 상황을 보여주렴"
3,"한 달만 사귀어 보기로 해요"
3,"부장님 피곤하실텐데 오전엔 쉬세요"
3,"잘 살펴봐"
3,"지난주에 보낸메일 모두 삭제해줄수있니"
3,"인터넷으로 계란말이 만드는 법 검색해 줄 수 있니"
3,"내일 오전 식사모임 확인해줄수있니"
3,"투기가 아닌 투자를 해야 한다는 의미도 본인이 직접 깨달으셔야 합니다"
3,"오늘 걔들 백일이래 파티 한다니까 모이자"
3,"삼월 전체 여행일정으로 추가해줘"
3,"휴지통 비워줘"
3,"내일 영화시간 아홉시로 변경해줘"
3,"세탁기 탈수 취소해줄래"
3,"화 푸세요"
3,"공기 청정기 틀어줘"
3,"내일 오후 다섯시에 언니랑 카페가기 일정 추가해"
3,"화장실 환기구 좀 켜주겠니"
3,"휴지통에 있는 삭제된 메일 복원 해줄 수 있니"
3,"이번 달 구일에 있는 회의일정 매주 반복으로 설정해줘"
3,"다음주 일요일 오전 열시에 조조영화보기 일정 추가해줄수있니"
3,"해가 너무 쨍쨍 나서 뜨거우니까 모자 써"
3,"열두시에 불 꺼줘"
3,"외국에서 온 메일은 모두 지워줘"
3,"아침 일곱 시에 불을 켜줘"
3,"메일을 날짜 순으로 정렬해줘"
3,"다음주 목요일 저녁과외 취소해줘"
3,"티비 볼륨 좀 더 켜줘"
3,"성적에 구애 받지 말고 그냥 교양으로 배우는 건 어때 "
3,"백일 후에 남자친구와의 백일 일정 추가해줄수있니"
3,"커튼을 반만 쳐라"
3,"손빈 건 괜찮으세요 약 바르세요"
3,"화장실 불 밝기좀 낮춰줘"
3,"텔레비전 채널을 내려줘"
3,"이천십구년 이월 이십칠일 파주 지혜의집 미팅 일정 추가해줘"
3,"사월달에 온 메일중 회사에서 온 메일 전부 검색해줄 수 있니"
3,"걍 사과해요"
3,"쿵푸허슬 오늘 저녁에 안 볼래"
3,"그 약은 식사하기기 전에 드셔야 합니다"
3,"방금 보낸 메일 발송취소해줘"
3,"베란다 밖에 누가 있는지 보고 와"
3,"세탁기 다되면 문자 보내줘"
3,"삼십분 후부터 보일러 작동시켜줘"
3,"가스레인지 밸브 좀 잠궈줄 수 있어"
3,"보일러 틀어줄 수 있니 "
3,"별표 된 메일 찾아줘"
3,"만날 장소는 투다리로 입력해줘"
3,"어제 서점에서 온 메일을 안읽음으로 바꿔줄 수 있니"
3,"보일러 외출로 바꿀수 있니"
3,"주주 총회 못 가시는 분들 위임장 써주십시오"
3,"자동 로봇 청소기좀 돌려줘"
3,"회사메일로 회신해"
3,"오늘 같이 스쿼시나 하러 갈까 "
3,"한 시간 뒤에 예약메일을 보내라"
3,"아 그 과자 좀 그만 오드득 거려 무슨 과잘 한 시간 내내 오드득 거려 이것 좀 보자 좀"
3,"유월에 온 메일 모두 임시 보관함에 넣어줘"
3,"추천서비스 관련 메일 삭제해"
3,"에어컨 풍향 위로 조절해줘"
3,"집에 틀어박혀 궁상떨지 말구 가서 술이나 마셔"
3,"내일모레 네일숍 일정 등록해줘"
3,"재활용품을 이용해서 만들어 보자"
3,"내일 약속 장소 등록해둔 거 취소해줄 수 있니"
3,"스승의 날에 선생님께 안부전화 드리자"
3,"건조한 겨울철엔 화재예방 등에 유의하시기 바람"
3,"만날 장소는 버서킹으로 입력해줘"
3,"어제 열 두시 이후에 온 메일들 중요보관함에 넣어줄 수 있니"
3,"그러시는 거 아닙니다"
3,"런던 비행기 시간 한시간 전에 알려주겠니"
3,"리모콘을 찾아라"
3,"현금으로 주세요"
3,"다른 계정에서 연결된 메일 확인해줘"
3,"텔레비전 꺼줘"
3,"그건 좀 위험하니까 신중하게 생각해봐"
3,"세탁기 헹굼 한 번 추가해 줄 수 있어"
3,"같은 방향이면 같이 타고 가자"
3,"보낸 메일 전부 수신 확인해줄래"
3,"에어컨 제습으로 바꿔줘"
3,"현관문 열어줄래"
3,"주준영 부탁인데 다시 누군가를 니가 만나서 사랑을 할 땐 있잖아 단 한 번만이라도 좀 진지해져봐 어  "
3,"주식 투자의 위험이 두렵다면 모의 투자를 한 번 해봐"
3,"피곤하면 바깥 바람이나 쐬러 가자"
3,"밥이 보약이야 꼭 챙겨먹어"
3,"보일러는 삼십삼도로 맞춰줘"
3,"주식 그거 마약과도 같은 거라서 너무 빠지면 위험할텐데 "
3,"안방 에어컨 좀 켜주겠니"
3,"지금까지 스팸메일을 보낸 수신자를 모두 차단해"
3,"욕실 불을 꺼줘"
3,"다음주 수요일 엠티 일정 추가해줘"
3,"대한항공에서 온 메일에 중요함 표시해줘"
3,"어제 읽은 메일 다시 읽어줘"
3,"일년 전에 온 메일 좀 검색해"
3,"우선 계약금부터 송금하신 후에 연락 주십시오"
3,"베란다 불 밝기 조절 해줄수 있니"
3,"오늘 인터파크에서 온 메일 전부 지워줘"
3,"복원한 메일들 다시 지워줘"
3,"임시 보관함에 메일들 지워줘"
3,"메일 첨부파일들 드라이브에 다운 받아줄래"
3,"오분뒤에 환풍기좀 켜줘"
3,"동생 입영날짜 십이월 일일이라고 적어줘"
3,"안읽은 메일 읽음 처리해주고 지워줘"
3,"사월에 온 메일 모두 읽음므로 처리해줘"
3,"가스 밸브 잠궈줘"
3,"된장 같은 발효 음식이 건강에 좋대"
3,"스피커 볼륨 십으로 해줘"
3,"내일 스케줄을 중요한 순으로 나열해줘"
3,"내일 술약속 취소해"
3,"만날 장소는 벌툰으로 입력해줘"
3,"옷장 안 물건 리스트 만들어"
3,"학교에서 온 메일 팀원에게 전달해줘"
3,"다시 우리는 생각해 봐야할 시점인거 같다"
3,"이번주 목요일 오후 한시에 친구와 점심먹기 일정 추가해"
3,"전화는 사전 해지해"
3,"모레까지 영어 발표라고 메모해줘"
3,"신입 회원들을 맞이하는 자리를 마련하였으니 참석하세요"
3,"현재 예약 발송 중인 메일을 바로 보내줘"
3,"티비에 미국드라마 하면 켜줄래"
3,"오전 일곱시에 집 안의 모든 불 켜 줄 수 있니"
3,"회사에서 온 모든 메일 검색해줘"
3,"합격 단어 들어가 있는 메일 오면 바로 알려주겠니"
3,"거실 무드등 켜 줘"
3,"여섯 시에 테이블을 예약하고 싶어요"
3,"내일 오전 열시에 미용실가기 일정 추가해"
3,"텔레비전을 꺼줘"
3,"차라리 외국 여행 나가려는 사람들한테 직접 파는 건 어때"
3,"날씨가 더워 쉽게 지칠 수 있으니 삼계탕 먹고 힘내자 "
3,"작은방 불 켜주련"
3,"비 올지도 모르니까 비 옷 하나 챙겨 오길"
3,"한시간 후에 컴퓨터 좀 꺼줄래"
3,"방금 차장님에게 온 메일 중요한 메일로 표시해줘"
3,"한달 동안만 만나지 말아볼래"
3,"학교 외에서 온 메일들 모두 지워줘"
3,"텔레비전은 하루에 한 시간만 보도록 약속하자"
3,"유아 부모님 정기 접종 있습니다 꼭 나오세요"
3,"로봇 이제 가서 쉬어라"
3,"우리 회비 따로 관리하는 통장 하나 만들자"
3,"보일러 외출로 바꿔줘"
3,"내일 친구에게 전화하라고 다섯시에 알려줘"
3,"다음 주 수요일에 중간고사 일정 추가해줘"
3,"삼십주년 동창회 꼭 올 거지 "
3,"거실에 불 밝기좀 낮춰줄수 있니"
3,"오늘 저녁 약속 여덟 시로 바꿔줘"
3,"이제 자게 불을 꺼줘"
3,"방금 온 메일 좀 읽어줘"
3,"거실 불 키면 스피커 노래도 켜줄 수 있니"
3,"이번 여행 기간을 하루 앞당겨줘"
3,"정수기 물 온도 낮춰줘"
3,"비가 올 때 래프팅을 하는 것은 매우 위험하니 자제해야 한다"
3,"공기 청정기 틀어줘"
3,"트렁크 열어서 가져가세요"
3,"저번 달에 발신했던 메일 모두 보관함에 모을 수 있니"
3,"내일 춥데 옷 따뜻하게 입고 나가"
3,"내일 아침 일곱시에 안방 불 켜지게 해줘"
3,"오늘 열두시에 온 메일좀 확인해줘"
3,"팔월에 온 메일 보관함으로 옮겨 주겠니"
3,"내일 저녁 강아지 병원 일정 추가해"
3,"조명 좀 조금만 밝게 해줘"
3,"스텐드 불 켜줄 수 있니"
3,"우리 그 유명한 횟집 가보자"
3,"스텐드 불 켜줘"
3,"소개팅이라고 너무 예쁘게 입지 말고 따뜻하게 하고 와"
3,"오분 뒤에 나가라고 알려줄 수 있니"
3,"내일 올 메일은 모두 즉시 삭제해줘"
3,"거실 불좀 꺼주라"
3,"라디오 팔십 팔 점 구에다가 맞춰"
3,"이 번 노래 선택해"
3,"바다 난방을 꺼 줘"
3,"초인종 누른 사람을 보여주겠니"
3,"별표 편지함에 있는 메일 확인해줘"
3,"에어컨 켜줄래"
3,"구매팀에서 온 메일 확인해줘"
3,"배구 하러 가자"
3,"페이스북에서 온 메일 모두 삭제해"
3,"천천히 오세요 기다릴께요"
3,"우리 그때 갔던데 거기 가자"
3,"알람 맞춰줘"
3,"음악 꺼줘"
3,"내일 새벽 다섯시에 알람 맞춰줘"
3,"내일 잡힌 일정 다 취소해줘"
3,"쉬세요"
3,"또 엄마는 아이에게 충분히 길수 있는 시간을 줘야한다"
3,"양치 이외의 용도로는 사용하지 마시길 바랍니다"
3,"내일 오전 열시에 장보기 일정 추가해줘"
3,"끝나는 시간은 열한시로 입력해줄수있니"
3,"햇빛이 강하니 모자를 준비해 와라"
3,"컴퓨터 꺼 줄래"
3,"전화 끊으시면 저한테 연락주세요"
3,"팔월 구일부터 십이일까지 동기들과 여행 스케쥴 추가해주겠니"
3,"가락재에서 온 메일 광고메일에 넣어줘"
3,"내게 쓴 메일함에 있는 메일 좀 열어주겠니"
3,"에어컨 좀 켜줄래"
3,"방금 온 메일의 내용을 읽어줘"
3,"도착한 스팸 메일 모두 휴지통으로 보내"
3,"집에만 있을 거야 햇볕 쬐러 가자"
3,"텔레비전 꺼줄래"
3,"화장실 불 좀 켜라"
3,"건조기 한시간 후에 예약해줘"
3,"오늘 일정 내일로 미뤄줘"
3,"오늘 스케쥴을 모두 삭제해줘"
3,"오늘 오후 여덟시 알바 면접 일정 추가해"
3,"다음 주 이후로 수영 일정 다 취소해줘"
3,"과자 못먹어 환장했나 하지 말람 하지 말어 "
3,"다음 정거장에서 내려 앞에 편의점 보이지 "
3,"체력검사를 위해 운동장 열 바퀴 뛴다"
3,"오늘 온 메일 확인해줘"
3,"회사에서 오늘 온 메일 다 읽은 걸로 해줘"
3,"카드 받았으면 뒤에 서명 꼭 해 둬"
3,"어제 온 이메일 다 삭제해줘"
3,"주식하려면 모의투자로 시작하고 공부 많이 해야 돼"
3,"도예를 배우려면 공방에 다녀야지"
3,"연휴 마지막 날의 맑은 날씨를 즐기세요"
3,"압력밥솥 취사버튼 좀 눌러줘"
3,"이메일 알림 기능으로 이동시켜줘"
3,"매일 일주일 뒤에 올거 다 지워줘"
3,"로봇 청소기 미리 돌려주라"
3,"광고 메일 지워줄래 "
3,"에어컨 미풍으로 바꿔줘"
3,"쭈욱 들어와"
3,"내일 미팅 취소해"
3,"내일 오후 네시에 친구만나기 일정 추가해"
3,"팔월 초 해외 출장을 도쿄로 추가해줄 수 있니"
3,"전화는 왜 안 받아 목소리 듣고 싶다 "
3,"내일까지 해야할 일 오늘까지로 바꿔줘"
3,"조명 외출모드로 전환해줄 수 있니"
3,"다음주 토요일 저녁 가족모임 일정 추가해"
3,"라식 수술 후 컴퓨터 앞에 너무 오래 앉아 있지 마세요"
3,"이번주에 저녁 여덟시 이후에 있는 일정 다 취소해줘"
3,"이번주 저녁 일정 다 취소해줘"
3,"환결설정에서 스크롤을 맨 아래쪽으로 내려줘"
3,"중국어 배워 보는 건 어때 "
3,"면담 시간은 오후 열두시로 해줘"
3,"삼일 뒤에 과제 제출 일정 추가해 "
3,"안마 의자를 켜줘"
3,"라벨 모두 숨겨줘 "
3,"이번주 토요일에 엄마랑 데이트 일정 추가해"
3,"화요일에 팀 발표 모임하자"
3,"십이월달에 보낸 메일 좀 검색해"
3,"사월에 한창 벚꽃이 피니까 꽃구경 가자"
3,"서재 조명 좀 밝게 해줘"
3,"핸드폰 충전 완료되면 충전기 꺼줘"
3,"오늘 저녁 열시 케이비에스에서 불멸의 이순신 녹화해"
3,"침실에 있는 모든 전기를 꺼줘"
3,"스팸메일 삭제해줄래"
3,"회사에서 온 메일 전부 스팸처리 해줄래"
3,"이리로 와서 찍은 화면 재생 해줄래"
3,"한번 열심히 해봐 꼭 성공하기를 빈다"
3,"유엔 연합건물 투어가 두시에 있대 거기 가자"
3,"거실 좀 더 어둡게 해줄 수 있니"
3,"텔레비전 꺼주겠니"
3,"이십오일 업체 미팅 시간 여섯시로 변경해라"
3,"내일 오후 여섯시에 언니와 식사일정 추가해줘"
3,"오일 전에 온 메일 좀 검색해"
3,"엄마한테 생일 축하 편지 써줘"
3,"꼭 약속해줘 그 날 펑크 내지 않겠다고"
3,"직접 사과한다고 약속했어 너도 그만 화 풀어"
3,"한 달 뒤 오늘 아침 여덟 시에 보일러를 켜 줘"
3,"환율은 그때 그 때 변하니까 꼼꼼하게 챙겨봐"
3,"스케쥴표 사진으로 보내줄 수 있니"
3,"경비실 아저씨에게 연결해줘"
3,"딸 방에 있는 가습기 전원 켜줄 수 있니"
3,"삭제된 메일 좀 복구해줄래"
3,"하이닉스반도체 주식 열주만 예약해 줄래"
3,"오늘 메일 중 안 읽은 메일들 검색해줘"
3,"로봇 청소기 작동 시켜줘"
3,"시험 범위가 다시 바뀌었으니 알아 가세요"
3,"주식은 여윳돈으로 해야한다는 것을 잊지 마"
3,"텔레비전 켜라"
3,"예비군 훈련이 있으니 전투복 갖춰서 모이시오"
3,"보낸사람을 스팸 목록에 등록해"
3,"내게 쓴 메일함에 있는 오래된 메일 지워줄 수 있겠니"
3,"안방 문 닫아줘 "
3,"커튼 쳐줘"
3,"춥다고 움츠리고 있지만 말고 가슴 쫙 펴고 힘차게"
3,"안마의자 전원 좀 꺼줄 수 있니"
3,"첨부파일이 있는 메일들은 따로 분류해줘"
3,"이번에 업무협약을 체결 합시다"
3,"스팸메일 삭제해줘"
3,"첨부파일있는 메일 확인해"
3,"회사에서 온 메일을 전화번호부 회사 목록의 사람들에게 전달해줘"
3,"에어컨 제습기능을 멈춰"
3,"결혼식 메일 확인해"
3,"조명이 애매해 조명 좀 어떻게 해봐"
3,"스탠드 밝기 좀 낮춰주겠니"
3,"난방 켜줘"
3,"후식 장소는 베스킨라빈스로 저장해줘"
3,"차 보험 만기일 이번주 까지라고 기록해줘"
3,"친구들한테서 온 메일 확인해"
3,"어제 오후 사장님이 보낸 메일을 확인해줘"
3,"이월달에 보낸 메일 좀 검색해 "
3,"컴퓨터 전원 꺼줘"
3,"지난 주에 교수님께 온 메일 모두 검색해줘"
3,"다음주 주말에 엠티 있다고 일정 추가해"
3,"물 꺼줘"
3,"화장실 환기 할 수 있니"
3,"배란다에 블라인드 내려줘"
3,"이번주 가족모임 취소해줘"
3,"일루와 앉어"
3,"사업 아이템 너무 좋아요 포기하지 마세요"
3,"세탁실에 조명 좀 꺼줘"
3,"그래 낼 헌팅갈 거야 스케줄 모레로 싹 다 몰아 "
3,"둬 보세요"
3,"카카오에서 받은 공지 메일 읽어줘"
3,"내시경 하셔야 되니 음식물 섭취를 금지합니다"
3,"장소는 강남역으로 입력해"
3,"십분 뒤에 화장실 불 좀 꺼줘"
3,"집에 모든 조명 꺼주겠니"
3,"휴지통에 있는 메일 모두 복구해"
3,"아침 일곱시에 안방 불 켜지도록 해줘"
3,"집에 아이들 오면 티브이 켜줘"
3,"어때 괜찮아 빨리 알려줬으면 좋겠어"
3,"에어컨 온도 높혀 줄 수 있니"
3,"오늘 온 메일 읽고 첨부파일 다운로드 해줘"
3,"십일번 중계방송 좀 틀어줄래"
3,"현관등 조명 켜줘"
3,"임시 보관함에 있는 메일 전부 보내줘"
3,"돌려 말하지 말고 그냥 말해 "
3,"아직 오십 킬로미터 정도 더 가야 해"
3,"건형씨도 도시락 싸온 거면 열두 시에 사백십사 호에서 봐요"
3,"부엌 라디오 좀 켜줄 수 있니"
3,"작은 방에 선풍기 좀 틀어주겠니"
3,"아홉시에 담당교수님한테 예약메일 발송해줘"
3,"오늘 온 광고메일 삭제해줘"
3,"지금 쓴 메일 내일 정오에 예약 발송해줘"
3,"첨부 파일 있는 메일 다 중요 표시 해줘"
3,"현관문 잠궈"
3,"준선이에게 답장 쓸 준비해"
3,"가스레인지에 불을 좀 더 세게해줘"
3,"일정 구글 캘린더에 동기화 시켜줘 "
3,"강남역 칠 번 출구 앞으로 모여"
3,"작은방에 불 좀 켜"
3,"오늘 밤에 저와 저녁 괜찮으세요"
3,"컴퓨터 절전모드로 바꿔줘"
3,"월드컵 이 차 예선 경기 알려라"
3,"콘서트 예매정보가 담긴 메일을 중요표시해"
3,"베이스음을 강조해 주겠니"
3,"식당 위 불 밝기 낮춰줄 수 있니"
3,"세탁기 탈수 시간 좀 조정하고 와"
3,"자쿠지의 마사지 기능을 실행시켜줘"
3,"내일 점심 거래처 사장님과 미팅 추가해줄 수 있니"
3,"전기 포트 차 마실꺼야"
3,"스팸메일함을 비워"
3,"가스벨브 잠궈줘"
3,"그냥 차 타고 쭉 내려와 신호등 앞에 있을게"
3,"정신나이와 육체나이의 균형을 맞춰 보자"
3,"가까운데로 바꾸자"
3,"우리 학교 축제 내일부터야 퇴근하고 놀러 와"
3,"보일러 이십사도로 맞쳐춰줘"
3,"제습기 틀어줘"
3,"신발장 불 켜줘"
3,"내일 오전 열한시 영화보기 일정 추가 해라"
3,"스키장비를 튜닝 받고 싶습니다"
3,"메일이 백 개 이상이면 오래된 메일부터 자동 삭제해줘"
3,"메일함에 동호회 그룹을 추가해"
3,"매달 말일은 알바비 들어오는 날 일정 추가해줘"
3,"내일 새벽 네시에 알람좀 맞춰줘"
3,"화장실에 불 좀 켜줘"
3,"아시안 게임에 관한 기사 모두 모아라"
3,"메일 다섯시 까지 보내줘"
3,"횡단보도를 건너기 전에는 좌우를 살펴 주세요"
3,"주식을 발행할 때 주권에 쓰여진 가격을 잘 살펴보렴"
3,"어린이나 임산부들 께서는 절대로 주의를 하시고 꼭 숙지하여 주시기 바랍니다"
3,"다음주 월화수 휴가라고 일정 추가해줘"
3,"칠월달에 온 메일함에 좀 들어가 주겠니"
3,"현관문 열어줘"
3,"주말인데 놀러 가서 예쁜 사진 찍고 오자"
3,"이번 주 화요일 목요일 토요일 저녁 과외 일정 저장해줘"
3,"안방에 조명 좀 어둡게 해"
3,"밥 먹을 장소는 버거킹으로 입력해줘"
3,"쇼핑하러 코엑스 가기로 한 거 안 잊었지"
3,"에어컨 희망온도 좀 낮게해줘"
3,"저번달 연차 날짜 언제였는지 찾아봐"
3,"부엌에 불 꺼줘"
3,"오늘 어음 만기일이야 부도 내지 말고 막아"
3,"실적이 좋지 않으면 명예퇴직 일 순위라는 걸 명심해"
3,"회사에서 온 메일에 십분뒤에 알겠습니다 라고 답장해줘"
3,"되도록이면 찍어 드시지마세요"
3,"먼저 처리해야 할 일이 무엇인가를 확인하여 추진하도록 해"
3,"튕기지 말고 토요일 날 만나요"
3,"내일 밥먹을 사람 없으니깐 한솥도시락 사가기 적어줘"
3,"스페인에 진출한 이천수 관련 기사를 모아다오"
3,"대출 관련 메일 삭제해"
3,"목욕탕 온도 이십오도로 맞춰놔 줘"
3,"배우려고 하는 학생은 부끄러워해서는 안 된다"
3,"다음 주 가기로 된 가구점 예약 일정을 취소해줄래"
3,"상무님에게 네 라고 메일 보내줘"
3,"약 드세요"
3,"해외에서 온 메일 전부 지워줘"
3,"당신의 옆에 항상 제가 있을게요 제게 연락주세요"
3,"카드 만드는 것 영화 예매 할인 많이 되는 거 해"
3,"거실에 십분만 에어컨 틀어줘"
3,"세탁기 지금 작동시켜줘"
3,"수익이 났으면 하루쯤 쉬어 보는 게 좋아"
3,"지금 읽은 메일 스펨 신고하고 휴지통으로 보내주겠어"
3,"무드등 밝기 최대로 올려주겠니"
3,"스팸 편지함 확인해줘"
3,"오늘 부모님에게 사랑한다는 메세지를 보내줘"
3,"택시 앞좌석에선 안전벨트 꼭 메도록 해"
3,"좀 떨어진다 싶으면 팔아야 되"
3,"내일 오후 여섯 시에 동창회 모임 일정 추가해"
3,"안방 불 켜줘"
3,"환율 떨어진다고 엄마가 해외 송금 좀 천천히 하래"
3,"야구장 가는 시간은 오후 여섯시 반으로 해줘"
3,"신청기일을 꼭 확인하시고 이용 바랍니다"
3,"에어컨 방향 좌우로 바꿔줄 수 있니"
3,"뒷베란다 문을 잠궈주라"
3,"태풍 때문에 오늘은 외출을 안 하는게 좋아"
3,"현관불 켜줘"
3,"심야에 타는 택시는 조심해야 해"
3,"지난달에 보낸 메일 검색해줘"
3,"계좌 조회 좀 해봐 어제 돈 송금했어"
3,"이 메일을 프린트 할 수 있니"
3,"거실 티브이 음량 좀 올려줘"
3,"너무 추우니 귀마개라도 하고 와"
3,"교수님께 이번주 토요일 한 시에 예약발송 해줄래"
3,"내일 아침 교문선도 일정 취소해라"
3,"라디오 꺼줄 수 있니"
3,"이번주에 저녁 여덟시 이후에 있는 일정 다 취소해줘"
3,"내일 아침 만나주세요"
3,"야전 침대 부탁해"
3,"사무실의 가습기를 모두 틀어 주시기 바랍니다"
3,"내일 약속 미뤄서 다음주에 만나면 안될까"
3,"보일러 목욕 좀 눌러줄 수 있겠니"
3,"이번 주 수요일에 있는 일정을 모두 지워"
3,"신나는 노래 틀어 줘"
3,"오늘 지운 편지함 검색해줘"
3,"오월달에 온 메일함에 좀 들어가 주겠니"
3,"현관 문 열어줘 "
3,"이메일 본문 십이포인트로 작성할 수 있니"
3,"요즘 자외선 지수가 높으니까 모자 쓰고 다녀"
3,"오늘 온 메일 모두 지워줄래"
3,"내일 일정 다 취소해"
3,"대리님에게 싫습니다 라고 메일 보내줘"
3,"다음 달 휴가 장소 제주도로 바꿔줘"
3,"새터 비용이 예상했던 것보다 조금 올랐으니 확인해 주세요"
3,"내가 먼저 가서 상황을 볼 테니까 빨리 뒤따라 와"
3,"팔월 팔일 열한시 다낭 비행기출발 입력해줘"
3,"메일함 모두 지워줄래"
3,"안방좀 밝게해"
3,"모레 정오에 돌잔치 일정 추가해줘"
3,"친구가 보낸 메일 모두 확인해줘"
3,"그동안 보낸 메일중 상대방이 읽지 않은 메일을 모두 보여줘"
3,"전자레인지 일분만 돌려줘"
3,"세시간 뒤에 에어컨 꺼줘"
3,"날도 쌀쌀한데 옷 단단히 입고 다니세요"
3,"챠트가 불안한 종목은 이익이 났을시 상승 기대 말고 넘기자"
3,"오늘 밤 아홉시에 남편과 디저트 먹을 일정 추가해줘  "
3,"오후에 종로 쪽으로 외근 나가니까 잠깐 봅시다"
3,"목요일 회의 취소해줘"
3,"흡연은 자학행위야 끊어"
3,"화장실에 환풍기 좀 틀어줄 수 있니"
3,"오븐 시간 좀 예약해줘"
3,"음주운전 하지마"
3,"국보법 폐지에 관한 기사를 검색해"
3,"새 일정 추가해"
3,"관리자 비밀번호 바꿔줘"
3,"미팅관련 메일 찾아줘"
3,"내일 일정 다 비워주겠니"
3,"보일러가 안 꺼져 있으면 좀 꺼줄래"
3,"내일 점심 약속 취소해줘"
3,"풍경 디자인으로 편지지 좀 넣어 줘"
3,"답장이 없네 답장좀 해줘"
3,"잔소리 좀 작작 하시고요"
3,"이번주에 있는 회사관련 미팅 십분전에 알람해줘"
3,"시장분위기에 휩쓸린 충동 매매는 금물이다"
3,"주소록에 들어가줘"
3,"메일 서명 첨부 설정 좀 켜줘"
3,"내년에 해외 출장가는 사람들을 모두 보여라"
3,"월요일날 회사에서 온 메일 확인 해줘"
3,"이번 금요일 밤에 술이나 한 잔 하자"
3,"목마르다 우리 식혜 마시자"
3,"에어컨좀 틀어주면 어떻겠니"
3,"에어컨 온도 낮춰줘"
3,"한달전 받았던 메일 모두 삭제해"
3,"이번주 일요일에 교회 가야한다고 알려줘"
3,"교수님께서 너에게 메일 보내셨대 확인하고 답장해줘"
3,"예의를 갖추는 자리에선 절을 해야 하는 거야"
3,"안방 티비소리 올려줘"
3,"읽은 메일들 모두 휴지통에 버려줄래"
3,"식탁 위에 밥 차려놨으니까 꼭 먹고 가"
3,"아니요 저 아주 잘 지내니까 그런 거 보내시지 말라구 "
3,"봄이라고 방심하지 말고 따뜻하게 입고 다녀 아직 춥다"
3,"난방온도를 이십 칠도로 설정해줘"
3,"엄마한테 고맙습니다 라고 메일 보내줘"
3,"어느 것 하나는 나 몰라라 해야 니 일이 수월해진다구 격려하는 거야"
3,"스노보드 탈 때는 보호대가 필수야"
3,"공연 끝나고 뒷정리 잘해 주세요"
3,"회사행사 이틀전에 매번 알려줄래"
3,"받은편지함이랑 보낸편지함 모두 비워주겠니"
3,"선풍기 바람세기 약으로 바꿔줘"
3,"티비에 유튜브 연결해줘"
3,"안방에 불 좀 밝혀줘"
3,"전 직장에서 받은 메일 모두 삭제해줘"
3,"조금만 기다려 주세요"
3,"어젯밤에 학교에서 온 메일을 확인해줘"
3,"내게 쓴 메일함에 다섯시 오래된 메일 지워줘"
3,"컴퓨터를 절전모드로 해줘"
3,"캘리포니아 와인 전문점 좀 추천해주실 수 있어요"
3,"다음달에 있는 학회 일정 시간은 저녁 일곱시로 입력해줘"
3,"내일 오후 영화 일정을 취소해"
3,"에어컨 터보로 켜줄 수 있니"
3,"내일 두시에 친구와 만나기 일정 취소 해라"
3,"매일 오후 세 시에 로봇청소기 작동시켜줘"
3,"실험 보고서 늦어도 다음주 월요일까지 제출하래"
3,"이 돈 없어도 산다 하는 여윳돈만 투자해"
3,"거실에 있는 텔레비전 전원 켜줘"
3,"내일 오후 다섯시에 운동가기 추가해줘"
3,"서명 설정에서 텍스트와 이미지를 결합시켜줘"
3,"아니요 저 아주 잘 지내니까 그런 거 보내시지 말라구 "
3,"중요하지 않은 메일을 삭제해줘"
3,"오늘 음원파일 있는 메일 있는지 확인해주고 있으면 중요표시 해줘"
3,"베란다 조명을 꺼"
3,"한꺼번에 주소록 추가 된 곳에 메일 보내줘"
3,"엄마 저 월세를 못 내고 있어요 빨리 입금 좀 해주세요"
3,"현관 앞 감시해"
3,"가스랑 보일러 다 꺼"
3,"냉장실의 온도를 최적으로 만들어줘"
3,"스팸메일함에 있는 메일 삭제해줘"
3,"임시 메일함에 있는 모든 메일들 다 삭제해줄래"
3,"구월 오일에 박인혁으로부터 온 이메일을 모두 찾아줘"
3,"예약 발송 시간을 내일 오전 아홉 시로 바꿔 줄래"
3,"남들 이야기에 너무 귀 기울이지 말고"
3,"다섯시에 책읽기 일정 잡아줄래"
3,"회사에서 온 메일 수신 답장 해줘"
3,"학교에서 온 메일 봐줘"
3,"하루 빨리 눈 수술을 하는 게 좋습니다"
3,"홍 아저씨 다음 판엔 이쪽에 끼어 봐요"
3,"연구일정 으로 이메일 제목 검색해줘"
3,"오늘 오후 열한시 축구보기 일정 추가해줘"
3,"인라인 탈 때 장비 잘 갖춰서 타"
3,"지난달이랑 전력소비량 비교해줘"
3,"종합주가지수 좀 보고 나서 이야기 하자"
3,"에스엔에스 알림함으로 들어가줘"
3,"새벽 네십니다 새벽 네시 기상하십시오 "
3,"절전 시 전원 스위치부터 확인 바랍니다"
3,"일주일 이상 지난 메일 전부 삭제해줘"
3,"지금 집에 딸 혼자 있으니까 보안 삼단계로 올려줘"
3,"내일 오전 일곱 시에 깨워줘"
3,"스탠드 밝기를 조절해 줄 수 있니"
3,"내일 물레과목 시험이야 연습해"
3,"다음달 오월 육일에 건강검진 추가해줘"
3,"오후 열한시에 현관문 좀 열어주겠니 "
3,"우리 좀 따뜻해지면 김밥 싸서 소풍 가자"
3,"큰방에 제습기 작동 시켜라"
3,"공부하기 싫으면 학교 그만 둬"
3,"거실 스피커 켜줘"
3,"내일 미팅 이후에 점심 약속 추가해줘"
3,"나 벌써 도착 했어빨리 좀 와라"
3,"보일러실에 조병 좀 꺼줘"
3,"보일러 온도 이십 오 도로 해"
3,"커피 머신 작동 시켜줘"
3,"이번주 월요일 열한시에 등산가기 일정 추가해"
3,"전화하기 싫으면 문자라도 해"
3,"보일러 외출모드로 해줘"
3,"집안 냄새가 별로 안 좋다 방향제 틀어줘"
3,"실내 온도가 몇도인지 봐줘"
3,"메일함에 읽지 않은 메일 모두 삭제해줘"
3,"오토바이는 위험해 타지마"
3,"모레 오후에 여행사에 다시 전화해"
3,"매주 월요일 아침엔 본인 자리를 청소해 주시기 바랍니다"
3,"저녁 여덟시에 거실 불 켜지도록 해줘"
3,"방은 휴식공간 마루는 공부하는 공간으로 쓴다"
3,"지금 만든 메일 지우고 새로 작성해"
3,"차나 마셔요 "
3,"만날 장소는 비에이치씨로 입력해줘"
3,"선풍기의 강약을 최소로 해줘"
3,"안방 블라인드 좀 쳐줄래"
3,"스팸메일함 열어볼 수 있니"
3,"현관 보여주라"
3,"저번주 토요일에 온 메일 좀 검색해 주겠니"
3,"컴퓨터 본체 전원을 켜줘"
3,"뒷정리는 다같이 합니다"
3,"그 약속들을 다시 일정에다가 넣어놓을래"
3,"내일 낮 열두시에 점심약속을 추가해줘"
3,"주식을 할 때는 위험관리를 잘 하는 것이 중요해"
3,"바쁜데 좀 빨리 안 될까요"
3,"식기세척기 작동시켜줘"
3,"어제 온 메일 다 읽어줘"
3,"음식 냄새 빼줘"
3,"내일 생수 주문하는 일정 알람 맞춰줘"
3,"이천십팔년 팔월 이십일에 축제 일정 추가해"
3,"보일러 온수 모드로 틀어줘"
3,"불 좀 꺼줘"
3,"지금 보고 있는 영화랑 비슷한 장르 검색해줄래"
3,"오늘 영화 예약했으니까 같이 보러 가자"
3,"매주 금요일은 심야기도회가 있습니다 많은 참석 바랍니다"
3,"인라인 탈 때 장비 잘 갖춰서 타"
3,"소이 방에 가서 알람 울려주련"
3,"지금 읽은 메일 중요표시 좀 해줄래"
3,"이주 전에 온 메일 좀 검색해"
3,"오늘 온 메일에서 첨부파일 저장해줘"
3,"회사에서 온 메일을 업무관련 메일함으로 옮겨줘"
3,"다음 신호등 받고 유턴"
3,"모기매트 켜라"
3,"휴가계획서 양식은 온라인으로 다운 받으세요"
3,"내일 날씨정보 가족들에게 공유해줘"
3,"거실 불 꺼줘"
3,"주식 경험이 없으면 모의 주식을 한번 해봐"
3,"오늘 온 메일에서 첨부파일 저장해 줄 수 있니"
3,"임시저장한 메일을 인문대학 행정실이라고 발신자명 수정하고 보내줘"
3,"첨부파일이 동영상인 메일들 찾아줄 수 있니"
3,"저기 잠깐만요"
3,"매일 아침 여덟시에 깨워줘"
3,"금요일에 동생이랑 저녁먹기 일정 삭제해줄 수 있니"
3,"어우 미친 지지배 빨리빨리 움직여라 빨리"
3,"담주 화요일 날 알바 대타로 입력해줄 수 있니"
3,"이번주에 사수랑 미팅있는 날마다 그날 아침에 알려줘"
3,"다음주 목요일 엄마 생일 일정 추가해"
3,"내용이 영어로 적힌 메일들만 보여줘"
3,"스미스 씨한테 저에게서 전화 왔었다고 좀 전해주실래요"
3,"시세가 충분히 날 때까지 중기보유 전략이 유리 할 것 같아"
3,"설계도서 카피본 관계부서에 보내"
3,"앞 좌석에 앉을 때는 꼭 안전벨트를 매야 된다"
3,"거실에 에어컨 한시간 있다가 다시 켜줘"
3,"에어컨 풍량을 약풍으로 줄여줄래"
3,"내일부터 같이 동네 한 바퀴씩 뛸래 "
3,"화 내지마"
3,"다시는 내 뒤통수 치지 마"
3,"오늘 촬영 연기 됐어 스케줄 조정 다시 해"
3,"임시보관함에 있는 최근 메일 발송해줘"
3,"바람에 간판이 날릴지도 모르니 주의해"
3,"과열된 시장 심리로 인한 주가 상승을 주의해"
3,"현재 메일을 교수님께 전달해줘"
3,"오늘 오전 아홉시에 음악감상 일정 추가해"
3,"졸업 증명서 필요한데 학교에 같이 좀 가자"
3,"날씨가 추우니까 잘 챙겨 입어"
3,"오늘 안 읽음 메일들 다 읽음처리해줘"
3,"회사 중요 자료들 과장님께 내일 저녁까지 메일 보내줘"
3,"거실에 에어컨 켜줄수있니"
3,"내일 오전 열한시 안과 예약 추가해"
3,"전달 된 메일 검색해 "
3,"선택한 메일 번역해서 보여줄 수 있니"
3,"주말에 나랑 교외로 드라이브나 가자"
3,"보일러 온도 좀 올려줘"
3,"욕실에 온도 좀 높여라 "
3,"다음주 이사일정 추가해"
3,"스탠드 좀 꺼줘"
3,"거실 에어컨 켜줘"
3,"담주에 가족 모임 강남으로 장소 바꿔줄 수 있니"
3,"나갈 때 불 다 꺼줘"
3,"사월육일 회사에서 온 메일 확인해줘"
3,"스팸메일함에 있는 발신자 전부 차단해줘"
3,"디브이디 꺼내줄래"
3,"스피커 볼륨 구십으로 해주겠니"
3,"매주 목요일 두시까지 레포트 제출 일정 추가할래"
3,"목요일 두시에 실험실 모임 입력해"
3,"노트북과 프린터기를 연결해서 노트북의 인쇄기능을 눌러줄 수 있니"
3,"모닥불 조명으로 켜줄수 있니"
3,"보낸메일함에 수신 안 된 메일 찾아줘 "
3,"건조기 이불 건조모드 해줄수 있니"
3,"십월 삼십일 학교에서 온 이메일 전부 검색해줘"
3,"급하니까 오토바이 퀵서비스 불러서 가자"
3,"받은 메일함을 모두 휴지통에 넣어줘"
3,"받은 메일함을 비워 주겠니"
3,"에어컨 꺼줄 수 있니"
3,"다음주 미팅 날짜에 알람을 설정해줘"
3,"전자레인지 전원을 꺼줄 수 있니"
3,"안방 텔레비전 사 번 돌리렴"
3,"이제 돈을 은행에 묶어 두기만 하지마라"
3,"내일 오전 회의 일정 추가해줘"
3,"내일 아침운동 일정 취소해"
3,"내 동료들에게 다 메일 보내줄 수 있니"
3,"검토 후 연락 바랍니다"
3,"초특가라는 단어있는 메일 전부 스팸메일함으로 옮겨주겠니"
3,"첨부 파일함에 들어가줘"
3,"예약발송 해놓은 메일들 취소해줘"
3,"컴퓨터 꺼져있으면 켜줘"
3,"보일러 한시간 뒤 꺼줄 수 있니"
3,"중요 표시된 메일들 중 두 달 이상된 것은 삭제해줘"
3,"시월 마지막주 화수목 축제기간으로 입력해줘"
3,"수요일에 저녁 약속 있다고 저장해줘"
3,"스탠드 좀 꺼줘"
3,"인터폰 받아줘"
3,"어제 온 메일 다 삭제해줘"
3,"스팸메일함 모두 비워줘"
3,"정기 예금은 가입기간이 짧아도 신청자가 적으면 당첨될 수도 있으니 신청해봐"
3,"수신함을 비워줘"
3,"교수님 뵈러 갈 때 같이 가자"
3,"방 조명 색깔을 바꿔줄 수 있겠니"
3,"퇴원하시려면 일주일은 기다리셔야 되겠습니다"
3,"학원 메일 삭제해"
3,"시험 범위 적고 있어 다음 주부터잖아 준비해야지"
3,"영화 끝나면 연락 주세요"
3,"지난주에 온 메일 검색해줘"
3,"선풍기 강풍으로 켜줄 수 있니"
3,"화장실 불 꺼줄수있니"
3,"메일함에서 내일 단어가 들어있는 메일 검색할 수 있니"
3,"세계의 움직임도 파악할 줄 알아야 해"
3,"나 휴가 나가니까 마중 나와 있어"
3,"내일 회식 추가해"
3,"에어컨 온도 조금만 높혀줄 수 있니"
3,"전기 밥솥에 취사 시작해"
3,"다음주 스케쥴 다 취소해줄 수 있니"
3,"시청자를 뭣같이 보는 싸가지 없는 놈의 새끼 남의 드라마 그만 베끼고 창의성 좀 길러라 책도 읽고 새끼야"
3,"자신 외에는 아무도 믿지 말고"
3,"냉장고 온도 좀 낮춰줘"
3,"위메프에서 온 광고 메일을 확인해줄래"
3,"선생님이 교무실로 오라던데"
3,"현재 메일함 전부 삭제해"
3,"발송예약되어 있는 메일들을 모두 삭제해줘"
3,"방금 온 메일 읽어줘"
3,"임시저장된 메일 좀 지워줘"
3,"이 기계에는 꼭 정품의 부품만을 사용해주십시오"
3,"에어컨 틀어져 있으면 꺼줄 수 있니 "
3,"내 핸드폰에 전화 할수 있니"
3,"보일러 온도 내려 줄 수 있니"
3,"전자 레인지 이분 작동시켜"
3,"급한 일이 있을 수도 있으니 그냥 자유 예금 해"
3,"인수 인계는 다음 수요일에 말로 하자"
3,"토요일 열시에 일정 잡아줘"
3,"방안에 있는 책들 전부 가져오래"
3,"휴지통에 있는 메일을 전부 스팸 처리해줘"
3,"날짜별로 메일 정리해줘"
3,"사라진 메일을 복구시켜줘"
3,"효은이 캠핑 갔다고 하세요"
3,"자외선을 피부에 직접적으로 받으면 좋지 않아"
3,"가스밸브 잠갔나 확인 많이 해"
3,"오늘 음원파일 있는 메일 삭제해줘"
3,"이번주 일요일 교회일정 취소해"
3,"이번 달 받은 성인이라는 제목의 이메일 삭제할래"
3,"수업 샘플이 공개된 곳을 이용하셔야 합니다"
3,"안개가 끼면 미등을 켜고 운전해야 합니다"
3,"그와의 약속을 아무에게도 말하지 말아요"
3,"중요한 메일 빼고 전부 지워 줄 수 있니"
3,"오늘 서울행 고속철 일 인 예매해"
3,"안 읽은 편지만 나열해"
3,"오늘 삭제한 메일을 복구해줘"
3,"조명 밝기 좀 조절 해줘"
3,"중요도 높은 메일만 중요 메일함으로 옮겨줘"
3,"조명이 밝은데 어둡게 해줘"
3,"우리 시험 끝나고 놀이공원 가자"
3,"보일러 희망온도 삼십도로 해주겠니"
3,"공부할 때는 뚜렷한 목표를 세워"
3,"스팸메일함에 등록된 메일 모두 삭제해줘"
3,"삼십주년 동창회 꼭 올 거지 "
3,"주소록에서 빼줄 수 있니"
3,"내일 점심에 배터지게 먹어"
3,"내일 오전에 영화 씨지브이로 확인해줘"
3,"새벽 세시에 에어컨 켜줘"
3,"칠월 삽십일 휴가 일정에 맞게 교통편 예약해줘"
3,"내일 저녁 회의 일정을 추가해줄 수 있니"
3,"이십오일 모임이야 꼭 나와야 돼"
3,"내일 오후 일정을 전부 취소해줘"
3,"서재 난방 온도 낮춰줘"
3,"파란 조명만 켜라"
3,"실내 습도를 쾌적하게 유지해줘"
3,"반신욕 하고 양말 신고 있으면 좋대"
3,"세탁기 잠깐 일시정지 해 줄래"
3,"에어컨 온도 낮춰 줄 수 있니"
3,"엄마 생일 전날에 가족들한테 문자 보내줄래"
3,"휴지통에 있는 메일들 영구삭제해줘"
3,"창문밖에 나가있어 줄래"
3,"티디 뱅크에서 온 이메일 전부 검색해줘"
3,"노란 등을 켜줄수 있니"
3,"내일 오후 두시에 데이트 일정 추가해줘"
3,"열두시시 되면 티비 꺼줄 수 있니"
3,"그 스텝도 연습하면 많이 나아질 거야"
3,"자기가 못 푼 문제는 한 번 더 풀어봐라"
3,"목돈을 정기예금 할 때는 절대 한 계좌로 만들지 말아라"
3,"보일러 따뜻하게 켜줘"
3,"베란다 불 좀 꺼줄 수 있니"
3,"방말고 다른데는 다 불 꺼줘"
3,"내 핸드폰에서 카드내역 확인해서 스케쥴표에 얼마썼는지 기록해둬"
3,"관리사무실로 연결해 주겠니"
3,"어제 온 메일을 스팸 신고해줘"
3,"불편하면 말 하세요"
3,"너무 더워서 그런데 보일러 설정온도 좀 낮춰줄 수 있니"
3,"전화기 사죠"
3,"나한테 지금 당장 필요한 말 써서 메일 보내줘"
3,"로봇청소기에게 청소를 시켜주겠니"
3,"이십칠일 업체 미팅 일정 취소해줘"
3,"어제 회사에서 온 메일 보관함으로 옮겨 줄 수 있니"
3,"손도 녹일겸 카페에 좀 쉬어가자"
3,"미안해 나 오늘 점심약속 있어 너 먼저 먹어"
3,"매주 수요일 드라마 예약해줘"
3,"저번주 수요일에 메일 온 거 검색해줘"
3,"방금 온 메일 확인해줘"
3,"스미스 씨한테 저에게서 전화 왔었다고 좀 전해주실래요"
3,"내일 오후 한시에 오빠랑 수영장 가기 일정 추가해"
3,"티비꺼줘"
3,"내일 세시에 동아리 모임 일정 추가해"
3,"한시간 뒤에 알려줘"
3,"내일 일정 브리핑 좀 해줘"
3,"캠퍼스에서 타고 다니게 전기 퀵보드나 살까 "
3,"에어컨 한 시간 뒤에 꺼지도록 예약해 줘"
3,"모든 불 밝기 좀 낮춰줘"
3,"거실 선풍기 미풍 모드로 설정해"
3,"다음주 화요일 체력시험일정 추가해줘"
3,"이번주 토요일 스터디를 취소해줘"
3,"전기 스탠드 좀 켜주라"
3,"국제협의회에 참여하여 의견을 제시해 주시기 바랍니다"
3,"요즘 몸이 안 좋아 보이시는데 보약 한 재 드세요"
3,"천천히 오세요 기다릴께요"
3,"한시간 후에 선풍기 꺼줘"
3,"이번 건은 확실히 처리해 주십시오"
3,"십이월월달에 온 메일 좀 검색해"
3,"책상 스탠드 켜줄래"
3,"선풍기 좀 켜줘"
3,"오늘 한시에 친구약속이라고 추가해줘"
3,"날씨도 좋은데 교외로 드라이브 가자"
3,"안 읽은 편지를 모두 읽음으로 표시해줘"
3,"오늘 저녁 여섯시 식사 일정 추가해줘"
3,"일곱시에 도착 한다니까 그때까지와"
3,"메일 새로 고침 해봐"
3,"이 메일 보낸 사람 주소록에 추가해주겠니"
3,"거실의 화면을 녹화한 것을 지워라"
3,"날씨도 좋은데 교외로 드라이브 가자"
3,"그냥 소신껏 팔고 소신껏 사버려"
3,"오전 열두시에 라디오 좀 틀어줘"
3,"오년전 쇼핑메일은 삭제시켜줘"
3,"어제 보다 만 예능 좀 틀어줘"
3,"그래 이번 건 확실하니까 따라와"
3,"스팸메일 함 죄다 삭제해줘"
3,"도로에서 자전거 타는 것은 너무 위험한 일이야"
3,"작은방 모니터 꺼주렴"
3,"갈비찜 해놓았으니 어서 들어와"
3,"내일 일정 모두 취소해줘"
3,"오늘 부터 내일 모레까지 온 메일 특정 메일함에 저장해줘"
3,"냉장고 문 좀 닫아라"
3,"모레 일정 모두 취소해줘"
3,"항공티켓정보가 적힌 메일을 중요표시해"
3,"이리와"
3,"보내주신 서류에 누락된 것이 있습니다 확인 바랍니다"
3,"주식 투자는 전문가와 상의를 해서 시작하도록 해"
3,"임시저장된 메일 좀 보내줘"
3,"같은 주소로 확인했습니다라고 보내줄 수 있니"
3,"광고 메일 다 지워줘"
3,"홍대 케이에프씨 앞에서 보자"
3,"올 때까지 기다릴 테니까 꼭 와줬으면 해"
3,"오후 열두시에 조명을 모두 켜줄수 있니"
3,"다음달 이십사일에 학회 일정 추가해줘"
3,"집에 모든 조명 꺼줘"
3,"읽지 않은 메일들은 모두 지워라"
3,"당분간 새벽 세시 반에 알람해줘"
3,"텔레비전 소리 좀 줄여줄래"
3,"대전행으로 고속철 두 장 예약해"
3,"전 메일 삭제해줘"
3,"안방화장실 불 좀 꺼주겠니"
3,"해외여행 갔다와서 동전은 교환이 안되니까 미리 바꿔서 와"
3,"저녁 여덟시에 거실 불 좀 켜줄 수 있겠니"
3,"일층 캠 꺼줘"
3,"업무와 일상을 하나로 묶어"
3,"법인의 업무와 무관하게 지출하면 안 된다"
3,"이월 이전에 받은 메일 중 읽은 메일은 모두 지워줘"
3,"그래도 안되면 그래픽카드를 다시 유심히 살펴보라"
3,"방금 온 메일에 알겠습니다 라고 답장 보내"
3,"두달 뒤 첫번째 토요일에 엠티 추가해"
3,"주방에 있는 환풍기 꺼줘"
3,"스팸 메일함 열어봐"
3,"현관문 열어줘"
3,"거실에 조명 꺼줘"
3,"작은 방에 선풍기 꺼줘"
3,"보낸이로 검색해줘"
3,"티브이 아침 아홉시에 켜줘"
3,"기차 안에서 돌아다니는 것은 위험해"
3,"오후 아홉시 도착으로 예약해"
3,"이번주 랩미팅 스케줄 시간을 변경해줘"
3,"제습기 조절해서 실내 적정 습도 유지시켜줄수있니"
3,"자외선 지수가 높다라네 모자 쓰고 나가"
3,"내게 쓴 메일함에 있는 어제 온 편지를 중요 표시 해줘"
3,"이메일 차례대로 열어라"
3,"열대어 어항의 파란 라이트를 꺼 줄래"
3,"이번 주말에는 꼭 저랑 같이 가시는 거예요"
3,"내년 이맘 때로 크루즈 여행계획을 입력할 수 있니"
3,"내일 오후 일곱시에 할머니 집 방문 일정 추가해"
3,"보낸 편지함을 확인해줘"
3,"결석했으면 결석사유서를 가지고 가면 돼"
3,"선풍기 강풍으로 틀어줘"
3,"구월 첫째주 토요일에 결혼식 일정 입력해줘"
3,"부엌에 불 좀 꺼"
3,"휴지통에 있는 메일 다 복구해줘"
3,"최근 메일 받은 삼십개 말고 다 지워줄 수 있니"
3,"안방에 있는 텔레비전 전원 꺼줘"
3,"화장실 불 꺼줘"
3,"모든 방에 에어컨 틀어줄 수 있니"
3,"오늘 이화여대에서 밥약속 추가해줘"
3,"대출할 때는 너의 주거래 은행을 이용하는 것이 좋아"
3,"내게 쓴 메일 함 전부 삭제해줘"
3,"그러기 전에 잡어"
3,"거래처 직원에게서 온 메일 열어줄래"
3,"화장실 조명 좀 꺼줘"
3,"메가박스에서 보낸 예매 확인 메일을 확인해줘"
3,"일곱시 이후에 드라마는 꺼줄 수 있어"
3,"부모님방 돌침대 온도 조절"
3,"에어컨 켜주겠니"
3,"컴퓨터 볼륨 좀 줄여줘"
3,"화 내지마"
3,"시월 십일은 내 생일 일정 추가해"
3,"거실에 난방 한단계 올려줘"
3,"안전 벨트 메라"
3,"휴지통에서 산학협력단에서 온 메일 복원해"
3,"담주에 동기 모임 한시간 앞당겨줘"
3,"대학교에서 온 편지만 모아서 보여줘"
3,"작은방 불 켜줘"
3,"오늘 저녁까지 발신함좀 확인해줘"
3,"쇼핑할 때 현금 영수증 챙기는 것을 잊지 마"
3,"이번달에 학부모모임일정을 모두 취소해줘"
3,"한 시간 동안 동작 정지"
3,"오늘 온 메일 카페메일함에 넣어줘"
3,"다음 메일이랑 네이버 메일 연동 해제해줘"
3,"회전을 멈춰 줄래"
3,"아무 일도 아냐 신경 쓰지마"
3,"변기 깨끗하게 사용해"
3,"오늘 오후에 이메일이 오면 알람을 울려줘"
3,"너도 휴면계좌 있는지 확인해 봐"
3,"지금 실외온도 어떻게 되는지 보여줘"
3,"오늘 우체국에 가서 서류 좀 빠른 우편으로 부치세요"
3,"이십육일에 부산 여행 일정을 추가해줘"
3,"컴퓨터 절전모드로 해다오"
3,"내게쓴메일함 모두 비워줘"
3,"저녁 약속시간 수정해"
3,"지금 티비 틀어서 야구방송하는 채널에 맞춰 줄 수 있니"
3,"마사지 기계 전원을 키고 온열상태로 만들 수 있니"
3,"메일에 첨부파일 악성코드 검사해줘"
3,"메일에 있는 번호 저장해줘"
3,"모레 새벽 다섯 시 반까지 낙성대역 팔번 출구 앞이다"
3,"어제 회사에서 온 메일 확인해줘"
3,"밥 먹을 장소는 자연별곡으로 입력해줘"
3,"냉장고 온도 낮춰줘"
3,"케이티엑쓰 예약확인 으로 이메일 제목 검색해줘"
3,"이번주 금요일 열시에 봉사가기 일정 추가해"
3,"내일 세시 강릉가는 고속버스 네 장 예매해"
3,"기차표를 우선 예매해 두는 게 좋을 거야"
3,"탑승인원을 지켜주세요 위험합니다"
3,"펀드매니저들의 운용실적을 보내 주세요"
3,"친구한테 답장 메일 보내줘"
3,"섬유 쪽 주식을 한 번 사 보는 것도 좋을 거야"
3,"내일 아침에 있는 수업 두시간 미뤄줄 수 있니"
3,"모레 영어 스터디 모임일정 삭제해줘"
3,"현관문 비밀번호 바꿔줄래"
3,"내일 오후 열두시 점심 식사 약속을 취소해"
3,"나 오늘 너무 외로우니까 모든 약속 취소하고 와 줄 수 있어"
3,"부엌 가스렌지 불 다 꺼줘"
3,"저녁 같이 먹고 싶다"
3,"커피숍에서 기다리고 있을게 끝나는 대로 와"
3,"내일 낮 열두시 점심 약속 장소는 라면집으로 입력해줘"
3,"오늘 저녁 아홉시에 보내기로 한 예약 메일 취소해줄 수 있니"
3,"승준이에게 전화 연결해줄래"
3,"국민은 보통예금으로 계좌 개설하자"
3,"이번 주 수요일 아침에 알람 취소해 줘 "
3,"다음달 십일 병원 일정 추가해"
3,"집에 있는 물 다 꺼줘"
3,"다음 달 초 시간 비워주세요"
3,"내일 일정을 복사해서 다음주 월요일에 등록해줘"
3,"내일 아침까지 수신함좀 확인해줘"
3,"이번 주말 하루종일 여행이라고 추가해줘"
3,"비 올지도 모르니까 비 옷 하나 챙겨 오길"
3,"내일 약속 한시간씩 미뤄줄 수 있니"
3,"여기서 온 메일 전부 삭제해줘"
3,"이봐 젊은이 그러지 말고 좋게 좋게 합의 합시다"
3,"내일 영화관 데이트 일정 취소해줘"
3,"광고 붙은 이메일은 다 지워줄래"
3,"인재개발팀에서 온 메일 상무님께 전달해줘"
3,"이게 왜 이래 저리 가 "
3,"투다리에서 한 시간 뒤에 보자"
3,"해외 파견 근무를 원하는 사람은 지금 바로 신청하래"
3,"노트북 이십분뒤에 꺼줄수 있니"
3,"해외메일함에 이틀전에 온 메일좀 열어줘"
3,"내일 첫 월급 타니깐 갖고 싶은가 적어 놔"
3,"내일 일정에 친구 만나기 추가해주겠니"
3,"거실 텔레비전 켜줘"
3,"에어컨 한시간 후에 꺼줘"
3,"첨부파일 기간 만료 삼일 전인 메일 있으면 알림해줘"
3,"오디오에 올드팝송을 틀어주겠니"
3,"스피커 볼륨 구십으로 해줘"
3,"가족사진 메일좀 찾아줘"
3,"나 지금 유원지니까 앞에 나와서 서있어"
3,"매달 십일 핸드폰 요금 나가는 날이라고 메모해줘"
3,"유튜브와 티비를 연결시켜줘"
3,"아이보 우로 돌아 정지"
3,"휴지통으로 보낸 메일을 스팸신고 해줘"
3,"열한시되면 집안의 모든 불 꺼줄 수 있니"
3,"큰방 불 좀 켜줘"
3,"화장실 환기 시켜줄래 "
3,"오늘 아홉시에 보낸 메일 수신확인 할수있니"
3,"내 메일 보여줄래"
3,"관리사무실로 연결해 주겠니"
3,"김치냉장고 잠금 해제 부탁해"
3,"선풍기 꺼줘"
3,"메일 자동양식완성 기능 좀 꺼줄래"
3,"처음 시술 시에 좋은 결정을 하도록 하세요"
3,"과음 하지마 적당히 마셔"
3,"이번주에 있는 회사관련 미팅 십분전에 알람해줘"
3,"햇빛이 너무 강하게 내리쬐니까 그늘로 피하자"
3,"시월초에 감사 일정 잡아줘"
3,"그 회사 자료 필요해 빨리 넘겨"
3,"밥솥 전원 켜줘"
3,"군대 와서의 첫 휴가 잘 보내고 오게나"
3,"이번주 화요일 일정 모두 취소해줄수있니"
3,"현관 불 켜 줘"
3,"오늘 온 메일 임시 보관함에 넣어줘"
3,"수요일 교회예배 일정 추가해"
3,"교수님에게 온 메일 전부 영구 삭제해줘"
3,"커튼을 젖혀줄 수 있니"
3,"미안하지만 뒷정리 좀 부탁합니다"
3,"오늘 두시에 친구만나기 일정 추가해"
3,"내가 쓴 메일함에서 첨부파일이 있는 메일만 가져와 줄 수 있니"
3,"동생에게 메세지를 좀 보내라"
3,"회사에서 온 편지를 모두 중요 편지함으로 옮겨줘"
3,"화장실에 환풍기 좀 켜줘"
3,"티비 채널을 십 삼 번으로 돌려줄래"
3,"이 메일을 나한테 보내줘"
3,"너 하기 싫으면 관둬"
3,"어제온 오케스트라 음원 메일좀 확인해줘"
3,"내일 오후 한시에 점심 일정 추가해줘"
3,"나 소개팅 시켜준다며 왜 연락이 없어 "
3,"외국에서 온 메일을 해석해줘"
3,"컴퓨터 좀 켜줘"
3,"현관문 좀 열어줄 수 있니"
3,"삼월육일에 온 메일 좀 지워줘"
3,"소연이한테 어디냐고 문자 보내줘"
3,"여덟시에 저절로 켜지게 설정해주겠니"
3,"에어컨 바람 약하게 해줘"
3,"우리 졸업전시회 꼭 보러 올 거지 "
3,"이번주 토요일에 몬트리올 여행일정을 취소해"
3,"자신 외에는 아무도 믿지 말고"
3,"난방기 전원을 켜주렴"
3,"안방에 불좀꺼줘"
3,"야 나 오늘 월급탔다 넥스트가자"
3,"저녁은 외식하는 게 어때"
3,"한달 이전에 보낸 메일 삭제해줘"
3,"엄마가 보낸 메일 가족메일함으로 옮겨줘"
3,"식기 세척기 오분뒤 작동시켜줘"
3,"거실 티브이를 켜줄수 있니"
3,"오늘 오후 세시에 회사에 보낼 메일 예약 좀 해줘"
3,"친구야 언제 돌아오는 거야 빨리 와"
3,"이번주 목요일에 베드민턴 대회 일정 추가해"
3,"세탁기 헹굼 육회 예약 걸어 줄 수 있니"
3,"속도 위반은 경찰서로 가셔서 문의 하세요"
3,"매일 오전 여섯시되면 노래 틀어줘"
3,"티비 좀 켜줄래"
3,"김치 냉장고 오른쪽 칸 숙성 모드로 바꿔주렴"
3,"거실 티브이 채널 조정 해줄 수 있니"
3,"온 지 일년 지난 메일 모두 지워줘"
3,"보일러를 꺼줘"
3,"잠깐만요"
3,"안방 에어컨을 꺼줘"
3,"수영대회 꼭 우승해서 상금 받으면 한 턱 쏘세요"
3,"거실에 에어컨 좀 틀어줄 수 있니"
3,"클래식 음악 틀어줘 "
3,"축복 다 갖구 가시구 나랑 딱 한 달만 바꿔 살아볼래"
3,"저녁 식사 같이 하실래요"
3,"너 하기 싫으면 관둬"
3,"오후에 회의가 다섯 시에 끝난다고 저장해줘"
3,"내 생일 관련된 쿠폰 메일같은거 있으면 다 중요 메일함으로 옮겨"
3,"내게 보낸 메일함에 들어가줘"
3,"욕실 온도 좀 높여 줄래"
3,"메일 보내줘"
3,"다음주 수요일에 발표 일정 추가해줘"
3,"그 서류 오늘까지 보내주시기로 했죠 "
3,"이번 달 주말 일정을 전부 삭제해줘"
3,"그 영화는 꼭 나랑 보러가기로 약속했었지 "
3,"장소는 건대입구로 입력해줘"
3,"여기이 주소로 오시면 되시구요"
3,"영화 볼 장소는 메가박스로 입력해줘"
3,"보일러 온도 이도만 더 높여줘"
3,"메일에 중요 표시를 해서 보내줘"
3,"김 대리님이 사업계획서 작성하라 셔요"
3,"로봇청소기 작동시켜줄수있니"
3,"전기장판 꺼줘"
3,"첫번째 첨부파일만 저장해줄 수 있니"
3,"팔월 십일 베트남 여행 일정 추가해줘"
3,"이번 달 매주 목요일에 동아리 모임 추가해"
3,"회사에서 방금 온 메일 읽어줘"
3,"학생회 회의 있으니 다 모이세요"
3,"사용하지 않는 모든 불필요한 기능을 끄십시요"
3,"광고 팀 모델 캐스팅 들어가세요"
3,"집에 있는 모든 조명 꺼주라"
3,"바쁘다고 신호를 지키지 않고 운전하면 안돼요"
3,"삐치지마"
3,"이번에 광주에서 국제 모터쇼가 열리는데 같이 가지 않을래"
3,"이번주 주말 시간 비워주세요"
3,"한 시간 후에 알람 추가해"
3,"이화여자대학교에서 온 메일들 학교생활 폴더로 옮겨줘"
3,"무리 하지마"
3,"최면요법 치료를 한번 받아보는 건 어때 "
3,"김치냉장고의 오른쪽 칸의 온도를 일 도 올려줄래"
3,"한달에 한 십만원 정도씩만 해봐"
3,"에어컨끄고 제습틀어주겠니"
3,"버스정류장을 못 찾겠으면 그냥 택시라도 타고 와라"
3,"실내 불 모두 소등해줘"
3,"김대리한테 전화 업무 좀 부탁해 봐"
3,"현관 씨씨티비 보여줘"
3,"빨리 내놔요"
3,"휴식이 필요 합니다 충분한 휴식을 가지세요"
3,"오늘 저녁식사 모임 일정 삭제해"
3,"안방 불 밝기 좀 낮춰줘"
3,"자동차 관련 메일 전부 삭제하고 스팸등록 시킬수 있니"
3,"남자친구랑 처음 만난날 이천십육년 사월 십구일 추가해줘"
3,"티엔에이에서 온 이메일만 빼고 다 지워줘"
3,"가스레인지 꺼줄래"
3,"팔월에 엄마한테서 온 이메일 전부 검색해줘"
3,"주소록 초기화 해줘"
3,"모든 불 밝기 최소로 해줘"
3,"주식도 건전하게 해야지 위법한 방법으로 하면 안 된다"
3,"내일 오전 열한시에 이모랑 쇼핑가기 일정 추가해"
3,"새벽 네시에 에어컨 꺼줘"
3,"지금까지 적어둔 일정 다 지워줘"
3,"오늘 보낸 메일함 다시 확인해 "
3,"작은 방 조명 조금만 더 어둡게 해"
3,"거실에 선풍기 약으로 틀어주겠니"
3,"내게쓴메일함 비워줘"
3,"내일 오전 미팅을 취소해줘"
3,"수영할 때 발에 쥐가 날수도 있으니 조심하세요"
3,"오후 다섯시에 학원가기 일정 추가해줄래"
3,"지날달 온 메일 검색해줘"
3,"모든 메일 삭제해줘"
3,"광고 메일 전부 지워줘 "
3,"서해 대교 쪽 정말 막혀 그 쪽으로 가지 말고 국도 타"
3,"식기세척기 켜줄래"
3,"티비 틀어라"
3,"내일은 약속 잡지마"
3,"삼십분 전에 보낸 메일 발송취소 해라"
3,"에어컨 좀 켜줘"
3,"결제 관련 메일 검색할수 있니"
3,"회사앞 호프집에서 맥주나 한잔 할까 "
3,"다섯시에 씨지브이에서 영화보기 일정을 추가해"
3,"방범용 씨씨티비 보여줄 수 있니"
3,"지금있는 메일 다 지워줄 수 있니"
3,"강의 자료 보내 준다더니 보내 주지도 않고 어떻게 된 거야 "
3,"광고 메일 중요 메일함에 넣어줘"
3,"너 내 손가락 잘 봐 "
3,"가스밸브를 잠궈줄 수 있니"
3,"가스밸브 좀 잠궈줄 수 있겠니"
3,"오늘 수업 한곳부터 예습해오세요"
3,"카페에서 온 메일 전부 삭제해줘"
3,"나가있어"
3,"장소 바꾸지마 금방 갈께"
3,"내게 쓴 메일들 중에서 파일첨부가 된 것만 남기고 삭제해"
3,"교통질서 우리양심 교통문화 우리인격"
3,"제 명의의 계좌의 은행 입출금 거래 내역을 뽑고 싶어요"
3,"아홉시에 집 전체 소등해줘"
3,"모니터 켜져있으면 좀 꺼주겠니"
3,"이번주 일요일에 속초 가기 일정 추가해줘"
3,"욕조에 따뜻한 물 삼분의 이 정도 채워줘"
3,"선풍기 회전으로 돌려줘"
3,"안읽음 표시된 메일 모두 읽음 표시 해줘"
3,"연락해"
3,"방금 온 메일 학교 메일로 공유해줄 수 있어"
3,"화장실 불을 켜줄래"
3,"오늘 다섯 시에 집가는 길에 두부 한 모 사라고 알려줘"
3,"메시지 남겨"
3,"옥상에 불꺼라"
3,"너무 차갑거나 자극적인 음식 지방이 많은 음식을 피하는것이 좋다"
3,"나중에 전화 줘 정말 바뻐"
3,"보낸 메일함에 그저께 거래처에 보낸 메일을 확인해줄 수 있니"
3,"거실에 컴퓨터 꺼줄 수 있어"
3,"거실 실내 온도를 삼 도 높여줘"
3,"삼십분 뒤에 마트에 가라고 알려줘"
3,"오늘 밤에 상도역 사번 출구에서 보자"
3,"방금 읽은 메일 김 대리에게 전달해줄 수 있어"
3,"해외증시의 움직임이 반드시 포함되어야 해"
3,"난 건강 빼면 시체야 걱정 말고 네 몸이나 챙겨"
3,"보낸 메일함 다 지워줘"
3,"방문 다 닫아줘"
3,"밥 먹을 장소는 맘스터치로 입력해줘"
3,"어제 회사에서 온 메일 지워줘"
3,"라면 끓으면 자동으로 꺼줘"
3,"현관문 열어줘"
3,"오늘 오전에 온 메일 확인해줄수있니"
3,"안방으로 가서 이비에스 켜줄래"
3,"메일 보관함에서 발신자 신라호텔인거 찾아줘"
3,"빌려준 돈 다음주까지 꼭 갚아라"
3,"오늘 고생 많으셨어요 푹 쉬세요"
3,"샤워실 보일러 켜줘"
3,"좋은 입지 조건이 있으니까 계약을 위해 이따 뵙죠"
3,"외출 후에는 반드시 손을 씻어"
3,"삐면 한의원에 가서 침을 맞아 봐"
3,"오월엔 꼭 같이 나들이 가자"
3,"지금부터 제 얘기 잘 들으세요"
3,"지금 바로 두꺼비집 내려 줘"
3,"네이버 뮤직 결제 메일 삭제좀 해줘"
3,"내일은 추우니깐 꼭 껴입어"
3,"내일 회의 일정 삭제해"
3,"거실의 공기청정기 좀 틀어줘"
3,"별표 편지함의 별표들 다 해지해줘"
3,"안전 거리 확보 하고 다녀"
3,"빨리 달려와"
3,"오늘루 잊어"
3,"그 프로그램을 따로 짜는 것이 좋을 것 같아"
3,"이번주 수요일 네시에 볼링장 일정 추가해"
3,"오늘 저녁 정기 모임 잊으시면 안돼요"
3,"텔레비전 소리 더 크게 해줄래"
3,"칠월에 다음에서 온 이메일 검색해줘"
3,"음악 좀 꺼줘"
3,"이번 금요일에 동창회 추가할 수 있니"
3,"밤 열두시에 침실 보일러 꺼줘"
3,"받은 편지함으로 이동해줄 수 있니"
3,"저번주 금요일에 온 메일 좀 검색해 주겠니"
3,"눈치 봐서 일하자 불똥 튄다"
3,"편지쓰기 창을 실행시켜줘"
3,"에어컨 파워냉방으로 틀어줄래"
3,"첨부파일 있는 메일 말고 다 삭제해줘"
3,"동아리 엠티 장소는 남해로 입력해줘"
3,"팔일까지 입금마감 스케쥴 추가해줘"
3,"새겨들어"
3,"전기코드 절전모드로 바꿔"
3,"온수 보일러를 켜줘"
3,"욕 먹을짓 하지마"
3,"다음주까지 샘플 좀 볼 수 있을까요"
3,"옷 사줄꺼지"
3,"공부장소는 도서관 자유열람실 어때 좋아"
3,"회사에서 온 메일 수신 거부 해줘"
3,"말씀하세요"
3,"로봇청소기 작동 중단시켜줘"
3,"주가나 금리의 오르내림과 관계없이 운용전략을 꾸준히 유지할 것"
3,"수상스키 같이 배워볼까"
3,"냉장고 냉장실 온도 오도만 낮춰줄 수 있니"
3,"전기장판 취침모드로 바꿔줄 수 있니"
3,"공부 열심히 해"
3,"오늘 못 만나면 안돼 꼭 나와"
3,"네이버 페이에서 결제내역메일좀 검색해줘"
3,"냉장칸 온도 좀 높여 줄래"
3,"오늘 오전 열 시 일정을 한달간 반복해줘"
3,"학교에서 온 메일 전부 삭제해줘"
3,"소이 방 가서 컴퓨터 화면 보여"
3,"거실 테이블 조명 켜줄래"
3,"매년 삼월 십오일 내 생일 입력해줘"
3,"세시간뒤에 보일러 꺼줘"
3,"부엌에 환풍기 좀 꺼주겠니"
3,"어제 메일 검색할 수 있니 "
3,"에어컨 바람 위로가게 해줘"
3,"모두들 좌우를 살피고 손을 들면서 길을 건너세요"
3,"밥솥 일곱 시간 후 취사 예약해줄래"
3,"토스트기에서 식빵을 꺼내줘"
3,"정원의 전구들을 모두 켜 줄래"
3,"오늘 저녁 영화 취소해줘"
3,"오전 일곱시에 알람 맞춰줘"
3,"집에서 뵈어도 괜찮을까요"
3,"청구서 들어있는 이메일은 중요 표시해줘"
3,"오늘 받은 메일 중 긴급 메일 확인해줄수있니"
3,"라이딩이나 같이 뛸까나"
3,"메일에 내 전화번호도 같이 보내줘"
3,"실내 조명 밝기 좀 줄여봐"
3,"보일러 좀 꺼줘"
3,"오늘 저녁에 외식한다고 너 빨리 들어오래"
3,"다음 달 이십일 동창 모임 추가해줄 수 있니"
3,"방금 본 이메일 수신확인 뜨지 않도록 설정할 수 있니"
3,"보일러 외출 모드로 설정해"
3,"세 시간 후에 에어컨 전원 꺼줄 수 있니"
3,"욕실 청소 좀 해줘"
3,"안방 문 닫아줄 수 있니 "
3,"내일 여덟시 방탄소년단 티켓팅 일정 추가해줘"
3,"샤워 하고 바로 나갈 테니 기다려"
3,"모르는 부분들은 김주임님께 여쭈어 보세요"
3,"베란다에 켜져있는 조명 좀 꺼주라"
3,"이따가 다시 얘기하자 전화할게"
3,"광고 메일 모두 지워줘"
3,"간접투자는 대개 뭉칫돈으로 이루어져 위험해"
3,"노트 좀 빌려주라 뒷부분을 못 적었어"
3,"안방으로 가서 텔레비전 켜"
3,"분류 메일함에서 청구서함으로 이동해줘"
3,"나중에 통화해"
3,"수요일 저녁 일곱시에 약속 추가해줘"
3,"조명 꺼줘"
3,"보일러 외출로 바꿔줘"
3,"공은 무조건 나 주기다 나 백미터 심삽촌거 알지 뭘 봐"
3,"메일 주소 찾아줘"
3,"눈 피하지 말고 또박또박솔직히 말해 봐요"
3,"내일 가족 예배 있으니까 일찍 들어와"
3,"성수역에서 이호선 지선으로 바꿔 타시면 됩니다"
3,"교수님께 온 메일 모두 체크해줘"
3,"농구경기 보러 갈래 옛 생각 나고 좋잖아"
3,"내일 저녁에 있는 수업 휴강으로 바꿔줄 수 있니"
3,"컴퓨터 고쳐주기로 해놓고 왜 연락이 없어"
3,"내일은 한 분도 빠짐없이 참석해 주십시오"
3,"회의라는 단어가 들어간 메일을 모두 중요 메일함으로 옮길수 있을까"
3,"자신의 성격과 주어진 환경에 맞춰 투자 스타일을 잡아야지"
3,"최대 볼륨으로 설정해줘"
3,"스타벅스에서 보낸 광고 메일을 삭제해줘"
3,"필터링 되어 있는 메일을 전부 비워주겠니"
3,"보일러 오전 다섯시에 꺼줘"
3,"다다음달 첫째 주 목요일 오후 일곱시에 약속 등록해"
3,"야채를 많이 드세요 "
3,"다음달 둘째주 출장 일정 추가해줘"
3,"잘 다녀오고 갔다 와서 꼭 연락해야 해"
3,"이번 달 구일에 있는 회의일정 매주 반복으로 설정주겠니"
3,"이번주 토요일 풋살경기 일정 추가해"
3,"가족들한테 이번달 스케쥴 다 보내줄 수 있니"
3,"강당에서 예금상품관련 특강 있으니까 들어"
3,"오늘 오전 열시에 회의 일정 추가해줘"
3,"내일 아쿠아리움 데이트 일정 여섯 시 추가해라"
3,"집 전체 소등 좀 해주겠니"
3,"에어컨 꺼줘"
3,"주고받은 메일들 최종 것만 남기고 다 지워줄래"
3,"거실 환기 해줄 수 있니"
3,"유월 팔일에 과제 제출 일정 추가해 줄 수 있니"
3,"전기스탠드의 빛을 최대로 밝혀줘"
3,"아이들의 관점도 존중해줄 필요가 있어"
3,"빨리 뛰어와"
3,"여름옷이 없어 같이 쇼핑가자"
3,"거실 불 꺼줘"
3,"다음주 화요일에 어머니 생신 일정 추가해"
3,"여행가기 전에 은행에 가서 환전 해 둬"
3,"삼일 전에 온 메일 좀 검색해줄 수 있니"
3,"이틀 전에 아빠한테 온 메일 확인해줘"
3,"우리 아빠는 예의에 어긋난 사람을 싫어하니까 미리 알아둬"
3,"열쇠는 신발장에 넣어둬"
3,"김윤희씨 현대정신병원에서 입원부탁합니다"
3,"내일 약속을 다음주 주말로 미뤄줘"
3,"팔월 이십일은 다른 일정 잡지마"
3,"거실 티비 좀 켜줘"
3,"중요표시한 메일들의 중요표시를 풀어라"
3,"텔레비전 켜줘"
3,"화장실 불 꺼줘"
3,"수신확인 안된 이메일을 모두 스팸메일로 옮겨라"
3,"조명 전부 다 켜줘"
3,"보일러 틀어줄 수 있어"
3,"스팸 메일함에 있는 메일을 받은 편지함으로 옮겨줘"
3,"다음주 수요일 면접 일정 추가해"
3,"오늘 저녁에 장보기 일정 추가해"
3,"그리고 오늘 온 메세지를 모두 읽을 수 있니"
3,"오해 하지마"
3,"그럼 거기서 봐"
3,"전기 다리미의 열 기능을 작동시켜줘"
3,"십월달 동생과 이탈리아 여행 일정 추가해줘"
3,"거실 조명 좀 켜줘"
3,"텔레비전 음악 프로그램 틀어 줄수 있니"
3,"이런 진짜 유학가기 전에 한번 만나야 되는데"
3,"그러면 병원에 꼭 가봐라 걱정 된다"
3,"조명 다 켜줄 수 있어"
3,"안방에 선풍기 꺼줘"
3,"김선희에게서 온 이메일을 모두 중요 편지함으로 옮겨줘"
3,"아르바이트 관련 이메일 좀 열어줘"
3,"신제품 발표회를 다음 기회로 미룹시다"
3,"침실에 에어컨 좀 켜줘"
3,"칠 월부터 다음 해 일 월까지 인턴십 추가해줘"
3,"대구 공항으로 월요일 아침 여덟 시까지 나오세요"
3,"세탁기 전원을 키고 시작 버튼을 눌러줄래"
3,"메일 보내면 수신자에게 메시지 자동으로 전송해줘"
3,"내일 오전 열시에 헬스장 가기 일정 추가해"
3,"아빠가 외식한다고 일찍 들어오래"
3,"지금 세탁기를 잠시 멈춰주겠니"
3,"티비 한 시간 뒤 취침모드로"
3,"일주일 전에 온 메일 찾아 줘"
3,"햇빛이 강하니까 모자를 가져 가세요"
3,"억지로 공부할 필요 없이해야 하는 이유가 분명하면 해"
3,"모든 예금을 주식형 펀드로 하는 건 위험해"
3,"집에 몇 사람이나 있는지 알려주련"
3,"방금 보낸 메일 중요 메일에 넣어줘"
3,"집 전화를 못 받을시 내 스마트폰으로 연결해줘"
3,"휴지통을 비워줘"
3,"거실에 스텐드 좀 켜줘"
3,"토요일에 학예회가 개최될 예정이오니 많은 참석 바랍니다"
3,"소파의 마사지 기능을 작동시켜줘"
3,"현재 뉴욕과 시드니의 온도를 비교해줄래"
3,"냉동실 온도 이도 내려줘"
3,"중요도 순으로 메일 정리해줘"
3,"이번주 메일에 다 사진 첨부해줄 수 있니"
3,"아들 방에 있는 가습기 틀어줘"
3,"광고 메일 지워줘"
3,"중간쯤에서 만나는 게 가장 빠르겠다"
3,"내일 회의 삼십 분 전에 알람 추가해줘"
3,"전자 시계 오전 여섯시 알람 맞춰줘"
3,"메일로 내일 저녁까지 과제 제출해 줘"
3,"단어장을 만들어서 쉬는 시간을 이용해봐"
3,"스팸메세지함 비워줘"
3,"아무도 없는 방 전기는 다 내려주겠니"
3,"월요일 오후 열시에 클럽가기 일정 삭제해줘"
3,"지난주 보낸편지함 확인해주겠니"
3,"가 데려다 줄게 차 안가져 왔다며"
3,"제일 최근에 온 메일 읽어줄래"
3,"부엌 조명 켜줄래"
3,"세 시간 후부터 세탁기 가동시켜줘"
3,"가스레인지에 사골 다섯시간 있다가 꺼 줘"
3,"뜨거운 햇볕이 내리 쬐는 날 일사병 조심하세요"
3,"선풍기좀 꺼줄래"
3,"침실에 불 꺼"
3,"다음주에 기말고사니깐 스케줄에 메모해줘"
3,"오후 다섯시에 예약메일 보내 줄래"
3,"지출 내역을 잘 기재 해둬"
3,"오늘 갈 대구 기상지청 일정을 취소해줘"
3,"주말에 시간 있으면 야외로 나갈까"
3,"내일 오전 여섯시에 미용실 일정 추가해줘"
3,"삼십분 전에 보낸 메일 발송취소 해 줄 수 있니"
3,"이십오도 되면 에어컨 꺼줘"
3,"앙코르를 외치면 다시 무대 위로 올라가십시오"
3,"소이 방 알람 울려"
3,"이메일 본문 십이포인트로 작성해"
3,"화장실 환풍기 좀 꺼줘"
3,"성격도 비슷한데 앞으로 친하게 지내자"
3,"스팸처리된 메일 확인해줘"
3,"메일내용중에 동창회라는 단어가 있는 메일 찾아줄 수 있니"
3,"학교 걱정 마시고 얼른 가보세요"
3,"저작권 메일 확인해"
3,"안 읽은 메일 다 삭제해줘"
3,"사소하지만 중요한 여러분 만의 환경 사랑 실천 방법을 함께 공유해 봅시다"
3,"한 시간 후에 전화해야 한다고 알려줘"
3,"배란다 불을 좀 밝게 켜줘"
3,"뮤지컬 동화 좀 틀어줘"
3,"아침에 동네 한바퀴 돌자"
3,"제일 최근에 온 메일 회사로 전달해줄 수 있겠니"
3,"냉동실 온도는 영하 이도로 낮춰줘"
3,"만날 장소는 롯데백화점으로 입력헤줘"
3,"널 음향 설정을 영화로 변경해줄래"
3,"스탠드 밝기 좀 높여줘"
3,"이번주 금요일 오후 여덟시에 저녁약속 추가해줘"
3,"임시 보관 메일을 내일 오전 열시에 발송 가능해"
3,"탄천 타라서 자전거 타고 가면 더 빨리 갈 수 있어"
3,"화장실에 환풍기 좀 꺼줘"
3,"복합식 가습기의 전원을 가동시켜서 적정실내습도를 만들어줄래"
3,"이천십팔년 구월 삼일에 이학기 개강 일정 추가해줘"
3,"삼 주 동안 시험이 없어서 주말엔 좀 놀까 하고 있어 연락 줘"
3,"지난 일주일동안 온 메일의 성향 분석해줘"
3,"빨리 와야돼"
3,"식기건조기 자외선 살균 시작"
3,"아이보 현관으로 이동해"
3,"인터폰을 경비실로 연결해줘"
3,"지금 읽은 이메일을 김선희에게 보내줘"
3,"벼락치기 하지 말고 평소에 공부 좀 해둬"
3,"부엌 환풍기를 켜라"
3,"음성메시지 읽어줘"
3,"과제 제출 시간은 오후 다섯시로 해줘"
3,"현관등 조명 꺼줘"
3,"우리 답 맞춰보기로 하자"
3,"어제 임시저장한 메일 지금 보내줘"
3,"학교에 짐 정리 하러 가자"
3,"조립은 앞쪽에 있는 사진을 보고 하시면 됩니다"
3,"삶은 달걀 싸서 기차 소풍 가자"
3,"오늘 시간별 날씨 예보를 해줘"
3,"창문 열어주세요"
3,"베란다 불이 안 꺼져있으면 꺼줘"
3,"길동이 데리고 와"
3,"조명 좀 어둡게 해줘"
3,"베란다 불 켜줘"
3,"쿠챈으로 현미밥 취사해줘"
3,"성사가 되면 한턱 쏴"
3,"좌석을 예약하고 싶어요"
3,"지난 학기에 봤던 책 빌려 줄 수 있어 "
3,"다음 달에 있는 일정 전체 읽어줘"
3,"테이블에서 계산하세요"
3,"그냥 쓰고 돈 생기면 그때 해"
3,"이번 주 금요일 여섯 시에 소개팅 일정 추가해줘"
3,"너 내 눈앞에 한번만 더 띄게 하면 내 작품에 들어온 레드 앤 블루 애들 싹 다 뺀다고"
3,"내일 첫출근 일정 추가해줘"
3,"도서관가기 일정을 내일로 잡아줄래"
3,"소프트웨어 개발에 차질이 생겨서 급히 연락 바랍니다"
3,"회사에서 온 메일 다 중요 표시 해"
3,"캐나다정부에서 온 이메일을 모두 중요편지함으로 옮겨봐"
3,"내일 저녁에 있는 수업 휴강으로 바꿔줘"
3,"우리 여행 계 만들어 돈 모아서 해외여행 가자"
3,"티비 열시에 드라마 예약해줘"
3,"연휴 기간 조심해서 운전해"
3,"무한도전 레전드 틀어줘"
3,"스팸 메일함 비워줘"
3,"먹고 싶으면 연락해 사줄께"
3,"내 주소록에서 그룹 설정으로 가줘"
3,"회비는 선배는 무조건 배추 잎이에요"
3,"오늘 점심 약속을 취소해줘"
3,"운전자들은 정지선을 무시하시면 안돼요"
3,"오늘 온 메일 차단해줘"
3,"화장실 비데 켜 놔주겠니"
3,"지금 나 체육관에 가는 길인데 같이 가지 않을래"
3,"스탠드 좀 꺼줘"
3,"스팸 이메일함을 모두 비워줄래"
3,"가장 최근 순서대로 이메일 보여라"
3,"거기 애들 좀 더 깔아봐요 넘 적다"
3,"웰빙에 맞춰서 아침에 간단한 야채쥬스를 마셔보렴 "
3,"십일월 구일 다섯시까지 동대문 운동장에서 만나"
3,"토요일 아침에 병원 예약 메모해줘"
3,"티비 음소거 시켜줄래"
3,"티비 내일 아침 일곱시에 알람 설정해줄래"
3,"오늘 약속 다 취소해줘"
3,"모르는 발신인 스팸처리해 줄 수 있니 "
3,"조만간 또 연락하자"
3,"안방 불 좀 켜줘"
3,"성사가 되면 한턱 쏴"
3,"형 아님 엄마한테 전화해야 되는데 엄마 불쌍하잖아 그러니까 형이"
3,"날이 이렇게 좋은데 주말에 야외 나가요"
3,"삭제한 메일 복구해"
3,"어제 저녁 일곱시 이후에 온 메일 좀 확인해줘"
3,"그 쇼핑몰 업데이트 됐어 들어가서 봐"
3,"이메일 연락처 모두 삭제해줘"
3,"기대수익률과 요구수익률이 높은지 잘 따져봐"
3,"자동차 견적서 열어줘"
3,"메일을 전체 확인 으로 바꿔줄 수 있니"
3,"여기 난리 났어 연예인 왔거든 너도 보고 싶으면 빨리 와"
3,"거실에 있는 씨씨티비를 켜줘"
3,"옷방 콘센트 전원을 모두 꺼줘"
3,"지금 보낸 메일을 전송 취소해줘"
3,"스탠드 좀 꺼줘"
3,"작은 방에 창문 좀 잠궈줘"
3,"이번주 주말 일정 다 삭제해"
3,"흡연은 야외 광장을 이용하여 주시기 바랍니다"
3,"내일 저녁 모임 장소를 삭제해줄 수 있니"
3,"방금 전 채널로 바꿔라"
3,"빔프로젝터 좀 켜줘"
3,"내일 춥데 옷 많이 껴입고 나가"
3,"에스피에스 고교동창 골프대회 다음주부터 꼭봐"
3,"너 왜 나한테 미안하다고 안그래"
3,"출입고계획서를 제출하여 주시기 바랍니다"
3,"오늘 보낸 메일을 모두 발송취소 해줘"
3,"개기겠다 너 오늘부터 내 차 운전해"
3,"에어컨 바람 더 세게 해줘"
3,"읽지 않은 메일을 모두 읽음으로 변경 가능할까"
3,"부엌에 환풍기 좀 틀어주겠니"
3,"한명도 빠짐없이 수업에 참여 하라셔"
3,"내일 치킨 먹으니깐 내일 노랑통닭에서 치킨먹기 일정 추가해줘"
3,"자료 준비가 철저하게 이뤄져야지"
3,"별의 별 게 다 아으 니가 마무리 져 "
3,"서양미술의 이해 청강 같이 할래"
3,"너는 정보력이 없고 유행을 모르기 때문에 절대 사업을 해서는 안돼"
3,"내일 미팅 관련한 메일 검색해줘"
3,"야전 침대 부탁해"
3,"보낸 메일함 열어줘"
3,"내일 정말 춥대 목도리 매고 가"
3,"삼일 전에 온 메일 좀 검색해"
3,"퍼가실 때 댓글 남겨 주시고 출저 밝히세요"
3,"내일 모래 장보기 일정 추가해줘"
3,"짐이 많으니까 그 앞에 나와있어"
3,"다음주 화요일에 이 메일 삭제 해줄 수 있니"
3,"주소록 비워줘"
3,"자가진단 실시해"
3,"목요일 반지 찾으러 가는 일정 추가해"
3,"게임하게 컴퓨터 전원좀 켜줘"
3,"지난 일정 전부 지워줄래 "
3,"이메일 계정 관리로 가줘"
3,"베란다 조명 어둡게 해줘"
3,"켜져 있는곳 있으면 꺼줘"
3,"건너방 불 꺼줘"
3,"중요한 메일 빼고 전부 지워줘"
3,"교수 평가 메일을 확인해줄 수 있니"
3,"아이로비야 안방에서 나와라"
3,"오늘 저녁에 있던 친구 약속 지워줘"
3,"오늘 롯데 팀 전적과 관련된 소식 보자"
3,"최근 보낸 메일 백개 말고 다 지워줘"
3,"전기 스토브 꺼줄수 있니"
3,"내일 아침에 있는 수업 두시간 미뤄줘"
3,"세계의 움직임 한국의 정서를 파악해야 돼"
3,"두시에 교수님에게 다시 보내겠습니다라고 메일 보내줘"
3,"광고 메일 빼고 모두 삭제 해줘"
3,"이메일 아이피주소중 일사이로 시작하는거 있으면 삭제해줘"
3,"지난 주 스팸함을 확인해줘"
3,"에어컨 온도 이십오도로 맞춰줘"
3,"좌회전하고 다시 우회전"
3,"덥다 싶으면 가을을 위해 미리 장만하는것도 좋으실듯 합니다"
3,"마음에 드는 새로운 핸드폰으로 갈아타자구요"
3,"이메일이 도착하면 알려줄래"
3,"그럼 사귀어"
3,"매일 낮 열두 시에 강아지 밥 좀 채워 줘"
3,"모든 모니터를 보여라"
3,"겨울이니까 춥다고 집에만 있지 마라"
3,"그리고 톱니바퀴 모양의 설정버튼을 클릭해줘"
3,"주식투자에서 욕심을 부리지 마라"
3,"티비 에스비에스로 바꿔다오"
3,"차트 모양에 너무 신경 쓰지 마 너 그러다가 병 걸리겠어"
3,"조금만 기다려라"
3,"스팸 편지함에 있는 메일을 받은 편지함으로 옮겨줄래"
3,"조심해서 운전해야 해"
3,"오늘 저녁 사우나 일정 추가해"
3,"이번주 금요일에 놀이공원일정 추가해"
3,"내일 정오에 교수님이랑 점심약속 추가해"
3,"아침 저녁으로 꼭 약 먹어"
3,"이번주 토요일 열한시시에 미술레슨 가기 일정 추가해"
3,"안방 불좀 켜줘"
3,"내 동료들에게 다 메일 보내줘"
3,"커튼 좀 쳐줄수 있니"
3,"새로운 뉴에이지곡 찾아줘"
3,"아기 방에 창문 열어줘 "
3,"에어컨 희망온도 이십삼도로 해주겠니"
3,"어제 오전에 온 메일좀 검색해"
3,"매주 목요일 학생회 회의 추가해줘"
3,"턴테이블 정지해주련"
3,"과일 섭취를 많이 하세요"
3,"회사에서 메일을 보냈어 한번 확인해봐"
3,"그러니까 잡아야지 "
3,"안마기 강도 높여줘"
3,"작업실 열쇠 갖고 간사람 연락 부탁드립니다"
3,"아무런 부담 없이 하루에 한 통씩 메일 보내라고 하셨어요"
3,"철도청 홈페이지로 가서 예약하면 돼"
3,"김치가 최고로 잘 익으면 알려줘"
3,"요즘 임용 준비로 많이 바쁘다면서 가끔은 쉬어가면서 해"
3,"담요 내놓으라고"
3,"이천십오년 이전까지 온 메일 다 지워줘"
3,"부담 갖지 마시고 한번 구경 와"
3,"찬 바람 분다고 너무 외로워하지 말고 우리 꿋꿋하게 살자 "
3,"성경과 숲을 큐티하는 시간 참석 바랍니다"
3,"네가 먼저 가서 영화 예매해놔"
3,"컴퓨터 스피커 소리 높혀줘"
3,"내일 오전에 회의 추가해줄 수 있니"
3,"내가 지금까지 정리해 놓은 쇼핑 일정을 모두 삭제해줘"
3,"월드컵 방송하는 채널로 돌려줘"
3,"다음주 화요일 수학여행이라고 저장해줘"
3,"교수님한테 온 메일 모두 지워줄 수 있니"
3,"이곳에서는 사진 촬영을 금합니다"
3,"나중에 전화 줘 정말 바뻐"
3,"화장실 팬 켜줘"
3,"해외 진출을 위한 아이디어를 내 주십시오"
3,"집안 온도 기능을 자동으로 해줘"
3,"한시간 후에 보일러 꺼줄 수 있니"
3,"메일 계정 다른걸로 바꿔줘"
3,"이 메일 계정을 확인해줘"
3,"삼주 후에 일주일 날씨 체크해 줄 수 있니"
3,"그룹과제는 제출기한에 맞추어 제출해"
3,"텔레비전 밝기 내려 줄수 있니"
3,"거실에 불 좀 꺼줘"
3,"부담 갖지 마시고 한번 구경 와"
3,"주문하세요"
3,"휴가 중 자동답장 기능 켜줄래"
3,"매일메일 거래등급 종목들을 관심종목에 넣어둬"
3,"차례차례 입장하여 주시길 바랍니다"
3,"회사 메일로 회신할수 있니"
3,"김치 냉장고를 숙성으로 해다오"
3,"다음주 월요일에 이마트 가기 일정 추가해줘"
3,"안읽음에 있는 모든 편지들을 완전 삭제 시켜줄 수 있니"
3,"저번주 일정을 이번주로 옮겨와줘"
3,"휴지통에 교수님 이메일 있으면 다 복구해줘"
3,"내일 미팅 그 다음날로 옮겨줘"
3,"토스트의 빵을 꺼내줘"
3,"커텐을 쳐줄 수 있니"
3,"현관 불 켜줘"
3,"카드사에서 받은 메일들 삭제해줘"
3,"건드리지마"
3,"단풍놀이 길에는 날씨정보를 꼭 확인해 보는 게 좋을 것 같아"
3,"조조 보지 말고 그냥 오후에 영화 보자"
3,"화장실 환풍기 십 분 후에 꺼줄 수 있니"
3,"현관 문 완전 잠금 설정해주겠니"
3,"다음달 한달간 저녁 일곱시 운동 일정 추가해"
3,"지금까지 온 이메일 중 아이허브에서 온 것을 따로 분류할 수 있니"
3,"따블 줘도 안가요 이 밤엔 내려요"
3,"실내온도를 육도로 유지시켜줘"
3,"스피커 중저음 강화해"
3,"그래 혼자 다녀올테니 넌 쉬고 있어라"
3,"에어컨 제습모드로 삼십분만 틀어줄래"
3,"오후 여섯시가 지나면 거실에 불 켜줘"
3,"랩 미팅 몇 시부터인지 찾아"
3,"난희가 오늘 귀국했다니 다 같이 모이자"
3,"히터 온도 삼십도로 맞춰주겠니"
3,"보일러 온도를 높일수 있니"
3,"토요일 학교 정문으로 모이세요"
3,"음악소리좀 크게해줘"
3,"다음 달 중순 십오일에 친구 결혼식 일정을 추가해줘"
3,"온수 틀어줘"
3,"너 지금 빨리 뉴스 틀어 봐 장세 분위기 장난 아니야"
3,"방금 보낸 메일 다시 보내줘"
3,"부엌 환기 시켜줘 "
3,"그러니까 너도 적당히 해"
3,"내일 아침 아홉시에 교수님 면담 추가해줄래"
3,"스팸 메일 차단해"
3,"그 컴퓨터 프로그램 가지고 지금 앞으로 나와"
3,"오늘 인터파크에서 온 메일을 삭제해줘"
3,"인사부터 먼저 건넨 뒤에 식사를 하도록 하지"
3,"일요일 오후 한시반 백화점가기 일정 추가해"
3,"에어컨 삼십 분 뒤에 꺼줄래"
3,"오전 여섯시에 안방 불 켜줄수있니"
3,"컴퓨터 본체 전원을 켜줄 수 있니"
3,"어머니 방 화면좀 띄워줘"
3,"내일 워크샵 회비 준비 해 주세요"
3,"사무실로 전화주시기 바랍니다"
3,"베란다 불 켜줘"
3,"영화표가 당첨되었는데 같이 보러 갈 수 있어 "
3,"어제 회사에서 온 메일 읽음처리 해주겠니"
3,"이번주 토요일은 쉬게 일정표에 있는 일정 모두 지워줘"
3,"만날 장소는 투썸플레이스로 입력해줘"
3,"공부 하러 가자"
3,"회사에서 온 메일을 제외하고 모두 삭제해 줄 수 있니"
3,"우리나라의 예술적 가치와 우수성을 세계에 널리 알립시다"
3,"내일 저녁 일정을 취소해줘"
3,"베란다 불 꺼줄수있니"
3,"무더위가 기승을 부릴 때는 되도록 외출을 삼가해"
3,"빠지지마"
3,"유아나 소아의 손이 닿지 않는 곳에 보관하십시오"
3,"티비 켜서 뉴스 틀어줘"
3,"시월에 온 메일 보관함에 넣어줘"
3,"지금 온 메일 삭제해줘"
3,"오후 네시에 로봇청소기 작동시켜줄수있니"
3,"받은편지함에서 갭에서 온 이메일을 스펨메일로 보내줘"
3,"외부 음식물 반입은 금지입니다"
3,"항상 그렇게 연락도 없는데 누가 네 안부를 묻겠니 "
3,"부장님께 메일 발송해줘"
3,"절대로 포기하면 안돼 파이팅"
3,"노란 등을 켜줘"
3,"철수가 보낸 메일 다 읽음으로 해줄 수 있니"
3,"냉장고 전원 꺼줘"
3,"할아버지 돌아가셨으니 빨리 조퇴하고 와라"
3,"언니 그럼 삼십 분 이따 봐요"
3,"메일함에 거래처 그룹을 추가해"
3,"내일 오후 다섯시에 헬스장가기 추가해"
3,"거실에 에어컨 꺼줄수있니"
3,"지금 현관 조명만 켜줄 수 있니"
3,"우리 만나서 같이 쇼핑하러 갈까"
3,"보일려 켜줄 수 있니"
3,"주소록 등록해줘"
3,"이번달 중순 지나야 한가해질 것 같아 그 때 보자"
3,"내일 야간근무 일정 추가해줘"
3,"저녁 같이 합시다"
3,"이 주소 스팸 메일로 설정해줄 수 있니"
3,"매달 말일은 휴대폰 요금내기 일정 추가해줘"
3,"꼭 연락처 받아둬"
3,"거실 시원하게 해줘"
3,"문 좀 열어줘"
3,"돌아오는 주말까지 모두 완료하여 보내주시기 바랍니다"
3,"아홉시로 꺼짐 예약을 해"
3,"일요일 오전 열시에 조카 돌잔치 입력해줘"
3,"우리 잘 하자"
3,"거실 블라인드 쳐줘"
3,"자 칼집을다 냈으면 쭉 쭉 당겨 주세요"
3,"시험공부도 좋지만 몸 생각해서 일찍 자둬"
3,"내가 참조로 들어간 메일 모두 찾아줘"
3,"받은 편지함에서 학술 키워드로 검색해 줘"
3,"최신곡 노래 틀어줘"
3,"오늘 여섯시 친구랑 식사일정 추가해줘"
3,"큰 용량의 메일 모두 찾아주겠니"
3,"공식만 외워도 반이야 외워외워"
3,"거실 불 가장 환하게 하고 신나는 노래 틀어줄 수 있니"
3,"다다음주 수요일 여자친구 생일이라고 적어줘"
3,"조명 조금 어둡게 해주라"
3,"에어컨 한시간으로 예약 걸어줘"
3,"아침 여덟시에 티비 켜줘"
3,"다음주 수요일에 애버랜드 가기 일정 추가해줘"
3,"내가 보낸 메일 모두 읽음처리 해줘"
3,"수신함에 세금 제목으로 온 이메일을 삭제해 주겠니"
3,"다음주 금요일 오전 열한시에 회의 일정 추가해"
3,"내일 오전에 있는 모든 일정을 취소해줘"
3,"그때 갔던 역삼동에 놀부부대찌게 왠지 다시가고싶지 않니"
3,"방 어지럽히지 마"
3,"티비 음소거 시켜라"
3,"에어컨 이십도로 틀어줘 "
3,"난방 좀 꺼주겠니"
3,"노래하다 하품하다 헌팅 갔다 밤 늦게 왔다며 잠이나 더 자지 "
3,"햇빛이 강하니까 쉬면서해"
3,"임시 보관함에 있는 메일 다 보여줘"
3,"현관불 마지막으로 주영이 들어오면 꺼줘"
3,"눈 치우러 오실 분은 빨리 오세요"
3,"다다음주 영화 약속 씨지브이에서 롯데시네마로 바꿔줘"
3,"호텔예약 메일 확인해"
3,"다음달 출장 일정 취소해줄래"
3,"거실 조명을 완전히 밝게 해 줘"
3,"삭제된 일정을 검색해"
3,"보일러 좀 켜줄래"
3,"회사에서 온 지운 메일 복구 해 줄 수 있니"
3,"컴퓨터 전원 꺼줄 수 있니"
3,"화장실 불 꺼줘"
3,"여행사에 내 사진 보내"
3,"선풍기 한시간 예약설정 해줘"
3,"가장 최근에 온 포워드된 메일 읽어줘"
3,"거실 중앙 조명 이단계로 바꿔줘"
3,"가스레인지 벨브를 잠궈줘"
3,"내일 내차 쉬는 날이거든 그러니 카풀 좀 부탁하자"
3,"거실 보일러만 이십육도로 맞춰줘"
3,"일정에 오후 세시에 약 먹기 추가해줄래"
3,"학교 관련 메일 찾을 수 있니"
3,"오늘 오후에 올라가는 기차 취소해"
3,"전염병을 조기 발견 치료하여 시민건강 증진을 도모합시다"
3,"냉장고 온도 일도 올려줄래"
3,"거기서 춘천 방면으로 빠져야 돼요"
3,"새로운 기기에서 로그인 되었습니다 라는 문장이 있는 메일 삭제해"
3,"부엌에 전기를 차단시켜줘"
3,"보일러 세시간 후에 꺼줘"
3,"오늘 완료한 일정 내용에 오늘 찍은 사진들 추가 좀 해주겠니"
3,"아이방에 불 꺼 줄래"
3,"지운 편지함을 모두 확인해줘"
3,"내일 오후 네시에 친구와 연극 보기 일정 추가해"
3,"목요일에 친구 생일로 입력해줘"
3,"단기 과열만 보고 투자하지 마 묻지 마 투자는 금물이야"
3,"세 사람 북킹해"
3,"옷 사줄꺼지"
3,"난방 꺼줘"
3,"오늘 회의 삼십 분 전에 알람 울리게 해 줘"
3,"어제 보냈던 메일 오늘 오후 다섯시에 예약 메일 설정해줄 수 있니"
3,"행사 끝나고 뒤풀이 있는 거 아시죠 회비 없으니까 꼭 오세요"
3,"세 시간 뒤에 거실에 스피커 꺼줘"
3,"아빠한테 답장"
3,"우리 동네에 스쿼시장이 새로 생겼어 언제 한번 같이 가자"
3,"전자레인지 삼분 삼십초 돌려줘"
3,"할머님이 위독하시다 빨리 와"
3,"이번 달 월세와 공과금을 계산해서 알려줘"
3,"페이스북에서 온 메일들 중에 보통 알림메일은 스팸으로 설정해줘"
3,"팔일에 있는 일정 전부 삭제해주겠니"
3,"이번주 금요일 거래처 방문을 취소해줄 수 있니"
3,"세탁기 끝나면 티브이 틀어줘"
3,"보낸메일함 전부 비워줘"
3,"환상의 섬 외도로 떠나자고"
3,"독서도 좋지만 건강을 위해서 스포츠를 즐겨보자고 "
3,"쓸데없는 공식을 외우지 마라"
3,"빨래 건조 좀 해줄래"
3,"메일 보낼 때 서명 추가해 줘 "
3,"현관에 감시 카메라 작동시켜라"
3,"다음주 월요일 언니 연주회 일정 추가해줘"
3,"조명을 어둡게"
3,"자기개발에 충실한 사원이 됩시다"
3,"내일 오후 여섯시 소개팅 취소해"
3,"월요일 저녁 여섯시에 서류 마감 입력해줘"
3,"비가 많이 와서 신발 관리에 유의하세요"
3,"먹을 때 튀지 않게 조심히 먹어"
3,"이번주 수요일 통신사 가는 일정 추가해"
3,"이번 주 아침 알람 전부 꺼줘 "
3,"총무과에 묻지 말고 관리과에 물어보세요"
3,"안 읽은 메일 모두 휴지통으로 보내줘"
3,"전등 다 꺼줄래"
3,"추우니까 난방 켜줘"
3,"매주 월요일 다섯시부터 일곱시까지 생물 실험 일졍 추가해줘"
3,"받은 편지함으로 이동해줘"
3,"어제 도착한 메일은 모두 지워주라"
3,"한국사 시험 장소는 역삼중학교로 입력해 줄 수 있니"
3,"에약 전송 메일 체크해줘"
3,"다음주 금요일 식사 일정 장소는 빕스로 입력해줘"
3,"지난 해에 온 메일 모두 지워줄 수 있니"
3,"쭉 오다가 성산대교에서 진입하면 돼"
3,"내일 오후 두시에 회의참석 일정에 추가해줘"
3,"오늘 먼지 주의경보가 있어서 밖에 나가는 거 삼가 하세요"
3,"여윳돈이 생겼다면 장기적으로 보고 조금씩 투자해봐"
3,"먹고 싶으면 연락해 사줄께"
3,"카드 만기 날짜 십이월 이십일에 메모해줄래"
3,"기름이 부족하네 주유소 좀 들리자"
3,"집에 가있어"
3,"보일러 십분뒤에 꺼줄수 있니"
3,"안방문을 열어라"
3,"미술관에서는 사진 촬영을 금합니다"
3,"안방에 불좀 꺼줄수 있니"
3,"단체메일 내용 좀 보내줄래"
3,"통계자료에 따라 계획하라고"
3,"어제 회사에서 온 메일 확인해라"
3,"방금 온 메일 확인해줄래"
3,"방금 온 메일 읽어줄 수 있니"
3,"부엌 뒤 베란다 셔터 내려라"
3,"전기그릴팬의 전원을 켜서 소세지를 구워줘"
3,"오늘 일정에 은행가기 추가해줄래"
3,"스팸메일함 비워줘"
3,"보낸 편지함에 메일을 전부 삭제해줘"
3,"안 읽은 메일들 모두 휴지통으로 보내 주겠니"
3,"받은편지함에 있는 모든 메일을 읽음으로 표시해"
3,"스피커 볼륨 오로 낮춰줘"
3,"다음 달 두번째 목요일 일정 다 취소해줄 수 있니"
3,"스피커 잠깐만 꺼줄래"
3,"세탁 다 되면 알림해줘"
3,"사업터전 뿌리 내리십시오"
3,"에어컨 바람세기좀 약하게 해줄 수 있니"
3,"보낸 메일함에 어제 사장님한테 보낸 메일 삭제해줄래"
3,"궉채이 관련 기사 모아주렴"
3,"휴일에 온 메일 모두 보여줘"
3,"도움되셨다면 손가락 누르고 상단의 키친 업 꾸욱 눌러 주세요"
3,"휴면기의 주식은 손대지 마라"
3,"관절이 안 좋으면 정형외과를 가야지"
3,"안방 보여라"
3,"콜벤 한 대 불러서 이사하는게 더 편하고 싸"
3,"현관 조명을 어둡게 해줘"
3,"임시 보관함 비워줘"
3,"이제 그만 헤어져"
3,"스피커 볼륨 낮쳐줘"
3,"이메일 제목 빨간색으로 변경해서 답장해줘"
3,"아까 보낸 메일 수신 확인 좀 해줄 수 있어"
3,"흥분하지 마세요 혈압 올라가면 위험해요"
3,"어젯밤에 회사로부터 수신한 메일 첩부파일 다시 저장해줘"
3,"다음 주까지 오십 퍼센트 완료합시다"
3,"내일 일정 삭제해줄 수 있니"
3,"넥슨 회사에서 온 메일 중요 메일함에 넣어줘"
3,"오후 열한시 도면 집 안의 모든 불 꺼줘"
3,"거실 오디오 재생해줘"
3,"침입자가 있으면 경보음 울려줄 수 있니"
3,"자동답장 기능 꺼줘"
3,"거실 조명 밝기 낮게 해"
3,"한시에 있는 약속 지워줄 수 있니"
3,"보일러 외출모드로 해줘"
3,"거실에 에어컨 좀 껴줘"
3,"그래도 유명한 교수님이니깐 수업 열심히 들어"
3,"베란다에 불 좀 켜줄래"
3,"활짝 웃으면 기분 좋은 하루가 될 거예요"
3,"안방에 티비켜줘"
3,"거실에 불 좀 꺼줘"
3,"미리미리 시험공부를 해둬야지"
3,"내일 오전 여덟시 학교폭력 캠페인 일정 추가해"
3,"죄송하지만 같은 방향이면 같이 가지요"
3,"알림을 시간 맞춰 확인해 주시기 바랍니다"
3,"살이 너무 많이 쪄서 운동 좀 해야 할 것"
3,"스피커 볼륨 좀 높여 줄 수 있니"
3,"읽은메일 좀 지워줘"
3,"너 꼭 밥 챙겨 먹고 다녀"
3,"찜질방에서 너무 땀 빼지 마세요"
3,"다음주 월요일에 친구 만남 일정 추가해"
3,"홍보팀으로부터 온 메일 별표해줘"
3,"강아지 밥 좀 줄래"
3,"학교면 나랑 같이 공부할래"
3,"횟집은 너무 비싸다 그냥 삼겹살이나 먹자"
3,"우리 일광욕 하러 나가자"
3,"에어컨 취침 모드로 켜줘"
3,"에어컨 켜줘"
3,"유월 명세표 관련 메일을 개인 편지함으로 옮겨줘"
3,"별표편지함 열어서 옥션에서 보낸 메일 검색해줘"
3,"씨씨티비 녹화 시작해줄래"
3,"칼슘 좀 챙겨 먹으라구"
3,"학교에서 오늘 온 메일 열어줘"
3,"지금 에어컨 꺼줄수 있니"
3,"화요일 일정을 일부 변경"
3,"텔레비전 소리를 낮춰줘"
3,"분기별 주가 등락률을 합산해"
3,"내일 과외 일정을 삭제해줄래"
3,"지금 갤럭시 넥서스 보고는 있는데 혹시 다른 추천 있으심 부탁 드림다"
3,"집이 축축하다 재습기 틀어줘"
3,"스피커의 소리가 티비 양 옆으로만 나게 해줘"
3,"내일 저녁 약속 취소해줘"
3,"다음주 목요일 두시에 피부과 일정추가해"
3,"언어순화 운동에 동참해 주세요 메일 보내드리겠습니다"
3,"있으면 말하고"
3,"어제 쓴 메일 학교로 보내줘"
3,"안방에 텔레비전 음량좀 줄여줘"
3,"다이어트 일정을 오늘부터 한달후까지 잡아줄래"
3,"마지막 오른손 박자에서 자신의 이름을 말한다"
3,"홍일점이니까 너가 먹고 싶은걸로 골라"
3,"차는 건강음료야 많이 마셔"
3,"에어컨 꺼줘"
3,"믿어 줘 정말이야"
3,"방금 읽은 메일 김 부장께 전달하고 김 대리 참조로 보내줘"
3,"미니커피자판기의 세척기능을 작동시켜줄래"
3,"만날장소는 나뚜루팝으로 입력해줘"
3,"어제 온 메일을 보관 처리해 줄 수 있니"
3,"시월 둘째주부터 셋째주까지 시험기간 설정해줘"
3,"컴퓨터 좀 켜줘"
3,"네이비 컬러와 블랙 컬러 구분 잘해 주시구요"
3,"보관함에 있는 이메일 제목 중 케이티가 포함된 이메일을 삭제 해줄래"
3,"하지 말어"
3,"그러지마"
3,"교수님께 내일 미팅일정이 취소되었다고 메일을 보낼수 있을까"
3,"이 메일 별표해줘"
3,"작은 방에 발라드 틀어"
3,"외환예금통장을 하나 만들어야 해"
3,"날이 너무 더우니까 창문 열고 바람 좀 쐬자"
3,"고객 들어간 메일 차단해 "
3,"철수야 교수님께서 부르신다"
3,"모노레일 타고 시내 한바퀴 돌자"
3,"조명 조금만 밝게 해줄 수 있니"
3,"오늘 동영상파일 있는 메일 확인해주고 있으면 삭제해줘"
3,"현금을 전부 수표로 바꿔 둬"
3,"영화표가 생겼는데 같이 보러갈래"
3,"우리 동네 주유소는 다른 곳보다 싸니까 거길 이용해"
3,"에어컨 바람세기 좀 높여줄수 있니"
3,"조회 안 하세요"
3,"우리 돈 모으자 곧 여름휴가잖아"
3,"냉기가 뼈 속까지 스며드는 추위야 몸 관리 잘해"
3,"매일 일주일 뒤에 올거 다 지워줄 수 있니"
3,"지금 십 일번 채널 봐봐 아까 촬영한 거 나온다"
3,"잠잘 때 듣기 좋은 노래 틀어줘"
3,"이제는 수익률보다는 안정성을 고려해서 "
3,"일본 다녀와서 만나 일주일 뒤"
3,"오늘 오후에 뵐 수 있을까요"
3,"아빠 생신 음력 사월 삼십일 입력해줘"
3,"조금만 기다려 차가 밀려서 그래 곧 도착할 거야"
3,"일기예보 보고 나서 휴가 기간 정하자"
3,"티비 하이파이 스테레오로 해놔"
3,"엄마랑 통화하라고 십분후에 알려줘"
3,"기일 내에 마무리해야 돼 안 그러면 월급 깎여"
3,"목요일에 제사라고 저장해줘"
3,"금요일 심야영화 장소를 씨지브이로 입력해줘"
3,"오늘 오전 미팅이 취소 됐대 천천히 와"
3,"공부에 대한 새로운 계획을 세우자"
3,"일반 메일함에서 중요표시된 메일 분리해서 다른 폴더에 넣어줘"
3,"메일에 발표자료 첨부해서 임시저장해"
3,"점심시간 십오분 전에 매일 알람해줘"
3,"오늘 온 메일은 모두 읽음으로 처리해줘"
3,"형 그래 그거야 그렇게 해야지 형이란 나랑 친한 거지 지금처럼 그렇게 온갖 화를 담아서 한 번만 플리즈"
3,"사년전 쇼핑 메일은 삭제 시킬수 있니"
3,"화장실 불켜져 있으면 꺼줘"
3,"전체 메일으로 다 보내줘"
3,"신문 타이틀만 보이게 다시 세팅해줘요"
3,"공기청정기를 가동해줘"
3,"그 가구센터의 위치를 지도에서 검색할 수 있니"
3,"그만 쉬어라"
3,"이제 그만 자라"
3,"차량 사고 시 증거 확보"
3,"내일 아침에 운동하라고 일정 저장해줘"
3,"내일 열두시삼십분 병문안일정 추가해줘"
3,"큰 방 불 좀 꺼줄 수 있니"
3,"어제 작성한 메일들을 모두 지워줘"
3,"둥근 보름달 보고 소원을 빌어보세요"
3,"추가 하락의 움직임이 나오면 손절매 한다"
3,"김 대리님이 사업계획서 작성하라셔요"
3,"화장실 불 꺼줘"
3,"촉촉한 소프트 코튼 시트를 이마에 서부터 순차적 으로 얼굴에 밀착시켜 주세요"
3,"중소형주의 경우에는 규칙저긴 흐름을 보이는 주식에 투자하는 게 좋아"
3,"스팸메세지함 지워줄 수 있니"
3,"스탠드 조명 밝기 좀 줄여줄 수 있니"
3,"스팸처리된 메일 좀 복구시켜줘"
3,"선풍기 강풍으로 켜줘"
3,"니가 잘 좀 챙겨라 "
3,"도로 교통법에 위배되는 행동은 하지 맙시다"
3,"튜브의 공기는 이걸로 넣으세요"
3,"텔레비전 채널을 음악채널로 돌려줄 수 있니"
3,"일층 불 다 꺼줘"
3,"네가 쏴 박 상무는 늘 안 쏴"
3,"어제 받은 편지들 휴지통으로 보내주겠니"
3,"오늘 밤까지 단어를 모두 외우기로 했던 거 기억해 "
3,"우리 내일 같이 쇼핑하자"
3,"서명으로 예금을 찾으실 때는 본인이 직접 오셔야 합니다"
3,"에어컨 제습기능을 작동시켜"
3,"세이콤 가동을 시켜 주겠니"
3,"벽난로 작동시켜줘"
3,"내일 액션영화보기 일정 추가해줘"
3,"점심시간 삼십분 전에 샐러드 주문해줘"
3,"시월달 모든 수요일에 골프연습일정을 추가해줘"
3,"시계랑 전신거울 합쳐서 만원에 해주세요"
3,"찬물로 세탁해줄래"
3,"열차표 예약해"
3,"로봇청소기 작동시켜줘"
3,"내일 아침까지 보고서 작성해서 과장님께 메일로 제출해"
3,"수익이 났으면 하루쯤 쉬어 보는 게 좋아"
3,"앞으로 세곡만 듣고 스피커 꺼줘"
3,"오늘보낸 메일 지워줄수있니"
3,"미역을 많이 드세요"
3,"첨부파일 만료된 메일들 보여줘"
3,"샌드위치 메이커의 전원을 켜줄래"
3,"적당한 운동은 감기예방에 그만 운동하시오"
3,"동아리 모임에 전체 메일 돌려줄 수 있니"
3,"오늘 온 광고성 메일 좀 지워줘"
3,"주식을 열심히 연구한 뒤 주식을 매입해"
3,"안방 불 켜줘"
3,"핸드볼 신생팀에 관한 기사를 모아다오"
3,"욕심내지 말고 집에서 뛰어나오는 거 크레인 쓰지 말고 풀로 받아넘겨  "
3,"길을 건널 때는 항상 좌우를 살펴라"
3,"오픈하자마자 좋은 자리 맡자"
3,"날씨도 안 좋은데 그냥 우리 커피숍 가자"
3,"너 웃겼던 거 다시 보자"
3,"현관문 잠궈주라"
3,"대출 성공했음 이따가 저녁 쏴"
3,"현관문 이중 잠금모드 설정해줘"
3,"차라리 차 가지고 교외로 나가자 "
3,"십 분 후에 부엌 불 켜줄 수 있니"
3,"아무일 없을거야 맘 편히 갖고 기다리자"
3,"데스크탑 컴퓨터 삼십분 뒤에 종료해"
3,"고속철 일반석으로 예약해"
3,"거실 불 좀 꺼줘"
3,"모든 방의 문을 닫아줘"
3,"주소록에 있는 이메일 전부 삭제해줘"
3,"늦지 않게 빨리 서두르자"
3,"메일 하단에 자동으로 나오는 회사 주소를 삭제할 수 있니"
3,"강아지 뭐하고 있는지 화면으로 비춰줘"
3,"야구 방송 켜 줄 수 있니"
3,"환풍기 꺼줘"
3,"한 시간 후에 조명 꺼줘"
3,"나 오늘 우울한데 위로해주라"
3,"임시 저장된 메일 발송해줘"
3,"지난달에 온 메일 읽음으로 처리해줘"
3,"에어컨 꺼줘"
3,"음식점 할인 쿠폰 있는데 같이 가자"
3,"휴지통 메일 다 복구해줘"
3,"가스랑 보일러 다 꺼줄래"
3,"다음에 만날 때 사진 찍은 거 꼭 가져와"
3,"수능 우리 열심히 공부하자 "
3,"안방 불 꺼줘"
3,"들어 올 때 김밥사오는 거 잊지마"
3,"작은방 에어컨 삼십분 뒤에 꺼지게 예약할 수 있니"
3,"일어나세요"
3,"안방에 에어컨 좀 꺼줘"
3,"제일 최근에 온 메일을 메일보관함으로 옮겨줄 수 있니"
3,"컴퓨터 꺼줘"
3,"설명회 때 뵙겠습니다"
3,"수신함 다 삭제해줘"
3,"내게 쓴 메일함 확인해줘"
3,"거실 불 좀 어둡게 해줘"
3,"내일 일정 다 비워줘"
3,"가스 밸브 잠궈줄수있니"
3,"가습기 틀어줄 수 있니 "
3,"오늘 오후 세시 친구랑 약속 일정 취소해"
3,"학교에서 온 메일 중요메일에 보관해줘"
3,"가습기 틀어줘"
3,"메일 전체 수신 확인해줄 수 있니"
3,"냉장고 온도 좀 낮춰줘"
3,"기타 연습하러 가자 매번 빠졌잖아"
3,"그래 얼른 가 얼른 뛰어"
3,"보일러를 십팔도로 유지해줘"
3,"어제 마지막으로 보낸 메일의 수신자를 주소록에 추가해"
3,"부장님 피곤하실텐데 오전엔 쉬세요"
3,"다음주 수요일 테니스 대회 일정 추가해"
3,"공기청정기 틀어줘"
3,"한 시간 후에 거실 불을 꺼줄 수 있니"
3,"밥이 보약이야 꼭 챙겨먹어"
3,"사진첩 대거 업데이트 어서 와서 구경하고 발자국 남기기 "
3,"이번주 금요일에 회식 있다고 알려줘"
3,"알람 설정해"
3,"오늘 오후 열한시에 클럽 일정 추가해줘"
3,"안방 보일러 틀어줄 수 있니"
3,"메일에 이미지 자동으로 보이게 해 줘 "
3,"화 내지마"
3,"한번만 그 운동을 해보도록 해봐"
3,"다음 달에 공장 인스펙션 있으니까 준비 슬슬 시작하라고"
3,"어제 지운 메일 복구해줄 수 있니"
3,"거실 불 좀 켜줘"
3,"아마추어로써 준비한 이번 공연 꼭 구경 와 줄 거지 "
3,"스텐드 불 꺼줘"
3,"인덕션 켜줄 수 있니"
3,"이번주 목요일 약속 하루 전에 알림해줘"
3,"대회 참가비는 모두 총무에게 내어 주세요"
3,"다음주 수요일 아홉시에 호텔에 예약 메일 발송해줘"
3,"본선은 예선 통과곡으로 참여하세요"
3,"내일 새벽 여섯시 되면 방에 불 자동으로 켜지게 해"
3,"가스밸브 좀 열어줄 수 있겠어"
3,"메일보낼때 다 파일 첨부해서 보내줄 수 있니"
3,"영화 시간은 네시로 수정줄 수 있니"
3,"오늘 여덟 시 세탁물 찾으라고 알려줘"
3,"메일 바탕화면 하늘색으로 꾸며줄래"
3,"십년 정도의 장기간 여윳돈이 있으면 선박펀드에 가입해"
3,"내일 오후 두 시에 가족과 저녁 식사 약속 추가해"
3,"김치냉장고 온도 낮춰줘"
3,"지금 테니스 한 게임 할까"
3,"나랑 같이 다시 해보자"
3,"이번주 일정 모두 취소해줘"
3,"교수님이 과제 월요일까지 내라고 하셨어"
3,"어제 읽은 메일 안읽음으로 처리해줘"
3,"현관 보여주렴"
3,"안 읽은 편지함 열어줘"
3,"지금 현관 조명만 켜주라"
3,"방금 전에 찍은 사진 여자친구한테 메일로 보내줄 수 있니"
3,"오분 전에 온 메일 발신자 메일주소 저장해줘"
3,"세탁기 작동 시작 해줘"
3,"실내 조명 밝기 좀 높여 줄 수 있니"
3,"마지막으로 회포를 풀자"
3,"에어컨 온도를 이 도 내려줘"
3,"현재 작동하는 가전제품의 전원 모두 꺼줄 수 있니"
3,"우리 회사 앞으로 지금 당장 와"
3,"이 메일 답장 쓰게 해줘"
3,"두시간 있다가 오늘 발표 준비하라고 말해줘"
3,"건조대의 세탁물을 말려줄 수 있니"
3,"스팸 메일함의 첫 페이지로 이동해줄래"
3,"화장실 조명 밝기좀 조절해줘"
3,"밥 먹을 장소는 애슐리로 입력해줘"
3,"밤 열한시 이후에 공기청정기 자동으로 켜줄래"
3,"전체 메일 동기화 해 "
3,"빠지지마"
3,"받은메일에서 합격자 발표 검색해줘"
3,"오늘 남은 일정 내일로 다 미뤄줘"
3,"한번 유학원가서 물어봐"
3,"베란다에 불 꺼줄래"
3,"옷장에 있는 옷 스팀으로 다려줄래"
3,"엘리베이터 호출해줘"
3,"제작년 오늘 날짜에 보낸 메일 검색해줘"
3,"두시간 후에 에어컨 꺼줘"
3,"내일 일정에 날씨정보를 추가해주겠니"
3,"티비 꺼"
3,"손님이 벨 누르면 문 열어줘"
3,"공휴일 한 달 전에 미리 알려줘"
3,"서울 롯데호텔에 예약해"
3,"구매한 물품의 예상 도착일을 모레로 등록해줘"
3,"꾸준히 운동을 해야 효과가 있어요"
3,"오늘 밤 열시에 모든 전원을 꺼줄래"
3,"에어컨 제습모드로 한시간동안 틀어줘"
3,"계단을 오를 때는 좌측통행을 합시다"
3,"내게 쓴 메일함에서 최신 메일에 있는 파일 다운로드 해"
3,"내일 오후 열한시에 과제 제출 일정 추가해"
3,"책상 조명 꺼줘"
3,"작은방에 에어컨 켜줄 수 있니"
3,"내일 오후 아홉시에 학원 가기 일정 추가해"
3,"오늘 중으로 주민등록등본 좀 띠어주세요"
3,"결재서류 빨리 올려 보내세요"
3,"생일 축하합니다 한 턱 쏴라"
3,"날도 따듯한데 드라이브 가자"
3,"보일러 온수 온도 사십오도로 맞춰줄 수 있겠니"
3,"에어컨 온도 십팔도 되면 꺼줘"
3,"휴지통 모두 비워주겠니"
3,"건강한 웃음이 최고 우리 웃고 살자"
3,"컴퓨터 잘 다루고 싶은데 같이 컴퓨터 학원 다닐까 "
3,"대한항공에서 비행기표 산거 일정이랑 동기화해줘"
3,"가장 최근에 온 메일 임시보관함으로 옮겨줘"
3,"엠비씨 월드컵 결승전 방송 예약해줘"
3,"보일러 좀 켜줘"
3,"안방 무드등 켜 줘"
3,"여섯시간 이하 주기로 메일 오는 전송자 스팸처리해줘"
3,"스탠드 꺼줘"
3,"화요일에 회식 있으니깐 약속 잡지 마"
3,"정말 완벽하게 익힌 후에야 분석과 투자에 나서도록 해"
3,"가스레인지 좀 꺼줘"
3,"오늘 병원 예약일이야 열한시까지 가면 되"
3,"보낸편지함 확인해주겠니"
3,"조명 켜줄 수 있니"
3,"내일 야참이나 같이 먹죠"
3,"현관문을 잠궈줘"
3,"안방 테레비 이십 사 번으로 돌려주겠니"
3,"갑자기 운동 심하게 하면 역효과나 슬슬해"
3,"변호사 사무소 메일 검색해"
3,"이틀전에 온 메일 검색해줘"
3,"임시보관함으로 들어가줘"
3,"입출금이 자유로운 통장도 하나 있으면 좋아"
3,"다음주 목요일에 동아리 회의 참석하라고 일정에 써줘"
3,"첨부파일 있는 메일만 검색해 줄 수 있니 "
3,"스탠드만 놔두고 불 좀 다 꺼줄 수 있니"
3,"화장실에 환풍기 십분간만 켜줄 수 있니"
3,"거실 스탠드 좀 켜줘"
3,"현관 전등 밝기 좀 조절해주겠니"
3,"금요일 가족외식 일정 추가해"
3,"내일 출장 가니까 되도록 메일로 보내"
3,"다음주에 백일이라고 저장해줄 수 있을까"
3,"지난 일정들 삭제해줄 수 있니"
3,"외국어는 어휘력이 중요해 단어 공부를 좀 더 해 봐"
3,"매년 칠월 칠일을 생일로 설정해줘"
3,"그 일 혼자 하지 말고 만나서 같이 해"
3,"꾹 참고 살자"
3,"이메일 자동 백업을 체크해줘"
3,"진공청소기 충전해라"
3,"내일 오전 열 시까지 이십팔 동 앞으로 물리화학 책 갖고 와"
3,"가장 최근에 온 순서대로 메일을 보여줄래"
3,"늦지 말고 정확히 맞춰서 와야 돼"
3,"주방과 거실 제외 모든 전기꺼줘"
3,"교수님에게서 온 메일에 알겠습니다라고 답장보내"
3,"어제 보냈던 메일 오늘 오후 다섯시에 예약 메일 설정해줘"
3,"담주에 가족 모임 강남으로 장소 바꿔줘"
3,"오늘 오후 네시 우체국가기 일정 추가해"
3,"구글에서 온 구굴계정 관련 보안 경고 이메일을 열어줘"
3,"잘 봐"
3,"울지마 임마 내가 있는데 왜 우는 거야"
3,"걱정 마"
3,"내일 밤에 성북역 칠번 출구에서 보자"
3,"거실 보조등도 켜줄 수 있니"
3,"판로를 다각화할 필요가 있어"
3,"내일 오후 한 시에 학생회관 들르기 추가해"
3,"오디오 소리 좀 높여줄래"
3,"다음주 일요일 오후 한시에 식사 약속 추가해줘"
3,"화장실에 있는 조명 불 줄여줘"
3,"눈 밭에서 너와 함께 뒹굴고 싶어"
3,"아빠한테 확인했습니다 라고 메일 보내줘"
3,"티브이 소리좀 꺼줄 수 있니"
3,"실내온도 십팔도 이상으로 올라가면 에어컨 꺼"
3,"맨날 맨날 이렇게 싸우지 말자"
3,"만날 장소는 공차로 입력해줘"
3,"보일러 좀 꺼줄래"
3,"인적사항 정확히 확인 바랍니다"
3,"다음주 토요일에 과제 제출 일정 추가해"
3,"거기 서라"
3,"텔레비전 볼륨 오십퍼센트로 해줘"
3,"이메일 부장님께 전달해줘"
3,"너 연체료 빨리 납부하래"
3,"세탁기 표준모드로 돌려줘"
3,"화장실에 조명 불 좀 켜줄 수 있니"
3,"메일이 백 개 이상이면 자동 삭제해줄래"
3,"에어컨 파워냉방으로 틀어줄 수 있니"
3,"수수료도 증권회사마다 차이가 있으니 잘 알아보고 이용해"
3,"티비 볼륨 좀 높여주겠니"
3,"중고 핸드볼 경기에 관한 기사를 뽑아주렴"
3,"화장대 위를 찍어와"
3,"예습은 필요 없고 복습이나 열심히 하자"
3,"학교에서 온 메일 확인해줘"
3,"와이파이 기계 전원을 켜줄래"
3,"매달 일일에 월급날로 일정 등록해줘"
3,"이시간이면 버스 안다닐 거야 택시타고 들어와 "
3,"집에 있는 모든 불 꺼줘"
3,"애벌 빨래 모드로 설정 해줄래"
3,"보일러 온수 일단계로 설정해줘"
3,"예약 메일 보내줘"
3,"약속 장소는 교대역으로 해줘"
3,"이메일 계정 해외 로그인 차단해줘"
3,"다음달에 시험 일정 추가해줘"
3,"지운편지함에 첨부파일 있는 메일들 다 복구해줘"
3,"메일 쓰기 창 열어줘"
3,"로봇 청소기 꺼줘"
3,"광고 들어간 메일 차단해 "
3,"봄 내음이 완연한데 같이 사진 찍으러 가자"
3,"보낸메일함에 메일 다 삭제해줘"
3,"경비실에 인터폰 연결해줘"
3,"신나는 노래 틀어줘"
3,"그래 고맙구나 이만 끊어"
3,"소독은 너무 자주 실시하면 효과가 반감되니 주의하세요"
3,"텔레비전 채널을 음악채널로 돌려줘"
3,"저쪽으로 가 있어라"
3,"냉장고 온도 낮춰줄 수 있니"
3,"임시 보관함에 있는 첫번째 메일 내일 오전 열한시에 예약발송해"
3,"열두시에 식사 약속 취소해줄 수 있니"
3,"십 분 뒤면 은행 문 닫는다고 하니 빨리와"
3,"너 자신과의 약속은 꼭 지키도록 해"
3,"커튼 좀 열어줄수 있니"
3,"다음주부터 삼주동안 이 시간에 반복 알림 설정해줘"
3,"스페인에 진출한 이천수 관련 기사 모아주렴"
3,"메일 환경설정좀 들어가줄수 있니"
3,"에어컨 이십이도로 켜줄수 있니"
3,"오늘이 축제 하이라이트야 꼭 보자"
3,"배고파 만나서 밥 먹으면서 얘기하자"
3,"스팸 차단 목록에 관악학생생활관 추가해줘"
3,"누군가 집 안에 들어오면 복도 불 켜줘"
3,"오늘 오전 일곱시에 단백질 쉐이크 마시기 일정 추가해"
3,"거실만 놔두고 난방 다 꺼줘"
3,"지금 읽은 이메일을 저장해줘"
3,"샤프심 있으면 빌려줄래 "
3,"받은 편지함의 대용량 메일들 삭제해줘"
3,"지금 빨리 달러 사놔야 돼"
3,"다 준비하세요"
3,"데이터 베이스 설계를 단계별 입출력 을 중심으로 간명 하게 설명하세요"
3,"이 메일은 중요표시 해둬"
3,"긴급메일 들어오면 바로 알려줄 수 있니"
3,"오늘 도착한 팩스 목록 출력해줄래"
3,"그럼 그때 그 자리에서 보자고"
3,"자료를 잘 분석해서 하나씩 나눠봐라"
3,"나중에 얘기해"
3,"스팸메일함 확인해 줘"
3,"노래 소리 좀 줄여줄 수 있니"
3,"담주에 가족 모임 한시간 앞당겨줄 수 있니"
3,"내방 스탠드 밝기 조절 해줄수 있니"
3,"삼십분 후에 티브이 꺼주겠니"
3,"티브이 입력단자를 비디오 삼으로 바꿔 주겠니"
3,"다음달 오일에 동창모임 예약해줘"
3,"오븐시간 예약 좀 해주겠니"
3,"은행에 대한 메일은 중요폴더로 이동시켜줘"
3,"도어록 문을 열어줄 수 있니"
3,"베란다에 있는 조명 밝기 좀 줄여줘"
3,"너무 빨리 나간다고 생각하시면 뒤에서 경적을 울려주세요"
3,"은행가서 동전좀 바꿔다 줄래요"
3,"잘 때 듣는 노래 틀어줘"
3,"긴급 회의가 있습니다 회의실로 모여주세요"
3,"말 뿐인 약속이라면 이제 필요 없어"
3,"아침 열시에 알람 좀 맞춰"
3,"통 얘기 안 통하는 엄마 안듯 비죽이 오지 말고 "
3,"좋은 횟집 알아 놨는데 한번 가야지"
3,"오후 아홉시에 노래 좀 틀어줘"
3,"집으로 전화 오면 부재중이라고 말해주겠니"
3,"유월달에 온 메일함에 좀 들어가 주겠니"
3,"휴지통에서 갭에서 온 이메일만 다시 복원해줄수있니"
3,"보낸메일에 회사메일 빼고 삭제해줘"
3,"다음달 동창 모임 일정 취소해줘"
3,"너무 약 많이 먹는 거 아니냐 약 너무 많이 먹으면 안 좋아 "
3,"책임이 과중하다면 다른 사람에게 위임하라"
3,"이제 그만 만나"
3,"그럼 화 풀어"
3,"도움이 필요하시면 메일 보내 주십시요"
3,"회사에서 온 메일 모두 확인해줘"
3,"오 분 있다가 거실 불 꺼줄 수 있니"
3,"보일러 삼십도로 해줄수 있니"
3,"다음달 구일부터 십이일까지 학회 일정 추가해줘"
3,"앉아서 책만 보지 말고 농구나 한판 뛰자"
3,"작년 유행했던 화장품 관련 기사를 보여라"
3,"안방 선풍기 취침모드로 바꿔줄래"
3,"우리 만나서 같이 자전거 타자"
3,"반딧불 조명으로 켜줘"
3,"지운 편지함에서 회사에서온 메일을 확인해줘"
3,"시월에 온 메일 모두 스팸처리해줘"
3,"티비의 볼륨을 최대로 올려줘"
3,"그래 넌 좀 열심히 해 삼십년 연기생활하면서 너처럼 연기 안느는 애 없는 거 알지 너"
3,"바쁘시지 않은 날 연락 주시면 그때 봐요"
3,"내일 저녁 여덟 시에 현관 조명 켜줘"
3,"내일 회의 일정을 세 시간으로 늘려줘"
3,"아침 저녁으로 꼭 약 먹어"
3,"보낸편지함 중 어제보낸 편지함 검색해주겠니"
3,"수신 거부 모두 해제해줘"
3,"단수 예정이래 물 많이 받아 놓아야 해"
3,"내일 저녁 영화보러갈 때 우산 가져가기 추가해줘"
3,"그니까 지은씨랑 하는 거 혼자서 어떻게든 이어갈 생각 하지 말라구"
3,"어제 온 메일을 보관 처리해라"
3,"교통법규는 잘 지켜야 해"
3,"갭에서 온 이메일 전부 스팸메일함으로 보내줘"
3,"에어컨 희망온도 이십이도로 해줘"
3,"운동 갈 시간에 알람을 맞춰줘"
3,"보낸 편지함의 메일을 영구 삭제 해줘"
3,"에어컨 수면 모드로 설정해주겠니"
3,"베란다 조명 색깔 좀 바꿔줄 수 있니"
3,"안방 조명 꺼줘"
3,"어항에 조명 꺼줘"
3,"워드 문서 작업 한거 이번주 주말까지 주임님께 제출해"
3,"지금부터 내일까지 오는 메일 중요보관함에 보관해줘"
3,"피스컵 관한 기사를 찾아라"
3,"내년 구월칠일 디데이라고 추가해줘"
3,"받은 메일함에서 첫번째 메일 안읽음 표시 해줘"
3,"동휘에게 연락 왔는데 외로우니까 편지 좀 많이 하래"
3,"칠월 팔일 저녁 일곱시에 약속 추가해줘"
3,"안방에 조명 켜줄래"
3,"업무 분장을 확실히 해 주십시오"
3,"더운데 더위 먹지말고 집에 일찍 들어가"
3,"오늘 아침 운동 일정 추가해줘"
3,"물고기 동전 지갑한 마리 키워 보시는건 어떨까요"
3,"건너방 불 꺼줄수있지"
3,"안방에 티비 켜져있으면 꺼줘"
3,"이십 키로 짜리 한 통이 필요해"
3,"이메일 제목 볼드 처리할 수 있니"
3,"안방 욕실 세면대를 잠궈줘"
3,"화장실에 제습기 좀 꺼줘"
3,"지금 아이 방 조명을 가장 낮은 조도로 바꿔줄 수 있니"
3,"주차하실 때는 주차요원의 안내를 받으세요"
3,"제습 시작해줘"
3,"꼬마냄비에 순두부 있으니까 그것도 데워 먹어라"
3,"중요 메일 해지해 줘"
3,"주말에 롯데타워 가는 거 추가해 줘 "
3,"영어 책 읽어주겠니"
3,"이 메일을 보관함으로 보내 줄 수 있겠니"
3,"티비좀 켜줘"
3,"금요일 미팅 시간 세 시간 후로 연기"
3,"내일 아침 치과 진료 받기 일정 추가해"
3,"안방 불 꺼줘"
3,"자동차 시동걸어줘"
3,"로봇청소기 꺼줄수 있니"
3,"보낸 편지함을 전부 비워줘"
3,"너무 빨리 나간다고 생각하시면 뒤에서 경적을 울려주세요"
3,"세탁기 행굼 탈수 모드로 바꿔줄래"
3,"꽤 쌀쌀한데 그렇게 얇게 입고 다녀도 되겠어 "
3,"외국에서 온 메일들 모두 삭제해"
3,"오늘 저녁 다섯시에 강남역에서 미팅 일정 추가해"
3,"머리 아프면 집에 가서 쉴 수 있도록 조치합니다"
3,"내일 아침에 수업 지워줄 수 있니"
3,"한번만 그 운동을 해보도록 해봐"
3,"화장실 불 좀 켜놔 줄 수 있어"
3,"방금 온 메일 부장님에게 전달 해"
3,"거실 컴퓨터 절전모드로 바꿔줘"
3,"서울 시내 지체구간은 어딘지 파악해다오"
3,"그건 석태가 해야지 수경이형 체면도 있는데 스케줄 잡는 건 넘하지"
3,"더위가 일찍 와서 올 휴가를 좀 미리 가자"
3,"오늘 온 메일 읽음으로 처리해줘"
3,"어제 세시에 보낸 메일 검색해 줄 수 있니"
3,"되도록 저녁 식사를적게 하고 휴식을 취하도록 합니다"
3,"추천 채널을 틀어줘"
3,"엄마에게 메세지를 보내라"
3,"에어컨 좀 틀어주겠니"
3,"시험 성적이 발표되었데 바로 확인해서 전화줄래 "
3,"복날이다 나와라 같이 삼계탕이나 먹자"
3,"오늘 저녁 여섯시 온도 알려주고 이십도 이상이면 긴팔입으라고 해줘"
3,"텔레비전 채널 칠번 켜줘"
3,"너무 얕게 보지 말고 깊게 좀 봐라"
3,"매번 미루지 말고 이번에는 꼭 줬으면 해"
3,"너의 생일날은 꼭 파스타를 먹으러 가자"
3,"밥 먹을 장소는 두끼로 입력해줘"
3,"여의도까지 전철 타고 가는 게 가장 빠를 거 같은데 "
3,"중요 메일함 전부 지워주겠니"
3,"창문 좀 열어줘"
3,"가스레인지 꺼줘"
3,"쇼핑하기 좋은 데 알아 놨어 같이 가자"
3,"받는 사람에서 교수님을 제외해줘"
3,"탈거 된 캘리퍼를 돌려서 바깥을 빼 냅니다"
3,"가스레인지 좀 켜줄 수 있니"
3,"지난 달 택배회사에서 온 메일들을 보여줘"
3,"전체 조명 다 꺼줄 수 있을까"
3,"스팸메일함 분류 설정에 영어를 추가해줘"
3,"이번주 금요일에 울릉도 가기 일정 추가해줘"
3,"내일 열두시에 한강가기 일정 추가해줘"
3,"매주 목요일 재무이팀 진영이 점심 입력해줘"
3,"불러주는대로 메일을 써 줘"
3,"운전 중 휴대 전화 사용도 금지다"
3,"현금카드도 신청하세요"
3,"화장실 불 모두 꺼줘"
3,"결혼식 못 가니까 대신 축의금 부쳐 준다고 해 봐"
3,"화장실 환기구 좀 켜줘"
3,"음악 소리 줄여줘"
3,"지운 메일들 복원해줘"
3,"성인이라는 단어가 들어간 메일을 모두 삭제할수 있어"
3,"워킹홀리데이 비자 가지고 탈출하자"
3,"확장자 명을 모조리 바꾸고 상대한테 누출이 안 되게 잘해"
3,"전자렌지 삼분 돌려줘"
3,"부엌 스탠드 불 켜줘"
3,"총 학생회장 선거에서 당선되었다고 하던데 한턱 쏴라"
3,"고등학교 졸업 통지서 너에게 메일로 보냈대 확인해줘"
3,"출력할 필요 없이 핸드폰으로 이것 사진 찍어 가심 되요"
3,"크리스마스에 영화보기 일정 추가해줘"
3,"난방 켜서 실내 온도 이십오도로 맞춰놔"
3,"두꺼비집 전원 좀 차단해줄래"
3,"내일 저녁약속 삼십분 전에 전자벨을 울려줄 수 있니"
3,"반찬을 골고루 잘 먹어야 튼튼해지지"
3,"받은 메일함에 어제 저녁 여섯시 이후에 온 메일을 확인해줄래"
3,"제습기 틀어서 습도 조절해줘"
3,"해외 진출을 위한 아이디어를 내 주십시오"
3,"먼저 요청 계획서를 보내 준다고 하더니 왜 소식이 없어 "
3,"차 한 잔 하면서 잠시 여유를 가져봐"
3,"양념장에 절여진 가죽을 섞어 준다"
3,"입사지원 메일 회사메일로 발신해"
3,"오늘 점심 메뉴 정해 오세요"
3,"조명이 꺼지면 가습기도 꺼줄수 있니"
3,"집 안 모든 불 꺼 줘"
3,"어제 너 입은 옷 예쁘더라 나 빌려 줄 수 있어"
3,"보통예금 통장을 하나 만들어서 적금을 드는 건 어때"
3,"다음 주 일요일 오후 두 시에 쇼핑 일정 추가해줘"
3,"크리스마스에 데이트 일정 입력해줘"
3,"이번 주까지 회비 제출 해 주시기 바랍니다"
3,"세 시간 후에 에어컨 전원 꺼라"
3,"다음주 금요일에 케이크 예약하라고 알림해줘"
3,"수유역 사번 출구로 나오셔서 마을버스를 타고 오세요"
3,"전화 안 끊어"
3,"가장 최근에 온 순서대로 이메일 보여라"
3,"우리 점심 때 냉면 먹으러 가자"
3,"지난 한달 이메일 중 불어로 된 이메일이 있으면 리스트업해줘"
3,"공기청정기를 켜주겠니"
3,"거실 테이블 조명 켜줘"
3,"경보는 다리가 불편해 보여서 웃기던데 그걸 하겠다고 "
3,"이번주 토요일 오후 한시에 수영 일정을 추가해줘"
3,"그 사람 하루 빨리 잊고 새 출발 하세요"
3,"메일함에 있는 스팸 메일을 영구 삭제 해줘"
3,"내일 약속 한시간씩 미뤄줘"
3,"임의 매매로 손해를 봤다면 증거를 먼저 확보 해 둬"
3,"결석한 학생은 사유서를 제출하세요"
3,"에어컨을 제습으로 돌려줄 수 있니"
3,"현관문 락을 잠궈라"
3,"로봇청소기 꺼줘"
3,"이거 써먹으라구"
3,"말씀하세요"
3,"읽은 메일들은 따로 저장해줄래"
3,"이번달 이십일 휴대폰 수리 일정 추가해"
3,"화장품 냉장고 온도 이도 내려 줄래"
3,"우승기념 행사를 기획해보자"
3,"여자축구부 만드는 거 선생님이 직접 건의한다니까 기다려봐"
3,"아직 메일 안 읽었으면 송신 취소 가능하니"
3,"어제온 메일과 내일온 메일 다 삭제해줄수 있니"
3,"영수증 주실래요"
3,"음식물 쓰레기는 별도의 용기에 담아서 버려주세요"
3,"작은방에 가 있어"
3,"다음 주 반상회까지는 모두 참여해주시기 바랍니다"
3,"스킨스쿠버 하기로 한 날이 내일이야 장비 챙겨 와"
3,"너 차에 헤드라이트 켜져 있던데 빨리 나와서 꺼"
3,"에어컨 취침모드로 가동해줘"
3,"헹굼 한 번 더 설정해줄래"
3,"할아버지 지금부터 제 얘기 잘 들으세요"
3,"너 차에 헤드라이트 켜져 있던데 빨리 나와서 꺼"
3,"일월 사일 밤 열한 시에 제사 일정 추가해"
3,"회사에서 온 메일 백업해줘"
3,"과장님께 온 메일 중요 표시 해줘"
3,"화장실 살균해라"
3,"한 시간 뒤에 티비 꺼 줘 "
3,"영업관련 메일 삭제해"
3,"현관에 불을 켜놔줄래"
3,"주유하고 있어 얼른 갈게"
3,"학교에 메일 보내줄 수 있어"
3,"집안 온도가 이십도가 되면 꺼줘"
3,"내일 약속장소는 강남으로 입력해줘"
3,"교수님꼐 온 메일 중요표시 해줘"
3,"밥 먹을 장소는 롯데리아로 입력해줘"
3,"김치냉장고 온도 좀 높여주겠니"
3,"칠월달에 온 메일 좀 검색해"
3,"그 듣기는 귀를 기울여서 들어야 합니다"
3,"읽은 메일은 모두 삭제해줘"
3,"그래도 유명한 교수님이니깐 수업 열심히 들어"
3,"커피숍에 들어가 있을테니 도착하면 안으로 와"
3,"실내에서 버너 사용 조심해 위험해"
3,"안방 불 좀 꺼줘"
3,"사장님하고 의논해서 지영씨 카운터에 있게 하기로 했어요"
3,"차고에 있는 자동차의 전기 충전을 부탁해"
3,"에어컨 희망온도 이십이도로 해주겠니"
3,"금요일 오전에 대전 출발 추가해"
3,"세탁 끝나면 알려줘"
3,"메일 도착 알람을 꺼줄래"
3,"주말에 집에 쳐 박혀 있지 말고 등산이나 가자"
3,"시끄럽다 조용히 해"
3,"엄마에게 온 메일 아빠에게 전달해줘"
3,"스피커 한 개만 나두고 다 꺼줄래"
3,"여름 휴가 계획을 추가해줄 수 있니"
3,"선풍기 운전모드를 미풍으로 바꿔줄 수 있니"
3,"오전에 있는 일정 전부 취소해줄 수 있니"
3,"고기만 드시면 안 좋아요"
3,"저녁 같이 합시다"
3,"휴지통에 있는 메일을 복구해줘"
3,"어제 회사에서 온 메일 검색해 줄 수 있니"
3,"남부순환도로에서 올림픽대로로 진입해야 돼요"
3,"거실에 제습 좀 틀어줘 "
3,"여기 드나드는 니 처남 신경 그만 쓰구"
3,"태블릿을 초기화 시켜줘"
3,"열시 십분에 비디오 녹화 해"
3,"어제 받은 쇼핑 메일 전부 삭제해"
3,"로봇 청소기 틀어줘 "
3,"광고 메일 모두 지워줘"
3,"팔월 십일 내생일을 추가해줘"
3,"자동차 관련 메일 확인해"
3,"에어컨 켜줄 수 있니"
3,"아침 여섯 시에 불 켜줘"
3,"받은 메일함 모두 지워줘"
3,"십이월 오일까지 납부 마감"
3,"내일 친구랑 영화보기 약속 취소해 줄래"
3,"새해에 온 메일 확인해줘"
3,"이십 분 후에 커피를 내려주겠니"
3,"두시간 후에 조명 자동으로 꺼지도록 예약해줘"
3,"이번 해외여행 기간을 이박 삼일로 줄여줘"
3,"일 오래하셨는데 그만 쉬세요"
3,"내일 아침에 청소하라고 일정 저장해줘"
3,"확인한 메일에서 이벤트메일 삭제해"
3,"논문 마감일 삼십일 전에 알림메일 보내줘"
3,"몸이 더 무거워지기 전에 바깥 나들이를 실컷한다"
3,"가스 밸브 완전히 잠가줘"
3,"그럼 편하게 하구 나오세요"
3,"유아교육 관련 메일 발송 확인해"
3,"쇼핑메일 검색해"
3,"공휴일에 온 메일 확인할수 있니"
3,"방금 메일 보관 처리해줄래"
3,"주거래 은행을 하나 정해 놓는 것이 유리할 거야"
3,"라디오 좀 꺼라"
3,"동창과 만나는 장소 명동으로 추가해줘"
3,"라디오 소리 팔십으로 맞춰주겠니"
3,"오늘 오후 일곱시 이후 알람 전부 꺼줄래 "
3,"보낼 편지함의 모든 메일들을 지워줄 수 있지"
3,"아직은 가을이 좀 남았나봐 어서 가을 구경 하고 와"
3,"내일 오전 아홉시에 도서관가기 일정 추가해"
3,"불필요한 대기전력 차단해 줄수 있니"
3,"한국행 비행기를 팔월 십오일로 저장해줘"
3,"동생 입영날짜 십이월 일일이라고 적어줄래"
3,"오늘은 그냥 푹 쉬자"
3,"차고의 자동차의 시범운행 기능을 작동시켜줘"
3,"오전 열한시에 환기 좀 시켜줘"
3,"나중에 방송국에서 보면 웃으면서 서로 잘 지냈냐 어떠냐 안부도 묻고 그렇게 지내자 "
3,"거실에 불 꺼줄수있니"
3,"세탁기를 삼십 분 후에 돌려주라"
3,"작은방 온도를 높여주렴"
3,"화장실 불 꺼 줘"
3,"보일라 꺼"
3,"팔일까지 입금마감 스케쥴 추가해주겠니"
3,"보일러 온도를 사십도로 맞춰"
3,"요즘 카드 때문에 난리더라 너도 조심해"
3,"프로젝트 관련 문의는 사무실로 직접 전화 주시기 바랍니다"
3,"서울에서 대전으로 가는 도로 상황을 알고싶어"
3,"지마켓에서 온 메일을 모두 지워줘"
3,"오후열시에 거실 조명을 켜줘"
3,"안 읽은 메일을 비워줘"
3,"피곤한데 사먹지"
3,"안방에 불을 꺼줘"
3,"방금 온 메일 피피티 자료 메일함에 넣어줘"
3,"날씨도 맑고 하늘도 깨끗하고 좋은데 야외로 놀러가자"
3,"스피커 볼륨을 낮춰줘"
3,"보험이라는 글자가 들어간 메일 전부 스팸 처리 해줄래"
3,"뭐하고 지내냐 학원 다시 나와 선생님이 걱정하시잖아"
3,"방금 전에 열어본 메일을 다시 열어줘"
3,"무드등 켜줄 수 있니"
3,"선풍기 한시간후 정지시켜줘"
3,"베란다 조명 켜져있으면 꺼줘"
3,"스피커 저음 파트 좀 키워줄래"
3,"방금 온 메일 팀원들에게 공유해줄래"
3,"혈압이 높으니 마음을 편하게 유지 하도록 하십시오"
3,"다음주 화요일 워터파크 일정 추가해줘"
3,"티비 좀 켜줄수 있니"
3,"나중에 쇼핑하러 갈까"
3,"이번 달 쇼핑 이메일 전부 삭제해줄래"
3,"식기세척기 사용 조심히 해"
3,"이제 잠수 끝 얼굴 좀 보자"
3,"메일함에 있는 메일 모두 지워줄 수 있니"
3,"자가용은 웬만하면 가져 오지 말도록 해"
3,"난방 온도를 삼 도 올려줘"
3,"내일 과제 데드라인 수요일로 미뤄줘"
3,"보일러 온도 좀 올려주겠니"
3,"오늘 온 이메일 있는지 확인하고 있으면 제목 알려줘"
3,"저번주에 온 이메일은 다 삭제해줘"
3,"유월 십삼일날 온 메일좀 복구해줘"
3,"로봇청소기로 거실 한번 쓸어줘"
3,"부엌 뒷베란다 셔텨 올려"
3,"우리 시험 끝나고 놀러 가자"
3,"아니다 녹차 마셔라 "
3,"메일 내용을 번역해줘"
3,"쉴 때 에너지 충전 많이 하세요"
3,"오일전에 온 메일좀 검색해줘"
3,"벽난로 작동시켜 줄 수 있니"
3,"너 통장으로 계좌이체 했으니까 확인해봐"
3,"빌려주기로 한 음반 내일 꼭 가져와"
3,"욕조 물은 삼십도 정도로 해서 틀어줄래"
3,"냉장고 파워냉동모드로 바꿔줄 수 있니"
3,"이주전에 보냈던 메일만 보여줘"
3,"스팸메일함의 메일을 전체메일함으로 옮겨줄 수 있니"
3,"스팸메일함의 메일을 전체메일함으로 옮겨줘"
3,"칠월에 온 메일 모두 검색해줘"
3,"이번 주 금요일에 선생님과 면담 일정 추가해줘"
3,"티브이 음소거좀 해줄 수 있어"
3,"이번주 목요일 열한시에 피아노레슨가기 일정 추가해"
3,"인덕션 껴줄 수 있니 "
3,"고생했는데 오늘 저녁 회식이나 합시다"
3,"휴지통에서 시험자료메일 복구해줘"
3,"너무 졸려서 그러니 한시간 뒤에 나 좀 깨워줄래 "
3,"내일 제주도 출장 일정을 추가할 수 있니"
3,"집 환기 좀 시켜줄 수 있니"
3,"나 백화점에 옷 환불하러 가야 하는데 같이 가주라"
3,"내일 오전 일곱시에 알람 설정해"
3,"환풍기 꺼줘"
3,"에헤헤헤 얘가 왜 이럴까 그만 하라니까 얘가 낼 전화할게 "
3,"매년 칠월 칠일 생일 다 삭제해줘"
3,"너 자꾸 빨간 불일 때 건너지 마"
3,"작년 어제 날짜에 받은 메일 확인해줘"
3,"오늘 아침 회의 내일도 동일하게 추가해줄 수 있니"
3,"일곱시 되면 노래켜줄 수 있겠니"
3,"저번주 메일 다 삭제해줘"
3,"공기청정기 좀 켜줄래"
3,"내게 쓴 메일 정리해줄래"
3,"거실로 가"
3,"오늘 오전일정 취소해주겠니"
3,"소셜 메일 라벨 처리해 줘 "
3,"아프면 약을 처먹든가"
3,"택시 타고 들어와"
3,"십 분 뒤면 은행 문 닫는다고 하니 빨리와"
3,"다다음주 금요일 저녁약속은 이태원으로 입력해줘"
3,"염색약이 독하대 염색은 되도록 안 하는 게 좋아"
3,"회사에서 온 메일들은 따로 저장해줘"
3,"영양제를 한 대 맞고 가세요"
3,"매일 아침마다 나와 같이 동네 한 바퀴 뛰는 거다"
3,"관할서 강력팀은 현장 출동해서 수상한 사람은 없는지 지켜보고 서울청 팀은 손님으로 잠입한다 "
3,"화장실 환풍기 작동시켜줘"
3,"티비 볼륨 좀 낮춰줘"
3,"배송 관련 메일 다 삭제해줘"
3,"내 방 조명 꺼줄 수 있니"
3,"스팸 메일 설정에 야동이라는 단어 추가해줘"
3,"에어컨 세 시간 뒤에 꺼줘"
3,"스팸메일함에 있는 이메일 전부 삭제해줘"
3,"얼어붙지 않도록 세차하실 때 조심하세요"
3,"정상까지는 차로 들어갈 수 없으니 이쯤에서 차를 세워두자"
3,"오전에 온 메일 검색좀 해줘"
3,"교수님이 메일 수신확인 하시면 문자로 알려줄래"
3,"블라인드 반만 쳐 줘"
3,"둘째주 넷째주 화요일 저녁 아홉시에 모임 일정 추가해줘"
3,"지금 가장 최근에 온 메일 과제함 메일폴더로 옮겨"
3,"집에 불 전부 꺼줘"
3,"전기드럼의 전원을 모두 연결해 줄래"
3,"건강 관련 소식 메일 확인해"
3,"다음주 금요일 출국 일정 삭제해줘"
3,"교수님께 보낸 메일 확인해줘"
3,"뒷베란다 문을 잠궈주라"
3,"메일보낼때 다 파일 첨부해서 보내줘"
3,"텔레비전 한시간 뒤에 꺼지도록 예약해줘"
3,"책상 스탠드 밝기 좀 줄여줘"
3,"내일 오후에 서비스센터 방문 일정 추가해줘"
3,"미안하지만 내 눈 좀 보시겠어요"
3,"대출할 때 최고의 싼 금리를 제공하는 금융기관을 찾는 게 중요해"
3,"매주 수요일 열두시에 실험실 점심 입력해줘"
3,"십분 전에 온 메일에 중요표시를 해줘"
3,"켜져 있는 모든 불 꺼줘"
3,"손 내밀어"
3,"밤 열두시에 모든 방 불 꺼줘"
3,"오늘 아침 일곱시에 시어머니께 전화해"
3,"스팀로봇 청소기 작동 시킬래"
3,"오 분 뒤 버스가 출발하니 서둘러 탑승하시길 바랍니다"
3,"광고성 메일을 모두 삭제 부탁해도 될까"
3,"유월 이십 사일에 생일잔치 합니다 꼭 오세요"
3,"다음 해에 같이 학교 다니기로 해"
3,"졸업 전시회가 곧 열려 놀러 와"
3,"이번 스승의 날에는 선생님 꼭 찾아 뵙자"
3,"신발장 센서등 좀 켜줘"
3,"따라오지 마 새끼야"
3,"잊지마"
3,"지하 불 켜줘"
3,"친구한테서 온 메일 답변좀 해줘"
3,"다음 달 모든 월요일 일정들 다 취소해줘"
3,"십 오 분 뒤에 안방 불 꺼줄래"
3,"학회 관련 메일을 읽어줘"
3,"가장 최근에 온 메일 발신자 차단해줘"
3,"부품 사업을 확대 합시다"
3,"십분 전에 온 메일에 중요표시를 해 줄 수 있니"
3,"제목에 중요라고 되어 있는 이메일들 다 남겨줘"
3,"보내 주께 한번 봐봐"
3,"내일 저녁 약속은 사당으로 변경해줘"
3,"새로나온 재즈곡 틀어줄수 있니"
3,"허리를 펴줘야 삭신이 풀리지"
3,"티비 좀 켜줄 수 있니"
3,"티브이 볼륨 낮춰줄 수 있니"
3,"오늘 찍을 장비가 왜 섭외가 안돼 쓸데없는 말말고 무조건 섭외해 무조건 "
3,"어제 온 이메일 알았다고 회신해줘"
3,"친구들 생일을 스케줄러에 동기화 시켜줘"
3,"이번 주 일요일 상견례 일정 잡아줘"
3,"메일에 주소록 전부 지워줘 "
3,"침실의 조명 밝기 좀 낮춰줘"
3,"내일 잡혀있던 과외 일정 취소해라"
3,"샤워 하면서 몸 좀 풀어"
3,"어서 와야돼 모두 오셨어"
3,"지난 주 메일 중에 미팅 관련 메일 찾아줘"
3,"저번주에온 메일 전부 스팸처리해줘"
3,"유아의 손이 닿지 않는 곳에 보관하여 주십시오"
3,"회사에서 온 메일 수신 거부 해제 할 수 있니"
3,"오늘 오후 여덟시에 친구와 헬스장 가기 일정 추가해"
3,"눈 온다던데 장갑이랑 모자 챙겨와"
3,"내일 미팅 스케줄 세시간 전에 알림해줘"
3,"잊지마"
3,"화장실 환기구 좀 켜줘"
3,"회사에서 온 메일 학교로 전달해줘"
3,"난방을 틀어줘"
3,"주식이 무조건 어렵다는 편견을 버려"
3,"현관문 잠궈 줘"
3,"오는 식목일에는 나무를 열 그루씩 심도록 합시다"
3,"휴지통을 모두 비워줘"
3,"추우니까 옷 두껍게 입고 나가"
3,"딸 방에 있는 제습기 전원 꺼줘"
3,"읽은 메일은 모두 지워줘"
3,"열흘 전에 온 메일들 지워줘"
3,"연기 안되잖아 그만하지"
3,"너도 동전 모으기 한번 해봐 꽤 짭짭한 수입이야"
3,"이 메일 주소 저장해"
3,"행동 조심하라고"
3,"휴지통에 있는 삭제된 메일 복원 해줘"
3,"아이티 분야로 한 번 시도해 봐"
3,"컴퓨터 전원 꺼줘"
3,"식기세척기 전원을 켜 줄 수 있니"
3,"은행에서 온 메일은 중요폴더로 이동 시킬수 있니"
3,"추운데 등산가면 야 뇌졸중으로 쓰러져 조심해"
3,"서재 온도 좀 높여주렴"
3,"내일 저녁 가족모임 일정 취소해라"
3,"드럼세탁기의 액티브워시 버튼을 눌러라"
3,"베란다 불 꺼줘"
3,"에어컨 송풍모드 틀어줄래"
3,"다음주 수요일에 이 메일 예약 발송해줘"
3,"회의시간에 맞춰 참석하여 주시기 바랍니다"
3,"핸드폰을 가지고 와서 충전기에 꽂아라"
3,"오늘 저녁 아홉시 친구와 카지노 가는 일정 추가해"
3,"회사에서 온 메일을 전부 검색해줘"
3,"침실방 조명 취침모드로 변경 가능하니"
3,"메일 수정해 줄 수 있니"
3,"저녁에 만날 때 내가 빌려줬던 옷 가지고 와라"
3,"화장실 불 좀 켜줘"
3,"부산 대마도 간 훼리 예약취소"
3,"스텐드 불 꺼줄 수 있니"
3,"송금을 하기 위해서는 자유입출금식 통장을 개설하는 게 좋아"
3,"보일러 온수로 켜"
3,"스팸메일함에 있는 발신자 전부 차단해줄 수 있겠니"
3,"파일 첨부해줄 수 있니"
3,"내일부터 술도 줄이세요 약속해요"
3,"유월말에 야유회 일정 넣어줘"
3,"새로운 메일 폴더 하나 만들어줘"
3,"아기방 씨씨티비 화면 보여줘"
3,"내일 점심약속 취소"
3,"스터디에 오기 전에 미리 예습 하고 오세요"
3,"어제 보냈던 메일 수신 확인해줘"
3,"고양이와 함께 거실에 가 있어라"
3,"나랑 얘기해"
3,"안읽은 메일 스팸메일함으로 옮기고 발신자를 스팸목록에 추가해줘"
3,"내일모레 오후 여섯시에 저녁운동가기 일정 추가해"
3,"내일 여섯시반 만화방 책반납일정 추가해"
3,"현재 고속도로 최대 정체구간을 알고싶어"
3,"미팅 관련 메일 내용을 메모장에 저장해줄 수 있니"
3,"내일 오전 열시에 치과가기 일정 추가해"
3,"나오지 않으시면 저희 밤새 활주로 뱅뱅 돕니다"
3,"스팸 메일 좀 자동으로 분류해 줄래"
3,"먹고 찍다가 저녁에 올라오자"
3,"엔비에이 최다 득점왕 기사 검색해다오"
3,"언니에게 온 첨부파일 엄마에게 전달해줘"
3,"내일 오전에 조조 영화 보기 추가해"
3,"이번 달 마지막 금요일 토요일에 동아리 엠티 일정 넣어"
3,"나 체한 것 같아요 약 좀 사다줘요"
3,"무조건 서로 칭찬하는 거 잊지 말고 무조건 촬영도 재밌다고 하고 부상 얘기 나오면 별일 아니라고 해 "
3,"환기 좀 시켜라"
3,"에어컨을 키고 온도를 최저로 해 줄래"
3,"스케쥴표 사진으로 보내줘"
3,"냉장고 냉장실 온도 오도만 낮춰줘"
3,"이번에 우리 취직하자 동현아"
3,"회사에서 온 메일을 모두 삭제해라"
3,"너두 청약 걸어"
3,"오전 여섯시에 안방 불 켜줘"
3,"오늘 잊지 말아요"
3,"더워도 배는 꼭 덮고 자"
3,"거실 스탠드 조명 꺼"
3,"괴로워 하지마"
3,"시디를 바꿔라"
3,"오늘 온 메일 모두 가족들에게 전달해줘"
3,"너무 비싸요 다시 한번 가격 조정 부탁 드립니다"
3,"메일함 용량 늘려줄래"
3,"내일 가족모임 일정 취소해라"
3,"숨은 참조로 이동해줄래"
3,"티브이 아침 아홉시에 켜줄 수 있겠어"
3,"다음주 월요일 영화 일정 추가해줘"
3,"잊지마"
3,"노트북 꺼줄래"
3,"전자레인지 우유병 소독 시작해주렴"
3,"구월 삼일 오후 두시에 미팅 추가해줘"
3,"큰 방으로 건너와"
3,"스팸메일함을 비워줘"
3,"베란다 조명 밝기 내려줘"
3,"새 메일 읽어줘"
3,"매주 월요일 저녁 여섯시 회의 일정 추가해"
3,"우리는 모두 하나로 뭉쳐야만 버텨낼 수 있습니다"
3,"공식을 이해해야지 외우지 마라"
3,"오늘 종강이래 학교 꼭 와"
3,"택배 관련 메일 중요 메일함에 넣어줘"
3,"백 도로 예열해 주겠니"
3,"주영이 들어올 때 잔잔한 음악 틀어 줄래"
3,"오늘날짜로 보낸편지함 모두 검색해주겠니"
3,"저번주 화요일에 온 메일 좀 검색해줘"
3,"부엌에 있는 불 좀 줄여줘"
3,"친구 모임 장소는 학교 앞으로 해줘"
3,"폭염 관련 뉴스 검색해줘"
3,"미팅관련된 메일 매주 월요일 자동으로 전송해줘"
3,"차단 메일함 열어줘"
3,"작은방 스탠드 조명 켜줘"
3,"주말 아침 여덟 시에 알람 추가해줘"
3,"명동 지점에서 뵙도록 하죠"
3,"우리 스터디 짜서 같이 공부할까 "
3,"지운 메일 중에서 회사에서 온 메일만 복구해줄 수 있니"
3,"애들은 앞좌석에 태우지 말고"
3,"주말에 촌에 감 따러 매형이랑 같이 내려와요"
3,"플라스틱 렌즈로 만든 돋보기라도 기성품 돋보기는 구입하지 않는것이 좋다"
3,"저저번주 화요일에 온 편지 좀 찾아줄래"
3,"솔직히 말해"
3,"제목이 제목없음인 메일 모두 삭제해줄 수 있니"
3,"내일 아침운동 아홉시로 변경해줘"
3,"에어컨 제습 기능으로 틀어줘"
3,"무시 하지마"
3,"매일 아침 여덟 시에 에어컨 자동 작동이 설정되어 있는지 확인해"
3,"아침 아홉시 스마트 이불 정돈해 "
3,"너무 떨지 말고 연습한대로만 해"
3,"담주에 동기 모임 건대로 설정해 줄 수 있니"
3,"이번 달은 비가 많이 와서 홍수피해 예방해야 해"
3,"비회원 상담 신청 후 선생님과 상의 후 진행 바랍니다"
3,"오늘 약속을 다음주로 미뤄줘"
3,"방금 온 메일 메일 보관함으로 옮겨줄 수 있겠니"
3,"화 내지마"
3,"나 이번에 곗돈 타면 그 돈으로 사업해 봐"
3,"약속의 중요성을 일깨워주는게 좋지 않을까요"
3,"주식투자 하기 전에는 욕심을 버려"
3,"화장실 조명을 어둡게 해줘"
3,"편하게 만나도 되는 애들이랑 만나"
3,"인덕션 꺼줘"
3,"이 메일을 스팸 처리해줘"
3,"이번주 목요일 오후 여덟시 영화관람 일정 추가해"
3,"안 읽은 메일 좀 지워주겠니"
3,"별로 한 것도 없는데 오늘 종일 쳐지는 기분이야 너라도 힘내"
3,"그 영화 티켓은 네가 예매해줄래 "
3,"오늘 여섯 시 영화 약속 장소 롯데시네마로 바꿔줘"
3,"조명 밝기 조금만 낮춰줘"
3,"부장급 회의니까 참석해"
3,"텔레비전 볼륨을 높일 수 있니"
3,"읽지 않은 메일을 모두 삭제해줘"
3,"주식 할 때는 너만의 투자 철학이 필요해"
3,"금연 금주 하지마"
3,"오늘 한시에 친구와 점심약속 일정 추가해"
3,"지금 켜진 불 전부 다 꺼줄 수 있니"
3,"흐름이 너무 불규칙한 소형주도 관심을 두지 않는 게 좋아"
3,"모든 방에 있는 불 켜줄수 있니"
3,"냉장고 온도 낮춰줄 수 있니"
3,"이렇게 더운 날은 이열치열이라고 삼계탕이나 먹자"
3,"가스레인지에 불 좀 꺼줘"
3,"오전 열시에 창문 좀 열어줘"
3,"이번 주 수요일 함께 저녁 먹고 싶습니다"
3,"한달간 월수금 아침 여덟시에 운동 일정 넣어줘"
3,"너는 종업원들을 좀 더 잘 대할 필요가 있어"
3,"집에 있는 모든 불을 꺼줘"
3,"다음주 미팅 한 시간 전에 알람을 설정해줘"
3,"흥분하지 마세요 "
3,"일주일 전에 온 스팸메일 확인해줘"
3,"티비 소리 오십으로 낮춰주겠니"
3,"이번주 토요일 오전 열시에 공항가기 일정 추가해"
3,"에스케이 여자 골프에 관한 기사를 찾아줄래"
3,"저번 주에 회사에서 온 메일 검색해"
3,"내일 저녁 일곱시 예약일정 추가해"
3,"어제 받은 승인 메일 검색해줘"
3,"지난 일정 모두 삭제해줘"
3,"휴지통에 있는 메일을 스팸신고해줘"
3,"모의투자랑 소액투자로 감을 익혀봐"
3,"사일 전에 온 이메일들좀 모아서 보여줘봐"
3,"욕실 온도를 이십도에 맞춰"
3,"할인쿠폰 마감 날이 이번 주야 그 전에 한번 가자"
3,"담주에 동기 모임 한시간 앞당겨줄 수 있니"
3,"포인트 메일 수신 확인해"
3,"티비 음량을 삼으로 줄여줄 수 있니"
3,"이번주에 남은 날들 스케쥴 다 지워줄 수 있니"
3,"지금 전자렌지 전원을 키고 삼분만 돌릴 수 있니"
3,"세탁기 끝나면 티브이 틀어서 알려줄 수 있니"
3,"어서 와 모두 모였어"
3,"세탁기 탈수를 십오분 동안 돌려줘"
3,"오늘 밤 열두시에 친구와 술약속 일정 추가해"
3,"커피포트 전원 켜줘"
3,"모레 오전 일곱시 수강신청 추가해"
3,"패밀리마트 앞으로 지금 나와"
3,"욕실 안 좀 보자"
3,"스피커 볼륨 삼십으로 해줘"
3,"컴퓨터 모니터만 꺼줄래"
3,"간접 펀드에 귀를 기울여봐"
3,"내일 스케줄 좀 요약해줄래"
3,"스피커 볼륨 십으로 해주겠니"
3,"내게쓴 메일함 정리해줘"
3,"내일 오전 예상되는 적설량을 알려줄래"
3,"지난주 친구 약속 알려주고 지난주까지 일정 지워줘"
3,"시월달에 보낸 메일 좀 검색해"
3,"다음주 미팅장소 신촌에서 일산으로 바꿔줘"
3,"강아지방에 환풍기 켜 줄래"
3,"이번주 토요일 한시에 친구 결혼식 일정 추가해"
3,"서재에 있는 조명 밝기 조절 좀 해주라"
3,"아이들부터 금융 환경의 중요성을 일깨워주자"
3,"이 메일을 읽음으로 표시해"
3,"오늘 밤부터 태풍이 온다고 하니 일찍들 귀가 하세요"
3,"학교에서 온 이메일을 모두 학교메일함 폴더에 넣어줘"
3,"자 시작하세요"
3,"다음 주에 콘서트 표 예매해놨어 같이 보러 가자"
3,"제목에 광고라고 적힌 메일들 모두 삭제해"
3,"내일 약속 미뤄서 다음주에 만나면 안될까"
3,"사은회 생사가 개최되오니 참석 부탁 드립니다"
3,"집전화 음성메세지 확인해 줄수있니"
3,"갈아 마셔 그럼"
3,"안방에 컴퓨터 꺼줘"
3,"보일러 외출로 바꿔주겠니"
3,"사람이 있는 방 빼고 불을 모두 꺼줄 수 있니"
3,"이 내용으로 단체메일 보내줘"
3,"주식 할 때 여유자금으로 하는 거 잊지 마"
3,"내일 오후 여덜시에 금식하기 추가해줘"
3,"멀티탭 중 두번째 전원만 꺼줘"
3,"임시보관함에 있는 최근 메일 열어줘"
3,"세탁기 작동 시작 해줄 수 있니"
3,"차 타 앙탈 그만 부리고"
3,"집에 티비 켜져있으면 꺼줘"
3,"외출하면 가스불 잠궈줘"
3,"보낸편지함 비워줘"
3,"보낸 메일함 다 지워줄 수 있니"
3,"지하실 불을 꺼줘"
3,"중복되는 메일은 중요 메일로 처리해줘"
3,"안 읽은 메일만 모아서 보여줘"
3,"오분뒤에 컴퓨터좀 켜줘 "
3,"해약 하려면 그 은행 삼층에 가야해"
3,"매달 마지막날 기부일 송금 일정 입력해줘"
3,"사업해서 돈을 많이 벌었다면 사회를 위해서 써봐"
3,"헬스 꾸준히 해 근육 좀 키워"
3,"친구에게 온 메일을 삭제해줘"
3,"이번주 수요일 사촌동생과 놀이공원 일정 취소해줘"
3,"이번주 저녁약속 다 취소해줘"
3,"거실에 불 밝기 좀 낮춰줘"
3,"메일을 모두 전부 읽음으로 표시해줘"
3,"티비 세시간 예약설정 해줘"
3,"올해 수능 언제인지 찾아보고 수능 보는 날에 메모 부탁해"
3,"발신함 삭제해줄 수 있니"
3,"원 플러스 원 행사로 하나를 사시면 하나를 더"
3,"무리하지 말고 갖고 있는 돈에 맞춰서 투자하세요"
3,"오는 길에 마트 들를 건데 필요한 거 있음 문자 주세요"
3,"보일러 좀 꺼주겠니"
3,"새벽 두시에 에어컨 꺼줘"
3,"집에 있는 물 다 꺼줄 수 있니"
3,"할머니께 사랑한다고 보내줘"
3,"좋은 과외 선생님 소개 시켜 줄래 "
3,"이번주 주말 친선경기 일정 삭제해"
3,"오전 아홉시에 티비 켜줄수있니"
3,"강세 시장에서 뒤늦게 움직이는 주식에 주목해"
3,"타려고 하는 지하철의 색깔만 따라가면 돼"
3,"이번주 토요일 점심에 전시회 약속 잡아줘"
3,"선생님께 축하해주셔서 감사합니다라고 보내줘"
3,"공부 모드로 해줄래"
3,"만날 장소는 스타벅스로 입력해줘"
3,"꾹 참고 살자"
3,"오늘 모임은 사장님이 주최야 꼭 가자"
3,"첫 째 아이가 뭐하고 있는지 좀 보여줘"
3,"읽지 않은 메일 제외하고 모든 수신 메일 지워줘"
3,"읽은 메일 모두 휴지통으로 보내줘"
3,"컴퓨터 업데이트 하지 말아 줄래"
3,"메일 수신 신호를 음악으로 바꿔 줄래"
3,"거실 불 꺼줄 수 있니"
3,"작성 중인 메일 임시보관함에 넣어줘"
3,"스팸 메일함 비워줘"
3,"나랑 같이 스쿼시 배우러 다니자"
3,"화장실에 환풍기 꺼주겠니"
3,"공부할 때는 뚜렷한 목표를 세워"
3,"스피커 좀 꺼주겠니"
3,"차가 많이 막히니까 퀵서비스 부르자"
3,"안방에 불 꺼줘"
3,"된장같은 발효식품이 건강에 좋아"
3,"거실 에어컨 온도 낮춰라"
3,"냉장고 급속 냉동 모드 설정해줘"
3,"에어컨 풍량을 올려줘"
3,"내일 오후 다섯시에 자동차정비 예약해"
3,"보낸 편지함 모두 지워줘"
3,"오늘 뉴스 들려줄래"
3,"일요일 저녁 여덟시에 온라인 미팅 입력해"
3,"어제 받은 메일에서 첨부함 열어줄래"
3,"아빠한테 온 메일 읽어줄래"
3,"한 시간 후에 제습기 꺼줘"
3,"금리와 원 달러 환율을 고려해 봐"
3,"내일 오전 결혼식 일정 추가해줘"
3,"이왕 해야 되는 거면 마음 여유롭게 가지고 해"
3,"복도 불 꺼줘"
3,"베란다 문 좀 열어줘"
3,"임시 보관함에 있는 메일 보내줘"
3,"오늘 저녁약속 취소해줘"
3,"백 미터 앞 좌회전 입니다"
3,"비 오는 날에는 예쁜 장미를 사"
3,"칠월달 할 일을 브리핑해줘"
3,"히터는 이십팔도로 맞춰줘"
3,"끝나는 시간은 열한시로 입력해줘"
3,"두시간 뒤에 토끼 톱밥 사는거 잊지 않게 알림 추가해줘"
3,"리포트 월요일까지 꼭 내주세요"
3,"부엌 밝기 낮춰줘"
3,"삼일 전에 온 메일 모두 읽음 처리해줄 수 있니"
3,"택배 배송 관련 메일 삭제해줘"
3,"다른 일이 생겨서 약속을 다음으로 미뤘으면 해요"
3,"매트릭스 일편 틀어줘"
3,"철저히 따져보고 약속하자"
3,"다섯달 전에 온 메일 좀 검색해"
3,"밀린 세금은 이번 주 안으로 납부하세요"
3,"제습기 작동시켜줘"
3,"티비 전원 켜줘"
3,"여섯시간마다 약먹으라고 해줘"
3,"개인정보 있는 메일 삭제해"
3,"팔월 삼십일 엄마 생일 추가해"
3,"칠월 삽십일 휴가일정 부산으로 지정해줘"
3,"애니 짐도 가지고 오고"
3,"안방에 있는 조명 다 켜줄수 있니"
3,"임시보관함에있는 메일들 모두 삭제해줘"
3,"교수학습개발센터로부터 온 메일을 전부 삭제해줘"
3,"전에 빌려 준 돈 이번 주까지 좀 갚아"
3,"교수님한테 온 메일 조교님한테 공유 부탁해"
3,"화장실 환풍기 틀어줘"
3,"주식에 빠지는 건 위험해"
3,"금요일 오후 회사 면접 일정 추가해"
3,"오늘부터 일주일동안 에어컨 컨센트를 꺼 줘"
3,"일주일 지난 메일은 다 지워줘"
3,"다음주 저녁은 아무 약속 잡지 말라고 써놔줘"
3,"오후 아홉시 도착으로 예약해"
3,"비행기 티켓관련 메일을 검색할수 있니"
3,"실내를 어둡게 해줘"
3,"오후 네시에 로봇청소기 작동시켜줘"
3,"세탁기를 삶음으로 돌려 주겠니"
3,"오늘 영하 오도니까 옷을 단단히 챙겨 입어 "
3,"받은 메일함에서 보험으로 검색해줘"
3,"집의 불 다 꺼줘"
3,"저쪽 나무 앞에서 일단 빨간 차 추월하고 삼번차를 코너돌때 추월하고 길가 쪽으로 달리면 제가 캇 할때까지 그냥 전속력으로 길가 쪽으로 "
3,"그저께 세금계산서 발행 메일을 확인해줄 수 있니"
3,"제일 최근에 보낸 메일 수신확인 좀 해줘"
3,"네이버에서 온 메일 찾아 줄수있니"
3,"관절의 유연성을 기르는 것이 중요해 "
3,"한시간 후에 안방 보일러 꺼줘"
3,"이번 주 토요일 과외를 일요일로 미루자"
3,"헹굼 세 번 해줄래"
3,"내가 보낸 메일함에 있는 이메일 모두 지워줘"
3,"선풍기 세기 약하게 해줘"
3,"십일월에 온 메일 모두 검색해줘"
3,"너 사채는 절대로 쓰면 안돼"
3,"에어서울에서 온 메일들 중요표시해줘"
3,"어제 삭제한 매일 모두 복구해줘"
3,"불을 어둡게 해 줄 수 있겠니"
3,"거실 에어컨 한시간 예약해줘"
3,"밤 열두시에 모든 방 불 꺼줄수있니"
3,"수요일에 보기로 한 것 잊지 마"
3,"욕조에 따듯한 물 받아줘"
3,"선물옵션 시장을 주시해봐 답이 나올 거야"
3,"로봇청소기 좀 충전해 줄 수 있니"
3,"메일 좀 보내줄래"
3,"이 주소를 스팸 필터에 넣어"
3,"보일러는 사십도로 맞춰주겠니"
3,"커피 끓이게 가스불좀 켜줘"
3,"오늘 회사에서 온 메일을 동생에게 전달해줄 수 있니"
3,"일년 이상 읽지 않은 메일들을 삭제해"
3,"쇼핑몰에서 온 메일들 전부 삭제해줘"
3,"비가 많이 오면 감전위험이 있다니까 조심해"
3,"칠월 이십육일에 누나 생일 미리 알려줄래"
3,"차가지고 야외로 놀러 가자"
3,"내일부터 백화점 세일인데 같이 쇼핑 갈래 "
3,"기다리지마"
3,"주소록에서 빼줘"
3,"오늘 문의 온 메일을 검색해줘"
3,"주식 투자는 여윳돈이 없으면 절대 하지 마"
3,"내방 저장된 화면 좀 보여라"
3,"오늘보낸 메일 지워줘"
3,"오늘의 코디 관련 메일을 검색해 줄수 있어"
3,"대신 나의 안부를 그 사람에게 전해주세요"
3,"오늘 보낸 메일 수신 확인 좀 해줄래"
3,"김치냉장고 온도를 내려줘"
3,"거실에 향기 뿌려 줄수 있니"
3,"참조로 온 메일 확인해줘"
3,"아이맥을 켜서 바탕화면 음악을 실행시켜줘"
3,"어제 받은 메일 다 지워줘"
3,"보낸사람을 주소록에 추가해줘"
3,"오후 열시에 라디오 좀 틀어줘"
3,"거실 불 저녁 열시에 꺼줘"
3,"이번 주말 내내 부산 여행 일정 추가해"
3,"자동청구서함 이메일 모두 지울 수 있니"
3,"티비 밝기를 제일 낮게 해줘"
3,"저녁 일곱시가 되면 알려줘"
3,"페로텍과의 미팅 금요일 오후 한 시로 잡아 주세요"
3,"부장님께 어제 작업한 자료 보내줘"
3,"지난 주에 수신한 메일중에 수신 메일만 보여줄 수 있니"
3,"최근 보낸 메일 삼십개 말고 다 지워줄 수 있니"
3,"보일려 켜줘"
3,"학회 관련 메일을 읽어 줄수 있을까"
3,"우리 시험 끝나고 찜질방 가자"
3,"발을 편하게 해줘요"
3,"어제 보낸 편지함을 삭제해줘"
3,"네이버 메일로 계정 전환해줘"
3,"첨부파일이 있는 메일 지워줘"
3,"할인쿠폰 있으니까 그리 가자"
3,"에어컨을 꺼줘"
3,"오늘 일정 모두 취소해줘"
3,"스팸메일함 비워줄 수 있을까"
3,"오늘 다섯시에 보낸 메일 부장님께 다시 보내줄 수 있니"
3,"요즘 요가가 유행이라는데 같이 배울까 "
3,"얼른 해"
3,"학부모 상담주간 일정을 다음주로 설정해줄래"
3,"엄마가 내 메일을 읽으면 알려줘"
3,"내일 모레 고등학교 친구들 빕스에서 보기로 했어 일정에 추가해"
3,"내일 일곱시 드라마 시작때 알람을 설정해 줄수 있을까"
3,"회사에서 온 메일 분류해 "
3,"보일러를 켜줘"
3,"잘 때 사진도 잘 찍어 주시고요"
3,"콜라 좀 주십시요"
3,"밤에는 무지 춥다니까 잠바 한개 씩 가져와"
3,"나 열쇠 놓고 왔어 수업 끝나면 바로 집에 와"
3,"자 시작하세요"
3,"약속은 반드시 실천하고 책임을 완수하여 신뢰감을 쌓아라"
3,"배정호가 보낸 편지 휴지통으로 보내"
3,"인덕션 좀 꺼줘"
3,"오늘 다섯시 교수님 면담 일정 추가해줘"
3,"이번주 금요일에 탁구대회 일정 추가해"
3,"영어로 된 메일 전부 지워줘"
3,"최근 보낸 메일 백개 말고 다 지워줄 수 있니"
3,"학과사무실 가서 결석계 받아 가"
3,"일일 무료 요리 강좌가 예정되어 있으니 참석하세요"
3,"임시 메일함에 있는 메일 발신해줘"
3,"우리도 접대 형식을 좀 바꿔 보죠"
3,"투자 자산 분산 차원에서 해외 펀드를 가입할 필요가 있어"
3,"식탁 불 꺼줘"
3,"비밀번호 재설정 화면으로 이동시켜줘"
3,"팔월 오일에 여자친구 생일 일정 추가해줘"
3,"내일 오후 여덟시 중학교동창회 일정 추가해줘"
3,"스마트 이불 따뜻하게 해줄수 있니 "
3,"에어컨 좀 약하게 해봐"
3,"작년 오월 오일 일정 내일 일정으로 등록해줘"
3,"리모콘의 위치를 찾아라"
3,"술 한잔 사줄꺼지"
3,"휴대폰 요금 관련된 메일 다 지워줘"
3,"에어컨 재습모드로 작동하게 해줘"
3,"공기청정기 켜줄 수 있니"
3,"프린터기를 잠자는 모드로 해 놓을 수 있니"
3,"내일 오후 일곱시에 가족 외식 일정 추가해"
3,"엄마 쉬는 날 가족 다같이 여행이나 한번 가요"
3,"너무 졸려도 갓길에서 차 세우지 마 위험해"
3,"카페에서 온 메일 전부 삭제해주겠니"
3,"확장자가 제이피이쥐인 첨부파일 저장해줘"
3,"신천역 옆 맥도날드 앞으로 나와"
3,"가스 벨브 잠궈 줘 "
3,"너무 일찍 약속 잡지 마 나 또 늦으면 뭐라 할 거잖아"
3,"학교도 잘 찾아가구"
3,"오늘 교수님께 온 메일 팀원들에게 공유해줘"
3,"강아지방에 노래 틀어 줄래"
3,"오늘 주요 경기 알리렴"
3,"비가 많이 오는지 확인해"
3,"별표된 편지함 열어줘"
3,"이번 달에는 생일쿠폰이 나오니까 함께 놀이동산에 가자"
3,"컴퓨터 켜줘"
3,"티브이 화면 밝기 두단계만 낮춰줘"
3,"티비 켜서 티브이엔 틀어줘"
3,"노래 소리좀 줄여줄래"
3,"동창회 관련된 메일 정리해줄 수 있니"
3,"화장실 불 꺼줘"
3,"오랜만에 모임이니 예쁘게 하고 나와"
3,"안방 에어컨 켜져있으면 꺼줘"
3,"가족 그룹에서 보낸 메일 중요 메일로 지정해"
3,"일곱시 되면 티비 켜주겠니"
3,"손전화하는 거 보면 엄마 혼나 낭중에 집으로 전화해 "
3,"십 분 후에 보일러를 꺼 줘"
3,"추석에 온 메일은 즐거운 한가위보내세요라고 답장해 줄 수 있니"
3,"은행에서 온 메일 확인해줘"
3,"집 절전 모드로 바꿔줄 수 있니"
3,"스팸 메일 좀 지워줘"
3,"냉장고에 얼음 다 얼면 알려줘"
3,"이번주 수요일 친구 결혼식 일정 추가해줘"
3,"일주일 전에 온 메일은 모두 지워줘"
3,"너의 당당한 포부를 만천하에 알려"
3,"현재 메일이 내일 오전 아홉시에 전달되도록 예약해"
3,"학교에서 온 메일을 검색해라"
3,"오늘 방문하기로 했던 서울기상청 일정을 취소해줘"
3,"냉방 모드로이십삼도로 틀어줄래"
3,"십이월 일일에 연주회일정 넣어주고 그날 일정 일정 알려줘"
3,"화장실 조명 밝기 높여줘"
3,"이번달에 마트 장을 본 기록을 입력해줘"
3,"카페에서 오는 메일은 모두 스팸처리해줘"
3,"주말에 교외로 드라이브나 가자"
3,"안방 조명 꺼주겠니"
3,"현관문 열어주라"
3,"현관 불 좀 꺼주겠니"
3,"지난달에 보낸 메일 검색해줄수있니"
3,"메일에서 합격자 발표 검색해줄 수 있어"
3,"네이션스컵에 관한 기사를 찾아줄래"
3,"모든 불을 다 꺼줘"
3,"두시간 후에 조명 자동으로 꺼지도록 예약해 줄 수 있니"
3,"내일 오후 네시에 전시회 일정 추가해줘"
3,"다음 달 둘 째주 토요일 콘서트 관람 일정 저장해줘"
3,"공기청정기 작동시켜줘"
3,"추워 문 닫어"
3,"거실 어지럽히지 마"
3,"장민하에게서 온 이메일을 가족메일함에 넣어줘"
3,"주방조명 줄여 줄 수 있니"
3,"교육 행정직도 괜찮다고 하니깐 한 과목 더 해봐"
3,"펀드들의 반응을 잘 살펴보고 와라"
3,"큰방 조명 밝기좀 밝게 해줘"
3,"오랜만에 모임이니 예쁘게 하고 나와"
3,"온지 한달 넘은 메일은 전부 삭제해"
3,"장학금 탔다며 한턱 쏴"
3,"다른 일이 생겨서 약속을 다음으로 미뤘으면 해요"
3,"오분 뒤에 전체 소등해주겠니"
3,"지금 온 메일 스팸신고해줘"
3,"오늘 오후 세시에 온 메일 답장해줘"
3,"수표 뒷면에 이서를 좀 해주시겠습니까"
3,"내일 보내도록 예약한 메일을 취소해줘"
3,"이 이메일을 심흔한테 보내라"
3,"캘린더에 한국 국경일과 공휴일을 모두 적용해"
3,"주소록으로 들어가 주겠니"
3,"회사 관련 메일 검색해줘"
3,"재활용품은 수요일 날 내 주세요"
3,"같이 잠깐 찬바람 쐬면서 커피 마셔요"
3,"내 것두 함께 예약해"
3,"금방 지운 메일 다시 복구해줘"
3,"밥 먹을 장소는 국수나무로 입력해줘"
3,"칠월 첫째주 토요일에 행사 일정을 추가해줄 수 있니"
3,"남자친구 생일 유월 삼십일 일정추가해줘"
3,"냉장고 온도 좀 낮춰주겠니"
3,"테니스 배우고 싶으면 나한테 와라"
3,"냉방 모드로 이십삼도로 틀어줘"
3,"이번주 토요일 오후 두시에 결혼식가기 일정 추가해"
3,"화장대 불 좀 껴줘"
3,"거실에 불 좀 꺼줘"
3,"메일 올 때마다 알람해줘"
3,"열쇠 가져가 조금 후 외출해"
3,"음주운전 하지마"
3,"예쓰이십사에서 온 메일 다 스팸처리해줘"
3,"로봇 청소기 돌려줘"
3,"세탁기 끝나면 알려줄 수 있겠니"
3,"에어컨 두 시간 후에 바람세기 약으로 줄여줄 수 있니"
3,"다음주 수요일 월차 일정을 추가해줘"
3,"포토샵 같은 것으로 작업하실 수 있으신 분 있으면 같이 해요"
3,"쇼핑몰 광고 메일 다 삭제해줘"
3,"스피커 볼륨을 꺼줘"
3,"사업계획서를 작성했는데 와서 좀 봐 줄래 "
3,"실패를 했다면 그 원인을 깨달아야 해"
3,"미군 파병 관련 기사를 찾아라"
3,"다음달 십육일에 친구생일 추가해줄 수 있겠니"
3,"자꾸 애 밖으로만 돌리지 말구"
3,"음주운전 하지마"
3,"광고 메일은 모두 스팸메일로 처리할 수 있니"
3,"광고 메일에 가까운 것들 자동으로 광고로 분류해줘"
3,"거실에 스피커 볼륨을 줄여줄 수 있니"
3,"사흘 후에 친구들한테 방금 작업한 한글 파일 전송해라"
3,"팔 아파 안 받냐"
3,"매주 월 수 금 헬스 일정 추가해줘"
3,"음악 소리 작게 해줘"
3,"만날 장소는 놀숲으로 입력해줘"
3,"스팸메일을 모두 삭제해줘"
3,"가만있어봐 우선 먼저 생각하고 움직이자"
3,"받은 메일들을 읽음으로 바꿔줄래"
3,"그럼 쉬어"
3,"인터넷 금융 사기의 유형들을 연구하자"
3,"유월 십일 기말고사 일정 다음에 동기모임 일정 추가해줘"
3,"첫월급 받아서 한턱 내"
3,"화요일에 온 메일들 다 지워줘"
3,"어제 학교에서 온 메일 보관함으로 옮겨 줄 수 있니"
3,"발신자가 에릿지아인 이메일을 모두 검색해줘"
3,"정말 완벽하게 익힌 후에야 분석과 투자에 나서도록 해"
3,"생선의 머리와 꼬리는 고양이에게 던져주라"
3,"고속도로라도 너무 빨리 달리지 말아요"
3,"이번주말까지 식료품 사기 일정 잡아줘"
3,"잘 선택해서 해"
3,"밥 사주기로 한 거 잊으면 안돼 알았지"
3,"에어컨 꺼줄래"
3,"내일 아침 아홉시에 교수님 면담 추가해줘"
3,"화장실 조명 꺼 줘"
3,"신발장 불 좀 켜주겠니"
3,"패턴 메이킹 의 기초부터 차근히 배우셔야 합니다"
3,"이 곡은 정말 끝까지 들어 주세요"
3,"내일 영화예매 시간표 확인 부탁해"
3,"온도를 십팔도로 맞춰 줄 수 있니"
3,"목욕탕에 같이 가지 않을래"
3,"커튼 좀 쳐줄래"
3,"잊지마"
3,"오늘 받은 메일들 모두 수신확인 메일 보내줄 수 있니"
3,"두 시부터 네 시까지 에어컨 틀어줘"
3,"난 자네의 그 제발이 아주 거슬려"
3,"이번주 토요일 두시 약속 빼고 다 취소해"
3,"소이 방에 십 분 뒤 알람 세 번 울려줄래"
3,"방금 받은 메일 읽어줘"
3,"부엌 조명 밝게 조절해줄 수 있을까"
3,"삼월달에 온 메일 좀 검색해"
3,"이십오일 공항택시 예약 확인해줘"
3,"현관문 좀 열어 주겠니"
3,"모든 불 밝기 좀 높여줘"
3,"혼자서 공부하기 힘들면 과외 선생님을 구해"
3,"귀찮게 하지 마라 "
3,"평일 오전 여덟 시에 등교 일정 추가해"
3,"지난주에 카페에서 온 메일은 모두 지워줘"
3,"예약 메일 보내줄래"
3,"회사로 부터 온 메일을 전부 별표해줘"
3,"메일의 알림을 모두 꺼줄 수 있니"
3,"조간 신문 왔는지 화면을 보여라"
3,"환기 해줄 수 잇니"
3,"내일 학생증 지참해야 시험을 볼 수 있데"
3,"예약한 것 아홉시로 변경해"
3,"매주 토요일 아침 열시에 알람 설정해줘"
3,"밤에 택시 타는 거 위험하니까 꼭 번호 적어놔"
3,"전화 요금 자동 이체 해 놓으면 좋아"
3,"예약 발송을 눌러줘"
3,"내리실 문은 우측입니다"
3,"지난주에 온 메일 모두 학교로 전달해줘"
3,"보낸 메일함 수신 확인해줘"
3,"실내 온도를 보여"
3,"모레 영어 스터디 모임일정 삭제해줄 수 있니"
3,"십년 후 이 캡슐을 같이 열어 보는 거야"
3,"육일에 있는 과제 제출 일정 구일로 옮겨주겠니"
3,"한의원에 한 번 가보세요"
3,"빨리 안보내"
3,"축구 동아리 모임 일정을 내일로 잡아줘"
3,"날씨 위젯에 해 비 구름을 이미지로 만들어줘"
3,"구십칠 점 오 메가 라디오 틀어줘 "
3,"우리 싸워도 각방 쓰지 말자"
3,"이십오 메가바이트를 초과하는 파일들은 모두 삭제해줘"
3,"더워도 배는 꼭 덮고 자"
3,"조금만 기다려"
3,"구월 이십삼일 사귀기 시작한날 추가해줘"
3,"한 시간 후에 공기 청정기 꺼"
3,"다음주 금요일 오후 여섯시에 개강파티 일정 추가해"
3,"받은 편지함에 있는 메일 전부 삭제해줄래"
3,"내일 오전 열시에 면접 일정 추가해줘"
3,"십이월 사일 바캉스 가자"
3,"한 시간 후에 이 메일을 발송해 주겠니"
3,"끊임없이 자기계발을 하도록 해"
3,"선생님이 뒤풀이 한다고 다 모이래"
3,"주말에 미술관 옆 동물원에서 만나는 걸로 하자"
3,"너는 확정 금리로 바꿔 타는 게 유리해"
3,"오늘 일정 메일로 회사에 보내줘"
3,"식기세척기 작동 시켜줄수 있니"
3,"저녁 여덟 시에 이십오도로 난방 켜 줘"
3,"라디오 좀 꺼줘"
3,"지난 달에 온 메일 중 임시보관함에 있는 것들을 모두 삭제시켜줘"
3,"집에 노래 틀어줘"
3,"국민과의 약속을 지키시오"
3,"티비에서 로맨스 영화를 찾아주겠니"
3,"티비 여덟시에 뉴스 예약해줘"
3,"잘 때 듣는 노래를 재생해 주겠니"
3,"방금 온 메일 발신인 스팸목록에 추가해줘"
3,"아직은 옷 두껍게 입어야 돼"
3,"메일 휴지통 비워줘"
3,"받은메일함 화면을 보낸 사람끼리 묶어서 보여줄래"
3,"양파가 나른 하게 익어가면 당근을 넣어 주세요"
3,"소이 방 에어컨 이십 오 도 맞춰줄래"
3,"멜론에서 온 메일 스팸신고 해줄 수 있니"
3,"이천십구년 일월 십오일 랩미팅 일정 추가해줘"
3,"비가 오는 날에 빨래를 하면 어떻게 하냐"
3,"기다려 곧 갈께"
3,"블루투스 스피커 볼륨 삼 높혀줘"
3,"핸드폰 무음 모드로 바꿔줘"
3,"휴지통에 삭제된 메일을 복구해줄 수 있니"
3,"방금 온 메일 회사 메일로  전달해줘"
3,"카페에서 오는 메일 차단해줘"
3,"먹기 좋은 크기로 잘라 주시면 되요"
3,"이번달 총 스케줄 보여주겠니"
3,"주식회사에 담당자와 통화해보세요"
3,"학교에서 온 메일 중에 안 읽은 편지가 있으면 읽음으로 표시해줘"
3,"방금 보낸 메일의 수신자를 주소록에 추가해"
3,"내일 봐라 "
3,"내일 오전 열시에 가족모임 일정 추가해줘"
3,"올해 사월까지 온 메일 전부 삭제하자"
3,"팔일에 있는 일정 전부 삭제해줘"
3,"세탁기 물 사십 오 도로 설정해 주겠니"
3,"병가 관련 메일 확인해줘"
3,"영화나 같이 보자 내가 예매 해 놓을게"
3,"너의 일에 대해서 항상 공부하지 않으면 뒤쳐지게 돼"
3,"에어컨 온도 좀 낮춰줄래"
3,"거실온도 이십도보다 낮으면 보일러 켜지게 해줘"
3,"칠월에 온 메일 모두 지워줘"
3,"안방 불 켜줘"
3,"스카이에듀 수험생 할인 이벤트 메일 삭제해줘"
3,"이건 내 비상금이야 꼭 갚아"
3,"복사본 좀 잘 보관해 두세요 나중에 필요할 거예요"
3,"임시보관함에 있는 메일 다 삭제해줘"
3,"오늘 오후 세시 친구랑 약속 추가해줘"
3,"밥솥에 밥해"
3,"무리한 욕심 부리지 말아"
3,"옆 반 가서 체육복 빌리구"
3,"오늘 월급날이지 한턱 쏴"
3,"오늘 일찍 들어오세요 여보"
3,"우리 스터디 짜서 같이 공부할까 "
3,"집에 있는 전자기계들의 모든 전원을 켜 줄래"
3,"노트북 한대 사줄꺼지"
3,"뉴스도 좀 봐 정부정책이 중요하대잖아"
3,"공기청정기 좀 틀어줄 수 있니"
3,"스즈키일권에 있는 바이올린 연주곡 들려줘"
3,"준기씨 말 좀 해라 차라리 화를 내시든가요 예"
3,"이번주에 온 메일 모두 학교로 전달해줘"
3,"울세탁 해주겠니"
3,"김 과장님 퇴근 후에 한잔 할까요"
3,"뜨거운 물로 샤워 하고 나오면 몸이 좀 풀릴 거야"
3,"이틀 뒤 한복맞추러 가는 일정 추가해"
3,"안 읽은 메일 다 읽음 표시로 바꿔줘"
3,"아침은 그냥 빵으로 대신하자"
3,"부엌에 환풍기 좀 켜주겠니"
3,"내일 회식에는 한 명도 빠짐없이 참석해"
3,"아이로비야 엄마 어깨 좀 주물러"
3,"방에 불좀 켜졌나 확인하고 꺼줘"
3,"괜찮다 싶으면 면접 약속하면서 만나봐"
3,"화장실에 환풍기 켜줘"
3,"여름에 야외 캠프에 같이 참여하자"
3,"십이월 십사일 오후 일곱시에 종강 파티 일정 추가해"
3,"보낸 메일함의 메일들을 모두 지워줄래"
3,"신나는 노래로 바꿔줘"
3,"창고에 환풍기 좀 켜줘"
3,"그만 울어"
3,"내일 오후 일정 취소해"
3,"철수한테 전화해주련"
3,"그거 주면서 보든가"
3,"장학금 들어간 메일들 따로 저장해줘"
3,"내일 점심 텝스 공부하기 일정 추가해"
3,"지난주랑 이번주랑 습도 비교해줘"
3,"갈 식당은 빕스로 입력해줘"
3,"대학 학점 교류가 늘던데 너도 신청 한 번 해 보던가"
3,"육류보다 채소류를 많이 먹어야 좋아 "
3,"휴양지 예약이 마감되었으니 다른 지역 검토 바랍니다"
3,"내 방에 에어컨 온도 낮출 수 있니"
3,"받은 메일함에 있는 메일 전부 삭제해줘"
3,"메일함에 있는 메일 다 앤드라이브로 옮겨줄 수 있니"
3,"광고 표시 된 메일 모두 수신거부 해"
3,"들깨 수제비 좋아 하시는분들한번 찾아가 보세요"
3,"오월에 온 메일 모두 동료에게 전달해줘"
3,"걸 그룹 노래 틀어줘"
3,"그 시간대는 길이 잘 막히니까 좀 더 뒤에 와"
3,"스팸메일함에 등록된 메일 모두 스팸 취소 처리 해줄 수 있니"
3,"모레 밤에 월드컵경기장역 오번 출구에서 보자"
3,"이틀 전에 학교에서 온 메일 있는지 검색해줘"
3,"산성비 맞지 않도록 주의해"
3,"스팸메일 차단해줘"
3,"다음주 월요일 소현이랑 두시일정 추가해"
3,"매달 구일 월급날 일정 추가해주겠니"
3,"고향 집에 도착하면 연락줘 기다리고 있을게"
3,"엠비씨에서 온 이메일은 모두 삭제해줘"
3,"칠월 십팔일 재무팀 팔층 이사 추가해줘"
3,"전에 빌려 준 돈 이번 주까지 좀 갚아"
3,"신용카드 쓰지 말고 체크카드 만들어"
3,"스노보드 꼭 한 번 타봐 후회는 없을 거야"
3,"첨부 파일 있는 메일만 보여줄래"
3,"작은방 방문 닫아"
3,"에어컨 바람 방향을 바꿔줘"
3,"메일 휴지통 모두 비우기 해"
3,"과속은 금물이야 천천히 와"
3,"거실에 있는 에어컨 꺼줘"
3,"작년에 온 메일 모두 찾아줘"
3,"읽은 메일 전부 지워줘"
3,"그만 긁어"
3,"안방 불 켜줘"
3,"첨부 기간 지난 메일 지워줄래"
3,"퇴근길에 슈퍼에 들르자"
3,"인덕션 꺼줘"
3,"이번주 일요일 오후 네시에 피씨방가기 일정 추가해줘"
3,"영어 메일 자동 번역해줘"
3,"내일 부터 나랑 운동장 두 바퀴씩 달리자"
3,"최근 일주일 안에 도착한 메일들만 보여줘"
3,"학교에서 온 메일 모두 읽음으로 처리해줘"
3,"광고 메일 중에 할인으로 검색해줘"
3,"이번 주 대구에서 있었던 일정 확인"
3,"친구야 나 노트 좀 빌려주라"
3,"환풍기 틀어줘"
3,"집 안 온도가 이십도가 되면 보일러 좀 틀어줘"
3,"해가 지면 거실에 불을 켜주겠니"
3,"머리 많이 아프면 밖에 나가서 바람이라도 쐬고 와"
3,"저녁에 만날 때 내가 빌려줬던 옷 가지고 와라"
3,"모든 불 다꺼줘"
3,"귀 아픈 거 참지 말고 빨리 병원 가"
3,"에어컨 꺼줘"
3,"공인회계사 메일 검색해"
3,"십 분 후에 집에 있는 조명들 다 켜줄 수 있니"
3,"지난주에 학교에서 온 모든 메일 읽음으로 처리해 줄 수 있니"
3,"저번주 수요일에 온 메일 좀 검색해 주겠니"
3,"거래처 미팅 오후 일곱시로 변경해줘"
3,"내일 저녁 야구장 가기 일정 추가해줘"
3,"나와 평생 함께 할 것을 약속해 주실래요 "
3,"이번주 금요일 토요일 제주도 여행일정 등록해"
3,"우리 오늘은 심야영화로 보자"
3,"교수님으로 부터 온 메일 좀 검색해"
3,"다음주 동창 모임 취소해줄 수 있니"
3,"영희야 배당보고 투자하면 절대로 안 돼"
3,"현관문 잠궈 줄수 있니"
3,"조명 좀 한 칸만 켜줄래"
3,"오늘 오후 세시로 가족식사 일정 추가해"
3,"티비 내일 아침 일곱시에 알람 설정해줘"
3,"이번 주 스케줄 요일별로 브리핑해줘"
3,"야 철이야 너 어디가 너 이리안와"
3,"애국가 악보 프린트 세장 해주겠니"
3,"전기 스토브 불을 하나만 켜 줄수 있니"
3,"매달 마지막 주 토요일 일정에 마감 추가해"
3,"내일 군산 비 와"
3,"선택한 일곱 개의 메일 스팸처리해줘"
3,"내년 이월 십오일 막내 초등학교 졸업식 입력해줘"
3,"주말에 뭐 해 별일 없으면 우리 집 와서 놀자"
3,"로봇청소기 전원 켜줘"
3,"졸지말고 운전해"
3,"너무 날씨가 추울 때는 집에서 쉬세요"
3,"눈길인데 체인 감고 와요"
3,"연기하자"
3,"밤이 깊었으므로 청소년 여러분은 속히 귀가해주십시오"
3,"에릿지아에서 온 이메일을 전부 지워줘"
3,"이번주 일정 모두 삭제해줘"
3,"발 주무르기와 두드리기 등을 순서대로 한다"
3,"선풍기 꺼줘"
3,"다다음달 육일에 있는 일정 친구한테 메시지로 전달해 줄 수 있니"
3,"아직은 말조심하라셔"
3,"티브이 입력단자를 비디오 삼으로 바꿔 주겠니"
3,"선풍기 한시간 뒤에 꺼줘"
3,"스톰트루퍼의 적외선 기능을 작동시킬 수 있니"
3,"우리 집에서 과외선생님이 오실 것 같으니까 너도 지금 와"
3,"내가 임시저장한 메일들을 모두 삭제해"
3,"자자 모여"
3,"커피포트 전원 좀 꺼줄 수 있니"
3,"수신거부 목록 좀 찾아 줘"
3,"내일 일정 전부다 취소해"
3,"밥 먹은 직후에 운동은 피해"
3,"좀 기다리고 그 일이나 빨리 끝내도록 하세요"
3,"밖에 비가 오네요 우산 챙기세요"
3,"오늘 온 취소메일 검색해줘"
3,"안마 의자를 꺼줘"
3,"집에 온수 나오게 틀어줄 수 있니"
3,"내일 소개팅 있는 거 알지 예쁘게 하고 나와"
3,"만날 장소는 청년다방으로 입력해줘"
3,"당첨자 분들께서는 아래 사항을 다시한번 확인해 주세요"
3,"십분뒤에 불 좀 꺼주겠니"
3,"수유역 사번 출구로 나오셔서 마을버스를 타고 오세요"
3,"같이 해볼까"
3,"잘못된 주소로 갔는지 메일 확인해주겠니"
3,"안마의자 세기 약으로 바꿔줄 수 있니"
3,"쉴 때 에너지 충전 많이 하세요"
3,"아이방 불 오후 열시에 꺼줘"
3,"집 전체에 불 꺼줘"
3,"늘 처음 그대로의 마음으로 살자"
3,"거실 불 좀 켜줘"
3,"화장품 냉장고 온도 일도 올려라"
3,"컴퓨터 다시시작 해줘"
3,"보일러 꺼줄 수 있니"
3,"몸두 허한데 삼계탕 먹으러 가자"
3,"공기청정기 전원 좀 켜줄 수 있니"
3,"임시보관함에 저장된 메일 다 보내줘"
3,"숙소 예약을 해야 되니 사전 등록 바랍니다"
3,"스팸 메일함의 메일을 전부 지워줘"
3,"내일 오후 아홉시에 낚시 일정 추가해줘"
3,"육일에 있는 과제 제출 일정 구일로 옮겨줘"
3,"오전 일곱시면 집안의 모든 불 켜줄 수 있니"
3,"내 방 불 좀 꺼줘"
3,"회사에서 온 메일만 삭제해줘"
3,"초보일 땐 좌우 잘 살펴야지"
3,"오후 열두시에 집 안의 모든 불 꺼 줄 수 있니"
3,"컴퓨터 소리 크기 조금만 낮춰줄 수 있니"
3,"오늘 저녁 약속을 삭제해"
3,"아빠 약속했는데 왜 선물 안 주는 거야 "
3,"십 오일이 스승의 날입니다 은사님을 찾아 뵙시다"
3,"점심에 마르쉐 앞으로 와서 연락해"
3,"핸드폰 충전해줘"
3,"거실이랑 안방에 보일러 틀어줘"
3,"뒤풀이할 때 술집 하나 빌리자"
3,"설거지 좀 열심히 해줘"
3,"잠시 쉬면서 다음의 업무를 생각하는 것으로 하자고"
3,"로봇청소기 충전시켜줘"
3,"스팸 이메일함 삭제해줄래"
3,"겨울엔 특히 혈압환자는 조심해야 되요"
3,"실내온도 이십육도로 맞춰줄래"
3,"어제 보다 만 예능 좀 틀어줄래"
3,"김초롱 어제 경기 관련 기사 찾아주렴"
3,"사업계획서를 좀 참고하고 싶은데"
3,"거실에 불 밝기 좀 줄여줄래"
3,"오늘 온 메일 모두 답장해줘"
3,"웬만하면 금으로 하지 말고 아멜감으로 때워라"
3,"그때까지 숙제 다 해 오기로 약속하자"
3,"어제 저녁에 이전에 삭제된 메일을 비워줘"
3,"진짜 듣기 싫은 교양과목은 한 날로 몰아"
3,"수업 끝나고 학교 뒷산으로 나와"
3,"택시 아저씨께 은행 앞에서 세워 달라고 해 "
3,"선택한 메일들 모두 지워줘"
3,"위 사항을 명시할 것을 제차 알려드립니다"
3,"조금 더 와"
3,"주소록에 있는 메일주소를 삭제해줘"
3,"남자는 필히 청약 하나 해야 해"
3,"블루투스 스피커를 거줄 수 있니"
3,"큰방 조명 밝기좀 밝게 해줄수있니"
3,"새로운 편지 확인해줘"
3,"메일을 가운데 정렬로 해줘"
3,"알 수 없는 발신자에게서 온 메일 지워줘"
3,"내일 일정에 영화표 예매 추가해줘"
3,"방학동안 매주 수요일 저녁 요가일정 추가해"
3,"펫 씨씨티비 보여줘"
3,"이동식 카메라 많으니깐 조심해"
3,"예약전송 메일 전부 취소해줘"
3,"거실 에어컨 제습 모드로 켜줘"
3,"공과대학으로부터 온 메일 전부 삭제해줘"
3,"미세먼지가 심하면 공기청정기 켜줘"
3,"다음주 주말에 엠티 있던 거 취소해줘"
3,"집 전체 보일러 온도 이십오도로 맞춰서 미리 켜줘"
3,"너무 배고프더라도 천천히 먹어야 체하지 않아"
3,"티브이 채널 칠번으로 바꿔줄 수 있니"
3,"고속버스에서 창문 열면 조금 위험하다고"
3,"전체 메일함 열어 줄 수 있니"
3,"수신 거부 모두 해제해줘"
3,"삼월 오일 논문자격시험 일정을 추가해줘"
3,"휴지통에 메일 모두 삭제해줘"
3,"지날달 온 메일 검색해주겠니"
3,"커피포트좀 끓여줄래"
3,"안방 옆 작은 방에 불 껴져 있는지 보고 불 꺼줘"
3,"지금 빨리 집 앞으로 나와봐"
3,"메일 확인 좀 해줄래"
3,"아이보야 이리로 조금만 다가와라"
3,"로봇청소기한테 거실을 청소하라고 해줘"
3,"창문 다 닫아줘"
3,"보일러 온수도 바꿔줄 수 있니 "
3,"아침 안 먹었지 샌드위치 먹으러 갈까 "
3,"칠월달에 보낸 메일 좀 검색해"
3,"내일 우리 부부 결혼기념일 추가해줘"
3,"모레 영화 시간은 오후 열시 삼십분으로 적어줘"
3,"슬로프에서 혼자 스키를 타는 것은 위험해"
3,"아빠 생신 팔월 삼입에 추가해줄래"
3,"에어 프라이어에 있는 튀김들을 구워줄래"
3,"너 정신 똑바로 차려 임마 "
3,"의사 선생님한테 온 메일 열어줄래"
3,"내일 동창모임 취소해줘"
3,"다음 달 초에 안목에 요트타러 갈 일정을 입력해줄래"
3,"장외거래로 팔아 주실 수 있으세요"
3,"두꺼비집 전원 좀 내려줘"
3,"냄비가 넘치면 알려라"
3,"랑카위 가"
3,"미국 이모 댁에 공 공 일 공 공으로 걸어"
3,"바쁠수록 양보운전 급할수록 안전운전"
3,"회의라는 단어가 들어간 메일을 모두 중요 메일함으로 옮겨줘"
3,"욕실 자쿠지의 물을 가득 채워줘"
3,"메일쓰기에서 파일을 첨부해줘"
3,"라벨 모두 취소해 "
3,"회의에 대한 메일 다 뽑아 줄 수 있니"
3,"임시 보관함에 있는 메일을 확인해줘"
3,"사장님이 보낸 메일들을 중요표시해줘"
3,"니가 술사야 만나 준다"
3,"이번 주 출장 일정 브리핑해 줄 수 있니"
3,"전둥 스위치를 꺼줘"
3,"교무과로 문의하시겠어요"
3,"방 조명 좀 환하게 해줘"
3,"제 책상 위에 있는 서류 좀 팩스로 보내주시겠어요"
3,"날씨도 더운데 삼계탕이나 수박 드세요"
3,"공기청정기 켜줘"
3,"오늘 온 메일 모두 읽어줘"
3,"메일 수신 알림 켜줘"
3,"보낸 편지함에서 오늘 보낸 메일 삭제해줘"
3,"거실 램프의  전원을 중간으로 해 줘"
3,"지난주 목요일에 온 메일 임시 보관함에 넣어줘"
3,"휴지통에 있는 메일들 스팸 빼고 다 복구해줄 수 있니"
3,"집에서 혼자 침을 놓으시면 위험 합니다"
3,"아빠 약속했는데 왜 선물 안 주는 거야 "
3,"오늘 온 메일 최근 것부터 읽어줘"
3,"세탁기를 삼십 분 후에 돌려주라"
3,"지금 초인종 누른 사람이 누군지 보여줘"
3,"다음주 금요일에 이 메일 예약 발송할 수 있니"
3,"내일 오전 아홉시에 헬스장 가기 일정 추가해"
3,"파도가 높으니까 해수욕장은 포기해"
3,"어제 거래처에서 온 메일을 확인해줘"
3,"우리 공부하다가 새벽에 야식 먹자"
3,"휴지통이 오십통 넘으면 알려줘"
3,"버스운행 시간은 이십분마다 있으니까 안심해"
3,"내게 쓰기를 클릭해줘"
3,"회사에서 온 메일 중요메일함으로 옮겨줘"
3,"방에 불 좀 꺼줄래"
3,"다음주 금요일 저녁 약속 취소해줘"
3,"주차장에 불 꺼 줄래"
3,"버스 타니까 정류장에서 봐"
3,"차단기 내려줘 "
3,"영화 시사회 표가 두장 생겼는데 나랑 같이 보러 가지 않을래 "
3,"지난 달에 회의 들어간 메일 검색해줄래"
3,"이번 주 일요일 점심 약속 한 주 후로 미뤄줘 "
3,"이번 가을은 꼭 휴가 신청해서 등산하러 가자"
3,"침실온도 이십육도보다 높으면 에어컨 켜지게 해줄 수 있니"
3,"내일 모레 과외스케쥴 토요일로 옮겨줘"
3,"카드 잊어 버렸다며 빨리 신고해"
3,"동아리 모임에 전체 메일 돌려줘"
3,"컴퓨터 꺼줘"
3,"메가박스에서 보낸 예매 확인 메일을 삭제해줘"
3,"에어컨 좀 더 시원하게 틀어줄래"
3,"내일 오후 소개팅 일정 추가해줘"
3,"배가 너무 많이 나온 것 같아요 우리 아침에 운동해요"
3,"주유소에서 기름 넣어야 하니까 거기서 봐"
3,"배구 슈퍼리그에 관한 소식을 찾아줄래"
3,"보일러 켜줘"
3,"동생 생일 전날 저녁 일곱시에 장보기 일정 추가해"
3,"맛있는 횟집 알아놨는데 같이 가실래요"
3,"배터리를 충전기에 끼워 넣어라"
3,"내일 국회에서 있을 통번역 일정을 읽어줄 수 있니"
3,"수요일 약속시간에 맞게 근처 돈까스 레스토랑 예약해줘"
3,"내일 오후 열두시에 학원가기 일정 추가해"
3,"한산할 때 야외로 나가자"
3,"대한민국에 유명한 약골이 너무 무리를 하면 안 된다"
3,"그래서 독소가 쌓이기때문에 하루에 물을 충분히 섭취해야 합니다"
3,"지금 받은 메일 업무폴더로 이동해줘"
3,"새 편지함 만들어서 회사에서 온 메일 모두 이동시켜줘"
3,"열 바퀴 뛰고 나서 다시 해요"
3,"스즈키 일권에 있는 바이올린연주곡 틀어줄수있니"
3,"로봇청소기 꺼줘"
3,"설문지를 작성하신 뒤 퇴장하시면 됩니다"
3,"사월에 이베이로 보낸 메일을 확인해줘"
3,"솔직히 말해보세요"
3,"선풍기 꺼줘"
3,"백선생 딸 무리하게 집어넣은 것두 걸리구 암튼 이런 저런 잡음을 다 덮어야 하지 않겠어"
3,"너랑 나 오늘 하루 푹 쉬자"
3,"작은 방에 발라드 틀어 줄래"
3,"애사심을 키우기 위한 방안을 검토해 오시오"
3,"홍가네된장찌개로 바로 와"
3,"식탁 불 켜줘"
3,"다음주에 예약한 영화관 씨지브이로 변경해줘"
3,"내일까지 품평회 차질 없게 준비 잘 하세요"
3,"거실에 불 꺼줘"
3,"서재로 가라"
3,"지금은 부재중이라 나중에 구체적으로 답장하겠다고 메일 보내"
3,"팔월 이십일에 누나 결혼식 추가해"
3,"현재 풍랑 경보 현황을 알려줄래"
3,"이번 주 토요일 일요일 알람을 모두 꺼줘"
3,"집 안 온도가 지금보다 삼도 높아지면 에어컨을 틀어줄래"
3,"지금 이 메일을 주소록에 추가해줄래"
3,"티비 키고 뉴스 채널 틀어줘"
3,"보일러 꺼줘"
3,"여기는 낭떠러지 이오니 기대지 마십시오"
3,"이번주 금요일 일곱시에 회사 회식 일정 추가해줘"
3,"내일 저녁 이후에 친구들이랑 약속 잡아줘"
3,"라이딩이나 같이 뛸까나"
3,"이번주 모든 일정을 취소해주겠니"
3,"보낸편지함에서 수신자가 교수님인 이메일만 검색해줘"
3,"행동 조심하라고"
3,"칠월 이십칠일부터 삼십일까지 오사카 여행 일정 넣어줘"
3,"미용실 일정을 한시부터 네시로 설정해주겠니"
3,"엄마에게 내 스케줄 음성으로 전송해줘"
3,"에어컨 온도 이십 일 도로 낮춰주련"
3,"집에 수상한 인기척 있으면 알려줘"
3,"나 베요"
3,"식당은 강남역에 있는 곳으로 잡아줘"
3,"어렵게 생각하지 말고 단순하게 생각해"
3,"선풍기 삼십분 뒤에 꺼워"
3,"가장 최근 메일 열어줘"
3,"재민이 방을 보자"
3,"다음달 십육일에 친구생일 추가해줘"
3,"한시간 마다 집 상태 보고해줘"
3,"별자리 관련 메일 스팸 등록해"
3,"이거 도대체 누가 작성한 거야 책임자 불러와 "
3,"현관문 모니터 켜라"
3,"거실에 잔잔한 음악좀 틀어주겠니"
3,"집 안 전기 차단 해줄 수 있니"
3,"정수기필터 교환 주기를 알려주라"
3,"내일 회의 있다고 일정에 추가해줘"
3,"약속을 할 때 신중히 생각했어야지 안 돼 꼭 나와"
3,"방금 보낸 메일 내게 쓴 메일함에 넣어줘"
3,"아귀찜 좋아하지 신사동에 좋은데 있는데 같이 갈래 "
3,"거실 불 키고 사랑 노래 틀어줄 수 있니"
3,"바로 찜질 방 가면 안 된다"
3,"이십 분 뒤에 커피를 내려줘"
3,"오후 열시에 티비 좀 꺼줄래"
3,"주요 고속도로 현재 교통상황을 알려주련"
3,"회사에서 온 메일 비서한테 전달해"
3,"스팸 메일함 전부 삭제해줘"
3,"엘루이 호텔 특실 예약 부탁해"
3,"안방 불 켜줘"
3,"단체메일 확인해"
3,"여름에는 바닷가에서 해수욕이나 하자"
3,"컴퓨터 켜줘"
3,"안방에 공기 청정기 켜줘"
3,"확고한 주식관을 세우십시오"
3,"외출 시에는 마스크하고 다닙시다"
3,"오늘 하루동안 메일 알람을 모두 꺼 줘"
3,"부산 대마도 간 훼리 예약취소"
3,"티비 채널은 구번으로 바꿔줘"
3,"어제 온 메일 모두 지워줘"
3,"너무 빠지지 말고 적당히 해 "
3,"모니터 밝기 좀 키워줘"
3,"칠월 십오일에 애플에서 온 이메일 전부 검색해줘"
3,"지금 전기장판 꺼줄수있니"
3,"회사에서 온 메일을 모두 삭제해 줄 수 있니"
3,"그 제품의 제조와 유통을 피해 주시기 바랍니다"
3,"기본메일함을 카페메일함으로 설정해줄 수 있니"
3,"오늘 여섯시에 친구와 영화보기 일정 추가해"
3,"제목에 내 이름이 적힌 메일들을 보여줘"
3,"우리 동네에 스쿼시장이 새로 생겼어 언제 한번 같이 가자"
3,"소이 방에 십 분 뒤 알람 세 번 울려주렴"
3,"이십일 여덟 시 반까지 오셔서 입원수속 받으시면 됩니다"
3,"이천십팔년 팔월 십일일 열시에 한국사 시험 일정 추가해"
3,"주식은 많은 공부를 통하여 하셔야만 손실을 막을 수 있습니다"
3,"욕실 불 좀 꺼줘"
3,"메일모두 확인하고 보낸 편지함 확인해라"
3,"너를 너무 과대평가 말어라 너 주준영이가 "
3,"시월 오일 오전 일곱시까지 나와"
3,"즐겨찾기 되어있는 사람들 메일 모두 저장해줘"
3,"그쪽이 불리해 우리는 조금 더 튕기자"
3,"내일 오전 여섯시에 회사 메일 확인하기 알람 맞춰줘"
3,"카페에서 오는 메일 차단해줄 수 있겠니"
3,"휴지통의 메일을 모두 지워줘"
3,"이 주소 수신거부 해줘"
3,"여행 장소는 필리핀으로 적어 줄래"
3,"에어컨 제습모드로 해줄 수 있어"
3,"십 분 쉬고 가겠습니다"
3,"매주 일요일 오전 여덟시에 알람 설정해줘"
3,"어제 다섯시에 온 메일 읽어줄 수 있니"
3,"회사 미팅 달력에 몇 번째 주인지 표시해줘"
3,"어제 지운 메일을 지운 메일함에서 복구해줘"
3,"어제 온 메일의 첨부파일을 다운로드해줘"
3,"최부장님에게 이메일을 쓰자"
3,"당당하게 뜯어내라구"
3,"밤에 들으면 좋은 노래 틀어 줘"
3,"회사에서 온 메일 좀 지워줘"
3,"최근에 온 메일 읽어줄 수 있니"
3,"환율 바뀔수록 투자대상 바꿔 "
3,"구월 구일 이정현 졸업 작품 전시회 일정 추가해줘"
3,"거실 불 키면 스피커 노래도 켜줘"
3,"오늘 오후 다섯시에 이 메일 삭제해줘"
3,"옷방에 조명 좀 꺼줘"
3,"조명 꺼줄 수 있니"
3,"에어컨 희망온도 이십도록 해주겠니"
3,"임시보관함에 있는 메일들 다 지워줘"
3,"너 또 약속 취소하면 정말 화낼 거야"
3,"보일러 켜주겠니"
3,"다음 주 일정을 전부 삭제해"
3,"다른 주식들이 대거 상승한다고 뒤따라 가면 안되는 거야"
3,"메일에 내 전화번호도 같이 보내줄 수 있니"
3,"티비 시청률 가장 높은 채널로 전환해줘"
3,"에어컨 희망온도 이십사도로 해주겠니"
3,"라디오 볼륨 좀 줄여줄 수 있니"
3,"교수님과 미팅 매주 목요일 두시로 등록해줘"
3,"첨부파일 있는 메일만 모아서 보여줘"
3,"지운 메일함을 모두 비워"
3,"내일 오후 세시까지 일정 삭제해줘"
3,"인증 메일 확인해줘"
3,"조명 밝기 중간으로 해 줄 수 있니"
3,"에어컨 꺼줘"
3,"장소는 롯데월드로 입력해줘"
3,"모든 메일함을 깨끗이 비워줘"
3,"취침 이십분 후 가습기 작동 시켜라"
3,"오일 줄게 이후에 또 이런 일 있음 그땐 정말 나랑 신랄하게 얼굴 붉혀가며 돈 얘기 해야 할거야"
3,"특가라는 단어 포함한 메일 모두 삭제해"
3,"내일 오후 다섯시에 건강검진 추가해줘"
3,"오븐 온도 높여줘"
3,"메일창 로그인 해줄래"
3,"마음에 드시는걸 말씀해 주세요 그럼 골라서 드립니다"
3,"경주 지도 더 크게 보여주렴"
3,"내일 회의시간 늦지 말고와요"
3,"나 봐 봐요"
3,"동생한테 가서 밥 먹으라고 말해"
3,"휴지통에 있는 메일 복구해줘"
3,"이 메일주소로 오는 것들 모두 스팸메일 처리해줘"
3,"지난 날 초라한 과거삽니다 이젠 양수경입니다 소문 좀 내주십시오 "
3,"내일 다섯시 모임을 일곱시로 미뤄줘"
3,"어젯밤 받은 스팸 이메일을 전부 삭제해줄래"
3,"다음주 월요일 점심 약속 취소해줘"
3,"이번 달 쇼핑 이메일을 전부 삭제해줄래"
3,"스피커 볼륨 오십으로 해주겠니"
3,"음악 좀 켜줘"
3,"공식적으로 업무 요청 공문 보내 주십시오"
3,"보낸편지함 중 어제보낸 편지함 검색해줘"
3,"페이스북 메일들 스팸처리해줘"
3,"가스 켜줘"
3,"신용카드 이용 확인메일 모두 삭제할수 있니"
3,"잠깐 바람 쐬구 와요"
3,"주방 환풍기를 켜줘"
3,"주차할 때는 주위를 잘 살펴야 돼"
3,"이번 주 날씨 예보 브리핑해줘"
3,"위대한 사업가들을 배울 필요가 있어"
3,"내게 쓴 메일을 내 컴퓨터에 업로드해줘"
3,"맵고 짠 음식은 건강에 해로워"
3,"안방 보일러 틀어줘"
3,"회사 메일 주소 읽어줘"
3,"어제 일정 다 삭제해"
3,"내일 점심 약속 있다고 저장해줘"
3,"교수님에게서 온 메일 별표해줘"
3,"안방 조명 좀 밝게 해"
3,"듣기 싫어"
3,"화장실에 환풍기 좀 꺼줘"
3,"세시간뒤에 압력밥솥 취사 예약해줘"
3,"학교에서 온 메일 검색 해 줄 수 있니"
3,"이번주 화요일 오전 일곱시에 알람 맞춰줘"
3,"메일을 보낸 이 순으로 정렬해줘"
3,"집 안 온도가 이십도가 되면 히터 좀 틀어줘"
3,"내가 보낸 메일들 중에 읽히지 않은 것들을 보여줘"
3,"교수님에게 알겠습니다 라고 메일 보내줘"
3,"월드컵 경기 시작시간에 맞춰서 티비 켜줘"
3,"예약은 바다가 보이는 방이다"
3,"텔레비전을 케이블 방송으로 전환해줄래"
3,"에어컨 꺼줘"
3,"간 약한 불로 익혀"
3,"내게 쓴 메일함에 있는 첫번째 메일 열어줄래"
3,"티비 켜줘"
3,"화장실에 환풍기 좀 틀어줘"
3,"선풍기 미풍으로 틀어줘"
3,"컴퓨터 게임 시디를 바꿔 주렴"
3,"보일러 전원 켜줘"
3,"새로 온 메일 열어줘"
3,"장소는 롯데백화점으로 저장해줘"
3,"보일러 좀 꺼줘"
3,"중복되는 메일 삭제해줄래"
3,"말씀하세요 급히"
3,"내일 오후 세시에 여동생이랑 소꿉놀이 일정 추가해줘"
3,"광고 메일 모두 삭제해줘"
3,"사진 첨부된 메일들만 따로 목록 구성 해줄래"
3,"내일 오전 병원 일정 추가해줘"
3,"이틀전에 온 메일좀 검색해"
3,"세탁기 오후 다섯시에 예약해줘"
3,"실내 습도가 정상이 되면 제습기를 꺼줘"
3,"현재 인기 채널 틀어줘"
3,"커튼 좀 걷어줘"
3,"오늘 받은 메일 중 긴급 메일 확인해줘"
3,"공기청정기좀 켜줄수 있니"
3,"시장 점유율을 늘리려면 우리 사업을 확장해야 합니다"
3,"말해봐"
3,"메일 검색 좀 해줘"
3,"저녁 여섯시에 거실 에어컨 켜줘"
3,"전자렌지를 작동시켜줄래"
3,"통역할 사람 좀 알아봐"
3,"화장실 불 켜 줘"
3,"욕조에 냉수 좀 받아주겠니"
3,"안방 텔레비전 사 번으로 돌려줄래"
3,"언니 라면만 먹지 말고 귀찮아도 밥 꼭 챙겨먹어"
3,"조명 최대한 밝게 해줘"
3,"둥근 해가 떴어요 어서 일어나"
3,"조명 밝기 좀 낮춰주겠니"
3,"한 달 동안 교수님으로부터 온 메일 모두 별표해줘"
3,"여행사에서 온 메일 검색해 줄 수 있니"
3,"광고성 메일을 모두 삭제해줘"
3,"취침하게 실내 모든 불 다 꺼주겠니"
3,"에어컨 냉방 온도 이십삼도로 설정해줘"
3,"사월 삼십일 민하 생일 추가해줘"
3,"오늘 저녁약속 일정을 취소해줘"
3,"힘들어도 조금만 버텨라"
3,"글쎄 하라고"
3,"오늘 하루 에어컨 컨센트를 꺼 줘"
3,"요즘은 논술이 좌우한대 논술을 중점으로 공부해"
3,"오늘 밤 술약속 취소해줘"
3,"모레 다섯 시쯤에 면접 보러 오래"
3,"거래처에서 온 메일 확인해줘"
3,"중요한 메일함 확인해줘"
3,"당신이 잘 얘기해봐"
3,"스팸 메일함 목록 지워줘"
3,"외국돈 바꿀 때 외환은행에서 하길"
3,"연예인들 많이 가는 미용실로 가는 거다"
3,"아침 일곱시에 에어컨 켜줘"
3,"골프장 근처 술집 예약해"
3,"오늘 고기뷔페 가자 실컷 먹고 싶어"
3,"지금 받은 메일 교수님께 전달해줄래"
3,"계획 잘 짜서 좋은 성적 받아"
3,"선배님에게 다시 보내겠습니다 라고 메일 보내줘"
3,"이번주 모든 일정 취소해"
3,"에어컨 온도를 이 도 올려줘"
3,"다음주 월요일 여섯시에 저녁약속 추가해줘"
3,"어제 학교에서 온 메일을 모두 읽음으로 표시해줄래"
3,"아침에 나오기 전에 일기예보 꼭 시청하고 나와"
3,"일월 구일 제사일정 저장해줘"
3,"내일 저녁 일곱시에 운동 일정 추가해줘"
3,"여자친구 생일 칠월 이십일로 저장해줘"
3,"매주 월요일 다섯 시에 포럼 일정 추가해"
3,"집 조명 어둡게 해줄 수 있니 "
3,"매주 화요일 일곱 시 일정 취소해 줄래 "
3,"카드발급 요즘 힘들다던데 그냥 카드 없이 살지 그래"
3,"주식점유율이 좀 더 높여서 의결권을 높입시다"
3,"시월달에 온 메일함에 좀 들어가 주겠니"
3,"신행정수도 건설 관련 기사 검색해"
3,"십일월 삼일에 동물원 가자"
3,"화장실 바닥 청소 시켜줘"
3,"요즘엔 콩이 유행이던데 콩을 한번 먹어봐"
3,"지금 은행이거든 이쪽으로 와"
3,"개강하면 간만에 여유롭게 놀자"
3,"친구 이름도 같이 예약해"
3,"만날 장소는 신도림 역으로 해줘"
3,"홋카이도가면 우리 꼭 라면 먹어보자"
3,"텔레비전 좀 꺼줘"
3,"오늘 저녁 약속 강남으로 입력해줘"
3,"베란다 불 꺼 줄수 있니"
3,"어제 보낸 메일 중에 상대방이 읽지 않은 메일 재전송해줘"
3,"중요 메일함에 있는 편지들을 읽음으로 표시해줘"
3,"구월 이십일 아빠 생일 일정 추가해줘"
3,"오늘 저녁식사 모임 일정 삭제해주겠니"
3,"지금 세탁기 건조기좀 돌려"
3,"내일 밤에 삼송역 이번 출구에서 보자"
3,"학교에 짐 정리 하러 가자"
3,"집에 누구 들어오면 바로 알려줘"
3,"시험 예상 문제 같이 뽑아볼까"
3,"물감과 팔레트를 챙겨오면 돼"
3,"화장실 불 좀 꺼라"
3,"내일 장례식장 방문 오후 여섯시로 저장해줘"
3,"여행사에 내 사진 보내렴"
3,"샤워기 수압을 절반으로 낮춰주라"
3,"휴가기간 알림 답장 설정해줘"
3,"메일함에 있는 메일 전달하기로 다시 보내줘"
3,"전체 소등 해줘"
3,"셋탑박스 켜줘"
3,"에어컨을 켜줄래"
3,"내일 우리 유치원 학습발표회야 올 거지 "
3,"스피커 에코 좀 넣어줘"
3,"조명의 밝기를 올려줘"
3,"로봇 청소기 작동 멈춰줘"
3,"임시저장한 메일을 내 가족에게 모두 보내"
3,"올해 여행 일정 전부 찾아줄 수 있니"
3,"거실을 세 바퀴 돌아"
3,"여기 가만히 서서 아기 방을 찍어"
3,"스피커 볼륨 칠십으로 해줘"
3,"오늘 저녁 여덟시에 내일 아침에 일정있다고 알려줘"
3,"책 메일 모두 검색해서 삭제 해줄수 있니"
3,"한 명씩 발송에 클릭해줘"
3,"제습모드로 틀어줄래"
3,"그렇게 차 뒤에 바짝 붙어 있으면 위험해"
3,"방금 읽은 메일 스팸 처리해줘"
3,"콜라 좀 주십시요"
3,"우리 새벽에 동대문 쇼핑하러 가자"
3,"안방 온도 좀 내려줘"
3,"잠자는 예금 없게 한 은행에서만 거래해"
3,"일을 할 때 의사소통이 원활히 되지 않으면 안돼"
3,"상공회 교육 메일을 확인해줘"
3,"과제에 너무 신경 쓰지 마"
3,"여름휴가에 갈 펜션을 검색해줘"
3,"너무 더워서 오늘 축구하기로 했던 거 취소하자"
3,"쇼핑몰에서 온 메일 모두 읽음 표시 해줘"
3,"첨부파일 있는 메일 빼고 모두 삭제해줘"
3,"오늘 날씨 어제랑 비교해줘"
3,"받은 메일함에 있는 메일 모두 삭제해줄 수 있니"
3,"점심에는 간단하게 샌드위치를 먹자"
3,"일요일에 한 번 뵐 수 있을까요"
3,"야채를 많이 드세요 고기만 드시면 안 좋아요"
3,"오일 평균 이동선 전후로 조정시 매수한다"
3,"바쁜데 좀 빨리 안 될까요"
3,"오빠 성의를 봐서라도 쫌 봐주라"
3,"거실 창문을 열어라"
3,"한시간 뒤 텔레비전 꺼줘"
3,"완성되지 않은 모든 메일들 목록을 열어줄래"
3,"안방 불 켜줄 수 있니"
3,"그럼 백화점 앞에서 기다리고 있어"
3,"최근 삼십개 메일 보여줘 "
3,"오늘 일정 다 삭제해줘"
3,"월요일 다섯시 물리치료 일정 추가해"
3,"교수님한테 온 메일 좀 검색해"
3,"가장 오래된 메일 순서대로 백개 삭제해줄 수 있니"
3,"주 거래은행과 주 사용카드를 만들어"
3,"오늘 안 읽은 메일 모두 삭제해줘"
3,"천천히 말씀해주실래요"
3,"내일 오전 다섯시에 등산 일정 추가해줘"
3,"눈꽃 제빙기의 온도를 마이너스 이십으로 만들어줄래"
3,"오늘 두 시에 알약먹으라고 알려줘"
3,"내일 오전 여덟시에 아빠 병문안 일정 추가해줘"
3,"보낸 메일 함 모두 지워줘"
3,"작년 화이트 데이에 온 메일 열어줘"
3,"나머지 한쪽을 조이세요"
3,"일주일에 네 번 이상씩 운동하고"
3,"오디오에 있는 음악 랜덤재생 해줘"
3,"이틀전에 일본에서 온 메일 답장좀 해줘"
3,"오늘의 일정을 브리핑해줘"
3,"엠티장소는 신촌으로 적어줘"
3,"김치냉장고의 온도를 영하 일 도로 맞춰주련"
3,"오해 하지마"
3,"보일러 꺼줘"
3,"보드 타러 가실래요"
3,"추석 때는 조상님께 차례를 지내야 해"
3,"이번수 수요일 두시에 과외가기 일정 추가해"
3,"옷은 알아서 잘 챙겨 입고 다녀"
3,"장학금 들어간 메일들 개별적으로 저장해줄래"
3,"건너방 불 켜줘"
3,"드럼세탁기 멈춰 주겠니"
3,"지금 아이 방 침대를 흔들어 잠을 깨워줄 수 있니"
3,"계좌번호랑 수취인명이 일치하지 않네요 확인 부탁드려요"
3,"모임 장소는 부평역으로 적어 줘"
3,"사십일 전에 온 메일 좀 검색해"
3,"이번주에 할인과 관련된 메일 확인 가능할까"
3,"안 읽은 메일을 모두 삭제해주겠니"
3,"돈을 벌려면 코 묻은 돈부터 주워 모으자 "
3,"육일 전에 내가 보낸 메일 검색해"
3,"네이버에서 온 메일 수신 차단해"
3,"다음 주 수요일의 일정을 취소해줘"
3,"안마의자 세기 강으로 바꿔줘"
3,"비디오폰으로 경비실 연결해 주겠니"
3,"까쓰 밸브 잠궈주라"
3,"대설주의보 내렸으니 농작물 피해 없도록 하세요"
3,"거실에 있는 조명 좀 밝게 해줄래"
3,"회의시간을 한시간만 미뤄줘"
3,"화장실에 제습기 좀 틀어줘"
3,"화장실 창문 열어줘 "
3,"메일 발신인 리스트를 보여줘"
3,"휴지통을 비워줄 수 있니"
3,"내일 모래 친구 만나기로 한 약속 취소해줘"
3,"내일 오후 열시에 친구랑 피씨방 가기 일정 추가해줘"
3,"잠을 많이 자야 피부가 고와진다 "
3,"회사 이메일로 로그인해줘"
3,"귀하의 요금이 미납되어 있으니 즉시 납부 바랍니다"
3,"영화보기 위해 좀 만났으면 한다"
3,"열두시에 가스 꺼워"
3,"화장실 불키면 환풍기도 같이 켜줘"
3,"아이로비야 아빠 어깨 좀 주물러"
3,"오늘 더우니까 밖에서 너무 오래 있지 마"
3,"주식에 대해서는 문외한이라 조언을 듣고 싶어"
3,"거긴 우회전 안되니까 뒷길로 와"
3,"춥다 찜질방이나 가자"
3,"아까한말 다시 해 봐 정확하게 또박또박 내가 널 첨부터"
3,"회의 끝나는 대로 연락주세요"
3,"수요일 자정까지 문장분류하라고 일정에 알림추가해줘"
3,"전원을 완전히 꺼라"
3,"오일사번 타고 두 정거장 뒤에 내리면 돼요"
3,"거실 조명 꺼줘"
3,"에어컨 바람 방향 위로 올려줄 수 있니"
3,"방금 온 메일 교수님에게 공유해줘"
3,"경비 시스템 작동 예약해"
3,"카페에서 온 메일 전부 삭제해줘"
3,"상사가 보낸 메일들만 따로 보관해줘"
3,"교수님 한번 찾아 뵙자"
3,"보낸 메일 좀 검색해줘"
3,"보일러 좀 틀어줘"
3,"침대 스탠드의 독서기능을 켜줄래"
3,"거실에 불 껴줄수있니"
3,"그러지마"
3,"의약품 사용할 때 의사나 약사랑 상의해"
3,"예스이십사 입금 확인 메일좀 검색해줘"
3,"토요일 일정 다 삭제해줄 수 있니"
3,"구글 이메일을 회사 메일과 동기화 해줄 수 있니"
3,"집에 있는 거 다 아니까 빨리 튀어 나와"
3,"구월 십이일에 하루 종일로 과 친구 생일 추가해"
3,"텔레비전 불륨 낮춰 줄 수 있니"
3,"방금 온 메일의 발신자 차단해줄 수 있니"
3,"약속의 중요성에 대해 아이들에게 설명해 주세요"
3,"아무리 규율이라도 그럴 때는 융통성 있게 행동해"
3,"약속 장소를 수정해"
3,"한시간 전에 온 메일 확인해줘"
3,"신호가 바뀌어도 차가 멈춘 걸 확인하고 건너"
3,"현관 조명 꺼줘"
3,"집에 불 전부 꺼줄 수 있니"
3,"어제 동생한테 받은 메일에 첨부된 파일 삭제해줘"
3,"돌찬치 강남역에 있는 뷔페에 참석하셔서 축하바랍니다"
3,"겨울이 오기 전에 차 정비를 확실히 해"
3,"연기가 정말 하고 싶은가 본데 한번 오디션이나 봐봐요"
3,"도서관에서 자료 찾아봐 나도 거기서 찾았어"
3,"가스레인지에 불 좀 꺼주겠니"
3,"보내보세요"
3,"저번 주 등록한 토익센터방문 일정을 지워줄 수 있니"
3,"기념일 메일 검색해"
3,"지금 작성한 메일 오후 여섯시로 예약전송 설정해줘"
3,"그냥 외우려고 하지 말고 이해를 해"
3,"오늘 회사에서 온 메일을 동생에게 전달해줘"
3,"베란다 문 좀 열어놔"
3,"방 온도 쾌적하게 설정 좀 해줄래"
3,"외부 감사를 받는 회사는 주식보유현황을 공시해야 합니다"
3,"매일 열두시 부터 한시 점심시간으로 비워줘"
3,"팔월 십칠일의 생일 일정에 케익 사가기 메모 추가해줘"
3,"야채는 건강에 정말 좋아"
3,"이번주 토요일 여행 일정을 취소해줘"
3,"수아도 없는데 죄책감 장난 아니니까 그만 아는 척 그만 술 한잔"
3,"베란다 불 켜 줄 수 있니"
3,"모든 메일 알람을 켜 줘"
3,"멀티탭 전원 켜줘"
3,"어제 보낸 메일 중에 상대방이 읽지 않은 메일 재전송해줄래"
3,"야전 침대도 부탁해"
3,"그리고 너 니 착각을 사실인 양 말하지 마 "
3,"일요일 열한 시에 메가박스 앞에서 보자"
3,"삼십 분 후에 알람 추가해"
3,"다음달 이일 이사 일정 추가해"
3,"우회 통로를 알려드리오니 그 쪽으로 이동하세요"
3,"서운한 일은 그때그때 이야기 하기로 해"
3,"부엌 불 꺼줘"
3,"에어컨에 공기청정 기능 온 해"
3,"멀티탭 전원 꺼줘"
3,"대기표 뽑고 기다리고 있어 금방 갈게"
3,"귀경길엔 너무 많이 밀리니깐 오늘 저녁에 출발하자"
3,"거실에 조명 최대밝기로 해줘"
3,"에어컨 온도 일도 낮춰줄 수 있니 "
3,"엄마한테 온 메일 아빠한테 전달해주겠니"
3,"만날 장소는 뚜레주르로 입력해줘"
3,"에어컨 온도 좀 낮춰줘"
3,"다음주 수요일 우리 학교 축제해 다들 놀러와"
3,"회사에서 온 메일 모두 지워줘"
3,"식탁 위에 곰국 있으니까 그걸로 아침 먹어라"
3,"첨부파일 열어줘"
3,"오분 뒤에 화장실에 제습기 좀 꺼주겠니"
3,"매달 구일 월급날 일정 추가해줘"
3,"열심히 애 의견 존중하면서 함 키워봐"
3,"현관문 실시간 움직임 감지해서 이상있으면 문자줄수 있니"
3,"당신은 바로 가서 효은이 짐 싸고 티켓팅 시간까지 공항으로 오면 돼"
3,"고기뷔페 같은 천국으로 가자"
3,"까쓰불 켜졌는지 확인해"
3,"매달 초에 한달 동안의 가장 중요한 일정 알려줄수 있어"
3,"기다리지마"
3,"더 바짝 붙어"
3,"에어컨을 켜줘봐라"
3,"약은 하루에 두 알씩 먹어라"
3,"오늘 야구 경기에 관한 신문기사 검색"
3,"세시간 뒤에 약 먹으라고 알려줄 수 있니"
3,"페이스북에서 온 메일 삭제해"
3,"너의 생일날은 꼭 파스타를 먹으러 가자"
3,"애플에서 온 이메일 전부 스팸메일함으로 보내줘"
3,"텔레비전 소리를 높여줘"
3,"스팸 메일함을 모두 비워줘"
3,"지금은 바쁘고 이따가 다시 얘기하자"
3,"내가 너 연락하지 말랬다 "
3,"일확천금의 꿈을 버려"
3,"오늘 온 메일 확인해줄래"
3,"세탁기 멈췄다가 일곱 시간 후로 예약해줄래"
3,"나올 때 주유권 받아오세요"
3,"정수기 물 온도를 내려줘"
3,"티비 채널을 사십 삼 번으로 돌려라"
3,"한 시간뒤 텔레비전 꺼줘"
3,"현관문 열어 줄 수있니"
3,"추운날씨에 운동하면 위험하다"
3,"세탁기 다되면 문자 보내줄래"
3,"티비 전원 좀 꺼"
3,"영화 티켓 예매해 놨으니까 저녁 먹고 연락해"
3,"가스 차단기 닫아 줘"
3,"베란다에 불 좀 켜줘"
3,"할 일 목록을 만들어라"
3,"잠시만 기다리십시오 곧 연결시켜 드리겠습니다"
3,"김치냉장고 전원을 꺼줘"
3,"새벽 한 시가 되면 티브이 꺼줘"
3,"블루투스 스피커로 멜론 탑백 틀어줘"
3,"손 들어"
3,"홍성균 멘토와 함께 엠티 갑시다"
3,"가스밸브 열려있으면 잠궈주겠니"
3,"엄마 생신 삼월 이십사일 입력해줘"
3,"일주년 일주일 전에 선물사기라고 메모해줘"
3,"동아리 회원들한테 답장해줄 수 있니"
3,"신나는 노래 틀어줘"
3,"내일 다섯시에 메일보내기 일정 중요표시해서 추가해줘"
3,"집 주차장의 오픈버튼을 눌러줘"
3,"거실에 있는 불 다 켜줄 수 있니"
3,"서재에 있는 조명 밝기 조절 좀 해줄 수 있니"
3,"드라이브 뮤직 틀어줘"
3,"보고서 제출 날짜와 시간을 맞춰주시기 바랍니다"
3,"문의로 시작하는 이메일을 읽어줄래"
3,"임시 보관함을 비워줘"
3,"이번주에 스팸 처리된 메일 모두 삭제해줄 수 있니"
3,"어제 온 스팸 메일 주소 차단해줘"
3,"가스 밸브 잠궈주라"
3,"내일 오전 여덟시 교복입기 캠페인 일정 추가해"
3,"스터디 계획은 카페에서 확인하세요"
3,"본인인증 대기 메잃 확인해"
3,"전화 많이 하면 안좋다"
3,"우리학교 여섯 시부터 축제니까 다섯 시 반에 학교 앞에서 봐"
3,"같이 하면 더 빨리 외울 거야 영어 교재 가지고 와"
3,"이자율이 낮아도 은행 저축을 택해"
3,"뚜렷한 투자관이 없으면 안 된다고 하지"
3,"팔월에 온 메일 모두 스팸처리해줘"
3,"화장실 환풍기 좀 틀어"
3,"이십분 뒤에 보일러 좀 꺼주겠니"
3,"다다음주 금요일 저녁 회식 일정 추가해줘"
3,"씨지브이에서 온 예매 확인 메일을 확인해줄래"
3,"습도가 지금보다 높아지면 제습기 켜줘"
3,"이번 주 토요일 저녁 모임 취소해"
3,"뉴스 채널 틀어줘"
3,"주방 붕 껴줘"
3,"오늘은 그냥 푹 쉬자"
3,"안전벨트 안 매다가 저승사자 찾아온다"
3,"내일모레 오전 열두시에 과제제출마감 일정 추가해"
3,"뭐야 투표도 안하고 놀러 가 투표하고 같이 놀러 가자"
3,"지하 일 층에 있는 회의실에서 모이는 걸로 합시다"
3,"이번 프리젠테이션은 김기수씨가 하세요"
3,"에어비엔비에서 메일이 오면 알려줘"
3,"다다음주 화요일 오전 열한시에 졸업식 추가해"
3,"서울대학교 관련 메일들을 따로 모아서 보관해줘"
3,"스피커 볼륨 높여줘"
3,"야 주준영 너 내 작품 프로듀서해라 뭐한다고 일 도와주고 그렇게 욕을 쳐 먹냐 억울"
3,"넌 여름 돼도 노출하면 안 되는 거 알지"
3,"내일 일정 모레로 미뤄줘"
3,"수신된 메일중 이벤트 메일 삭제해 줄수 있니"
3,"옷 사줄꺼지"
3,"공부를 하나의 취미로 만드는 건 어때 "
3,"새 메일이 오면 알려줄 수 있니"
3,"읽지 않은 메일 모두 확인하고 지워줘"
3,"문자하실 때는 꼭 사 시는 지역과 종류를 먼저 알려 주세요"
3,"주식 할 때 계좌운영을 잘 해야 해"
3,"받은 편지함 중 안읽은 메일 확인 부탁해도 되니"
3,"오늘 저녁약속 있으니 혼자 저녁 먹어"
3,"반신욕 한번에 오래 하지 마"
3,"조명 밝기를 오십퍼센트로 해줘"
3,"텔레비전 소리 볼륨 줄여줘"
3,"가스밸브 좀 잠궈줘"
3,"다음주 월요일 가구 쇼핑 장소를 이케아로 입력해줘"
3,"받은 메일함에서 저번주부터 온 메일 모두 보여줘"
3,"오늘 저녁 약속 동대문에서 명동으로 바꿔줘"
3,"햇빛이 강하니까 쉬면서해"
3,"발송 실패한 메일 재전송 해줘"
3,"어린이가 많이 다니는 길에선 주의 하세요"
3,"집안에 있는 창문 모두 열어줘"
3,"현우씨 계산은 도우씨한테 받아"
3,"내일 일정 브리핑 해줘"
3,"어제 온 이메일 읽어줘"
3,"현관문에 안전장치 가동시켜줘"
3,"아 아냐 쉬어라 "
3,"오늘 온 메일 모두 확인하고 지워줘"
3,"다리 삐었을 때는 한의원에서 침 맞는 게 제일 좋아요"
3,"이번주 일요일 오후 네시에 친구와 영화보기 일정 추가해"
3,"하루에 사십분 이상씩 운동해야 돼"
3,"지하 불을 켜줘"
3,"이천십팔년 팔원 십일일 열시에 한국사 시험 일정 추가해 줄 수 있니"
3,"고양이 방 불 수면 모드로 바꿔"
3,"안 읽은 메일 모두 삭제해"
3,"보낸편지함 확인해줘"
3,"안방에 난방 켜줘"
3,"세탁기 돌려줘"
3,"설날에 온 메일은 새해 복 많이받으세요라고 답장해 줄 수 있니"
3,"내일 일정 취소해"
3,"오후 여덟시에 거실 불 켜지게 해줘"
3,"과제곡 연습하구 있으래요"
3,"새로온 이메일 읽어줘"
3,"보일러 꺼줘"
3,"집에 가세요 전 정말 걷고 싶어요 왜냐면 넘 들떠서 어차피 잠도 안올 거 같으니까 "
3,"이름에 비트코인 들어간 메일 다 스팸처리해줘"
3,"오늘 오후에 온 메일좀 검색해"
3,"세탁기 표준모드로 작동해줘"
3,"무비실의 불을 끄고 프로젝트를 켜줘"
3,"너무 그렇게 다그치면 학습에 오히려 마이너스야"
3,"토요일 약속을 일요일로 옮겨줘"
3,"다음달 초까지 너가 나에게 하고 싶은말 써서 메일로 보내줘"
3,"부모님에게서 온 메일 개인 편지함으로 이동해줘"
3,"안방 가서 아기 침대 보여주렴"
3,"방에 불 좀 다 꺼주겠니"
3,"금요일 날 볼링모임에 나올 거지 "
3,"학교에서 온 메일들 다 지워줘"
3,"독서다 생각하구 읽어"
3,"싸우기 싫으면 가만히 좀 있어"
3,"내일 오전 열한시에 병원가기 일정 추가해"
3,"지금 은행이거든 이쪽으로 와"
3,"오늘 내 생일파티 세 시에 할 거야 꼭 와 "
3,"방콕 비행기 시간 세시간 전에 알려줘"
3,"거실에 가습기 좀 틀어 줄 수 있니"
3,"다음주 화요일 일정 삭제해줘"
3,"다음 연휴까지 열심히 일해봅시다"
3,"거실에 불 켜줘"
3,"큰방 불 꺼줘"
3,"한 시간 뒤에 로데오 거리 앞으로 와"
3,"드럼세탁기 십분뒤 작동 시켜 줄수있니"
3,"데이트 장소는 서울대입구 입력해줘"
3,"이틀전에 온 메일 검색해줄수있니"
3,"공항서 보자구"
3,"아파트 일층 공용문 열어줄 수 있니"
3,"경기도 버스도 환승 안되니까 서울 버스인지 보고 타"
3,"메일에 첨부파일 악성코드 검사해줄래"
3,"오늘 세시에 미팅일정 추가해"
3,"공기 청정기 좀 켜줘"
3,"토요일에 출장 스케줄을 추가해줘"
3,"모두 자기 작업 위치로 가서 대기하고 계세요"
3,"내일 오전에 회의미팅 일정 넣어줘"
3,"늦게라도 얼굴 비추고 가 못 본지 오래 됐잖아"
3,"한시간 뒤에 거실 에어컨 꺼줄수있니"
3,"이번달 마지막 주 수요일 문화의달 일정 추가해줘 "
3,"간혹 혹하는 마음으로 하게 되는 경우가 있는데 그건 절대 안 돼"
3,"빌려서 막아야지"
3,"브레이크를 너무 쌔게 밝으면 위험하다고"
3,"내일 아침에 운동하기 일정 여덟시에 추가해줘"
3,"주방 불 켜줄 수 있니"
3,"펀드 용어 사전이 따로 있는데 한번 찾아 봐"
3,"내일 추울 거라니까 옷 많이 겹쳐 입고 나가"
3,"작은방 스탠드 조명 켜줄수있니"
3,"어서 먹어"
3,"신나는 노래 틀어줄 수 있니"
3,"메일에서 답장을 부탁하는 내용 검색해서 누구한테 답장해야하는 지 알려줘"
3,"부엌 조명을 밝게 해줘"
3,"봉사 장학생 신청하실 분은 학과 사무실로 와요"
3,"학교 메일만 검색해줘"
3,"다음 주 수요일에 음악회 가지 않을래 "
3,"어제 주문한 청바지 반품확인해"
3,"습도 삼심프로로 맞춰줘"
3,"이번주 일요일 광화문 저녁약속을 강남 저녁약속으로 수정해"
3,"너 벌금 내고 싶으면 늦게 와"
3,"조명 조금 어둡게 해주라"
3,"지금 전화오면 부재중이라고 해줘"
3,"라디오 볼륨을 낮춰줄 수 있니"
3,"다 믿지 마"
3,"이번 주 금요일 계절학기 종강 일정 추가해줘"
3,"저번주에 온 메일 모두 스팸으로 차단해줘"
3,"스탠드 밝기 좀 낮춰줘"
3,"매주 수요일 열시에 회의 일정 넣어줘"
3,"다음 달 십오일에 내 생일 표시해줄수있니"
3,"항상 전력 절전 모드를 유지해"
3,"담주 수요일 면접날로 추가해줘"
3,"유행성출혈열 예방주사를 맞으세요"
3,"요번에는 어디든 들어가"
3,"원피스 환불하러 가기 일정 추가해"
3,"주식으로 돈을 벌려면 욕심을 버리도록 하세요"
3,"안읽은 편지 목록 좀 구성해줄래"
3,"이번주 토요일 오전 여덟시 스쿠버다이빙 아홉시로 변경해 "
3,"내일 원서 쓰는 날이야 돈 가져와"
3,"챙겨 먹어"
3,"어제 취소했던 일정 내일로 설정해줘"
3,"오늘 받은메일 삭제해줘"
3,"내일 오후 세시에 친구랑 카페가기 일정 추가해줘"
3,"밤 열한시 이후에 에어컨 꺼줄래"
3,"일교차 심해 건강에 유의해"
3,"책상 스탠드 좀 꺼줘"
3,"환율 떨어진다고 엄마가 해외 송금 좀 천천히 하래"
3,"모레 서울행으로 어린이 세 좌석 예약해놔"
3,"자기야 나 몸이 안 좋으니까 오늘 약속은 미루자"
3,"지금 노을이 너무 예쁜데 너랑 같이 보고 싶다"
3,"모두 전자제품을 꺼주련"
3,"현금 영수증 잘 챙겨둬 나중에 큰 혜택을 받을 수 있대"
3,"메일 계정 삭제해줄래"
3,"보낸 메일함에서 회사에 보낸 메일 모두 삭제해"
3,"영어 회화도 꾸준히 해야 효과가 좋대"
3,"방금 보낸 메일 다시 보낼 수 있니"
3,"무드등 제외한 모든 전등 꺼줘"
3,"지금 발송한 메일을 내 다른 계정의 메일로도 보내주겠어"
3,"광고메일을 다 지워줘"
3,"컴퓨터 모니터 밝기를 줄여줄 수 있니"
3,"오늘 너무 일찍 도착했어 책 읽고 있을테니 얼릉 와"
3,"집에 있는 강아지모습 보여줘"
3,"이번주 금요일 한의원 일정 추가해줘"
3,"매일 같이 우유를 마시는 것이 너한테 좋아"
3,"그런 것은 외우는 게 아니라 이해해야 해"
3,"보일러 온수모드 켜줄 수 있니"
3,"우리 둘 만의 약속이니까 비밀이야"
3,"비디오 전원 좀 켜주렴"
3,"작은방 에어컨 켜줘"
3,"해외법인 실적 호전주를 주목해 봐"
3,"이메일에서 회의 검색해줘"
3,"확인한 메일들 모두 지워줘"
3,"내일 술 약속 장소 홍대입구로 기록해 줘"
3,"다음 주 수요일에 컴퓨터 박물관 방문을 입력해줘"
3,"아빠한테 전화 걸어줘"
3,"스팸 메일 자동으로 삭제해 줘 "
3,"컴퓨터 이따가 와서 좀 봐주라"
3,"보일러 켜줘"
3,"내 남자친구와의 기념일 일정 등록해줘"
3,"정말 더운건 너무 싫다니깐 찬물에 샤워나 하자"
3,"욕조의 전기 물청소 버튼을 눌러줘"
3,"창고에 선풍기 좀 틀어줘"
3,"선풍기 삼십분 뒤에 켜줄 수 있니"
3,"다음주 토요일에 동아리 모임이라고 일정 추가해줘"
3,"스탠드 밝게 조절해줘"
3,"다음 설명회 때는 늦지 말고 참석해주십시오"
3,"오늘 회사에서 온 메일 모두 보여줘"
3,"오후 일곱시에 티켓팅 알람 맞춰줘"
3,"얕은 정보로 섣불리 투자하면 리스크가 커집니다"
3,"거실 블라인드 쳐줘"
3,"담배 좀 그만 피워요 나쁘다는 거 알면서 이제 끊어요"
3,"오늘 밤에 저와 저녁 괜찮으세요"
3,"작성 중인 메일 중요메일로 체크해줄래"
3,"부엌 조명 꺼 줘"
3,"동문회에서 온 메일은 오자마자 지워줘"
3,"내일 오후 아홉시에 사촌언니와 노래방 가기 일정 추가해"
3,"남자 끊구 상담 받어"
3,"보일러 온수로 틀어줄 수 있니"
3,"이렇게 통에 넣어 냉장고에 보관해 주면 된다"
3,"오늘 오후 다섯시에 온 회의 자료좀 확인해줘"
3,"사월 삼십일에 백일 이라고 기록해줘"
3,"크리스마스에 온 메일 보여줄 수 있니"
3,"내일 아침 여섯시에 텔레비전 켜줘"
3,"요즘 인라인이 대유행이라는데 같이 배울까 "
3,"주식은 종합주가지수는 빠지지만 개별주별로 상승할 때 투자하기 좋아"
3,"교양수업 같이 들어가자"
3,"내일쯤 여의도에 자전거 타러 갈까 날씨도 좋은데 "
3,"여러 장의 시디 전체 다 듣고 싶단다"
3,"다음주 일요일 오후 일정 취소해"
3,"오늘 점식 약속 취소해줘"
3,"내게 쓰기에 들어가줘"
3,"오늘 오후 미용실 일정 취소해줘"
3,"안방에 있는 선풍기 꺼줘"
3,"좀 더 선선해지면 어디 교외로 놀러 갈까 "
3,"스키는 북유럽으로 타러 가자"
3,"한국사 시험 장소는 역삼중학교로 입력해줘"
3,"지운 편지함 완적삭제좀 해 줄수 있어"
3,"그렇게 된 사연이므로 돈 돌려 줄 테니 그만 나가주지"
3,"그냥 입어"
3,"의사 선생님 소견서 열어줘"
3,"넌 촬영 도와야지"
3,"수수료는 네가 물기로 했잖아"
3,"탄산음료도 되도록 피하는 게 좋아"
3,"이번주 일요일 저녁 여섯시 회의를 취소해줘"
3,"회원 전부 다 참석해야 합니다 한 명도 빠지면 안됩니다"
3,"힘들 때 잠시 나무 그늘에서 쉬다 가"
3,"공부 잘하고 똑똑하면 뭐해 인간이 돼야지"
3,"텔레비전 불륨 높혀 줄 수 있니"
3,"화장실 불을 켜줄수 있니"
3,"좋은 친구들 많이 사귀고 열심히 해"
3,"이봐 젊은이 그러지 말고 좋게 좋게 합의 합시다"
3,"방에 불 좀 다 꺼줄 수 있니"
3,"모레 아침에 내려 오는 비행기 예약하렴"
3,"무선청소기 충전 다 되면 알림해줘"
3,"부모님 결혼 기념일 선물 사는 일정 추가해 "
3,"왜 문자 안해"
3,"다음주 회의일정을 모두 취소해줘"
3,"내일 장보라고 일정 등록해"
3,"재직 증명서 한 부만 출력 하세요"
3,"에어컨을 이십 삼 도로 온도 조절해줄래"
3,"경력사항에 반드시 담당업무의 내용도 기재하세요"
3,"내일 저녁 데이트 일정 추가해줘"
3,"먼저 네 자신의 투자성향을 파악해"
3,"건조기 이불 건조해"
3,"내일 오후 네시에 휴지 사가라고 알려줄래"
3,"스팀다리미 강하게 켜줄수 있니"
3,"전체 읽음으로 바꿔줄 수 있니"
3,"늦어도 금요일까지는 꼭 부쳐 주셔야 해요"
3,"알람을 다 취소해 주겠니"
3,"우리 같이 계 하나 해볼래 "
3,"형 부탁한다 나 좀 형 팀에 껴주라 나도 알지 이미 다 박혀있는 거 그래도 좀 아무나 빼고 나 껴주라"
3,"바나나 리퍼블릭에서 온 이메일을 모두 검색해줘"
3,"오늘 보낸 매일 수신확인해줘"
3,"서재 청소기 좀 돌려라"
3,"집안을 좀 건조하게 해줘"
3,"어제 맡긴 휴대폰 찾아가야지"
3,"술 한잔 마시자"
3,"저번 달에 온 메일들을 검색해 줄 수 있니"
3,"티비 음량 좀 높게 높여줘"
3,"투자자는 이익이 나더라도 그 이익을 경계해야해"
3,"이 라디오 방송을 녹음해"
3,"좋은 일자리 있으면 알려줘 바로 갈게"
3,"거실 조명 색깔을 바꿔줘"
3,"다다음주 월요일 상견례 일정 추가해줘"
3,"시비 걸지 마세요 "
3,"뒷감당도 생각하고 저질러"
3,"스페인에 진출한 이천수 관련 기사 모아주련"
3,"오늘 저녁 회식 일정을 취소해줘"
3,"음식을 골고루 드세요 "
3,"잘 들어"
3,"내일 아침 미팅 준비 일정 좀 추가해줘"
3,"내 방 불 꺼줘"
3,"모든 불의 밝기를 제일 낮게 해줘"
3,"우리 정말 그러지 말자"
3,"이번주 토요일 플리마켓 일정 추가해줘"
3,"조명을 어둡게 해줄수 있니"
3,"일주일분만 남기고 메일을 전부 지워줘"
3,"별표한 메일만 남기고 전부 지워줄 수 있니"
3,"김기에는 휴식이 최고의 처방이야 푹 쉬어"
3,"내일 일정에 핸드폰 로밍 추가해"
3,"화장실 불 꺼 줄 수 있니"
3,"서재 조명 밝기 조절해줘"
3,"배터리를 급속 충전해"
3,"스팸메일함에 등록된 메일 모두 삭제해줄 수 있니"
3,"자기소개서를 서류에 첨부하는 걸 잊지 마"
3,"스탠드 전원 좀 꺼줘"
3,"압력밥솥 취사 해줘라"
3,"커튼 내려줘"
3,"서류를 한번보고싶습니다"
3,"내일 낮 열두시에 면접 결과 발표 일정 추가해줘"
3,"최근 도착한 날짜부터 메일을 보여주렴"
3,"지운편지함에 있는 이메일 전부 복원해줘"
3,"이번주 목요일 점심식사 장소를 토론토로 추가해줘"
3,"휴지통 비워줘"
3,"다음주 월요일에 시험이 있다고 추가해줘"
3,"보안 관계상 사진 촬영은 불가합니다"
3,"어제까지 회사에서 온 메일을 전부 삭제해줘"
3,"온 지 십오일 이상 된 메일 지워줄 수 있니"
3,"긴급으로 온 메일 확인부탁해"
3,"요즘은 정말 사는게 사는게 아니야 그냥니가 보고 싶어"
3,"에어컨 희망온도 십팔도로 해주겠니"
3,"보낸 메일함에서 친구에게 보낸 메일만 보여줘"
3,"안방 조명을 밝게해라"
3,"가장가까운 영화관에 오늘 관람가능한 일곱시 영화 예약해줘"
3,"이번주에 남은 날들 스케쥴 다 지워줘"
3,"안방 취침등 좀 꺼줄 수 있니 "
3,"내일 저녁에 쇼핑 같이 하자"
3,"유월달에 온 메일 좀 검색해"
3,"통장과 인감도장 보관을 잘 하시길 바랍니다"
3,"제품의 질을 향상하는 방향으로 기획해 봅시다"
3,"한글 메일 영어로 번역해줘"
3,"주소록에서 이 그룹은 삭제해줘"
3,"서재 난방 꺼줄 수 있니"
3,"너에게 도움 되는 메일들이 있다면 나한테 알려줘"
3,"이틀전에 회사에서 온 메일 검색해줘"
3,"오늘 많이 더운데 더위 조심해"
3,"이거 선생님한테 여쭤 보자"
3,"어제 다섯시에 온 메일 읽어줘"
3,"설날에 온 메일은 모두 임시보관함에 넣어주겠니"
3,"만날 장소는 다이소로 입력해줘"
3,"건조기를 일반건조로 작동시켜줘"
3,"강아지 마실 수 있는 물을 따라줘"
3,"전자렌지를 작동시켜 주겠니"
3,"보일러를 꺼줄수 있니"
3,"내일 점심약속 취소해라"
3,"수영장 일정 일박 이일로 수정해줄수있니"
3,"스피커 볼륨 이십으로 해주겠니"
3,"사백구십육 번 버스 타는 데 앞에서 오분 후에 보자"
3,"약하게 탈수해줘"
3,"거실 선풍기 꺼줘"
3,"그리고 마지막으로 과일 디저트는 꼭 챙겨 드셔야 해요"
3,"주말에 나랑 산림욕장 가서 좀 쉬다 올래 "
3,"빨리 와 기다릴께"
3,"장소 바꾸지마 금방 갈께"
3,"새벽 두시에 작은 방 보일러 좀 꺼줘"
3,"오늘 삼백일 호에서 모여 찾기 쉬울거야"
3,"잘 찾아봐"
3,"오토바이 탈 때엔 옷을 되도록 두껍게 입으세요"
3,"에어컨 한시간 후에 멈춰주겠니"
3,"안내 방송 나오면 녹음해줘"
3,"김윤희씨 현대정신병원에서 입원부탁합니다"
3,"한옥 마을을 탐방한 후 점심을 먹으러 이동 한다"
3,"오늘 오후 두시에 온 메일 신고해줄 수 있니"
3,"복도에서 만나면 가볍게 목례로 인사를 해주시기 바랍니다"
3,"내일 저녁에 쇼핑 같이 하자"
3,"엄마 메일을 자주 쓰는 주소록에 추가시켜 줘"
3,"티브이 볼륨 키워줘"
3,"공기청정기 켜줘"
3,"마감일까지 서류 제출해주시기 바랍니다"
3,"벽제 병원에 나 입원했다 한번 와라"
3,"기본 서류 양식 좀 주세요"
3,"생선회는 먹지마"
3,"내일 네시 성신여대입구에서 앤트맨보기 일정 등록해줘"
3,"어제 온 메일 스팸처리해줘"
3,"세탁기 불림 코스 선택"
3,"스팸 메일함 열어줘"
3,"걸을 때 발은 뒤꿈치부터 땅에 닿도록 하고 걷습니다"
3,"초등학생과 선생님들의 많은 참여 바랍니다"
3,"안방 보일러 이십분만 켜줄수 있니"
3,"일곱시 되면 안방 불꺼주겠니"
3,"탈북 축구인 대회에 관한 기사를 찾아줄래"
3,"오늘 온 메일 확인해줘"
3,"승래한테 온 메일 중 계약관련 메일 추려줘"
3,"스팸 메일 삭제해"
3,"내 생일에 강아지 선물해줘 예쁘게 키울게"
3,"운전 중 휴대 전화 사용도 금지다"
3,"동아리 회의 토요일 오후 세시로 추가해"
3,"크리스마스에 데이트 장소 명동으로 입력해줘"
3,"졸지마"
3,"자연스럽고 예쁘게 한올 한올 증모 시술 을 해 주세요"
3,"이번 주 토요일에 갈 애견샵 일정을 취소해줘"
3,"유튜브에서 온 메일들 모두 지워줘"
3,"휴지통에 이틀전에 온 메일말고 모두 비워줘"
3,"비데의 전원을 꺼줘"
3,"휴지통에 있는 메일 다 복구해줘"
3,"내방의 현재 모습을 찍어라"
3,"방금 온 메일 이사님에게 전달해줘"
3,"이 메일을 전체 회신 해줘"
3,"그럼 아직 세시간 오십분 있으니까 지금 빨리 우리 집에 가서 커피 한잔 마시면서 대본보고 얘기하고 "
3,"방금 보낸 메일 재전송 해줘"
3,"집에 있는 모든 불 다 꺼주겠어"
3,"에어컨 한시간 뒤에 꺼줘"
3,"다음주 화요일 축하 화환 보내는 일정 등록해"
3,"어머님 집에 있는 짐만 보내줘요"
3,"상관 마"
3,"오후 두시에 티비 좀 켜줄 수 있니"
3,"거실에 분위기 좀 잡아줘"
3,"티비 좀 꺼 줄 수 있니"
3,"사업안내서 한 부씩 나눠 가져"
3,"가습기 틀어줘"
3,"티비 전원을 켜줘"
3,"선물 꼭 잊지 말아 안사오면 미워할 거야"
3,"만날 장소는 파스쿠치로 입력해줘"
3,"거실 불 켜줄래"
3,"텔레비전 켜줘"
3,"먹고살라고 왔습니다 봐주십시오"
3,"외국인 투자자들의 움직임을 잘 봐야돼"
3,"저번주에 교수님에게 온 메일 모아줄래"
3,"나가 보세요"
3,"내일 열두시에 점심 약속 추가해"
3,"내일 아홉시 예술회관 정문에서 보는 거다"
3,"영화 볼 극장은 메가박스로 입력해줄수있니"
3,"그동안 선배 따라다니며 많이 배웠는데 나 좀 껴주면 안될 "
3,"안읽은 메일 전부 삭제해줘"
3,"매년 삼 월 일 일에 삼일절 추가해"
3,"그러면 대중예술 재수강 같이 할래요"
3,"술 한잔 사줄꺼지"
3,"제목 없는 메일 전부 삭제해줘"
3,"에어컨을 이십 삼 도로 온도 조절해주겠니"
3,"지난 달 메일 중 차장님께 온 메일을 열어줄래"
3,"목욕하게 욕조에 물좀 틀어줘"
3,"지금 너무 추운데 에어컨 좀 꺼줄 수 있니"
3,"환기좀 시켜줘"
3,"거래처에서 온 메일 확인해줘"
3,"다음 주 미팅 장소 찾아봐"
3,"오늘 모든일정 삭제해"
3,"내가 이제 최수아 안 본다고 그대로 전해"
3,"거래량의 추이를 확인합니다"
3,"어제 받은 메일 중 안 읽은 메일들 검색해줘"
3,"에어컨 꺼줘"
3,"주식 할 때 계좌운영을 잘 해야 해"
3,"전체 메일을 전부 비워줘"
3,"보유 주식 점검 좀 부탁드릴게요"
3,"책상 스탠드 좀 꺼줄 수 있니"
3,"실내온도 이십육도로 맞춰줘"
3,"안방 문을 잠궈주렴"
3,"안방 텔레비전 꺼줘"
3,"내일 아침 일곱 시에 거실 조명 켜주라"
3,"저녁에는 오토바이 타면 위험해"
3,"나만 믿어"
3,"김교수님께 보낸 메일 수신확인해줘"
3,"저번주 수요일에 온 메일 좀 검색해"
3,"라디오 좀 꺼주겠니"
3,"티비 소리 줄여줘"
3,"내일 아침 일곱시에 안방 조명 켜줘"
3,"오늘 오전 열한시에 오빠 군입대 일정 추가해줘"
3,"옷 따뜻하게 안 입었으면 갈아입고 와라 밖이 상당히 춥다"
3,"가족휴가 장소는 제주도로 해줘"
3,"이번 결혼식 끝나면 우리끼리 뒤풀이 하니까 시간 비워둬"
3,"이 빌딩은 외부에서 들어오는 음식물 반입을 금지합니다"
3,"인사는 공손하고 예의 바르게 해야 하는 거란다"
3,"백성들이 권위를 두려워 하지 않는다면 큰 천벌이 닥칠것이다"
3,"화장실 불 켜줘"
3,"수신안된 메일 좀 확인해줘"
3,"내일 오전 열시에 브런치 약속 저장해줘"
3,"내일 모레의 자외선 지수를 말해"
3,"우리 이따가 만나서 같이 시간표 짜자"
3,"컴퓨터 볼륨 좀 높여줄 수 있니"
3,"안방 스탠드 불 켜줘"
3,"이 메일은 차단해줘"
3,"거실에 조명 최소밝기로 해줘"
3,"광고 메일 삭제 해줘"
3,"오늘 추운데 그냥 등산 취소하자"
3,"시월 십삼일에 사촌누나 결혼식 일정 추가해줘"
3,"이번주 금요일 유림이 점심 일정 추가해줘"
3,"오토바이 탈 때엔 옷을 되도록 두껍게 입으세요"
3,"내일 저녁 일정 모두 지워줘"
3,"쿠쿠로 잡곡밥 취사해줄수 있니"
3,"히터 좀 꺼줘"
3,"나 너 진짜 좋아 우리 사귈래"
3,"제일 최근에 받은 메일 읽어줘"
3,"내가 쓴 메일을 필터링 해주겠니"
3,"계단으로 쭉 올라가면 보일 거야"
3,"메일함 모두 비워줘"
3,"가족에게 온 메일만 모두 보여줄 수 있니"
3,"광고 메일 완전 삭제 해줘"
3,"음악소리 작게 줄여줄수있니"
3,"빨리 뛰어와"
3,"까쓰레인지의 까쓰를 열어"
3,"화장실 조명 켜줘"
3,"날씨가 춥지만 우리 바다 보러 가자"
3,"그렇기때문에 급등 한다고 무작정 따라가는것은 삼가야 합니다"
3,"하나은행에서 보낸 이메일 전부 검색해줘"
3,"빨리 와 기다릴께"
3,"이번주 목요일 일정 하루종일 공연보기로 등록해줘"
3,"과외비 계좌 이체로 달라고 그래"
3,"운동장이나 몇 바퀴돌자"
3,"구월 십오일 브라질 여행 일정 추가해줘"
3,"창 쪽 자리로 부탁해요"
3,"읽은 메일 다 휴지통으로 옮겨줘"
3,"내게쓰기 화면 열어줘"
3,"보낸 편지함 모두 비워줄 수 있니"
3,"너도 통합 카드 하나 만들어 "
3,"십일월 십사일에 수능 일정 추가해줘"
3,"가장 최근 임시보관 메일 내용을 읽어줘"
3,"다음주 목요일 대회일정 추가해줘"
3,"아가 장난감 치워죠"
3,"거실 온도를 이십사도로 맞춰줘"
3,"내일 오전 일곱시에 진동으로 알람 맞춰줘"
3,"초인종 누르면 다시 한 번 알려줘"
3,"팀장님에게 여섯시에 미팅있습니다 라고 메일 보내줘"
3,"영화 볼 장소는 메가 박스로 입력해줘"
3,"티비 채널 음향 설정을 영화로 변경해줄래"
3,"오늘 오후 일곱시에 운동하기 일정 추가해"
3,"오늘 모든 메일 수신거부 해줘"
3,"팀원들에게 단체 메일 발송해줘"
3,"받은 메일함 비워줘"
3,"예약발송함의 두번째 메일을 내일 오후 세시에 발송해줘"
3,"공기청정기 삼십분뒤에 꺼줄수 있니"
3,"친구 생일 파티 장소 강남역으로 추가해줘"
3,"내일 밤에 술약속 추가해줘"
3,"사월 십오일에 내 생일 추가해"
3,"화장실 불 좀 켜줘"
3,"저번 주 수요일에서 금요일까지 온 메일을 보여주겠니"
3,"한 시간 동안 움직이지 마"
3,"휴지통 비워줄 수 있니"
3,"코레일에서 기차표 산 거 일정이랑 동기화해줘"
3,"안 읽은 지 한 달 넘은 메일 다 보여줘"
3,"야외로 다니면서 자연 공부를 해 보세요"
3,"박주영 기사를 모아볼래"
3,"오디오 꺼줄래"
3,"티비 영화채널 틀어줘"
3,"트위터에서 온 메일 삭제해 줄수 있니"
3,"오늘 오후 두시에 탁구 동호회 일정 추가해줘"
3,"점심 굶고 저녁 회식 뷔페니까 많이 먹어"
3,"휴지통에 있는 메일 모두 삭제해"
3,"오늘 일정 다 삭제 취소해줘"
3,"삼십분 후에 티비 꺼줘"
3,"외로울 땐 운동이라도 해서 상념을 없애자"
3,"십 년 뒤에도 애인 없으면 우리끼리 결혼하자"
3,"오늘 포함 백일 째 되는 날에 백일이라고 저장해줘"
3,"오늘 오전 여섯시에 아침운동 일정 추가해"
3,"꺼져있는 조명 모두 켜줄 수 있니"
3,"메일 글씨체를 돋움체로 바꿔줘"
3,"각 세장씩 인쇄해 주세요"
3,"어깨 축 쳐져서 지내지 마시구요 어깨 쫙 펴세요"
3,"내일 회사미팅 일정 추가해"
3,"환풍기 꺼줄수 있니"
3,"메일 일주일전꺼 다 지워줄 수 있니"
3,"티비 한시간 뒤에 꺼줘"
3,"제일 최근에 온 메일 지워줘"
3,"외로운 솔로들은 모두 모이세요"
3,"거실 좀 어둡게 해"
3,"이번 주말 일요일에 메가박스 영화관 입력해줘"
3,"어머니 설득한 거 고마워하진 못할망정"
3,"스톱옵션 대박을 기대하지 말자"
3,"선풍기를 강풍으로 틀어줄 수 있니"
3,"다섯 정거장만 가면 되요 사 번 출구에서 기다려요"
3,"방금 전에 온 메일에 답으로 한시간 전에 작업한 워드 파일 보내줘"
3,"엘리베이터 좀 불러줘"
3,"교육학 과목 한 번 들어보지 그러니"
3,"장소는 건대로 입력해줄수있니"
3,"내일 디즈니랜드 갈 건데 저랑 같이 갈래요"
3,"메일 쓰기 기능을 활성화해줘"
3,"포토샵 같은 것으로 작업하실 수 있으신 분 있으면 같이 해요"
3,"장학금 타면 한턱 쏴야 한다"
3,"여긴 급커브 길이라서 위험하니 속도를 줄여"
3,"내일 친구랑 만날 약속 장소 가로수길로 메모해줘"
3,"그 쪽 길은 험해서 사고 위험 있어"
3,"인수 인계는 다음 수요일에 말로 하자"
3,"몸도 찌푸둥하니 찜질방 가자"
3,"대리 이것 원리합계 좀 내 주게나"
3,"교수님께 메일 보낼 때마다 오타 확인해줘"
3,"이 메일에 답장이 오면 알려줄 수 있니"
3,"내게 쓴 메일함 완전히 비워주겠니"
3,"안방에 티브이 음량좀 줄여줄 수 있니"
3,"문자 사양이다 나 모든 것이 귀찮다"
3,"최근 메일 열개만 삭제해줘"
3,"스팸보관함을 비워줘"
3,"구월에 온 메일 모두 지워줘"
3,"매달 이십일 용돈 날이라고 기록해줘"
3,"높은 구두 너무 오래 신지마"
3,"오늘 오전에 온 메일좀 검색해"
3,"내일 연신내역 사번 출구 앞 피자헛 앞에서 세시에 만나죠"
3,"조명 핑크로 바꿔줘"
3,"얼음 자동으로 얼려줘"
3,"읽지 않은 회사메일 삭제해줘"
3,"흙탕물 튀니까 흰색 옷은 입지마"
3,"모의 투자 대회라도 나가서 실전 경험을 쌓는 것은 어때 "
3,"목욕물 삼십 팔 도로 맞춰주련"
3,"내일 미팅 한 시간전에 헤어숍 방문 일정 추가해줘"
3,"부엌에 불을 꺼줄수 있니"
3,"네 시에 로봇 청소기 돌려줄 수 있니"
3,"전화를 받아줘"
3,"다음달 이십육일부터 삼십일까지 휴가 추가해줘"
3,"목요일 세시에 광주로 출발할꺼니깐 입력할 수 있니"
3,"싸게가는 방법 알려 드릴께요 집중해 주세요"
3,"세탁기 돌려줘 "
3,"내가 보낸 메일함 확인해줘"
3,"오십일 전에 온 메일 좀 검색해"
3,"읽은 메일 모두 안읽음 표시로 바꿔놔"
3,"다음달 셋 째주 토요일 점심 약속 저장해줘"
3,"네이버 중고나라에서 온 메일들 전부 띄워봐"
3,"에어컨 한시간 뒤 꺼짐 예약 설정해"
3,"전자레인지 전원을 꺼줘"
3,"커피 포트 물 좀 끓여 줄래"
3,"컴퓨터나 인터넷을 적극 활용하세요"
3,"옷 두껍게 입고 나와"
3,"각 학교별로 할당된 포스터 붙이고 결과 보고 해주세요"
3,"보일러 삼십도로 좀 틀어줘"
3,"햇볕을 바로 쬐지 않는 실내 수영장으로 가자"
3,"분산 예치도 한 번 생각해 봐"
3,"한주의 주식도 소중히 여기자"
3,"회신 온 메일들만 중요 편지함으로 보내줄래"
3,"휴지통에 메일들 다 복원해줘"
3,"히터 틀어줘"
3,"칠월 이십육일에 잡혀있는 일정 하루전에 다시 알려줘"
3,"보고서 제출일 다음달로 변경해줘"
3,"보일러를 이십오도로 맞춰서 미리 켜줄 수 있니"
3,"현재 출발지인 인천과 목적지인 시드니공항 모두 시큐리티 레벨 쓰리이며 항공기 도착 후 보안장구 점검 및 보안절차 준수 부탁드립니다"
3,"이번주 화요일 일정 모두 취소해줘"
3,"학교 관련 메일 찾아줘"
3,"유아는 유아용 시트에 태워 뒷좌석에 앉혀야 합니다"
3,"인적사항 정확히 확인 바랍니다"
3,"우리 가까운 교외로 드라이브 가자"
3,"티비 소리 좀 뮤트해 줄 수 있니"
3,"디브이디 전원을 켜서 영화를 재생시켜줘"
3,"제목에 광고가 들어가는 메일을 전부 지워줘"
3,"인라인 타자"
3,"옆에 계신 분은 처음 뵙는데 소개 좀 해주겠어요 "
3,"당뇨병 예방하기 위해서 음식 조절을 잘해야 해"
3,"로봇 청소기 작동시켜줘"
3,"청계천이 그렇게 예쁘다더라 내일 가자"
3,"너 자꾸 신용카드 쓰는 버릇하면 안 좋아"
3,"안방 문 닫아 줄 수 있니 "
3,"베란다 불 켜져있는 지 확인해주고 켜져있으면 꺼줘"
3,"화장실 불을 꺼줄수 있겠니"
3,"이번주 월요일에 남산 가기 일정 추가해줘"
3,"당뇨병에는 필히 운동이 필요 합니다"
3,"거실에 조명 켜 줘"
3,"보낸 편지함의 대용량 메일들 다 지워줘"
3,"티비에 한시간 전에 작업한 문서 띄워줘"
3,"전기 스탠드 좀 켜주라"
3,"같이 구매하실 의사 있으심 말씀해 주시구요"
3,"네번째주 일요일 결혼식 일정 추가해줄래"
3,"여덟시부터 열시까지 거실불 켜 놔"
3,"한 시간 동안 가만히 있어"
3,"내일 오후 여섯시에 가족이랑 놀이동산 가기 일정 추가해"
3,"약하게 탈수시켜줄래"
3,"전자레인지 전원 꺼줘"
3,"그러니까 내말은 형도 이번에 너무 진지하게 그러지 말고 된장을 좀 풀 "
3,"라디오 좀 틀어줄 수 있니"
3,"확장자가 이엑스이인 첨부파일 저장해줄래"
3,"일년 후에 남자친구와의 일주년 일정 추가해줄수있니"
3,"작은 방 보일러 가동해줘"
3,"임시보관함에 메일 다 삭제해줘"
3,"공부 열심히 해"
3,"내일 자정에 여자친구랑 천문대 가기 일정 추가해줘"
3,"크리스마스 저녁 여섯 시에서 여덟 시까지 가족 외식 추가해"
3,"메일 발신자별로 정렬해줄래"
3,"내 메일함 전체삭제좀 부탁해도 될까"
3,"전화주시면 정류장까지 나가겠습니다"
3,"다음주 금요일 여섯시에 아르바이트 일정 추가해줘"
3,"삼년 전 메일 리스트 보여줘 "
3,"하루전에 온 메일좀 검색해줘"
3,"대용량 첨부파일부터 다운로드 기간까지 드래그 해줘"
3,"사무실  불 좀 켜줘라"
3,"비밀 번호 유출 되지 않게 조심해"
3,"어제 받은 이메일 읽어줘"
3,"스탠드 가장 밝게 조정해 줘"
3,"지금 쓴 메일 임시저장함으로 보내줄래"
3,"좀만 더 기다려봐 언젠간 오를 거야"
3,"회사에서 온 메일 모두 확인해"
3,"집전화로 전화 걸어주겠니"
3,"내가 열두시까지 갈 테니까 나와 있어요"
3,"다음 주 미팅 화요일에서 수요일로 바꿔줘"
3,"특히 집단급식소에서 유의해 주세요"
3,"그 병원에 입원했어 같이 가자"
3,"영화 볼 극장은 메가박스로 입력해줘"
3,"수요일날 과외 취소해도 되냐고 과외학생한테 문자해줄래"
3,"늘 기도를 쉬지 않으시는 여러분들 되길 바랍니다"
3,"광고 들어간 메일 필터링해줄래"
3,"취소하시려면 위약금 물어야 됩니다"
3,"다리미 온도 일도 높혀줄 수 있니"
3,"베란다 창문 닫아줄 수 있니"
3,"실내온도 일도 올려줄래"
3,"화장실 불을 꺼줘"
3,"구글 계정에 있는 메일 전부 삭제해줄 수 있니"
3,"메일 온 것 중 청구서만 따로 검색해줄래"
3,"몸보신 좀 해라 많이 여윈 거 같아"
3,"저기 가서 할머니 방 찍어와"
3,"방금 온 메일 메일 보관함으로 옮겨줘"
3,"이번주 파티 시간 변경해줘"
3,"현관 카메라 켜 줄래"
3,"미납요금 납부바랍니다"
3,"이미지를 클릭 하시면 쿠팡 페이스북 엔프라니 이벤트 로 바로 이동되십니다"
3,"평택에서 충주 구간의 고속도로 상황을 알려라"
3,"티비 색 보정해주라"
3,"수아씨 혼자 행복해지자고 나한테 못 와요"
3,"보낸메일함 비워줘"
3,"내리실 때 뒤쪽의 오토바이를 조심하세요"
3,"한 분도 빠지지 말고 참석하세요"
3,"화장실에 환풍기를 꺼줄 수 있니"
3,"화요일에 팀 발표 모임하자"
3,"방금 온 메일 읽어줘"
3,"나 다음 주 수요일 날 야외 촬영하는데 같이 가줄래 "
3,"주유소에서 기름 넣어야 하니까 거기서 봐"
3,"씨지브이 영화 예매내역 확인좀 해줘"
3,"메일함에 있는 메일 모두 지워줘"
3,"에어컨 터보풍으로 바꿔줘"
3,"이딴 실수 또 하지 마시구요"
3,"스피커 볼륨 좀 낮춰 주겠니"
3,"버스 맨 뒷자리에 있어 보이면 얼른 타"
3,"우리끼리 하는 걸 불가능하지 엄마께 여쭤봐"
3,"문화원에서 예술 영화 상영회를 한다던데 같이 갈래 "
3,"받은 편지함 중 지난주 받은 편지 확인해줄수있니"
3,"밥솥 전원 좀 켜줄래"
3,"내일까지 서류 마무리 짓도록 해"
3,"비가 많이 와서 저지대는 침수에 유의하래"
3,"지난 주에 수신한 메일만 모아서 보여줘"
3,"보일러 좀 꺼주겠니"
3,"컴퓨터 원격으로 부팅시켜"
3,"오늘 저녁 회식 일정 취소해 "
3,"트위터에서 보내는 메일을 모두 자동으로 스팸메일함에 넣어줘"
3,"오늘 밤 열두시에 친구애게 생일축하 메세지를 보내줘"
3,"추석에 온 메일은 모두 임시보관함에 넣어주겠니"
3,"다음주 플레이스테이션 신작 게임을 예약해줘"
3,"티브이 삼십분 있다 꺼"
3,"운세 관련 메일 스팸 등록해"
3,"티브이 실시간 시청률 높은 채널로 변경해줘"
3,"꼭 불법유턴을 해야 하는 거야 "
3,"슬프면 울어 그래야 풀리니까"
3,"저희의 사랑의 결실을 축하해 주세요"
3,"서명 첨부되지 않게 삭제한 뒤 답장 보내줘"
3,"내가 보낸 메일함에 있는 메일들 모두 삭제해줘"
3,"조명 밝기 지금보다 두단계만 낮춰볼래"
3,"매일 아홉시 열두시 여섯시에 감기약 먹는 일정 추가해줘"
3,"소외된 주식은 거들떠보지도 않는 게 좋아"
3,"이번달 벅스플레이어에서 온 메일 검색좀 해줘"
3,"화장실 불 좀 켜줘"
3,"제일 최근에 온 메일 회사로 전달해줘"
3,"이메일 목록 주소록을 열어줄래"
3,"올해 팔월 이일부터 내년 칠월 이십칠일까지 교환학생 일정 추가해줘"
3,"친한 친구와 공책을 바꾸어 봐"
3,"내일 아침에 수업 지워줘"
3,"오늘 남은 일정 전부 삭제해줘"
3,"방 불 꺼"
3,"수상 스키 타러 가자"
3,"지금까지 보낸 메일 모두 수신확인해 줘 "
3,"세달 전에 온 메일 좀 검색해"
3,"읽은 편지함에 있는 메일들 다 지워줘"
3,"음악 틀어줘"
3,"새벽 두시에 에어컨 꺼줄 수 있니"
3,"까쓰오븐 이백 오십 도로 예열해주라"
3,"화장실 환풍기 좀 꺼주겠니"
3,"어제 구매팀에 보낸 메일 재발송해줘"
3,"오선생님 말이 맞어 입으로 말고 맘으로 해봐봐 다시 해"
3,"최사장 이번에 안양 쪽에 좋은 건수가 잡혔는데 같이 해볼까"
3,"서두르지마"
3,"아이방에 씨씨티브이 작동시켜라"
3,"조용히 해"
3,"메일오면 발신인 모두 주소록해 추가해 줄 수 있니 "
3,"카드 잊어 버렸다며 빨리 신고해"
3,"다음의 말을 이메일로 와인샵에 보내줄래"
3,"일곱 시까지 못 오시면 안돼요"
3,"보일러 외출모드로 놔 줄 수 있겠니"
3,"지친 몸에 꼭 휴식을 취해주시고 꼭 안정을 해야 합니다"
3,"인터넷 거래 시 사기에 주의하세요"
3,"거실에 조명 좀 켜라"
3,"이번 주 토요일 오후 두 시에 미팅이니까 시간 비워둬"
3,"여러분들의 많은 후원 부탁드립니다"
3,"히터 희망온도 이십구도로 해줘"
3,"오늘 저녁약속 취소해줘"
3,"너무 좌절하지 마세요 곧 좋아지실 거예요"
3,"너 자신과의 약속은 꼭 지키도록 해"
3,"정해놓고 하셔야죠"
3,"쇼핑몰에서 오는 메일은 즉시 삭제 해줘"
3,"무엇이든 작은 일 에도 감사를 표현하라"
3,"입사지원서라는 제목의 이메일을 찾아줘"
3,"달걀은 한 바구니에 담는 게 아니야"
3,"내일 모래 친구 만나기로 한 약속 취소해줘"
3,"현금카드를 가져오셔야 사용 가능합니다"
3,"메일 알림 오늘만 꺼줘"
3,"오늘까지 구구단 다 외우세요"
3,"텔레비전 소리 좀 낮춰줘"
3,"최근 보낸 메일 삼십개 말고 다 지워줘"
3,"실록이 우거지는 유월이 시작됐어 웃으며 시작하자"
3,"에어컨 송풍 기능으로 삼십분만 틀어줘"
3,"보고 싶어 차에 슈퍼 모터 달고 빨리 와"
3,"한분도 빠짐없이 맛있게 식사하시고 저 좀 봬요"
3,"이번 주 스케쥴 브리핑 좀 해줄 수 있니"
3,"화재 센서 잠깐 꺼줘"
3,"스피커 좀 켜줄래"
3,"대리 이번에 승진한다며 한턱 쏴"
3,"내릴 때 뒤에서 오는 오토바이를 조심해야 해 "
3,"저번주에 지운 메일들 복구해"
3,"반드시 세금을 내야 돼"
3,"공부도 좋지만 여유를 좀 가지고 살아라"
3,"베란다 조명 어둡게 해줄 수 있니"
3,"핫워터탱크의 온도를 측정해줄래"
3,"재테크의 중요성을 일깨우자"
3,"시험범위 뒷부분을 잘 모르겠어 내일 좀 알려줄래 "
3,"정원에 물 좀줘"
3,"다음주 화요일에 이 메일 삭제해줘"
3,"일단 급한 대로 쓰고 다음달에 값아"
3,"매월 십일에 온 메일 찾아줄 수 있니 "
3,"임시보관함에 있는 메일 좀 다 지워주겠니"
3,"백 페이지 이상 메일들 삭제해줄래"
3,"수강신청 관련 메일 모아줄래"
3,"사월에 온 메일 모두 오케이라고 답장해줘"
3,"그 날 쇼핑하자 핸드백도 사고"
3,"지난번에 술 마셨던 곳이 분위기가 좋더라 거기서 또 보자"
3,"해수욕장 가서 너무 많이 태우지 마"
3,"많은 격려와 응원 부탁드립니다"
3,"휴지통 비워줘"
3,"이대리 나와 프레젠테이션 마무리 작업 같이 하죠"
3,"온수 전용으로 난방 돌려줄래"
3,"트리조명만 켜라"
3,"오늘 일곱 시에 긴급 회의 합니다"
3,"거래 중지 메일 확인해"
3,"각 부서의 의견을 제시해 주시기 바랍니다"
3,"수요일 점심에 회 먹으러 가자"
3,"오늘 오후 일곱시에 운동장 걷기 일정 추가해줘"
3,"라식 수술 후 컴퓨터 앞에 너무 오래 앉아 있지 마세요"
3,"이번주 토요일 부산여행 일정 추가해줘"
3,"티비 삼십 분 있다가 꺼줄래"
3,"극장에서는 외부 음식물을 삼가 주시기 바랍니다"
3,"임시 메일함의 모든 메일 삭제해줘"
3,"내게 쓴 메일을 삭제해줘"
3,"다섯시 반에 바뀐 회의 장소로 가야한다고 알려줘"
3,"에어컨 희망온도 이십도로 맞춰줘"
3,"내일 오전 아홉시에 침실 불을 켜줘"
3,"바람 많이 불더라 외투 꺼내 입어"
3,"청소에 적당한 음악을 틀어줘"
3,"부엌에 뉴스 틀어줘"
3,"호빗에서 온 이메일 전부 삭제해줘"
3,"구월에 온 메일 모두 임시 보관함에 넣어줘"
3,"거실에 불을 켜줘"
3,"스팸메일 모두 지워줘"
3,"주말에 시간 있으면 교외로 나가자"
3,"스팸 처리된 메일을 스팸해제 해주겠니"
3,"지난주까지 온 메일 다 지워"
3,"고모님께 못 찾아 뵈어서 죄송하다고 전해드려"
3,"공기청정기 전원 좀 꺼줘"
3,"취해 그만 먹어"
3,"병원 가는 시간 오후 두시로 입력해줘"
3,"오늘 수업 한곳부터 예습해오세요"
3,"내일 회의 일정 다음주에도 등록해줄 수 있니"
3,"오늘 온 메일 확인해줘"
3,"거실 조명을 한 단계 어둡게 해줘"
3,"이비에스 라디오 틀어줘"
3,"전체 메일 선택해서 모두 삭제해라"
3,"너무 미워하지마"
3,"메일 수신거부 해줄래"
3,"부장님에게 온 메일 별표표시해줘"
3,"오디오 음량을 티비와 연결해줄래"
3,"이거랑은 관계없이 끝내"
3,"오후 세시에 약먹기 일정 추가해줘"
3,"금연 금주 하자"
3,"오늘 저녁 아홉시에 친구랑 만나는 일정 취소해줄 수 있니"
3,"오늘은 도서관 정기휴일이니까 혹시라도 가면 안돼"
3,"최신 메일 확인해줄래"
3,"내일 오후 다섯시 조별과제 일정 추가해줘"
3,"캐쉬백 받는 카드를 써"
3,"광고 메일 다 삭제해줘"
3,"상한가일 때 빨리 팔아버려"
3,"내게 쓴 메일함에 있는 메일 다 삭제해줄 수 있니"
3,"안읽은 메일함에서 보험이라는 단어가 들어간 메일 검색해줘"
3,"월요일 메모되어있는 약속 화요일 오후 네시로 옮겨줘"
3,"삭제 된 메일을 복원시켜 주겠니"
3,"티비 음소거 시켜줄래"
3,"아우 땀봐 음료수 한잔 하시고 하세요 "
3,"내게 쓴 메일함 모두 보여줘"
3,"제습기 꺼줘"
3,"모든 메일 차단해줘"
3,"오전까지 교회 앞으로 모여주시기 바랍니다"
3,"안방 빼고 다른 방 모두 불 좀 꺼줘"
3,"조명 밝기를 오십퍼센트로 할 수 있니"
3,"다시 주식 물량을 늘리는 것은 매우 위험한 일이지요"
3,"파일 첨부 해줄 수 있니 "
3,"약사가 그거 매일 먹어줘야 효과 있는 거라고 했잖아 "
3,"내일부터 알람시간을 일곱시로 바꿔줄 수 있니"
3,"밖에 바람이 차가워요 옷 따듯하게 입고 다니세요"
3,"침실 에어컨 켜줘"
3,"임시 저장된 메일 한 시간 후에 보내줘"
3,"에에컨 자동모드로 작동시켜"
3,"고속도로에서는 뒷좌석도 안전 벨트를 꼭 매야한다고"
3,"합격 통보 메일을 어머니 이메일로 전달해"
3,"주방 불 좀 꺼줄래"
3,"세탁기 한시간 뒤에 탈수 예약해줘"
3,"주가 상승과 은행금리에 관한 보고서를 제출하세요"
3,"기다린다 천천히 와"
3,"유산소 운동을 즐기자"
3,"아침 열한시에 에어컨을 꺼줘"
3,"특별 강좌로 취업특강을 한다는데 같이 들으러 가자"
3,"오늘 온 이메일 읽어줘"
3,"오늘 오전에 온 메일 확인해줘"
3,"차 뒤에 그렇게 바짝 붙어 있는 건 위험 천만한 행동이야"
3,"스팸 메일 전부 지워줄 수 있니"
3,"홍보 메일 스팸 메일함으로 옮겨줘"
3,"스피커 볼륨을 제일 크게 높여줘"
3,"삼일 이전 메일 삭제해줄 수 있니"
3,"내일 저녁 약속 한시간 전에 미리 알려줘"
3,"이번주 동아리 모임 취소해줄 수 있니"
3,"교수님한테 내일 열세시에 메일 보내줘"
3,"수신자에 회사 주소록에 있는 사람들 추가해"
3,"만날 장소는 시외버스터미널로 입력해줘"
3,"삼년전 수신된 모든 메일 삭제 해줄수 있니"
3,"욕조에 물좀 받아줘"
3,"수상 스키 타러 가자"
3,"에어컨 희망온도 이십일도로 해주겠니"
3,"십분 후에 목욕 할 예정이니까 목욕물 받아줘"
3,"밀가루 음식이 몸에 안 좋대"
3,"수학여행 뒤풀이 꼭 할 거지"
3,"쇼핑 메일함에 들어가줘"
3,"이것 좀 전동 탁자루 바꿔요"
3,"지난주 수요일 오후에 온 메일 확인해줘"
3,"만날 장소는 파리바게트로 입력해줘"
3,"내가 보낸 메일함에 있는 이메일 모두 지울 수 있니"
3,"중요 편지함을 보여줘"
3,"아침 열한시에 에어컨을 꺼줄 수 있니"
3,"스팸메일함의 메일을 삭제 해줄래"
3,"옥상에 불 꺼줄래"
3,"오랜만에 저쪽으로나한번가 볼까요"
3,"오후 아홉시부터 집 전화 자동응답으로 넘겨줘"
3,"과외가 두 시니까 그 전까지는 와야 돼"
3,"오디오 스피커의 볼륨을 낮춰줘"
3,"화장실은 야외에서 해결 하셔야 할 겁니다"
3,"인사관리 메일 확인해줘"
3,"매년 유월 오일 반복 알림해줄래 "
3,"커피숍에서 기다리고 있을게 끝나는 대로 와"
3,"다음주 화요일 오후 두시 보건소 진료 일정 추가해줘"
3,"걱정 마"
3,"내일 아홉시까지 좀 꺼져있어"
3,"내 방 침대 옆에 스탠드 조명을 어둡게 해줄래"
3,"좌석을 예약하고 싶어요"
3,"이 메일을 읽지 않음으로 표시해"
3,"맞기 싫으면 내 말대로 해"
3,"실시간 인기 영화 좀 보여줘"
3,"자주 연락한 지인을 클릭해줘"
3,"부엌 환풍기 틀어줘"
3,"이번에 같이 바베큐파티 합시다"
3,"최대한 일찍 만날 수 없을까 "
3,"내일 오후 여덟시에 할아버지 병문안 일정 추가해줘"
3,"비 오는데 차는 왜 가지고 다녀 위험했잖아"
3,"저저번주 금요일 일정 이번주 금요일에 또 추가해줘"
3,"이번주 화요일날 동아리 모임 추가해줄 수 있니"
3,"내일 동창모임 장소 강남역으로 수정해줘"
3,"집 전체 소등해줘"
3,"만날 장소는 베스킨라빈스로 입력해줘"
3,"차에 너무 많은 옵션을 달 지마"
3,"야 말하고 가 사실 그때 내가 폼 잡은 거지 뭐 그렇게 편해서 "
3,"개인 수신함에 취미생활 폴더 등록해주겠니"
3,"메일 보낸 사람의 메일 주소를 찾아줘"
3,"이번 달 마지막 주 월요일에 개강 추가해"
3,"피부과 약이 특히 독하니까 밥 많이 먹고 먹어야 한데"
3,"계란은 한 바구니에 담지 말라 모르니"
3,"장학생 되면 한턱 쏴"
3,"결혼식 축가 연습이 수요일 금요일 있습니다 모두 꼭 오세요"
3,"베란다에 불을 꺼줘"
3,"초복이다 잊지 않고 삼계탕이라도 먹고 더위 이겨"
3,"방금 온 메일 영구 삭제해줘"
3,"교수님께 지금 작성중인 이메일 보내줘"
3,"에어컨 상하로 움직이게 해"
3,"강요당하고는 절대로 약속하지 마라"
3,"주차하실 때는 주차요원의 안내를 받으세요"
3,"삼겹살 사다 구워 먹자 훨씬 싸"
3,"임마 끊어 "
3,"일메가 이상 메일들 다 삭제해줘"
3,"위로가 필요합니다"
3,"거실 조명 온"
3,"책은 외국 서적 중심으로 보고 모의 투자를 해 봐"
3,"오늘 오후 축구 길거리 응원이 있습니다 참여하세요"
3,"오늘 온 메일 모두 보관함에 넣어줘"
3,"집 밖에 누가 왔는지 영상통화로 연결해줘"
3,"그래 이따가 뉴욕당구장에서 보자"
3,"래프팅 하러 가자"
3,"시끄럽다 조용히 해"
3,"따뜻하게 입고 다녀"
3,"폐장하기 전에 스키장 한 번 더 가자"
3,"학교에 짐 정리 하러 가자"
3,"전기 스토브 꺼줄래"
3,"한달간 월수금 아침 여덟시에 운동 일정 넣어줘"
3,"둘째가 좋아하는 노래 틀어줘"
3,"오늘은 나 없을 거야 찾지 마"
3,"집 모든 창문 열어줘 "
3,"졸업식 끝나고 이따 뒷풀이 때 봬요"
3,"거실 온도 좀 낮춰줘"
3,"면접 시간은 오후 한시로 해줘"
3,"에어콘을 십 오 분 후에 꺼주라"
3,"내일 한시에 회사로 불러주는 내용 예약메일 보내줄 수 있니"
3,"피서 다녀올 테니 집 잘 보고 있어"
3,"예약메일함의 모든 메일들을 지워줘"
3,"야 깊게 파 깊게 "
3,"세탁기를 일반세탁으로 작동시켜줘"
3,"삼십분뒤 마트가서 옥수수사기 일정 추가해"
3,"다음 주 주말근무 일정 브리핑해줄 수 있니"
3,"우리 느끼한 거 먹으러 가자"
3,"버스정류장에서 만나서 같이 가자"
3,"계정 설정창의 상단에 있는 서명 메뉴를 열어줘"
3,"광고메일 다 지워줘"
3,"어차피 헤어질 거 좋게 헤어지자"
3,"현관 씨씨티비 보여줘"
3,"오늘 새벽에 받은 메일 확인해주고 중요표시 해줘"
3,"안 내려"
3,"공기청정기 거실에 틀어줘"
3,"제목이 없는 메일들을 모두 삭제해"
3,"거 조용히들 하세요"
3,"휴지통 좀 비워줘"
3,"우측 스피커를 발라드 모드로 전환해줄래"
3,"뜨거운 거 요리할 때 불 너무 세게 키지 마"
3,"일단 사업계획서부터 작성해 오라고"
3,"스팸 메일 설정에서 광고라는 단어 추가해줘"
3,"에어컨을 제습 모드로 틀어줄 수 있니"
3,"오늘 오전에온 메일을 검색해줘"
3,"회의 장소 강남으로 입력해줄 수 있니"
3,"보일러 좀 온수로 돌려줘"
3,"화장실 불 켜 줄 수 있니"
3,"대부분 잃는 것도 개인 투자자고 위험해 혼자는"
3,"다음번에는 횟집에서 모이자 잘 들어가"
3,"거실 에어컨 온도 높여줄 수 있니"
3,"오월 십육일에 있는 내 생일 일정 매년 반복으로 설정해 줄 수 있니"
3,"용민이한테 온 이메일만 모아서 검색해줄래"
3,"일주일 전까지 온 메일 모두 지워줘"
3,"다음 주 월요일에 면접 일정 입력해줘"
3,"삼십분 후부터 보일러 작동시킬 수 있니"
3,"파워레인저 노래 틀어줘"
3,"받은 편지함에 선물 이라는 단어가 들어간 제목이 있는 메일들을 검색해줘"
3,"날씨가 좋으니 외출하세요"
3,"학교에서 온 메일만 검색해줘"
3,"방금 온 메일 중요메일함에 넣어줄 수 있니"
3,"엠비시로 채널 바꿔주련"
3,"일년 전 메일 다 지워죠"
3,"티비에 컴퓨터 화면 띄워줘"
3,"한 시간 후에 거실 불을 꺼줘"
3,"입시제도와 관계없이 기본에 충실하세요"
3,"그 쪽 길은 험해서 사고 위험 있어"
3,"에어컨 온도 좀 높여 주겠니"
3,"오늘까지 리포트 꼭 제출하세요"
3,"안방 보일러 틀어줘"
3,"편식은 안 좋아요"
3,"메일 수정해야돼"
3,"다섯번째 준비 운동과 마무리 운동에 신경을 써 주세요"
3,"이번주 토요일 오전 열시 등산 일정 추가해라"
3,"연휴 마지막 날의 맑은 날씨를 즐기세요"
3,"삼 일 후 오리엔테이션에 참석하시기 바랍니다"
3,"팔월에 온 메일 모두 지워줘"
3,"너 이번 달 곗돈 은행으로 입금하는 거 알지 "
3,"아파트 현관 좀 열어주겠니"
3,"에어컨 풍량 약하게 해줘"
3,"에어컨 파워냉방으로 해줘"
3,"겨울에도 자외선에 노출이 되므로 썬 크림을 발라야 한다"
3,"밥 먹을 장소는 맥도날드로 입력해줘"
3,"바람 방향을 아래로 내려줄래"
3,"다음 주 토요일 아침 열 시에 학교 운동장으로 모이세요"
3,"보일러 온도 좀 올려줘"
3,"화장실에 환풍기 좀 틀어줘"
3,"이번에 같이 바베큐파티 합시다"
3,"엘리베이터를 타고 팔층 가십시오"
3,"티비 한 시간 이따가 예약 종료해줘"
3,"팔월달의 일정 중 이십일 일정 모두 삭제해"
3,"내일 밤 친구와 술모임 일정 추가해"
3,"현관 불을 켜"
3,"뮤지컬 볼 극장은 서울 대학로로 입력해줘"
3,"내일 오후 친구모임 일정 추가해"
3,"오늘 회사에서 문서처리 작업한거 나한테 지금 메일 보내줘"
3,"우리 크리스마스 때 나하고 보내줄 거지 "
3,"매주 월요일 아홉시에 일정 알람 추가해줘"
3,"이번달 할아버지 칠순잔치 일정 추가해줘"
3,"장학재단에서 보낸 메일 확인해줘"
3,"장외 종목은 제외 시키세요"
3,"스탠드 불 좀 꺼줄래"
3,"티비 꺼"
3,"휴지통을 모두 삭제해"
3,"집 모든 불 다 켜줄래"
3,"칠월 삼십일 치과일정 추가해줘"
3,"이제 잘테니 불을 꺼주겠니"
3,"안방 스탠드 밝기 낮춰줘"
3,"못 하면 악플이 아니라 충고로 대신 해 부탁 드려요"
3,"거실 티비 소리 좀 낮춰줘"
3,"가족생일을 모두 추가해줘"
3,"오빠 내일 오후에 교외로 드라이브가요"
3,"오늘 온 메일 좀 검색해"
3,"이번 주 목요일 저녁 일곱 시 유신학원 앞이다"
3,"아빠한테 답장해줄 수 있니"
3,"안 읽은 메일 모두 삭제해줘"
3,"에어컨 취침운전 가동해라"
3,"두 시간 후에 에어컨 켜줄 수 있니"
3,"소식을 하고 규칙적으로 운동을 해야 하는 것도 모르니 "
3,"메일을 다시 한 번 보내 줄 수 있겠니"
3,"새로 온 메일에 첨부된 파일 다운로드해"
3,"이번주 토요일에 동호회 모임 일정 취소해줘"
3,"스피커 볼륨 백으로 해줘"
3,"친구야 밥 사라 너 시험 잘 쳤다며"
3,"집 오면 불 다 켜줄 수 있니"
3,"안방 조명 밝게 해줄 수 있니"
3,"화장실 환풍기 십 분 후에 꺼주라"
3,"지금 나 체육관에 가는 길인데 같이 가지 않을래"
3,"세탁기 멈춰줘"
3,"제목에 워크샵이 들어가는 메일을 검색해줘"
3,"교수학습개발센터를 스팸 목록에 추가해줘"
3,"베란다 불 켜줘"
3,"휴지통 복구해줄 수 있니"
3,"대학교 합격 통지서 너에게 메일로 보냈대 확인해줘"
3,"주변 지인들과 화끈 한 영화 보시기 위해 지금 바로 신청을 서둘러 주세요"
3,"작은방의 난방온도 삼십이도로 해"
3,"스피커 볼륨 사십으로 해줘"
3,"청승 떨지 말구"
3,"너무 우울해 하지 마세요 "
3,"스팸메일함에 메일 좀 삭제해줘"
3,"갑자기 목돈이 필요할 때는 대비해서 저축은 필수야"
3,"철수가 보낸 메일 다 읽음으로 해줘"
3,"열쇠를 잃어버리신 분 찾아가세요"
3,"고교 동창모임이라고 제목을 바꿔 줘"
3,"내가 아는 한의원 원장님 침 잘 놓는데 같이 가자"
3,"에어컨 한 시간 있다가 꺼"
3,"유의사항을 반드시 읽어보세요"
3,"선풍기 두 시간 뒤에 꺼줘"
3,"오늘 세시 미팅 추가해"
3,"방 불 켜줘"
3,"부엌빼고 불 다 꺼줄래"
3,"내일 수업 준비물 꼭 챙겨와"
3,"보일러 일도 올려줄 수 있니 "
3,"한번 드셔 보세요 정말 맛 있어요"
3,"공부할 분위기를 만들어"
3,"암벽등반도 위험하다"
3,"오늘 온 메일 검색해줘"
3,"편지를 모두 읽음으로 표시해줘"
3,"내 방 스탠드 불 켜줄 수 있니"
3,"실내 온도 좀 높여 줄 수 있니"
3,"나는 여러분들과 업무를 조화롭게 진행하고 싶습니다"
3,"칠월 일일부터 팔일까지 여름 휴가로 입력해줘"
3,"이번주 스케줄 브리핑 해줘"
3,"그래도 졸음운전은 위험해"
3,"다음주 토요일에 친구와 술 마시기 일정 추가해"
3,"다음 주 주말근무 일정 저장해줘"
3,"내일 오후 두 시에 거래처 들르기 추가해"
3,"장애인 올림픽에 관한 기사를 보여줄래"
3,"설계 도서를 협력업체에 보내세요"
3,"에어컨 희망온도 이십도로 해줘"
3,"팔일에 있는 회의 일정 취소해줘"
3,"면세품 좀 사고 싶은데"
3,"너는 나에게 시집올 때 아무것도 준비할 필요 없어"
3,"텔레비전을 켜줘"
3,"올해 팔월에 일정 전부 비워줄 수 있니 "
3,"월급 탔으니 한턱 쏘마 나와"
3,"대구 지도 더 크게 보여라"
3,"한산할 때 야외로 나가자"
3,"오늘 밤에 인천역 팔번 출구에서 보자"
3,"지금 뉴스에 주식에 대한 거 나오니까 빨리 봐"
3,"에어컨을 오후 여섯시까지만 작동시켜"
3,"업무관련 메일함을 따로 만들어줘"
3,"화장실에 냄새 안나게 방향제 뿌려줘"
3,"보안 관련 메일 확인해"
3,"세탁기 탈수모드로 작동해줘"
3,"동생에게 집에서 만나자고 메일 보내"
3,"거실 난방을 꺼줄 수 있니"
3,"첨부파일 압축해서 저장해줘"
3,"주방 창문 좀 닫아줘"
3,"스피커 볼륨 좀 줄여 줄 수 있니"
3,"피아노 음악 찾아줄래"
3,"조명 다 꺼줄래"
3,"텔레비전 소리 좀 낮춰줄 수 있니"
3,"쇼핑몰에서 온 메일들 전부 지워줄 수 있니"
3,"외출모드로 바꿔줄 수 있니 "
3,"이제 그만 만나"
3,"휴지통에 있는 메일 다시 수신메시지함에 넣어줄 수 있니"
3,"받은메일함에 회사메일 빼고 삭제해줘"
3,"가장 최근에 온 메일 읽어줄 수 있니"
3,"화장실에 불 꺼"
3,"알람 내일 오전 열시로 맞춰줘"
3,"오늘 저녁 약속을 다음주로 연기해줘"
3,"술모임 시간은 오후 열한시로 해"
3,"현관으로 좀 이동"
3,"너무 무리한 사업확장은 하지 마"
3,"주말인데 놀러 가서 예쁜 사진 찍고 오자"
3,"받은 편지함의 초록색 트위터에서 온 메일들을 삭제시켜"
3,"시월 십오일 할머니 성묘 입력해줘"
3,"토스트기 온도 일도 높혀줄 수 있니"
3,"이번주 금요일 오후 다섯시까지 과제 제출 일정 추가해줘"
3,"주말에 온 메일 확인할수 있니"
3,"내일 점심에 부장님이랑 약속 잡아줘"
3,"미안하다는 말을 먼저해야 하는거 아닌가요"
3,"내일모레 오후 다섯시에 친구만나기 일정 추가해"
3,"전기밥솥 보온 설정해줘"
3,"머리 좀 감고 다녀 일하는 티를 왜 그렇게 내"
3,"교수님한테 온 메일 열어줘"
3,"지난주에 받은 메일 확인해줄수있니"
3,"메일 주소 찾아줄 수 있니"
3,"내일 아침에 빨래하라고 저장해줄래"
3,"티비 옆 블루투스 스피커의 볼륨을 두 개 줄여줘"
3,"알았어요 진짜 가요 가 엄마가 또 전화할게"
3,"집안을 좀 건조하게 해주겠니"
3,"현관 조명을 어둡게 할 수 있니"
3,"내가 필요하면 잘라서 쓸 거니까 옥상 위부터 잡아서 아래로 죽 틸다운해서 내려오자구요 틸다운해서 내려올 땐 주춤거리지 말자고 편집점은 내가 그림보고 결정할거니까   "
3,"고아원에 위문공연을 갈 사람들을 모집합니다"
3,"다음 주 일정 전부 다 취소해줄래"
3,"보일러 온도 좀 낮춰 주겠니"
3,"곗돈 모아서 해외여행 가자"
3,"회사에서 온 메일들 전부 중요메일로 지정해줘"
3,"추석 때 가족들 먹을 과일 사러 가락시장 가자"
3,"내일 영화 예매 시작이라고 일정에 저장해줘"
3,"로봇 청소기 청소 시켜"
3,"일년 후에 남자친구와의 일주년 일정 추가해"
3,"이제 남은건 배송 대행 업체로가서 배송 대행 신청 주문서만 쓰면 됩니다"
3,"이번에 투표하십시오"
3,"주유 비용은 회사에서 모두 청구하세요"
3,"걱정 마"
3,"지운 편지함 다시 복원해줘"
3,"바탕화면에 있는 워드파일 이메일에 첨부해"
3,"조명 밝기 좀 높여주겠니"
3,"대출 받으려면 이자율부터 살펴보도록 해"
3,"내가 팔고자 하는 필터를 사가기 바란다"
3,"만날 장소는 공차로 입력해줘"
3,"청구서메일을 모아줘"
3,"항상 불 조심 해"
3,"약속 어겨봐 죽음이야"
3,"동창이 유급휴가 나왔으니 모두 가서 축하해주자"
3,"회사에서 온 메일은 따로 보관해줄래"
3,"티브이 볼륨 낮춰줘"
3,"일곱 시간 후에 깨워줘"
3,"출저없는 메일 다 지워줘"
3,"수요일 점심에 회 먹으러 가자"
3,"아빠랑 주고받은 메일 전부 열어줘"
3,"첨부 파일을 다운로드 해줘"
3,"샤워 하면서 몸 좀 풀어"
3,"방금 온 메일을 스팸신고 처리해주겠니"
3,"효도화가 건강 신발이라던데 부모님께 선물해봐"
3,"가족 주소록에 있는 사람들한테 가장 최근에 온 메일 전달해줘"
3,"저번주 월요일에 온 메일 좀 검색해 주겠니"
3,"삼일 전에 온 메일 모두 읽음 처리해줘"
3,"엘리베이터 좀 잡아주겠니"
3,"에어컨 제습모드로 틀어줄래"
3,"독감 예방접종 꼭 해"
3,"내일 친구랑 영화보기 일정 추가해"
3,"신림역으로 장소 바꿔봐"
3,"너희 먼저가라 뒤따라 갈게"
3,"어제 온 이메일중 교수님한테 온거 빼고 다 삭제해줘"
3,"공부 계획을 구체적으로 세워 봐"
3,"엑셀 작업한거 오늘 퇴근 전까지 나에게 제출해"
3,"일주일 뒤 오후 세시 집들이 일정 추가해"
3,"에어컨이랑 선풍기 제일세게 틀어줄 수 있어"
3,"방금 보낸 메일 재전송 할 수 있니"
3,"텔레비전 볼륨을 높여줘"
3,"그 동안 잘 지냈냐 내일 첫 휴가 나가니까 얼굴 한 번 보자"
3,"티비 꺼줘"
3,"내가 좋아하는 영화 추천해줘"
3,"회사에서 온 메일 삭제해"
3,"오디오 볼륨을 최대로 높여줄래"
3,"뼈가 튼튼해지려면 칼슘과 철분이 들어간 음식을 많이 먹어"
3,"휴지통에서 안경점에서 온 메일은 다시 복구해"
3,"식탁 위에 곰국 있으니까 그걸로 아침 먹어라"
3,"집에 조명 다 꺼 줘"
3,"퇴근시간 삼십분 전에 알려줘"
3,"예약메일 취소해줘"
3,"경비실에 인터폰 좀 연결해줄 수 있니"
3,"작성하고 있는 이 메일의 폰트를 기본으로 설정해줘"
3,"김치 냉장고를 보관으로 설정해 주겠니"
3,"두려워 말고 대출 한 번만 부탁해"
3,"인덕션 가열로 틀어줘 "
3,"주말 아침 아홉시에 알람 설정해줘"
3,"다음 주 쯤으로 약속을 미루자"
3,"스팸 차단 목록에 공과대학 추가해줘"
3,"방 불 켜줄 수 있니"
3,"부엌에 불 좀 꺼주겠니"
3,"저기 구석에 가"
3,"내일 친구 생일에 써 놓은 메모 좀 읽어 줄래"
3,"휴지통에 있는 메일 전부 지워주겠니"
3,"평일 오전 여덟시 알람 자동 예약해줘"
3,"메일의 첫번째 첨부 파일 열어서 보여줄래"
3,"응급상황 일일구에 전화해줄수있니"
3,"만날 장소는 핸즈커피로 입력해줘"
3,"사장님에게 죄송합니다 라고 메일 보내줘"
3,"티브이 음량 십으로 맞춰줘"
3,"야외 활동에 딱 좋은 날씨다 야외로 나가자"
3,"휴지통에 있는 메일 삭제해줄 수 있니"
3,"야유회에서 재미있게 놀자 "
3,"오늘 저녁 아홉시에 택배붙이라고 알려줘"
3,"에어컨 취침모드로 변경해줄 수 있어"
3,"프로모션 폴더에 있는 이메일 전부 지워줘"
3,"지금 스피커에서 나오는 노래 가사 검색해줄래"
3,"좀 쉬운걸로 그리 키워드 메 키워드 플 같 안 게임 추천해 주세요"
3,"내일 아홉시에 서점 들리기 일정 추가해줘"
3,"침실 온도 이십칠도 되면 알려줄래"
3,"어제온 티켓입금확인 메일 확인해줘 "
3,"에어컨 온도 높혀줘"
3,"한달 전에 온 메일 검색해줘"
3,"삼십분 후에 티브이 꺼줘"
3,"교수님에게서 온 메일 다 연구실 메일함으로 보내줘"
3,"산에 올라 갈 때는 물을 꼭 들고 가야해 준비해 와라"
3,"조퇴하기 전에 결재 서류 올려놓고 가"
3,"김치냉장고 온도 좀 낮춰 줄 수 있니"
3,"이번 계약 취소로 위약금을 지급해 주시기 바랍니다"
3,"야 취업 시즌 이다 채용박람회나 가보자"
3,"화장실에 환풍기 십분간만 켜줘"
3,"십분전에 온 메일 답변해줘"
3,"무리한 운동은 오히려 안 좋아요"
3,"어제 온 메일들 모두 지워줘"
3,"라디오 볼륨을 낮춰줘"
3,"효율적인 시간 관리를 하도록 합시다"
3,"내일 오전 일정을 전부 취소해줘"
3,"이메일 계정 좀 바꿔줄래"
3,"지하철 제일 앞 칸 쪽에서 기다리는 거다"
3,"씨지브이에서 온 광고 메일을 삭제해줘"
3,"이번달 인터넷사용량 얼마나되는지 계산해줘"
3,"그래봐"
3,"여자친구한테 미안해라고 메일 보내줘"
3,"안방의 모든 전원 차단해줘"
3,"정수기의 세척기능을 작동시켜줘"
3,"너 나 이용하지 내 콘티 그만 베껴 "
3,"회사에 주차 공간 좀 확충해 주십시오"
3,"지운 편지함에 스팸 아닌 메일 확인해줘"
3,"보낸편지가 확인 안된 것이 있다면 다시 보내겠니"
3,"오늘 날씨를 레이더 영상으로 보여줄 수 있니"
3,"오늘 오후 세시 일정을 다음주 수요일로 미뤄줘"
3,"이제 슬슬 니가 알아서 적금 넣어 둬라"
3,"너도 여윳돈 있으면 그냥 안전하게 은행에 저축해 놔"
3,"현관문 열어주라"
3,"매주 목요일 오후 여섯시부터 열시까지 알바 일정 추가해줘"
3,"난방 좀 꺼줘"
3,"내 내일 스케줄 팀원들에게 공유해줘"
3,"임시보관함에 있는 메일을 열어줘"
3,"저번 주 버진 항공사에서 온 프로모션 메일을 찾아줄래"
3,"만날 장소는 메가박스로 입력해줘"
3,"어젯밤 아홉시쯤에 수신한 메일 열어줄 수 있니"
3,"이 라디오 방송을 녹음해"
3,"받은 편지함에서 바디샵에서 온 이메일을 모두 삭제해줘"
3,"칠월육일 거제도 일정 추가해줘"
3,"내일 교수님께 메일이 오면 알려줘"
3,"받은 메일함에 인터파크 예매 메일을 확인해줄래"
3,"메일 전체 수신 확인해줘"
3,"몸도 찌푸둥하니 찜질방 가자"
3,"다음주 일요일 오전 열시에 조조영화보기 일정 추가해"
3,"영어로 온 이메일 변역해서 알려줘"
3,"과식을 하지 마세요 "
3,"홍보팀에게 수신 완료라는 제목의 답장을 보내"
3,"아이를 내려놓아라"
3,"부엌 조명 좀 밝게 해라"
3,"안방에 불 켜주라"
3,"오늘 아홉시에 수리 기사 온다고 입력해"
3,"거실 불좀 켜줘"
3,"일요일에 극장가기로 한 약속 추가해"
3,"만날 장소는 스타벅스로 입력해줘"
3,"한국 프로야구 틀어봐"
3,"한시간 후에 조명 불 좀 줄여줄 수 있니"
3,"점심에 마르쉐 앞으로 와서 연락해"
3,"혼자 가면 힘들 것 같으니까 박상무가 함께 다녀와"
3,"팔월 구일 친구 결혼식 일정 추가해줘"
3,"더블유엔엘취한테 이메일 작성시작해줘"
3,"어제 온 이메일중에 엠비씨에서 온 이메일을 찾아줘"
3,"주식투자는 반드시 여윳돈으로 하는 거다"
3,"요즘 장사 잘 되간다면서 한 턱 쏴라"
3,"김치가 얼었네 약간만 온도 낮춰줘"
3,"방금 온 메일을 영구적으로 삭제해주겠니"
3,"웬만한 주가 변동엔 크게 민감할 필요 없어"
3,"반딧불 조명으로 켜줄수 있니"
3,"만날장소는 대백으로 입력해줘"
3,"임시 보관함에 있는 메일 내일 오후 세시에 보내줘"
3,"커피머신의 전원을 꺼 줄래"
3,"식기세척기 작동시켜줄 수 있니"
3,"전화 요망"
3,"술 많이 먹으면 위장 다 버려"
3,"이번주 생일파티 취소해줘"
3,"월요일에 온 메일들 다 지워줘"
3,"화장실 불 좀 켜줄래"
3,"영상 속에 보이는 컨설턴트분들 의 모습을 보고 메리 케이를 판단해 주세요"
3,"받는 사람에 교수님을 추가해줘"
3,"안방에 불 좀 켜줘"
3,"아고다에서 온 메일들 중요표시해줘"
3,"실내온도 이십육도 이하로 내려가면 에어컨 켜줘"
3,"지나간 스케줄 목록 지워줘"
3,"태풍 온다더라 태풍 대비 잘해"
3,"내가 장 봐왔으니까 넌 그냥 와"
3,"내일 과제 수요일 까지로 바꿔줘"
3,"안방에 취침등 켜줘 "
3,"문상을 위해서 열 시에 정문에서 봐요"
3,"오 번 국도 정체 상황을 보여주렴"
3,"오빠 방 에어컨 켜져 있을 것 같은데 꺼줘"
3,"이메일 제목 볼드 처리해서 답장해"
3,"내 시간표를 스케줄표에 등록해줘"
3,"이번년에 온 메일 모두 지워줘"
3,"휴지통 좀 비워줘"
3,"요번에 계획한 운동 시간을 변경해"
3,"본사와 업무 연락해서 공문 발송하도록 해주세요"
3,"읽은 메일 전부 삭제해줘"
3,"내일은 추우니깐 꼭 껴입어"
3,"이투스 플래너 이벤트 메일좀 검색해줘"
3,"광고 메일은 모두 스팸메일로 처리해줘"
3,"티브이나 컴퓨터를 너무 가까이 보지 마세요"
3,"논문 제출 마감일을 입력해"
3,"선생님께서 점심 시간 끝나고 교무실로 오라고 하셨어"
3,"나중에 부풀어 오르니까 끝까지다 채우면 안 돼요"
3,"그쪽이 불리해 우리는 조금 더 튕기자"
3,"불규칙한 식사는 위에 안 좋아"
3,"티비 볼륨 좀 줄여줄수있니"
3,"스피커 볼륨 삼십으로 해주겠니"
3,"예매기간이 짧으니 잘 기억해놓아야 할 거야"
3,"방금 온 메일에 들어가줘"
3,"횡단 보도를 건널 때는 꼭 손을 들어라"
3,"경찰서에 전화해"
3,"팔월달에 보낸 메일 좀 검색해"
3,"금요일 회식일정 취소해"
3,"에어컨 온도 이십사도로 맞춰줘"
3,"테니스 치러 가자"
3,"이번주 목요일 수업 공강으로 변경해줘"
3,"서울대입구역 이 번 출구 앞에서 네 시에 보자"
3,"아 알았구요 아저씨 잘 들어봐요"
3,"에어컨 절전  모드로 켜줘"
3,"쉬는 시간에 잠깐 나와"
3,"회사의 창업멤버를 경계하라 "
3,"방금 읽은 메일 회사 그룹으로 전달해줘"
3,"최근에 보낸 메일 교수님에게도 추가로 전송해줘"
3,"주방 불 꺼줘"
3,"텔레비전 소리 모노로 전환해줄래"
3,"두달 전에 온 메일 좀 검색해"
3,"서해 대교 쪽 정말 막혀 그 쪽으로 가지 말고 국도 타"
3,"춥다고 마음도 웅크리면 안 돼"
3,"내년 칠월 십일에 한달 유럽 여행 일정 추가해줄수있니"
3,"알람 십분있다가 알려줘"
3,"내일 일정을 모두 취소해줘"
3,"부산 가려면 고속도로보다 기차 타는 게 더 빨라"
3,"카드 값 보내라"
3,"일주일 전 중요메일함은 다 비워줘"
3,"집 안 온도 이십사도로 맞춰주겠니"
3,"병원에 가봐"
3,"지금 쓰는 편지 내게 쓰기 모드로 바꿔"
3,"친구들과의 교우 관계를 원만히 할 수 있는 것도 중요해"
3,"성인이라는 단어가 들어간 메일을 모두 삭제할수 있어"
3,"방금 도착한 메일 수신인 거래처폴더 지정해서 발송해줘"
3,"조명 취침 모드로 바꿔줘"
3,"저축을 게을리 하지 말아라"
3,"곧 친구 올거니까 실외등 미리 켜둬"
3,"오늘 약속 잊으면 안돼 다음에 다른 말하기 없기"
3,"단체 발송 메일 확인해줘"
3,"보드 타러 가실래요"
3,"취침등 좀 켜줄 수 있니 "
3,"오늘 받은 메일을 다른 사람에게 전달해줘"
3,"꼭 오세요"
3,"라디오 소리 육십으로 맞춰주겠니"
3,"래프팅 하러 가자"
3,"내일 오전 일곱시 조기축구 일정 추가해"
3,"십이월 오일 엄마 생일 일정 추가해줘"
3,"잠들고 두시간 후에 에어컨 꺼라"
3,"내용에 워크샵이 포함되는 메일을 검색해줘"
3,"고양이가 놀고 있는 모습을 찍어라"
3,"방금 저장한 주소록 삭제 해줘"
3,"인덕션 꺼줄 수 있니"
3,"이번달 랩미팅 다음 달로 옮겨줘"
3,"스팸메세지함에 있는 발신자 다 차단해줄 수 있니"
3,"메일 청구서함 열어줘"
3,"시간은 오후 한 시부터 네 시까지로 해줘"
3,"작은방에 청소기 밀어줄래"
3,"전자레인지 작동을 일분으로 맞춰줘"
3,"택배 기사 오면 문 열어줘 "
3,"두시간 이후에 "
3,"조교해야 하는 시간은 비워 두는 게 좋아"
3,"제습기 조절해서 실내 적정 습도 유지시켜줘"
3,"축구 하다가 다쳐서 그러니깐 병원으로 곧장 와"
3,"최근 한 달 간 이메일 동기화 해줘 "
3,"놀이공원 장소는 이월드로 입력해줘"
3,"오분 빨리 가려다 큰 사고 나니까 속도 줄이자"
3,"이쪽으로 와"
3,"어제 인사팀에서 온 메일 재무팀에 전달해줘"
3,"마셔봐"
3,"안방 에어컨 좀 꺼주겠니"
3,"꺼져있는 조명 모두 켜줘"
3,"이번주 일정 다 취소해줘"
3,"세탁기 좀 돌려줘"
3,"아이맥의 바탕화면으로 이동시켜줘"
3,"개강일 날 쿠키 어학원 홈페이지 클릭 하셔서 댓글 신청해 주시면되세요"
3,"다음주 수요일 오후 일곱시에 가족식사 일정 추가해줘"
3,"거실에 가습기 좀 꺼줘"
3,"내일 저녁 고등학교 친구와 식사하기 일정 추가해"
3,"구글 이메일 확인해줄수 있니"
3,"내일 두시에 친구와 고기 먹기 일정 추가해"
3,"시간을 좀 늦췄으면 좋겠는데 어떠니 "
3,"방금 온 메일에 확인했다고 답장 보내주겠니"
3,"에어컨 온도 올려줘"
3,"내려놓고 얘기해 내려놓고"
3,"그러니 절대 잡초라고 확신 가지 않는 이상 뽑지마세요"
3,"가스레인지에 올려 놓은 냄비 식으면 알려줘"
3,"횡단보도 건널 때 조심하세요"
3,"실제로 하는 게 좋지 않을까 "
3,"스피커 볼륨 칠십으로 해주겠니"
3,"현관문 잠가"
3,"교통법규를 위반했을 때 신중한 처신이 필요해"
3,"오늘 보자"
3,"사업을 잘하려면 깔끔한 복장은 필수야"
3,"태풍 오니까 밖에 나가지 마"
3,"조금만 더 빨리 해줄 수 있어"
3,"보일러 이십사도로 맞쳐줄래"
3,"지금 제습기 틀 수 있니"
3,"스팸 메일함 비워줄 수 있니"
3,"길 안 막히니깐 그리로 와"
3,"열시 이십분 미국가는 비행기를 예약해"
3,"가습기 좀 틀어주겠니"
3,"부엌 환풍기 좀 껴줘"
3,"지우지 않은 메일을 중요 메일로 체크해줘"
3,"보낸 메일함을 모두 비워줘"
3,"이 메일을 받은 메일함으로 이동해"
3,"월급통장 하나 개설하세요"
3,"내일 쇼핑할거야 필요한 거 다 적어 놔"
3,"팀원 전체에게 공유된 메일은 따로 분류해줘"
3,"단기보유를 권장 한다"
3,"에어컨 터보로 켜줘"
3,"철수가 보낸 메일 다 보여줄 수 있니"
3,"작년 남친한테 보낸 연하장 열어줘"
3,"오늘 오전에 쿠팡에서 온 광고 메일을 삭제해줘"
3,"다음 주 제주도 출장관련 이메일을 열어줘"
3,"내일 가족 저녁 식사 일정 저장해줘"
3,"현관 불 켜줘"
3,"폐장하기 전에 스키장 한 번 더 가자"
3,"몸이 찌뿌둥한데 찜질방 가서 풀자"
3,"내일 오후 다섯시 회의일정 추가해줘"
3,"베란다 불 켜줘"
3,"샴푸 관련 좌담회가 있습니다 많은 참여 바랍니다"
3,"지운 편지함 완전 삭제해줘"
3,"저번달 수도요금과 이번달 수도요금 비교해줘"
3,"각 부서별로 어떤 부서에 지원하는지 꼭 이력서에 기재해 주세요"
3,"우리 오늘 쇼핑하러 밖에 나가 보자"
3,"디시워셔를 작동시켜줘"
3,"난 이까짓 주식 한 장보다 당신의 미소를 원해요"
3,"교수님에게 온 이메일 읽어줘"
3,"드라마 얘기하자"
3,"에어컨 좀 켜줘"
3,"미국에서 온 메일 모두 읽어줘"
3,"참여 인력과 유사 실적에 관한 평가 부탁해"
3,"장마철에는 특히 음식 조심해야 돼요"
3,"첫째 아이방의 작은 스탠드를 켜 줄래"
3,"우리 일광욕 하러 나가자"
3,"내일 동호회 시간 오후 일곱시로 변경해줘"
3,"카드사에서 보낸 메일 봐봐"
3,"임시 보관함에 메일들 열어줘"
3,"컴퓨터 한시간 후에 꺼줘"
3,"스피커 좀 켜줘"
3,"처음의 투자 마인드를 유지하라"
3,"이번주 월요일 시사회 일정 취소해줘"
3,"내일 모레 데이트 일정을 취소해줘"
3,"이치로 선수의 홈런에 관한 기사를 알려"
3,"우와 첫눈이다 이런 날 영화 어때"
3,"초특가라는 단어있는 메일 전부 스팸메일함으로 옮겨줘"
3,"로봇 거실로 가라"
3,"휴지통에 삭제된 메일을 복구해줘"
3,"그러니 가세요 멈추지 말고 폐하께 가세요 장군 "
3,"내 걱정은 하지 말고"
3,"사월달에 온 메일 좀 검색해"
3,"주봉 챠트와 거래량으로 상한가 종목을 알아야 해"
3,"수요일에 온 메일들 다 지워줘"
3,"거래처 메일 그룹을 추가해"
3,"정기적으로 혈당 및 요당 검사를 받아 보는 건 어떨까"
3,"예약 확인되면 알려라"
3,"두 시간 후에 세탁기 전원을 켜다오"
3,"주말에 시간 있으면 교외로 나가자"
3,"이번 달 육일에 있는 일정 중요하다고 표시 좀 해주겠니"
3,"오늘 저녁약속 일정 추가해"
3,"이번 거래 성공하면 보너스 왕창 줄게"
3,"결제메일 확인해봐"
3,"내일 저녁 약속을 삭제해줘"
3,"나만 믿어"
3,"회사 메일 전부 라벨 처리 해줄래"
3,"엘리베이터 이층버튼을 눌러줄 수 있니"
3,"금요일에 회식 일정에 넣어줘"
3,"안방의 티비 꺼줄래"
3,"비밀번호 삼 회 오류입니다 은행으로 방문해 주세요"
3,"오늘 온 메일 제목만 쭉 읽어줄래"
3,"제습기 좀 틀어주겠니"
3,"임시 보관함으로 들어가줘"
3,"잘 안되시면 퍼스트 드림 회사에 문의하시면 자세히 알려 드려요"
3,"할인 쿠폰 메일 삭제해줘"
3,"내년 삼월 이일 막내 중학교 입학식 입력해줘"
3,"보일러 틀어줘"
3,"만날 장소는 신세계백화점으로 입력해줘"
3,"너 오늘부로 정지오 작품에서 손 떼 이 썅 말도 디지게 안듣는 누무 새끼야 "
3,"건너방 불 좀 꺼줄래"
3,"내일 오전 여덟시에 있을 약속을 위해 알람을 맞춰줘"
3,"첨부파일 있는 메일만 검색해줘"
3,"비행 시작"
3,"오늘 온 메일 에스엔에스 알림함에 넣어줘"
3,"이번주 수요일 오전 열 시에 미팅일정 추가해줘"
3,"매주 목요일 저녁에 야근 추가해"
3,"미일이 개업일 화환 보내게 개업 하루 전에 알려줘"
3,"이십육일 송년회에 참석할 사람 손 드세요 "
3,"오늘 오후 아홉시에 학생회 회식 일정 추가해"
3,"케이비에스 아홉시 뉴스시간에 티비 틀어줘"
3,"현관문좀 열어줘"
3,"이번주 일요일 방탄소년단 콘서트 관람 일정 추가해줘"
3,"죄송한데 오늘 과외는 내일로 미루면 안될까요 "
3,"세븐라이너가 고장이 났는지 전원을 작동시켜봐"
3,"마지막으로 임시 저장한 메일을 불러와줘"
3,"은행가기 일정 내일 오후 세시로 시간 변경해줄래"
3,"파일 들어간 메일 찾아줄래 "
3,"서둘르자"
3,"신입회원 여러분 열쇠랑 명함 찾아가세요"
3,"오늘 저녁 일곱시 회식 입력해줘"
3,"해외에서 계약하러 오니까 공항으로 마중을 가게"
3,"즐겨찾기 해놓은 메일들 모두 지워줘"
3,"운동하고 나서 바로 찬 물로 샤워하면 안 돼"
3,"주말에 온 메일 확인해라"
3,"아홉시로 꺼짐 예약을 해"
3,"에어컨 바람 약하게 할 수 있니"
3,"스팸 메일 모두 취소해줄 수 있니"
3,"카페에서 온 메일 체크해줘"
3,"에스비에스 여덟 시 뉴스 틀어줘"
3,"유월달에 보낸 메일 좀 검색해"
3,"거실 조명을 밝게 해줄 수 있니"
3,"매주 금요일 아침에 운동하기 일정 저장해줘"
3,"친구한테 온 메일수신 확인 부탁해도되니"
3,"마일리지를 이용해서 가려면 미리 예약해야 해"
3,"십분 후에 보일러 틀어놔"
3,"과음을 하지 마세요 간이 더 안 좋아 집니다"
3,"날씨 좋은 주말인데 야외로 사진이나 찍으러 가자"
3,"특히 외국인 투자 추이를 파악해요"
3,"각종 질병예방을 위해 손을 씻어 주세요"
3,"저녁 여덞시부터 집전화기 수신거부해줘"
3,"잘 모를 경우에는 증권회사 직원에게 추천을 받으세요"
3,"스탠드 좀 켜줄 수 있니"
3,"논문 초록에 글자체와 띄어쓰기 잘 맞춰서 써"
3,"행사요원들은 방송 듣는 즉시 본부로 모여 주시기 바랍니다"
3,"지난 달 미팅 관련 메일 좀 찾아줄래"
3,"일 메가바이트 이하의 용량 메일 모두 지워주겠니"
3,"오늘 온 메일 다 읽음처리 해줘"
3,"그동안 거래처에서 온 메일을 모두 보여줘"
3,"스팸메일함에 등록된 메일 모두 스팸 취소 처리 해줘"
3,"반값세일 메일 검색해"
3,"골프 회원권 해약 관련 기사를 찾아라"
3,"다음달 두번째주 토요일 동창 결혼식 일정 추가해"
3,"세부사항은 홈페이지의 공지사항을 참고하시기 바랍니다"
3,"이주전에 온 메일은 전부 삭제해"
3,"부장님을 스팸 차단 목록에 추가해"
3,"한 시간 후에 거실 에어컨 작동시킬 수 있니"
3,"다음주 월요일에 아버지 생신 일정 추가해"
3,"내일 저녁 초등학교 동창모임 일정 추가해"
3,"확인 안한 메일들 다 확인해줘"
3,"마지막 폐업 정리합니다 이번 기회에 하나 장만하세요"
3,"메일함에서 학회 검색해줘"
3,"공기청정기로 미세먼지 농도 측정해서 알려줘"
3,"집 안 온도가 삼십도가 되면 에어컨을 틀어"
3,"책상 스탠드 밝기 좀 줄여줄 수 있니"
3,"선생님과 친해져야 공부를 잘 할 수 있어 "
3,"운전이나 하지"
3,"내일 여의도에 인라인 스케이트 타러 가자"
3,"모든 불 켜 줄 수 있니"
3,"안방 불 밝게 해 줄 수 있니"
3,"통장을 가져오셔야 합니다"
3,"오늘 회식일정 취소해"
3,"화장실 창문 열어줄 수 있니"
3,"야 차 돌려"
3,"내일 알바는 저녁으로 미뤄 줄 수 있니"
3,"보고서 관련 메일 찾아줘"
3,"저번주 화요일에 온 메일 좀 검색해 주겠니"
3,"거실 에어컨 이십일도로 맞춰줘"
3,"여의도에서 인라인스케이트 타자"
3,"화장실 불 켜줘"
3,"규정 속도를 꼭 준수하도록 해"
3,"방금 온 메일 스팸 신고해"
3,"이번주 주말 데이트해주세요"
3,"내일 오후 세시에 회의 일정 추가해줘"
3,"첫번째는 원천 기술에 먼저 집중하라는것이다"
3,"매주 월요일과 목요일 병원 일정 추가해줘"
3,"상후가 라면 끓여 놓는데 빨리 와"
3,"평일 아침 일곱시에 알람 설정해줘"
3,"강남역 삼번출구에서 보자"
3,"아빠 생신파티 시간을 오후 일곱시로 옮겨줘"
3,"걱정 하지마"
3,"스펨메일함 전부 삭제해줘"
3,"스파게티 공짜 쿠폰 있는데 먹으러 가자"
3,"지금 집에 있는 모든 불 꺼주라"
3,"메일 읽어줘"
3,"사업을 하려면 제대로 된 계획부터 세워"
3,"오늘 오후 네시에 알람을 맞춰줘"
3,"안방에 선풍기 좀 꺼줘"
3,"오늘은 비가 많이 오니까 하루 쉬세요 "
3,"휴지통에 삭제된 메일을 영구삭제해줘"
3,"이따가 새벽에 야식 시켜 먹게 한 시까지 와"
3,"아빠 옆에 있어라"
3,"에스앤유 도메인으로 온 메일 검색해 줘 "
3,"산책로 내에 자전거나 애완견을 데리고 들어올 수 없습니다"
3,"화장실 불 좀 꺼주겠니"
3,"정원에 있는 모든 불들을 켜줘"
3,"난방 좀 틀어줘"
3,"작년에 온 메일 모두 지워줘"
3,"오늘 밤 다섯시 티켓팅 오픈 스케쥴 추가해줘"
3,"오늘은 선약이 있어서 힘들 것 같은데 다음주 월요일은 어때"
3,"내게쓴 메일함 정리해줄래"
3,"컴퓨터 전원 꺼줄래"
3,"휴지통 메일 중에 과장님께 온 메일만 복구해줘"
3,"왜 전화 안해"
3,"이번주 일요일에 성당 가야한다고 알려줘"
3,"지운 메일함 복구 할 수 있니"
3,"궁금하신 사항은 기획담당관 실로 문의하시기 바랍니다"
3,"거실 온도 이도 높혀줘"
3,"매년 구월 십오일 입사일 입력해줘"
3,"월요일 오전 아홉시 학생회 임원 회의 일정 추가해"
3,"티비 한 시간 이따가 예약 종료해줄래"
3,"이틀 전에 온 메일 좀 검색해"
3,"대중교통 수단을 이용해 그게 훨씬 빨라"
3,"초복에 삼계탕 먹으라고 저장해줘"
3,"안방 티비소리올려줄래"
3,"김치냉장고 전원을 켜줘"
3,"보일러 좀 켜줘"
3,"실내 온도 삼십도 넘어가면 선풍기 켜줄수있니"
3,"꾸준한 연구와 끈질긴 노력이 필요합니다"
3,"지금부터 세시간동안 오는 메일 다 지워줘"
3,"오전 일곱시에 커피메이커 전원 켜줘"
3,"회사에서 온 메일만 보여줄 수 있니"
3,"오늘 황사 주의보 떴으니까 마스크 챙겨서 나와"
3,"전등 다 켜"
3,"오케이케쉬백 메일 수신 확인하고 편지함에 보관해 "
3,"현관 문 좀 열어줘"
3,"어제 오후에 쿠팡에서 온 광고 메일을 삭제해줘"
3,"올해 삼월에 있는 학생회 회의 한 주만 앞당겨줘"
3,"이사님께 메일 드렸다고 알람해줄래"
3,"카페메일함 비워줘"
3,"내게쓴메일함에 동영상 첨부 파일좀 검색해 줄 수 있니"
3,"교과서 외의 상식 분야를 많이 읽게 해라"
3,"빨리 오십시요"
3,"화장실 불은 제외하고 모든 불은 켜줘"
3,"지금 읽고 있는 메일을 영구삭제 해 줄래"
3,"오늘 일정을 내일로 미뤄 줄 수 있니"
3,"엄마 그냥 가자 제발 그냥 가자 어"
3,"그 때 약속했던 그 자리에서 기다릴게"
3,"같이 하면 더 빨리 외울 거야 영어 교재 가지고 와"
3,"내일 모래 대청소 입력해"
3,"매일유업입니다 우유하나 드셔보시죠"
3,"화장실에 있는 불 좀 꺼줄래"
3,"한명도 빠짐없이 수업에 참여 하라셔"
3,"벽걸이 티비의 전원을 켜서 예약채널을 켜줄래"
3,"채널 엠비씨로 돌려줘"
3,"가스레인지 꺼졌는지 좀 보고와라"
3,"우리 시험 끝나고 놀러 가자"
3,"정해놓고 하셔야죠"
3,"작은방 불 어둡게 해 줄 수 있니"
3,"거실 불을 제외하고 모든 불은 켜줘"
3,"축제 관련 메일 검색해"
3,"중요 메일을 보여줘"
3,"메일 온사람들별로 분류해줘"
3,"집 온도 좀 높여줄래"
3,"내 방을 시원하게 해주겠니"
3,"오늘날짜로 보낸편지함 모두 검색해줘 "
3,"정수기 상태를 점검해 주겠니"
3,"보일러 온수모드 켜줘"
3,"규칙적인 식습관을 가지도록 해"
3,"김치냉장고 전원 켜줄 수 있니"
3,"따뜻한 과일 차 어때 감기에는 즉효야"
3,"만날 장소는 파스쿠찌로 입력해줘"
3,"선거는 내일 부터야 참여하기 바래"
3,"주식을 열심히 연구한 뒤 주식을 매입해"
3,"안방 불 켜줘"
3,"이현우 콘서트 이 인 예약"
3,"가스 벨브 열어줘"
3,"발신전용이메일을 다 지워줘"
3,"다음주 화요일에 시간 비워놔"
3,"너무 지나친 운동은 건강에 해로워"
3,"비자승인 메일 검색해"
3,"티비 켜줘"
3,"소주 한잔 하고 싶어 나올 수 있어"
3,"스팸메일함의 메일을 삭제해"
3,"신용카트 국내 승인 내역 메일 모두 삭제해라"
3,"보일러 온수로 틀어줘"
3,"오늘 만나고 싶어요 정오에 만났으면 합니다"
3,"받은메일함 삭제해줘"
3,"티비의 영어자막 기능을 켜줘"
3,"칠월메일중에 바이어라는 단어의 메일을 검색해줘"
3,"텔레비전 소리 볼륨 높여줄 수 있니"
3,"오늘까지 내야하는 과제물 꼭 가져와야 한다 "
3,"티브이 음소거 해줘"
3,"받은편지함 비워줘"
3,"다음 달 첫 번째 화요일 오후 일정 비워놔"
3,"로봇청소기좀 돌려줘"
3,"현관 불 꺼줘"
3,"오늘 오후 미용실 일정 취소해줄수있니"
3,"식기 세척기 작동해다오"
3,"휴가때 들를 아울렛 매장 주소를 저장해줘"
3,"지난 주 회사에서 받은 첨부파일 있는 메일 좀 찾아줄래"
3,"실험실의 안전수칙은 엄수해 주십시요"
3,"다음 달에 있는 모든 약속 일정에서 지워줘"
3,"첫째 이메일 열어"
3,"도우씨 지금 지은씨랑 하는 거 무조건 끝내게 해야 해"
3,"금연 금주 하지마"
3,"십분 뒤에 에어컨 꺼줘"
3,"호텔 예약 내역 메일 보여줘"
3,"베란다 창문 좀 열어주겠니"
3,"이혼이고 뭐고 다 관두자"
3,"오전여덟시에 깨워줄래"
3,"국회의원 선거에 모두들 참여해주시기 바랍니다"
3,"오월 십육일에 있는 내 생일 일정 매년 반복으로 해줘"
3,"아파트 일층 공용문 열어줘"
3,"일주일 전에 온 메일 좀 검색해 주겠니"
3,"이번주 월요일 오전 다섯시에 알람 맞춰줘"
3,"작년에 온 메일 모두 휴지통으로 보내"
3,"거실에 에어컨 좀 틀어줄 수 있니"
3,"온도를 십팔도에 맞춰줘"
3,"슬로우 쿠커 한 시간 뒤에 꺼"
3,"세탁기 탈수 삼십분 모드 더 추가해줘"
3,"두 시간 마다 실내기온 좀 체크해줘"
3,"오늘 일정 메일로 회사에 보내주겠니"
3,"그 메일 열어서 읽어줘"
3,"내일 오후 열한시에 남자친구랑 별보기 일정 추가해"
3,"거실 무드등 꺼 줘"
3,"로그인 옵션으로 이동할 수 있니"
3,"이번 달 주말 일정 브리핑해줘"
3,"사일전에 온 메일좀 복구해줘"
3,"어제 메일 검색해 "
3,"니 거 먹어"
3,"칼슘 좀 챙겨 먹으라구"
3,"올해엔 대출을 모두 완납해 주시기 바랍니다"
3,"소이 방 컴퓨터 화면 보여줄래"
3,"라디오 채널 검색해줘"
3,"사과 껍질로 마사지를 한 번 해봐"
3,"에어컨 냉방으로 이십도로 맞춰줘"
3,"현관에 불 꺼줄수 있니"
3,"세탁기를 삶음으로 돌려"
3,"공고라는 말이 들어간 메일 검색해줘"
3,"오늘 김 대리한테 받은 메일 이 대리한테 전달해줘"
3,"배성호가 보낸 메일 휴지통으로 보내라"
3,"약속하면 꼭 늦게 오더라 네가 밥 쏴"
3,"음식을 골고루 드세요 편식은 안 좋아요"
3,"남자가 약속을 했으면 지켜야지 응"
3,"보일러 좀 켜주겠니"
3,"이번달 금요일 저녁약속 다 취소해줘"
3,"오늘 오후 세시에 온 메일을 확인해줘"
3,"학습계획은 단원별로 세워봐"
3,"총무과에 묻지 말고 관리과에 물어보세요"
3,"내일 한 시에 연구소 미팅을 예약해줄래"
3,"시월 달에 온 메일 좀 검색해"
3,"안방 조명 켜 줘"
3,"오늘 일정 좀 내일로 미뤄줄 수 있어"
3,"냅둬요"
3,"세탁기 재가동해 주겠니"
3,"너무 길면 안 될것 같아서 사진 조금만"
3,"보낸메일함 다 지워줘"
3,"회전을 멈춰라"
3,"메일 읽어줄 수 있니"
3,"토요일 아침 열 시마다 요가 일정 등록해줘"
3,"휴지통의 스팸 이메일들을 모두 영구삭제 시켜줘"
3,"스타벅스에서 이벤트 관련 메일온것들 전체 선택해줘봐"
3,"전화기 진동응답기능을 꺼줄래"
3,"죄송합니다 라는 문장이 있는 메일 다 삭제해줘"
3,"쇼핑몰에서 온 메일들 전부 쇼핑 폴더로 옮겨줘"
3,"서재 불을 세단계 밝게  조절해 줄 수 있니"
3,"쇼핑 메일함을 비워 주겠니"
3,"홈씨어터 좀 켜줘"
3,"매주 목요일 학생회 회의 추가해주겠니"
3,"중요한메일만 불러와줘"
3,"메일함 모두 읽음 표시 해줘"
3,"불법 소프트웨어는 사용하지 맙시다"
3,"티비 좀 꺼주겠니"
3,"방금 받은 메일 휴지통으로 보내"
3,"가스 벨브 잠궈 줄 수 있니"
3,"티비 볼륨 좀 줄여줘"
3,"앞 차만 보고 적당 거리 유지하면서 달려"
3,"친구랑 약속이 언젠지 찾아봐줘"
3,"네가 샀다는 주식 대박 났더라 한 턱 쏴야지"
3,"메일주소록에서 회사메일만 모아줄 수 있니"
3,"증권 메일을 지워줘"
3,"거실의 에어컨 켜줘"
3,"메일에 포함된 사진 자동으로 클라우드에 저장해줘"
3,"제목에 특강이 들어가는 메일 좀 검색해줘"
3,"한달전에 교수님께 온 메일 모두 검색해줄 수 있니"
3,"토스트기 전원 꺼줘"
3,"준기씨 내 말 들어 여보"
3,"메일 안 첨부파일 용량이 크면 압축해줘"
3,"정명석 목사의 해외도피 관련기사를 보여라"
3,"장소를 신림역으로 바꿔"
3,"방 불 밝기 좀 어둡게 낮춰줘"
3,"이서우한테 가서 잘못했다 그래 맨정신으로 못하겠음 술 마시고 찾아가 "
3,"외출중에 집에 누가 들어오면 경보 울려줘"
3,"단체메일 중요표시해줘"
3,"선풍기 한시간 후 종료로 예약해줄 수 있니"
3,"티비 채널 돌려줘"
3,"부실 채권을 보유하고 있는 금융계에는 투자가 신중해야 해"
3,"어디로 가면 좋을지 의견을 카페에 각자 올려 주세요"
3,"스피커 볼륨 이십으로 해줘"
3,"안방에 있는 컴퓨터 좀 꺼줄래"
3,"다음 주 날씨 가족들에게 공유해 줄래"
3,"급등 종목엔 너무 신경 쓰지 마"
3,"에어컨 풍량 좀 줄여줘"
3,"화장실에 제습기 좀 틀어 줄 수 있니"
3,"지금부터 일주일간 메일알람 꺼줄래"
3,"안방 화장실 환풍기 좀 꺼주겠니"
3,"현관문을 열수 있니"
3,"옷 사줄꺼지"
3,"경기장 내 질서유지를 위해 주류반입을 금지합니다"
3,"에어컨 온도 십팔도로 낮춰줄래"
3,"헬스도 근육 보강제를 먹으면서 하면 훨씬 좋아"
3,"에어컨 온도 좀 높여줘"
3,"이번주 수요일 저녁약속 장소는 강남으로 등록해줘"
3,"가장 시청률 높은 티비 채널로 채널을 바꿔줄 수 있니"
3,"여유 돈 있으면 우리 회사 주식에 투자해"
3,"삼월달에 온 메일함에 좀 들어가 주겠니"
3,"물 온도를 삼십 팔 도에 맞춰주련"
3,"휴지통에 있는 메일 전부 영구삭제 해줄수 있니"
3,"블루투스 스피커로 멜론 탑백 틀어줄래"
3,"노트북의 사용자전환 스위치를 눌러줘"
3,"개인 정보 있는 메일 삭제 해줄수 있니"
3,"학교에서 온 메일 회사로 전달해줘"
3,"앞에 봐 앞에"
3,"우리 이러고 시내 한 바퀴 돌자 오선생님 정선생님 그래도 되죠 안되도 갑니다 시내 한바퀴"
3,"크리스마스 저녁 여섯시에 명동으로 일정 등록해줘"
3,"니 눈이 더 으스스 하거든 다 됐어 거울 봐봐 "
3,"신용카드는 혜택이 많은 걸로 신청해"
3,"오후 여섯시 이후에 온 이메일은 다 쓰레기통으로 보내라"
3,"보일러 온수모드로 해줄래"
3,"집 오면 불 다 켜줘"
3,"동묘역이야 네 정거장 남았다 조금만 기다려"
3,"빨래 건조기 좀 틀어줘 "
3,"내일 저녁식사 모임 일정 추가해줄수있니"
3,"내게쓰기로 메일 보내줘"
3,"팔월 일정 다 취소해줘"
3,"자원봉사도 약속이에요 연락 없이 빠지지 마세요"
3,"오늘 받은 메일들 모두 수신확인 메일 보내"
3,"다 준비하세요"
3,"룸은 하늘이 보이는 쪽으로 예약해"
3,"보일러 삼십도로 좀 틀어줄래"
3,"엄마한테 잘해줘"
3,"어제 학교에서 온 메일을 중요 표시 해줄래"
3,"티브이 이전 채널로 변경해줘"
3,"회사에서 온 메일 모두 확인해줘"
3,"워낙 약속개념이 없는 사람이니까 잘 챙겨"
3,"그냥 잊으세요말씀 편하게 놓으세요"
3,"시력이 안 좋으신 분들은 뒤쪽으로 나와 주시기 바랍니다"
3,"환율과 주가의 상관성을 잘 살펴"
3,"세탁소에 전화 연결해줘"
3,"안방에 보일러 좀 꺼줘"
3,"일하기 싫으면 반차 내고 놀러 가자"
3,"여덟시간 후에 알람을 울려주겠니"
3,"병원에서 진료 받아 보세요"
3,"안방에 불 켜주라"
3,"보일러 난방모드로 설정해줘"
3,"엘리베이터가 고장 났으니 계단을 이용하세요"
3,"안방에 있는 에어컨 십구도로 맞춰줘"
3,"사보관련 메일 칠월 자료 빼고 모두 지워줘"
3,"선풍기 바람 세게 해줘"
3,"안 읽은 메일을 읽음 처리해라"
3,"싸우기 싫으면 가만히 좀 있어"
3,"오늘 칠곡 날씨랑 내일 칠곡 날씨랑 비교해줘"
3,"내일 새벽 다섯시에 출근이라고 저장해"
3,"블로그에서 온 메일 체크해줘"
3,"이메일 확인 좀 해줄래"
3,"안방 보일러 온도 좀 낮춰줘"
3,"비행기표 예약 하지마"
3,"열시 되면 에어컨 꺼줘"
3,"중요 표시 된 메일 읽어줘"
3,"열세시에 작동을 하게 해주련"
3,"집에서 혼자 침을 놓으시면 위험 합니다"
3,"한시간 뒤에 거래처에 전화하라고 알려줘"
3,"악착같이 모으려면 현금카드 같은 것 만들지 마"
3,"만날 장소는 코스트코로 입력해줘"
3,"실권 주를 공략하라"
3,"쿠폰 메일 따로 정리해줘"
3,"휴지통 모두 비워줘"
3,"회사에서 보낸 메일 모두 검색해"
3,"방금 전 보낸 메일을 취소할 수 있니"
3,"휴지통에 있는 편지를 모두 비워줘"
3,"저한테 맡겨주세요 열심히 하겠습니다"
3,"오늘 밤 열시 축구 경기 일정을 취소할 수 있니"
3,"아침 여섯 시에 맞춰서 불 켜줄 수 있어"
3,"학교에서 온 메일 다 검색해 줄 수 있니"
3,"임시 저장함에 있는 메일 다시 전송해줄 수 있니"
3,"다음 주말에 세차예약을 입력해 줄 수 있니"
3,"발신자가 팀원일 경우에는 팀원 메일 함으로 분류해줘"
3,"선택한 메일들을 광고메일함으로 옮겨줄래"
3,"안방 팬 켜줘"
3,"장학금 탔다면서 한 턱 쏴"
3,"내일 오후 일곱시부터 아홉시까지 저녁 약속 일정 등록해줘"
3,"오늘 받은 메일 다 보관 처리해줄래"
3,"일곱시에 누가 오면 문 열어줘"
3,"이번주 토요일 네일받기 일정 추가해줘"
3,"피곤하면 바깥 바람이나 쐬러 가자"
3,"안방에 에어컨 켜줘"
3,"자주 껐다 켰다 하는 콘센트를 모두 차단해줘"
3,"너는 현장에 나와 어린 배우들하고 노닥거리고 어깨에 힘주고 돌아다니는 게 조연출의 임무처럼 아나본데 조연출의 임무 중의 임문 감독 보필이야 차 가져와"
3,"김치 냉장고 온도 일도 내려줘"
3,"인사동에서 전시회 할거야 꼭 와주길 바래"
3,"오늘 같이 스쿼시나 하러 갈까 "
3,"거기에 예약된 일정을 모두 취소해 줄 수 있니"
3,"걱정 하지마"
3,"보낸 메일 모두 발송취소해"
3,"오븐 타이머 삼십 분으로 설정해줘"
3,"내일 오후 두시에 어제 작성해놓은 메일 발송해줘"
3,"어제 인터파크에서 온 메일을 삭제해줘"
3,"검토 후 연락 바랍니다"
3,"티브이를 삼십 분 있다가 켜라"
3,"부엌 마감해줄래"
3,"메일을 내일 오전 열두시로 발송 예약해줘"
3,"메일 다 지워줘"
3,"열시에 회의 잡아줘"
3,"오늘의 유머 보여줄래"
3,"조깅이 힘들면 빨리 걷기라도 해봐"
3,"기다리지마"
3,"모레 오후에 학원 아르바이트 일정 추가해줘"
3,"제습기 켜줘"
3,"인터넷 금융 사기의 유형들을 연구하자"
3,"금융정보 유료사이트는 사용할 때 주의해야 해"
3,"제목에 카드란 단어가 포함된 메일 전부 삭제해줘"
3,"주말에 도서관 가라고 일정 추가해"
3,"읽지 않은 메일 중 가장 오래된 메일을 읽어줘"
3,"이선재 전화 받어"
3,"메일오면 핸드폰으로 알려줄래"
3,"내년 오늘 일주년 기념일 일정 추가해줘"
3,"유월 이십팔일 오후 일곱시 친구랑 맥주마시기 일정 추가해"
3,"이번주에 친구 만나는 일정들은 다 취소해줘"
3,"서울로 무궁화호도 두 장 예약해"
3,"보일러 한시간 예약설정 해줘"
3,"칠번 채널 티비 프로그램 녹화해줘"
3,"거실에 있는 에어컨을 가동해줘"
3,"임시 보관함 최근 메일 수신인을 결재선으로 지정하고 발송해줘"
3,"방금 보낸 메일 발송 취소 해줄래"
3,"야유회에서 재미있게 놀자 "
3,"안방에 조명 좀 꺼라"
3,"소리를 두 단계 키워줄 수 있니"
3,"올해 칠월에 보라카이 여행 일정을 입력해줘"
3,"우리 너무 힘썼어 고기 뷔페 한번 가 주자"
3,"주식을 하려면 주식계좌를 새로 만들어야 돼"
3,"잔소리 그만해 귀 따가워"
3,"비행기 예약시간을 한 시간 미뤄라"
3,"스팸메일함을 매달 마지막 날에 비워줘"
3,"메일 한 화면에 열다섯 개씩 보이게 해 줘"
3,"멜론에서 온 개인정보보호에 관한 메일을 검색해줘"
3,"속초 맛집 속초 공방 속초 체험 속초 볼거리 바다지기 에서 시원한 음료한 잔 어떠세요"
3,"교수님 면담 스케줄에 삽십삼동이라고 장소 추가해줘"
3,"약속 어긴 사람이 소원 들어 주기다 "
3,"집을 수면모드로 전환할수 있니"
3,"내일 세 시에 치과 가라고 저장해줘"
3,"전자레인지 일분 돌려줘"
3,"에어컨 온도 이십육도로 맞춰줘라"
3,"트위터에서 온 메일 좀 검색해줘"
3,"앞으로 두 시간 뒤에 모두 취침에 들어가십시오"
3,"읽음표시된 메일을 영구삭제 해줄래"
3,"받음메일함에서 가장 최근에 온 메일 읽었다고 표시할 수 있니"
3,"차라리 대중교통을 이용하지"
3,"방금 사장님에게 온 메일 읽어줘"
3,"거실에 티브이 꺼줘"
3,"죄송한데 집으로 보내주시겠어요"
3,"다음주에 국제학회가 개최되니 많은 참여 바랍니다"
3,"수요일에 윤진이와의 약속 하루 전에 윤진이에게 문자보내줘"
3,"내게쓴 메일함 다 지워줘"
3,"그냥 들어가서 죄송하다고만 말씀드려"
3,"얘기부터 하라구"
3,"소영아 이거 먹고 해"
3,"저녁시간 삼십분 전에 매일 알려줄래"
3,"현관 화면 좀 보자"
3,"가스레인지 좀 꺼줘"
3,"일기예보 보고 정하자 괜히 비 오거나 하면 어떡해 "
3,"휴지통에 있는 메일들 지금도 안 비워놨어"
3,"스팀 과제 관련된 메일 다 검색해줘"
3,"우리가 계획 했던 거 오늘 만나서 하자"
3,"하도급 계약서 가져와 보세요"
3,"댓글 달라 주시면 바로 내려 드리겠습니다"
3,"아직 안 읽은 편지는 모두 지워줘"
3,"에어컨 열두시에 취침 예약 해줄 수 있니"
3,"한 달 뒤 오늘 아침 여덟 시에 에어컨을 켜 줘"
3,"에어컨 실내 적정 온도로 틀어줘"
3,"오디오 작동 그만해주렴"
3,"유월달에 온 메일중 안읽은 메일 전부 읽음표시 해줄수 있니"
3,"동남아 관광은 취소해야 할 듯"
3,"아 그러지 말고 더해요 드라마 얘기"
3,"수신메일함에서 입금완료 검색해"
3,"나 시사회 당첨됐는데 같이 가자"
3,"담주 화요일 날 알바 대타로 입력해줘"
3,"홈시어터의 시디 이 번의 영화를 틀어다오"
3,"파티 분위기를 올려줄 음악을 틀어 줄수 있니"
3,"다음주 목요일 오후 여섯시 홍대 저녁 일정을 취소해줘"
3,"우리 좀 따뜻해지면 김밥 싸서 소풍 가자"
3,"어제 메가박스 영화 예매내역좀 삭제해줘"
3,"지금 외근 나왔는데 잠깐 얼굴이나 볼까 "
3,"자동 응답기 켜줘"
3,"내방의 현재 모습을 동영상으로 보자"
3,"오늘 온 메일 검색해줘"
3,"학과 조교님한테 장학금 문의 메일 보내줘"
3,"다음달 십일에서 십육일 여행일정 추가해줘"
3,"반품메일 검색해"
3,"거실에 가습기 좀 틀어줘"
3,"메일 계정 삭제해줘"
3,"내가 보낸 메일 모두 지워줘"
3,"무드등 밝기 최대로 올려줘"
3,"관심 있으신분들은 사이트 참고하셔요"
3,"구월 이십일 엄마 생신을 추가해줘"
3,"오늘 밤 다섯시 티켓팅 오픈 스케쥴 추가해주겠니"
3,"오늘 영하 오도니까 옷을 단단히 챙겨 입어 "
3,"칠월 이십삼일 둘째동생 생일 추가해줘"
3,"전기 스위치를 모두 확인하고 와"
3,"방금 온 메일 읽고 첨부파일 다운로드 해줘"
3,"추천 채널을 틀어 줄수 있니"
3,"방금 온 메일 수신 거부 해줘"
3,"건강 유지를 위해 수영 배우는 게 어때 "
3,"왜 꼭 그런 장래성 없는 회사 주식만 골라서 사 "
3,"일월달에 보낸 메일 좀 검색해"
3,"여름이 됐으니 어서 바다로 놀러가자"
3,"조명 좀 어둡게 해줘"
3,"지금 촬영이 세 씬이나 더 남았는데 내리세요 어서"
3,"감기 걸렸다니 오늘 일찍 집에 가서 푹 쉬세요"
3,"오늘은 비 오고 쌀쌀하니깐 옷 두껍게 입고 외출하세요"
3,"남길 건 남기고"
3,"욕 먹을짓 하지마"
3,"보낸 메일함 내 핸드폰에 띄워줘"
3,"거실 온도를 이십도에 맞춰줘"
3,"노래 켜줘"
3,"라디오 좀 켜주겠니"
3,"너무 날씨가 추울 때는 집에서 쉬세요"
3,"거실 불 좀 꺼줘"
3,"십일월 십일일 빼빼로 파티 일정을 추가해줘"
3,"냉장고 온도 좀 낮춰줄 수 있니"
3,"난방 켜줘"
3,"집에 조명 전부 꺼졌나 확인하고 켜져있는건 꺼줄래"
3,"네이버 메일에서 지메일을 외부메일 가져오기 해 줘"
3,"중요 표시가 된 메일 빼고 받은 편지함의 메일을 전부 지워줘"
3,"안방에 에어컨 이십오도로 틀어줄 수 있니"
3,"구월달에 온 메일 좀 검색해"
3,"이주 전에 온 메일 좀 검색해 주겠니"
3,"이메일 하단에 회사 로고를 집어넣을 수 있니"
3,"무조건 동선 위주로 잡아 "
3,"제목에 가입이라고 써있는 메일 좀 모아줘"
3,"다음주 월요일 실험을 수요일로 바꿔줘"
3,"저 절대로 잊으시면 안 돼요"
3,"펫 씨씨티비 보여줄 수 있니"
3,"오늘 오후 일정 전부 취소해 줘 "
3,"스팸메일은 다 삭제해줘"
3,"전자시계 오분 빨리 맞춰라"
3,"공기청정기 꺼줘"
3,"팔월 십일일에 졸업 연주회 일정 추가해줘"
3,"읽은 메일들은 모두 지워라"
3,"요즘 고민이 너무 많아 만나서 얘기하자"
3,"졸리니까 불꺼줘"
3,"조교 만나려 하는데 같이 갈래"
3,"목요일 오전 아홉시에 수원 방문 입력해"
3,"방금 전 채널로 바꿔줄래"
3,"티비 켜주겠니"
3,"침실온도 이십육도보다 높으면 에어컨 켜지도록 설정해줘"
3,"오후에 온 메일 검색좀 해줘"
3,"대통령기 요트 대회 소식을 뽑아주렴"
3,"학교에서 온 메일 차단해줘"
3,"난 약속을 잘 지키는 사람이니까 믿어도 되요"
3,"한잔만 해요"
3,"음악소리좀 크게해줄래"
3,"회사로 메일 작성 해줄래"
3,"작은방에 청소기 밀어줄래"
3,"첫째 이메일 열어"
3,"건강을 위해서 휴일엔 쉬세요"
3,"그래 학교 끝나고 좀 놀자"
3,"티비 음소거 해다오"
3,"텔레비전 채널을 올려줘"
3,"티비 채널은 사십일번으로 변경해줘"
3,"보름 전에 온 메일 좀 찾아줘"
3,"더운데 은행에서 좀 기다려"
3,"받은 편지함 중 안읽은 메일 확인 부탁해"
3,"거실에 티비 소리가 너무 크다 소리 줄여줘"
3,"각 동의 대표 분들은 관리 사무소로 모여 주시기 바랍니다"
3,"스타일러 미세먼지 모드 시작해줘"
3,"내일부터 백화점 세일인데 쇼핑하러 가자"
3,"보낸 편지함 모두 지워줄래"
3,"자신 외에는 아무도 믿지 말고"
3,"지금 세탁기 좀 돌려줘"
3,"막내 동생이랑 이번주 토요일 데이트 입력해줘"
3,"정수기 에이에스를 신청해줘"
3,"오늘 온 메일 읽어줘"
3,"이보경 선생님이랑 한 메일 다 업무 메일함으로 보내줘"
3,"만날 장소는 맘스터치로 입력해줘"
3,"서울행 무궁화호 두 장 예약해"
3,"투자가 신중해야 해"
3,"불안한 채 억지루 사는 거 아냐"
3,"다음주 금요일 출국 일정 추가해줘"
3,"이번주 주말 등산 스케줄 등록해"
3,"집안 전체 불 꺼줘"
3,"선생님 오늘 촬영 밀렸어요 죄송합니다 밤에 와 밤에 선생님 "
3,"거실 불 두 단계 더 밝혀줘"
3,"에어컨 온도 좀 낮혀줘"
3,"내일 저녁에 장 꼭 보라고 알려줘"
3,"오늘 컴퓨터용 싸인펜 챙겨와라"
3,"오늘 저녁 아홉시에 보내기로 한 예약 메일 취소해줘"
3,"지운 메일함 복구해줘"
3,"공기청정기 꺼줘"
3,"화장실에 불 좀 꺼줘"
3,"쇼핑관련 메일 자동 삭제해 줄래"
3,"가스레인지 전원 좀 켜줘"
3,"방금 읽은 메일 친구에게 전달해줘"
3,"정확한 분석과 평가 하에 투자를 해야 될 거다"
3,"어제 지운 메일 복구해줘"
3,"방금 메일 보낸 사람 주소록에 추가해줘"
3,"오늘 오후일정 취소해"
3,"식기세척기 끝나면 거실불 켜서 알려줄 수 있니"
3,"잠시 후 이륙할 것이니 휴대폰의 전원을 꺼주시기 바랍니다"
3,"마지막 한 주 알차게 보내보자"
3,"받은지 한달 이상 된 메일들은 지워줘"
3,"눈꽃열차 타고 여행 가자"
3,"휴가철에는 빈집이 많으므로 도둑에 유의 해야 합니다"
3,"모션 베드 앉아 있기 버전으로 바꿀 수 있니"
3,"발신인 자동으로 주소록에 등록하는 것 취소해 "
3,"내가 다니는 휘트니스 클럽에 다니자"
3,"메일 읽어 줄래"
3,"약 드세요"
3,"오후 다섯시에 예약취사를 해주겠니"
3,"잠시만 스피커 음소거해줄래"
3,"창고에 에어컨 좀 켜줘"
3,"먼저 예약 해 놓고 조금만 기다려"
3,"오늘 오전 일정 취소해줘"
3,"니가 의사한테 말해보지 오늘 내보내달라고"
3,"에어컨 필터 청소 좀 해주겠니"
3,"이천십팔년 오월 십일에 체육대회 일정 추가해"
3,"이번 건은 확실히 처리해 주십시오"
3,"스팸 메일함을 모두 비워줘"
3,"그와의 약속을 아무에게도 말하지 말아요"
3,"여덟시 드라마 녹화해줄래"
3,"와우 함박눈 목도리 장갑은 필수"
3,"헹굼 세 번 해줄래"
3,"엄마에게 반짇고리를 가져다 드려"
3,"출발하기 전에 다시 한번 점검 해봐요"
3,"감기가 걸리기 전에 예방 주사를 맞아야지"
3,"스탠드 밝기 조절 해줄 수 있니"
3,"월요일에는 도로가 더 막히니 일찍 나가"
3,"난방 온도를 이십오도에 맞춰라"
3,"국도 이용해서 귀경하시는 것도 괜찮을 것 같은데요"
3,"되도록 채소 위주로 먹여"
3,"두달전 온 메일 전부 확인할수 있니 "
3,"캘린더 기능을 보여줘"
3,"내일 약속시간 삼십분 전에 알람 설정해줘"
3,"메일들 보낸 사람 이름 순으로 정렬해 줘"
3,"오늘 휴지통에 보낸 메일 모두 수신 메일함으로 다시 옮겨줘"
3,"주식 할 때 여유자금으로 하는 거 잊지 마"
3,"다음 주 수요일 네 시 치과 일정 목요일로 바꿔줘"
3,"스피커에서 다음 음악 재생해줘"
3,"일곱시 되면 티비 켜줘"
3,"거래처 방문하고 계획서 받아 오세요"
3,"일 층 온도 이십이도로 맞춰줘"
3,"휴지통에 있는 메일 전부 복구해 줘 "
3,"화장실 창문 열어줘"
3,"한시에 있는 약속 지워줘"
3,"다른 길로 와라"
3,"자신과의 약속을 지키는 사람이 되라"
3,"종로구 정체구간을 보여볼래"
3,"아침 밥을 먹고 다녀야 위궤양에 안 걸린다 "
3,"넌 아빠한테나 잘해봐라"
3,"거실 난방을 꺼줘"
3,"핸드폰 충전기 전원을 켜줘"
3,"어제 온 메일 다 지워줘"
3,"에어컨 온도 낮춰라"
3,"베란다 전등 밝기 좀 조절 해주겠니"
3,"이십오일 모임이야 꼭 나와야 돼"
3,"에어컨 두시간 후에 꺼지도록 예약해줄 수 있니"
3,"내일 제주도 출장 일정을 취소해줘"
3,"정 불안하면 그냥 정기예금에 넣어버리든가"
3,"사진이 첨부된 메일 모아줘"
3,"버스 정류소에 차를 세우면 안돼"
3,"화장실에 환풍기 켜줘"
3,"오르다가도 하루아침에 망할 수 있는게 주식이니까 건전한 사고방식으로 투자를 한다면 한순간에 돈을 날릴 이유도 없어"
3,"간혹 잘못하여 부비동 으로 식염수가 들어가는 경우도 생기므로 주의합니다"
3,"십 분 후에 부엌 불 켜주라"
3,"내일 영화 좀 같이 봐주세요"
3,"새벽 세시에 에어컨 꺼줄 수 있니"
3,"이번주에 온 이메일중 이미지 파일이 포함되어 있는 것들은 삭제시켜줘"
3,"회의실 전원 꺼줘라"
3,"교육부 과제 최종보고서 제출 메일 검색해줘"
3,"냉장고 문 닫아줘"
3,"그곳에 가서는 절대 위험한 장소에 가지 않는다고 약속해라"
3,"까치골에 있는 술집을 예약해"
3,"일월에 온 메일 모두 검색해줘"
3,"이메일의 상단메뉴에서 라벨 관리를 눌러줘"
3,"티비 두시 삼십분에 육십번 예약해줘"
3,"초보일 땐 좌우 잘 살펴야지"
3,"미세먼지가 보통 이상이면 마스크 쓰라고 알려줘"
3,"이번주 토요일 오후 네시에 회의를 추가해줘"
3,"화장실 환풍 좀 틀어줄래 "
3,"지영이 누나 지난 번 요점정리 프린트 부탁해요"
3,"오늘 학교 가기 싫으면 가지 말자"
3,"무드등 좀 꺼줄래"
3,"세달 정도만 꾸준히 하면 눈에 띄게 달라질 거야"
3,"내일 올 이메일들은 모두 휴지통으로 보내줘"
3,"거실 불 켜 줄 수 있니"
3,"현관 불 꺼줘"
3,"티브이 음소거해줘"
3,"아침에 덥다고 옷 얇게 입고 나오지 마"
3,"커튼 쳐줘 햇빛이 보고싶어"
3,"오늘 저녁 새 일정 추가해줘"
3,"업무 외 전화는 핸드폰을 이용해"
3,"블루투스 스피커 꺼줄래"
3,"신용카드 약관 꼭 읽어봐"
3,"지운편지함 중 오늘지운메일 확인해줘"
3,"식탁 위를 보여주렴"
3,"에어컨 풍량을 올려 주겠니"
3,"오븐에 빵 다 구워지면 알려줘"
3,"전화나 받어"
3,"메일로 받은 사진좀 업로드해줘"
3,"건너방 불 켜줄수있니"
3,"광고메일좀 다 스팸등록 해 줄수 있을까"
3,"읽은 메일은 전부 지워줘"
3,"세부사항은 홈페이지의 공지사항을 참고하시기 바랍니다"
3,"수요일 세 시 약속 추가해"
3,"과제 발표기한을 까먹지 않게 저장해줘"
3,"다음에는 미리 약속 정해서 꼭 봐"
3,"들어가기 싫으면 우리집으로 가자"
3,"과제 기한 이번주 까지라고 기록해줄래"
3,"중요 메일함 전부 지워줘"
3,"시간 다 됐는데 왜 안 나와"
3,"선풍기 강풍으로 바꿔서 틀어줘"
3,"해외직구 메일 확인해"
3,"이틀뒤 네시 치과예약 추가해"
3,"약 다섯 배 정도로 필터링 해서 읽어 주시면 되겠습니다"
3,"작은방 불 켜줘"
3,"오후 일곱시에 보일러 틀어줘"
3,"내가 오후에 전화 할 테니까 전화 꺼 놓지 마"
3,"내일 오후 수업 없음 추가해"
3,"뭐하고 지내냐 학원 다시 나와 선생님이 걱정하시잖아"
3,"다음 달 중순에 피티이 시험 일정을 추가해줘"
3,"보일러 온도 좀 낮춰줘"
3,"주식 이야기도 하지 마 뼈아픈 고통이 있단 말이야"
3,"거실에 제습기 좀 꺼줘"
3,"아파트 청약 걸어놨데 너두 청약 걸어"
3,"십일 전에 온 메일 좀 검색해"
3,"영어를 배웠으면 외국인하고 한마디 정도는 할 줄 알아야지 "
3,"최근에 보낸 메일 전송취소해줘"
3,"거실에 에어컨 틀어줘"
3,"컴퓨터가 자주 다운되니 조심 하세요 "
3,"창문을 잠궈줄래"
3,"밥 먹을 장소는 김밥천국으로 입력해줘"
3,"슬립 타이머 삼십 분으로 정해"
3,"몸도 유연해질 겸 댄스스포츠 같이 다니자"
3,"에어컨 취침모드로 변경해줘"
3,"우리 먼저 만날게 너는 시간 맞쳐와"
3,"술집 예약해 뒀으니까 내일 여덟 시까지 상인 네거리로 와"
3,"학교에서 온 메일 읽어주라"
3,"방금 메일 중요 표시해줄래"
3,"작년 이번 달 메일 검색해 "
3,"쇼핑에 대한 메일은 쇼핑폴더로 이동 시킬수있니"
3,"에어컨 제습 모드로 틀어줘"
3,"내가 예상보다 빨리 도착했으니 서둘러 주세요"
3,"애들 방에 쾌적 온도 만들어줘"
3,"최신 메일 읽어줘"
3,"시월 십일 엄마 환갑 일정 추가해줘"
3,"좋다 이거 하나 주세요 "
3,"쓰레기 있으면 즉각 밖에 나가서 분리수거해서 버려"
3,"부엌 조명 켜 줘"
3,"지금 읽은 편지에 편지 확인했습니다 라고 답장 보내줄래"
3,"집안 전기 모두 차단해줘"
3,"내일 일정을 복사해서 다음주 월요일에 등록 가능 할까"
3,"이번 주 화요일에 제사 가는거 기록해"
3,"토요일 두 시에 영화 예매 추가해"
3,"청량리 텍사스 관련 기사를 찾아라"
3,"저 대신 이번 대회 열심히 뛰세요"
3,"내일까지 연구진 그룹 사람들에게 현재 작업중인 문서 메일로 전송해줄 수 있어"
3,"중간에 잡념 이 일어나 숫자를 잃어 버리면 처음부터 다시 시작한다"
3,"오늘 오후 네시에 우체국가기 일정 추가해"
3,"아직도 출발 안 한 거야 냉큼 버스타고 오거라 "
3,"세탁소에 전화 해줄래"
3,"교수님께 내일 미팅일정이 취소되었다고 메일해줘"
3,"보험회사에서 온 메세지를 다시 재생시켜줘"
3,"너희 부모님 주말에 시간 되시는지 여쭤볼래 "
3,"친구한테 축하 메일 보내줘"
3,"공휴일에 온 메일 확인해줘"
3,"다른 주식들이 대거 상승한다고 뒤따라 가면 안되는 거야"
3,"부엌의 밝기를 자동 조절해줘"
3,"오늘 밤 아홉시에 알람설정해"
3,"샤프심 있으면 빌려줄래 "
3,"친구와 영화보기 일정 체크좀 해줄래"
3,"지금 봐요"
3,"이번주 화요일날 동아리 모임 추가해줘"
3,"늦지않게 참석해 주십시오"
3,"빨리 구급차 보내요"
3,"리턴메일 메일 주소 한 번에 모아주겠니"
3,"내일 설빙에서 빙수먹기 일정 추가해"
3,"메일 로그인 해줄 수 있니"
3,"쇼핑하려고 하니깐 이따 저녁에 꼭 나와서 연락해"
3,"오늘 오후 아홉시에 드라마 마지막회 알람 울려줘"
3,"티비 소리 좀 꺼줄 수 있니"
3,"이메일중 인지과학이 들어간 이메일 있으면 남겨줘"
3,"다음주 목요일에 롯데월드 가기 일정 추가해줘"
3,"화장실 문 닫아 줄 수 있니 "
3,"김치 냉장고 전원 켜줄래 "
3,"스탠드 좀 꺼줘"
3,"스팸 메일함 비워줄 수 있니"
3,"다음주 목요일에 노래방 일정 추가해"
3,"삼 호선을 타고 가는 게 더 빠를 걸"
3,"외국 이메일 계정 다 스팸처리 해줘"
3,"팔월달에 온 메일함에 좀 들어가 주겠니"
3,"넌 피부가 약해서 햇빛 많이 쬐면 안돼"
3,"지금 가스불 켜져있으면 꺼줘"
3,"모든 불 다 켜줘"
3,"회사에서 온 읽은 메일 안읽음으로 처리해 줄 수 있니"
3,"회의 문서가 유출되지 않게 신경을 쓰세요"
3,"회사에서 온 메일을 전부 검색해줘"
3,"어제 온 메일 모두 확인하고 지워줘"
3,"보일러를 틀어줘"
3,"아이로비야 이만 눈감고 쉬어라"
3,"티비 오후 세시에 켜줘"
3,"오늘 꼭 계약서 받아서 와"
3,"그냥 셀프로 추가로 더 갔다 드심되고요"
3,"주영이 올 시간 됐네 주영이 방에 난방 틀어줘"
3,"다음주 목요일 부산여행 추가해"
3,"그 동네 위험하니까 일찍 다녀"
3,"보내다가 전송실패한 메일이 있으면 다시 알려줘"
3,"티비 십칠번 틀어주겠니"
3,"에어컨 송풍으로 바꿔주겠니"
3,"에어컨 온도 이십도 되면 꺼줘"
3,"다음달 마지막 주 수요일 가족 여행 일정 입력해"
3,"거실에 조명 밝기를 내려줘"
3,"가스밸브 잠궈라"
3,"내일 일정 오늘로 앞당겨줘"
3,"에어컨 온도를 이십육도로 맞춰줄 수 있니"
3,"메일함에 있는 읽지 않은 메일 지워줘"
3,"티비에 유튜브 화면 좀 띄워줄래"
3,"내게 쓴 메일함으로 이동해줘"
3,"매년 오월 십육일 내 생일 일정 추가해줘"
3,"계단이 얼었으니 넘어지지 않게 조심이 내려가"
3,"다음 주 폭염주의보 정보 가족들에게 공유해 줄래"
3,"스탠드 밝기 조금만 더 밝게 해줘"
3,"수신자가 여러명인 메일 지워줘"
3,"통장 비밀 번호로 연락처 쓰면 안 되요"
3,"그래도 너무 한 것 같은 데 절약해라"
3,"삼월달에 보낸 메일 좀 검색해"
3,"방금 지운 메일 복구해줘"
3,"내일 오후 세시에 과 모임 가기 일정 추가해"
3,"거실에 있는 티비를 꺼줘"
3,"다음달 이십일일 내 결혼식 일정 추가해줘"
3,"에어컨 온도 일도 높혀줄 수 있니"
3,"여유분 없으니까 아껴서 쓰자"
3,"방금 받은 메일에 중요 표시를 해줘"
3,"거실에 에어컨 이십오도 될때 까지만 켜줘"
3,"내일 춥데 옷 따뜻하게 입고 나가"
3,"다음주 화요일 오후 한시에 점심 약속 추가해줘"
3,"조교들은 여섯 시까지 모여"
3,"팔월이십육일 일주년이라고 추가해줘"
3,"다운로드 완료되면 메일 삭제해줘"
3,"작은 방 플러그 다 꺼줘"
3,"에어컨 온도 높여줘"
3,"동호회에서 온 메일 열어줘"
3,"신발장에 불 좀 꺼줘"
3,"모르는 거 있으면 체크해 뒀다가 다음 주에 물어봐"
3,"혼자 끙끙대지 말고 영업팀과 업무를 나눠서 하세요"
3,"어서 덧글 창에 커서 를 올려놓고 아무말이라도 쓰고가셔요"
3,"오늘 월급 탔어 오빠가 영화 보여줄게 나와"
3,"다음 주에 과 대항 축구 경기가 있으니 모두 응원 바랍니다"
3,"받은 메일함으로 들어가줘"
3,"지금부터 백일 후에 기념일 일정 등록해"
3,"티디 켜줘"
3,"오늘 온 메일 읽고 첨부파일 다운로드 해줘"
3,"그냥 형식적인 인사는 필요 없어"
3,"다음 주에 우리 쇼핑 같이 가자"
3,"오늘 저장된 보낸편지함 지워줘"
3,"화장실 전등 좀 꺼"
3,"오늘 온 메일 모두 지워 줄 수 있니"
3,"두시간 뒤 보일러 켜줘"
3,"이번주 금요일 월차 일정을 추가해줄 수 있니"
3,"귀찮더라도 밥은 꼭 해서 먹어"
3,"이틀전에 온 메일좀 검색해줘"
3,"나오기 싫으면 집에서 쉬어"
3,"안 읽은 메일을 전부 삭제해라"
3,"오늘 병원예약을 내일 같은시간으로 옮겨줘"
3,"까쓰오븐 백 삼십 도에 십 분 간으로 세팅해 주겠니"
3,"오늘 온 메일 모두 지워줄래"
3,"아침 일곱시에 침실 커튼 쳐줘"
3,"힘을 넘 많이가 하시지 말고 살살 다뤄 주세요"
3,"그놈의 목욕탕은 제정신 일 때 가야지"
3,"수신자는 화생공 그룹에 있는 사람 전체로 할 수 있니"
3,"내가 나에게 쓴 메일 검색해줄래"
3,"티비에 어제 본 드라마 검색해줘"
3,"안방 가서 급탕 스위치 켜렴"
3,"지금 작동되고 있는 모든 전기제품 꺼줘"
3,"목요일 두 시 일정을 영화 보기로 바꿔줘"
3,"읽지않은 메일 좀 지워줘"
3,"멜론에서 온 메일 스팸신고해"
3,"스팸메일함에서 다시 편지를 불러올 수 있니"
3,"에어컨 바람 세기 약하게 해줘"
3,"폭염주의보 내릴 때마다 알려줘"
3,"임시보관함에 있는 이메일을 모두 지워줘"
3,"보일러 좀 켜줄 수 있어"
3,"밤 아홉시부터 현관 불 꺼줘"
3,"먼저 투자할 기업에 대해서 정확히 아는 것이 중요해"
3,"욕실 환풍기를 켜줄수 있니"
3,"이천십팔년 구월 삼일에 이학기 개강 일정 추가해줘"
3,"이번 주 월요일 수요일 미술수업 일정 저장해줘"
3,"이 메일을 다음 주소로 전달시켜줄래"
3,"컴퓨터 전원을 모두 꺼 줄 수 있니"
3,"내일 서리가 낄 확률을 보여줄래"
3,"그냥 화장품이나 하나 사죠"
3,"내 주소록에서 새 그룹을 설정하게해줘"
3,"오늘 저녁 일곱시에 달리기 일정 추가해"
3,"축구 하러 가자"
3,"더우니까 삼계탕으로 몸보신 하세요"
3,"매년 삼월 십사일 남자친구 생일 일정 추가해줘"
3,"컴퓨터 좀 꺼"
3,"삼년전 결제내역 삭제해"
3,"에어컨 온도를 십팔도로 맞춰줘"
3,"서재에 조명 좀 꺼줘"
3,"여름에 야외 캠프에 같이 참여하자"
3,"신호위반을 하셔서 벌금을 내셔야 합니다"
3,"몸 피곤하게 만들지 말고 휴식을 취해"
3,"조만간 키위쥬스나 먹자꾸나"
3,"헹굼 한 번 더 설정해줘"
3,"담배피면 안 피는 사람도 폐암 걸린다"
3,"저녁 아홉시에 티비 켜줘"
3,"야 너 혼자감 택시비 아까우니까 같이 가 기달려 알았지 "
3,"내일 미용실 일정 끝나고 바로 네일샵 가는 일정 등록해줄래"
3,"네 업무 다 처리 했어요 빨리 끝내고 오세요 "
3,"방금 온 메일 스팸 메일로 등록해"
3,"이번주 금요일에 친구와 만나는 약속 추가해"
3,"오늘 점심먹을 장소는 버거킹으로 입력해줘"
3,"누나방을 모니터로 보자"
3,"위에 입구 부분을 드르륵 박아 주세요"
3,"십구일 여섯시에 데이트 일정 추가해줘"
3,"유월 이십일 고심통 기말고사 일정을 추가해줘"
3,"방금 온 메일 전달 좀 해줘"
3,"휴지통에 있는 메일 복구해줘"
3,"내년 칠월 십일에 한달 유럽 여행 일정 추가해줘"
3,"지난 주 봤던 아프리카 티비 목록들을 모두 지울 수 있니"
3,"자료를 잘 분석해서 하나씩 나눠봐라"
3,"창문 좀 닫아줘"
3,"거실 에어컨 온도 높여주라"
3,"티비 볼륨 올려줘"
3,"치킨시켜먹게 남동생한테 전화해줄래"
3,"오월 십오일 신경과학 중간고사 일정을 추가해줘"
3,"내일 여자친구랑 신촌 데이트 일정 추가해줄 수 있니"
3,"원하는 걸 먼저 말씀해보세요"
3,"과음을 하지 마세요 "
3,"내일 오후 두시에 병원 일정 추가해줘"
3,"사일 전에 온 메일 좀 검색해"
3,"취침 이십분 후 가습기 작동 시켜 줄수 있니"
3,"택배 불러줄래"
3,"이렇게 툭툭 만지면서 연애질 을 하시면 안되죠"
3,"오후 다섯시에 예약취사 해줘"
3,"대북 쌀지원 관련소식을 찾아줄래"
3,"익지 않은 음식을 드시면 위험 합니다"
3,"엘리베이터보다는 계단을 이용해"
3,"은행에서 원하는 서류를 챙겨오세요"
3,"아침 열시에 알람을 맞춰주겠니"
3,"다음주에 예약한 영화 취소해줘"
3,"십 분 후에 집에 있는 조명들 다 켜주라"
3,"화장실에 불 꺼"
3,"거실 블라인드 쳐줄 수 있니"
3,"커튼 올려줘"
3,"거실에 에어컨 좀 꺼줘"
3,"내게쓴 메일함을 모두 비워줘"
3,"비오니까 집에 있는 빨래 걷어라"
3,"말할 때 점핑 좀 하지 마 이 말했다 저 말했다 정신없게 "
3,"안 읽은 메일을 읽음 처리해 줄 수 있니"
3,"스팸 편지함에 있는 메일들 다 삭제해줘"
3,"김군 왜 뭐라고 야야 그러지마 그러지 아 네 어머니"
3,"부모님께 결혼 기념일 축하 메일 임시 저장한 것 지금 보내줄래"
3,"자기가 하려고 하기보다 선배들 의 도움을 구하라"
3,"다섯시되면 불켜줘"
3,"모의투자 대회를 먼저 참여해보는 게 어때"
3,"받은메일함 전부 비워줘"
3,"어머니와 저녁약속이 있으니까 너도 꼭 와야 해"
3,"한꺼번에 주소록 추가 된 곳에 메일 보낼 수 있니"
3,"이번주 모든일정 다 비워둬"
3,"방금 온 메일 중요한 메일로 설정해줘"
3,"장기투자의 안목을 가지는 게 좋습니다"
3,"동아리 대회 장소는 학교로 입력해줘"
3,"쇼핑 관련 메일을 지워줘"
3,"오늘 보낸 메일함 다시 확인해 줄수있니"
3,"텔레비전 음성다중을 스테레오로 바꿔주겠니"
3,"좋은 사례와 나쁜 사례 각각 하나씩 제출 해 주세요"
3,"주라고 뭐가 무서워 못주냐고 "
3,"학교에서 보낸 메일 스팸처리해 줘 "
3,"사람이 없는 방에 불을 모두 꺼줘"
3,"베란다 문 잠가줘"
3,"전자레인지 일분 돌려줄 수 있니"
3,"산불발생의 위험이 높아 취식을 금지합니다"
3,"화장대 불 좀 꺼줘"
3,"분류 메일함에 청구서 메일함 새로 만들어줘"
3,"물고기 밥 좀 주고 와라"
3,"알겠다고 답장 메일 보내 줘"
3,"난방 외출로 바꿔줘 "
3,"차안에서 뭐 먹으면 안돼"
3,"팔월 삼십일일 김민지 생일 입력해줘"
3,"아 배고파 아웃백 얼른가자"
3,"다음주 교수님과의 회의 일정을 모두 취소해줘"
3,"학교에서 온 메일 확인해"
3,"히터 온도 삼십일도로 맞춰주겠니"
3,"스피커 베이스 좀 키워줘"
3,"베란다 조명 밝기 올려줄 수 있니"
3,"알바 지원자 메일 따로 따로 파일에 저장할 수 있을까"
3,"불쌍하잖아 지오 밑에 넣어"
3,"회사에서 온 메일 검색해"
3,"안방 화장실의 불을 꺼줘"
3,"찬 바람 쐬면 감기 걸리기 쉬우니 조심해"
3,"예전 그 약속 꼭 지켜주길 바래"
3,"육류보다 채식으로 식생활을 바꿔봐"
3,"식사 약속 장소는 아웃백으로 추가해줘"
3,"유월에 온 메일 모두 스팸처리해줘"
3,"참지 마요"
3,"현빈이라는 이름으로 이메일을 보내줄래"
3,"받은 메일함 열어줘"
3,"일주일 전 메일 다지워줘"
3,"이번주 수요일 오전 여섯시에 새벽기도 일정 추가해줘"
3,"한시간 뒤에 노래 꺼줘"
3,"예의바르게 인사하는 습관을 기르세요"
3,"오늘 춥다니까 옷 두껍게 입고 나와"
3,"음 말해봐"
3,"어제 쿠팡에서 온 광고 메일 삭제해줘"
3,"안방에 선풍기 좀 꺼줘"
3,"쪽지쓰기로 들어가줘"
3,"레포트는 다음주 화요일까지 제출하래"
3,"경영 도서관에 자리 맡아놨어 한 턱 쏴라"
3,"십삼일 일정 십오분전에 알람해줘"
3,"한 달 뒤에 다시 만나기로 약속해요"
3,"모레 오후 다섯시에 시험이라고 일정 추가해"
3,"내일 오전 여섯 시에 알람 맞춰줘"
3,"제휴카드의 할인혜택도 꼼꼼하게 따져보세요"
3,"우리팀보다는 영업팀에 문의하십시요 "
3,"이거랑은 관계없이 끝내"
3,"여름철엔 식중독에 유의한다"
3,"오늘 세시에 친구와 쇼핑가기 일정 추가해"
3,"지루하다 두 프레임만 잘라요"
3,"다리에 쥐가 나서 전혀 걸을 수 없어 마중 나올래"
3,"일정을 프린트해서 아버지 가져다 드려라"
3,"냉장고 냉동실 모드를 강으로 해주겠니"
3,"내일 오후 두시 자궁암 검사 일정 추가해"
3,"보일러 꺼줘"
3,"다시 한번 직접 확인을 해"
3,"홍대에 만화책 사러 갈 건데 같이 갈래 "
3,"이 메일 삭제해줘"
3,"분산 예치도 한 번 생각해 봐"
3,"티비 좀 켜주겠니"
3,"중요한 일정마다 메일보내줄래"
3,"유월 팔일에 과제 제출 일정 추가해줘"
3,"남해 고속도로의 교통흐름을 보여주렴"
3,"안마 의자 뒤로 끝까지 눕혀 주겠니"
3,"안전 벨트 메라"
3,"그래서 이번엔 주차장에 차대지 말고한번 돌아 보자"
3,"내게 쓴 메일함에 다섯시 오래된 메일 지워주겠니"
3,"가까운 거리 가더라도 안전벨트 꼭 메"
3,"보일러 좀 꺼줘"
3,"내일 새벽 여섯시 되면 방에 불 자동으로 켜지게 해줄래"
3,"볼륨을 낮춰줘"
3,"학교에서 온 메일 모두 지워줘"
3,"웬만하면 약 먹지 말고 버텨 봐"
3,"안방 온도 좀 낮춰줘"
3,"더 마셔"
3,"스팸 메일함에서 오래된 순서대로 백 개만 지워줄 수 있니"
3,"한 시간 뒤에 거실 불 꺼줘"
3,"베란다 불 좀 꺼봐"
3,"이번 주 일정 중 회식일정을 추가해"
3,"소외된 주식은 거들떠보지도 않는 게 좋아"
3,"티비 켜줘"
3,"에어컨 온도를 이십도로 낮춰줘"
3,"다음주 화요일에 치과 예약이라고 일정 저장해줘"
3,"저번주 일정 모두 삭제해줘"
3,"이번 여름에 경포대 에가신다면 꼭 불타는 조개 횟집 방문해 보세요"
3,"스파게티 공짜 쿠폰 있는데 먹으러 가자"
3,"다음주 금토 일정을 다음주 토일으로 바꿔줘"
3,"전기담요 전원을 이번으로 조절해 줄 수 있니"
3,"거실에 잔잔한 음악좀 틀어줘"
3,"거실 온도 이십도로 맞춰줘"
3,"날씨가 추우니까 보일러 온도를 이십 도로 유지해주련"
3,"클릭 안하신 분들은한번만 더 부탁 드릴께요"
3,"현관문 안전 잠금으로 바꿔줘"
3,"이마트 할인 정보 메일을 프린터를 부탁해도 될까"
3,"내가 필기를 보여 줄 테니까 소주 쏴라"
3,"왜 그렇게 짜증스러 너 낮에 일로 아직도 화났냐 별것도 아닌 거 가지고 얌마 고만 화 풀어 "
3,"매일아침열시 한의원에서 침맞는 일정 추가해라"
3,"다음 달 휴가 일정을 부산으로 추가할 수 있니"
3,"회사 계정이랑 동기화해줄 수 있니 "
3,"커피 두 잔을 만들어주련"
3,"우리 오늘 교외로 드라이브나 가자"
3,"화장실에 찬송가 틀어줘"
3,"대회 참가비는 모두 총무에게 내어 주세요"
3,"답신 온 메일들 중요 설정 좀 해줄래"
3,"불을 어둡게 해줘"
3,"일월달에 온 메일 좀 검색해"
3,"저기 뜨거운 물을 들어서 이리 가지고와"
3,"제습기능 켜줘"
3,"회사에서 온 메일 열어주겠니"
3,"집에 켜져 있는 불을 다 꺼줘"
3,"스팸메일함 다 비워줄래"
3,"밥 먹을 장소는 지에스이십오로 입력해줘"
3,"미세 먼지에 맞게 자동으로 공기 청정기 켜줘"
3,"안방 화장실에 불좀 꺼줘"
3,"오늘 다섯시 약속 일곱시로 바꿔줘"
3,"담주에 동기 모임 한시간 미뤄줄 수 있니"
3,"경품 행사를 의뢰할까 하는데요"
3,"휴지통에 있는 메일 복구해줄 수 있니"
3,"스팸메일함에 있는 메일 전부 삭제해줘"
3,"티비 소리 좀 줄여봐"
3,"내일 친구랑 약속 취소해줘"
3,"조명 로맨틱 무드로 바꿔줘"
3,"테니스 경기에 관련된 기사 찾아"
3,"화장실 불 좀 밝게 해줄래"
3,"이틀 전에 온 메일 검색해줘"
3,"요새 인터넷 쇼핑몰 사업이 뜬다던데 나랑 한 번 해볼래"
3,"우측 스피커 볼륨을 줄여줄래"
3,"에스엔에스에서 온 메일들 따로 분류해둬"
3,"에어컨 제습 기능으로 틀어줄래"
3,"조명 취침 모드로 바꿔줄 수 있니"
3,"제습모드로 한 시간만 틀어줄래"
3,"멀티탭 전원 꺼줄 수 있니"
3,"거 조용히들 하세요"
3,"내일 오후 두시에 약속 잡아줘"
3,"화장실 불을 꺼줄수있니"
3,"내일 스케줄 보여줘"
3,"책보다는 증권사와 팍스넷 같은 사이트에서 공부해 봐"
3,"집 난방 좀 켜줄 수 있어"
3,"현관문좀 열어줄래"
3,"어제부터 시작된 품평회에 참석율이 저조합니다 참석바랍니다"
3,"머리 아프다고 자꾸 약 먹으면 안돼요"
3,"부엌 불을 꺼줘"
3,"집 안에 불 다 꺼줄 수 있니"
3,"우리 시험 끝나고 놀러 가자"
3,"본 이벤트 게시판 에 덧글 로 블로그 주소를 남겨 주세요"
3,"일은 건드리지 마요"
3,"시험도 끝났으니 컴퓨터 게임이나 하러 가자"
3,"슬립 타이머 삼십 분으로 정해"
3,"한번에 많은 이익을 남기려고 욕심 부리지 말아"
3,"자신의 생각을 마음껏 표현해 보세요"
3,"내일 오는 메일 도착하자마자 알려줄 수 있니"
3,"방범용 씨씨티비 보여줘"
3,"안방 보일러 삼십분만 켜줘"
3,"내일 아침에 공항에서 미팅 있다고 일정 추가해줘"
3,"안방 선풍기 취침모드로"
3,"이층에 불 다꺼줘"
3,"학교 앞 횡단보도에서는 일단정지를 해야 합니다"
3,"집 안 습도가 사십퍼센트가 되면 제습기를 틀어줘"
3,"핸드폰 진동 모드로 해줘"
3,"임시 보관함에 있는 메일을 모두 삭제해줘"
3,"믿어 줘 정말이야"
3,"중요표시 메일 중 가장 최근메일 읽어줘"
3,"냉장고 온도 좀 높여줘"
3,"티비 볼륨 좀 키줘줄 수 있니"
3,"받은 편지함 중 지난주 받은 편지 확인해줘"
3,"티브이 채널 이십오번으로 바꿔줄 수 있니"
3,"오늘 재무일팀 팀회의 네시 입력해줘"
3,"월수금 일정을 전부 비워줘"
3,"메일함에 있는 이예진 꺼 다 지워줄 수 있니"
3,"고객 서비스에도 신경 쓰세요"
3,"오늘 내가 보낸 메일 검색해줘"
3,"오디오와 휴대전화 블루투스 연결할 수 있니"
3,"지금으로부터 한시간 뒤에 환풍기 좀 꺼줄래"
3,"인터폰 벨소리로 바꿔줘"
3,"아디다스에서 츄리닝 사자 세일한대"
3,"다섯시되면 작은 방 불 켜주겠니"
3,"매일 오후 아홉시에 일기쓰기 일정 추가해줘"
3,"오늘 경기 있다는데 응원하러 가자"
3,"초희방에 가서 컴퓨터 부팅시켜 주겠니"
3,"내게 쓴 메일만 검색해 줄 수 있니"
3,"화장실 불 꺼줘"
3,"아 파일을 내게 쓰기로 첨부해"
3,"육개월 이내 메일 모두 저장해줘"
3,"나한테만 온 메일 라벨 붙혀줄 수 있니 "
3,"밥이 보약이야 끼니 거르지 말거라"
3,"안읽은 메일 좀 보여줘"
3,"부엌 무드등만 남기고 다 꺼줘"
3,"저번주 목요일에 온 메일 좀 검색해"
3,"안방에 조명 좀 켜라"
3,"다음 달 매주 토요일에 동아리 회의 일정 추가해줘"
3,"오늘 점심 일정 취소해"
3,"현관문 좀 열어 다오"
3,"에어컨 희망온도 십팔도로 해줘"
3,"내년 여름 휴가 때 동창회 일정 추가해"
3,"매일 오전 여섯시 삼십분에 알람 맞춰줄래"
3,"내일 회계팀 회식이 있으니 팀원들의 많은 참여 바랍니다"
3,"에어컨 풍향을 바꿔 주겠니"
3,"오늘 세시에 미팅일정 추가해줄수 있니"
3,"안방에 조명 한 단계만 낮춰줘"
3,"안방에 불 켜줄수있니"
3,"공부 계획을 구체적으로 세워 봐"
3,"탈진 점화 정화 회복중에서 하나 택해서들어 주세요"
3,"스팀다리미 중간으로 켜줘"
3,"다음달 팔일에 수영장 일정 추가해줄수있니"
3,"최근 오일간 도서관에서 온 메일 모두 확인해"
3,"보고서 완료일을 모레로 설정해줘"
3,"거실 에어컨 온도 높여라"
3,"예약문의 메일 검색해"
3,"선풍기 켜줘"
3,"에어컨 두시간뒤에 종료 예약해줘"
3,"만날 장소는 스타필드로 입력해줘"
3,"가스레인지에 불 꺼줄래"
3,"친구에게 온 메일 모두 지워줘"
3,"칠월의 휴가일정을 시작날에서 일주일전에 다시 알려줘"
3,"오후 세시에 티비를 틀어줘"
3,"주식으로 일확천금의 꿈은 갖 지마"
3,"주영이 자게 자장가 틀어줘"
3,"에어컨 한시간 뒤 켜줘"
3,"내 컴퓨터 바이러스 상황을 체크해"
3,"안방 불 더 밝게 할 수 있니"
3,"안방에 분위기 좀 잡아줘"
3,"텔레비전 좀 꺼줄 수 있니"
3,"내일 가족모임 취소하고 친구랑 약속으로 적어놔줘"
3,"두시간 뒤에 모든 불 꺼줘"
3,"처음 보는 분들도 많을 텐데 언제 또 어떤 식으로 부딪힐지 모르니까 간단하게 인사하도록"
3,"한시간뒤 경찰서가기 일정추가 하도록해"
3,"선배 작품에 프로듀서 계속 하고 싶어"
3,"티비꺼줘"
3,"구글메일 수신함에 있는 회사메일 네이버 메일로 옮겨라"
3,"외국어 정규강좌 개강 안내 메일을 별표한편지함에 넣어줘"
3,"그리고 가볍게 복용하던 감기약 이나 소화제 수면제등을 끊습니다"
3,"집에 불 다 꺼줄 수 있니"
3,"선급 비용에 대해서 회계 처리해"
3,"집에 가자마자 샤워하고 푹 자도록 해"
3,"거실에 보일러 좀 켜줘"
3,"우유에다가 과일을 넣어서 한 번 먹어 봐"
3,"사주는 거 입을 나이에 의견은"
3,"화장실 환풍기를 꺼"
3,"엄마한테 온 메일 아빠한테 전달해줘"
3,"소개팅 시간은 오후 여섯시로 해"
3,"내일 아버님 퇴원하실 때 형님도 오시는 게 좋겠어요"
3,"알수없는 사이트 주소 포함된 메일 스팸으로 분류해줘"
3,"차고 문 열어줄래"
3,"반신욕도 체력소모가 많으니 하고 나서 쉬어줘"
3,"커튼 좀 걷어 줄래"
3,"케이티에서 온 이메일 전부 검색해줘"
3,"아기 예방주사는 시기 맞춰서 접종하세요"
3,"난방 켜줄 수 있니"
3,"마사지 기계의 전원을 꺼줘"
3,"티비 꺼줘"
3,"예산범위 내에서 해결되는 전셋집을 얻는 게 더 나을 거 같아"
3,"부엌으로 이동"
3,"잠깐 뵙고 싶은데 지금 안 될까요 "
3,"에어컨 온도 삼도 낮춰줘"
3,"임시보관함 메일 읽어줘"
3,"이번 달 홀수 날마다 오후 아홉시 일정에 운동 추가해줄 수 있니"
3,"성적에 이의 있으면 일주일 내로 질문하세요"
3,"이번주 미팅이 있는날 일어나는 알람을 오전 일곱시로 설정해줘"
3,"엘리베이터 좀 잡아줘"
3,"임시보관함에 있는 메일을 전부 지워라"
3,"지금 읽은 이메일을 동창그룹에게 전달해줘"
3,"너 저기 좀 가"
3,"수요일 일정과 화요일 일정을 바꿔줘"
3,"거실에 불 세시간 있다가 다시 켜줘"
3,"지금 현관 조명만 남기고 다 꺼줘"
3,"내 방 현재 화면 좀 보여라"
3,"대만 여행 시작일 종료일 하루씩 미뤄줘"
3,"몇 시쯤에 만날 거야 네 편한 대로 정해"
3,"월요일 오후 한시에 남자친구와 데이트 일정 취소해줘"
3,"선풍기 미풍으로 틀어"
3,"방 선풍기 꺼줘"
3,"가지 마요"
3,"말하기 싫으면 말하지마"
3,"확실한 종목 놓치지 마"
3,"스탠드 밝기 좀 높혀줄 수 있나"
3,"학교 빠지지마"
3,"이틀 전에 온 메일 좀 검색해줄 수 있니"
3,"월드컵 경기 시작시간에 맞춰서 티비 켜줄래"
3,"귀찮아도 좀만 참으면 되"
3,"해외에서 온 메일 답변좀 해줘"
3,"일층 캠 작동시켜줘"
3,"물리 숙제 답 맞춰보자"
3,"세탁기 삼십분 뒤에 탈수모드로 변경해줘"
3,"아침 일곱시가 되면 거실 불 켜줘"
3,"스마트 이불 시원하게 해줄수 있니"
3,"장소랑 상황을 말하세요"
3,"회원 접수 마감일이니 서두르십시오"
3,"거실 커텐좀 걷어줄 수 있니"
3,"살도 뺄 겸 좀 걸어라"
3,"보일러 꺼줘"
3,"이번주 목요일 국어 발표 일정 추가해"
3,"에어컨 좀 세게 틀어봐"
3,"송년회 메일 검색해"
3,"영화 볼 극장은 메가박스로 입력해줘"
3,"선풍이 약풍으로 켜줄 수 있니"
3,"구백십팔 동 앞에서 다섯 시에 보자"
3,"되도록 유기농 녹즙을 먹도록 해"
3,"침실 불 좀 꺼줘"
3,"침실방 조명 취침모드로 변경해줘"
3,"오늘 저녁에 있는 동문회 꼭 올 거지"
3,"한국의 기차 여행을 예약해"
3,"받은 메일함에서 제목에 성적이 들어가는 메일을 검색해줘"
3,"내일 오후세시반 미용실예약 취소해라"
3,"청소기 멈춰줄래"
3,"가스가 누출되면 알려주렴"
3,"부장님과 대표님 참조에 넣어줘"
3,"쥐메일에서 온 메일만 분류해 줘 "
3,"그럼 너는 그거 봐"
3,"다음 주 화요일 아침 여덟시에 공항 가기 입력해"
3,"세면대 물 좀 꺼줘"
3,"어느 은행이든 비슷하지만 더 저렴한 은행으로 옮겨"
3,"허 이거 봐라 눈 안 깔어 "
3,"읽은 메일을 모두 지워"
3,"베란다에 불 켜줘"
3,"거실에 조명 좀 제일 밝게 해 줄 수 있니"
3,"홈 카메라 화면 티비에 띄워줄래"
3,"나 조기축구회 들어갈까 하는데 너도 같이 하자"
3,"이번 봉급 타면 한 턱 쏘실래요 "
3,"모든 메일 읽음 표시해줘"
3,"창문 열어서 환기 시켜줘"
3,"거실 티비 절전 모드로 설정해줘"
3,"백화점에서 온 이메일 주소들은 다 스팸처리해줄래"
3,"거실 불을 밝게 해줘"
3,"화요일 점심 약속 잡아주고 수요일 점심 약속은 취소해줘"
3,"회사에서 온 메일 수신 거부 할 수 있니"
3,"내일 저녁에 부모님이랑 약속 잡아줘"
3,"스팸편지함을 비워줘"
3,"운동하고 나서는 꼭 샤워 하고 자고"
3,"인상 쓰지 말고 기지개 활짝 펴고 웃어봐요"
3,"단체메일 확인해 줄수 있니"
3,"에어컨 제습 기능을 켜줘"
3,"메일 바탕화면 노란색으로 꾸며줘"
3,"보낸 메일함에 수신되지 않은 메일 확인해줘"
3,"방에 불 좀 꺼줘"
3,"거실 난방 꺼줘"
3,"오늘 저녁 가족 외식 약속한 날이다 늦지 말아"
3,"화장실 불 좀 켜줘라"
3,"지난주에 받은 메일 확인해줘"
3,"십월 달에 갭에서 온 이메일을 모두 찾아줄수있니"
3,"시험 예상 문제 같이 뽑아볼까"
3,"집 안 불을 모두 꺼줄 수 있겠니"
3,"어제 들었던 노래 틀어줘"
3,"위에서 세번째 이메일 지워줘"
3,"임시 보관함에 있는 메일 내일 오후 세시에 보내줘"
3,"외부 메일함에 들어가줘"
3,"임시 보관함에 있는 메일 전부 지워줘"
3,"이번 한 달동안 모든 메일 알람을 꺼 줘"
3,"새 폴더 하나 만들어줄래"
3,"화요일 오전 일정을 수요일에도 입력해줘"
3,"목요일에 영화 보기는 취소해줘"
3,"어릴 적에 묻어 놓은 타임캡슐 파 보러 가자"
3,"잠원역 육번 출구에서 전화하면 내가 나갈게"
3,"내 주소록에 있는 사람들이 보내지않은 이메일은 모두 삭제해줘"
3,"전체 메일함을 비워주겠니"
3,"고양이 어딨는지 좀 찾아라"
3,"안 읽은 메일 읽음 처리 해줘"
3,"학교에서 온 메일 중에서 성적이 들어가는 메일을 검색해줘"
3,"오븐 꺼지면 알려줄래"
3,"거실에 스피커 켜줄래"
3,"공기 청정기 켜줘"
3,"내일 친구들 만나는거 어때요"
3,"내일 우리 유치원 학습발표회야 올 거지 "
3,"영화표가 당첨되었는데 같이 보러 갈 수 있어 "
3,"중요한 메일 빼고 모두 삭제해줘"
3,"경운대학교 메일 확인해"
3,"내일 저녁 회식 일정을 취소해줘"
3,"두꺼비집의 차단기를 모두 내려줄래"
3,"휴지통 좀 비워줄 수 있겠니"
3,"확인하지 않은 메일들 모두 지워줘"
3,"이번주 축구모임 장소 변경해줘"
3,"이번주 일요일 저녁 화상 미팅 일정을 취소해줘"
3,"스탠드 밝기좀 줄여줘"
3,"가족휴가 일정 종료는 다음달 두번째주 금요일로 해줘"
3,"매월 일일 신용카드 결제 대금일 입력해줘"
3,"현관문 조명 켜줄래"
3,"같은 주소로 확인했습니다라고 보내"
3,"내일 일정이 어떻게 돼요 약속 없으시면 저랑 만나요"
3,"메일 쓰기에 들어가줘"
3,"교수님께 저번주에 온 메일 모아줘"
3,"오늘 운동장 스무 바퀴만 뛰고 가자"
3,"로봇청소기로 거실 청소해"
3,"지금 쓴 메일 글자를 더 크게 해 줄래"
3,"내일 보낼 메일 검색해줘"
3,"메일함 초기화 해줘"
3,"여권 부탁드립니다"
3,"서운한 일은 그때그때 이야기 하기로 해"
3,"티비 좀 켜 볼래"
3,"욕조대의 클리닝 기능을 작동시켜줄래"
3,"일렉기타에 연결되어 있는 앰프의 전원을 켜줘"
3,"상사에게 편지를 전달해 주겠니"
3,"식당 위 불 밝기 낮춰줘"
3,"구글 캘린더 좀 켜줘"
3,"라벨 목록 중 페이스북에서 온 모든 이메일을 완전삭제 해 줄래"
3,"같이 가지 않을래 "
3,"내일 오후 세시 시험을 모레로 바꿔줘"
3,"야 나 지금 이거 열거거든 너 좀 가 어"
3,"티비 소리 좀 줄여줄 수 있어"
3,"영화 끝나면 저에게 전화 주세요"
3,"거실에 에어컨 이십오도될 때까지만 켜줄 수 있니"
3,"집 안 불 다 꺼줘"
3,"시험 볼 때 커닝 안 하기로 약속 양심에 맡긴다"
3,"이벤트 방법 본 글을 본인의 블로그에 전체 공개로 스크랩 해 주세요"
3,"월요일에 청하 콘서트 라고 일정에 추가해 줄 수 있니"
3,"인쇄해서 제출 해 줄 수 있어"
3,"잠실 롯데 월드 가자"
3,"제목이 가입확인 이라고 되어있는 이메일을 모두 찾아줘"
3,"얌마 내 말 안들려"
3,"연휴 동안 맛있는 음식 많이 먹고 오렴"
3,"베란다 불 켜 줘"
3,"스팸메일통을 비워줘"
3,"무선 청소기 충전 해줄 수 있니"
3,"보일러 좀 난방모드로 바꿔줄래"
3,"다음달 둘째 주 토요일에 동아리 대회 일정 추가해줘"
3,"진공 로봇 청소기를 작동시켜줘"
3,"차 마시고 가 촬영도 없잖아"
3,"오해 하지마"
3,"감원은 언제나 위에서부터 아래로 시작하라 그래야 노조의 반발을 잠재울 수 있다 "
3,"밤 열한시 이후에 컴퓨터 자동으로 꺼줄래"
3,"용건 말씀하십시오"
3,"이 이메일을 씨씨해서 과장님께도 보내줄 수 있니"
3,"보일러 틀어줘"
3,"전화 다 꺼줘"
3,"냉장고 급속 냉동 모드 설정 가능하니"
3,"내일 저녁약속 취소해"
3,"티비 새벽 세시마다 꺼줘"
3,"작은방에 조명 좀 꺼줘"
3,"스피커 좀 꺼줘"
3,"너 나와 "
3,"보기 싫으면 보지 말자"
3,"어제 임시보관된 메일들 삭제해줘"
3,"오빠 피곤하겠다 얼른 자"
3,"메일 일주일전꺼 다 지워줘"
3,"안방 에어컨좀 켜줄수 있니"
3,"에어컨이랑 선풍기 꺼줘"
3,"나 일광욕 하러 왔거든 방해하지 말았음 좋겠어"
3,"오늘 네시에 탁구모임 가기 일정 추가해"
3,"이제 안방 불 좀 꺼줘"
3,"밥솥 한시간 뒤에 꺼줄 수 있니"
3,"화장실 불 좀 밝게 해줘"
3,"세탁기 돌려줄 수 있니 "
3,"가장 최근에 온 편지를 중요 편지함으로 옮겨줘"
3,"무드등 켜줘"
3,"이모부한테 생신축하드린다고 보내줘"
3,"스팸메시지 일반메일함으로 전환해줘"
3,"내일 여행일정 취소 해줘"
3,"워낙 씬이 잘 나와서 필요 없어요 이쁘시잖아요 피팅룸으로 이동합니다 "
3,"까쓰오븐 이백 오십 도로 십 분 간 세팅해주렴"
3,"다음주에 있는 아르바이트 일정 전부 삭제해줘"
3,"다음주 수요일에 모임 취소해줘"
3,"오늘 오후 일정 취소해줘"
3,"야유회에 개인 돗자리를 꼭 가져오세요"
3,"다음주에 수요일 두시 김대리에게 메일 예약해줘"
3,"소독 안 하면 병균 들어가"
3,"홈시어터의 시디 이 번의 영화를 틀어다오"
3,"도움말 검색을 할 수 있니"
3,"이 분 다들 조심해요"
3,"메일 알람 꺼줄래"
3,"보낸메일함에 카카오톡이라는 단어의 메일을 다 검색해줘"
3,"날씨 좋은데 동물원 가자"
3,"자주쓰는 주소록을 클릭해줘"
3,"부엌 불 꺼줄 수 있니"
3,"유월 십오일부터 팔월 삼십일일까지 이학기 복학 신청이라고 일정 추가해"
3,"성적 발표되는날 내일 오후 세시로 변경해줘"
3,"뒤쳐지지 않으려면 외국어는 매일 공부해야 해"
3,"내일 태풍 온다니까 집에 꼼짝 말고 있어"
3,"오디오와 휴대전화 블루투스 연결 시작해"
3,"실기실 앞에서 보자 나 거기 옆 건물에서 수업이거든"
3,"새로운 메일을 작성해줘"
3,"내용에 세미나라는 단어 들어간 메일 전부 검색해줘"
3,"핸드폰 진동 모드로 해줄 수 있니"
3,"온수 보일러를 꺼줘"
3,"거실 스피커 소리좀 줄여줄수있어"
3,"이번주 월요일 마사지 약속 잡아줘"
3,"여섯시가 되면 알려줄래"
3,"지금 작성하고 있는 메일을 내일 오전 열시로 발송예약해줘"
3,"나 열쇠 빠뜨렸어 문 앞에서 기다려"
3,"선풍기 꺼줄래"
3,"밥솥 한시간동안 보온모드로 해줄래"
3,"전기스토브에서 가장 작은 스토브를 켜줘"
3,"에어컨 온도 좀 내려 줄 수 있니"
3,"오븐 삼십분 맞춰줘"
3,"길 많이 막히니까 퀵서비스로 보내"
3,"임시저장된 메일 확인해줘"
3,"첨부파일 있는 메일 모두 지워줘"
3,"열심히 해"
3,"창고에 불 좀 꺼줘"
3,"모든 방에 커튼을 걷어줘"
3,"벚꽃 피면 내 차 타고 여행가자"
3,"다음 주말에 강릉이나 다녀오자"
3,"오븐 예열해줘"
3,"현관문 이중 잠금모드 설정해줄 수 있니"
3,"자동차 충전해 줄래"
3,"스팸 메일함에 있는 편지를 비워줘"
3,"야구 방송 켜줘"
3,"그거 서너 장 뽑아서 눈 빼고 얼굴 가리시구"
3,"고객 서비스에도 신경 쓰세요"
3,"점심 시간 비워 뒀으니까 그때봐"
3,"티비 채널을 삼십으로 변경해줄래"
3,"두 시간 후부터 난방을 시작해주겠니"
3,"해운대 근처 육 인 콘도 예약"
3,"화장실 환풍기 좀 꺼줄 수 있니"
3,"집 밖의 온도와 내부 온도가 오 도 이상 차이 나지 않게 계속 조절해"
3,"내일 아침 여섯시로 알람 맞춰줘"
3,"인사는 예절입니다 마음을 담아하세요"
3,"국민은행에서 받은 메일 중요표시해줘"
3,"오늘부터 업무시간 중에 인터넷 웹 서핑 삼가 하도록 합니다"
3,"삼일전에 온 메일 삭제해줘"
3,"금요일 저녁 아홉시 심야기도회에 참석 바랍니다"
3,"에어컨 두시간 뒤에 꺼지도록 예약해줘"
3,"내일 회의 장소 삼 회의실로 바꿔줘"
3,"엘리베이터 내려감 버튼 눌러줘"
3,"내일 기상시간을 오전 여섯시로해줘"
3,"다음달 팔일에 수영장 일정 추가해줘"
3,"휴지통 메일 중 교수님께 온 메일 복구해줘"
3,"베이비 홈 봄맞이 무료 체험 이벤트 봄 나들이 절충형 유모차 이모션 으로 센스 있게 준비 하자"
3,"뛰어 뛰어 뛰어"
3,"모레 오후 세시에 드라이브 가기 등록해줘"
3,"죄송하지만 다음에 만나면 안 될까요"
3,"보일러 꺼줄 수 있니"
3,"다음 주 토요일 오후 여섯 시에 고등학교 동창모임 저장해줘"
3,"칠월 이십삼일부터 팔월 이일까지 보충학습 일정 추가해"
3,"사흘 뒤에 여권 발급받으러가라고 알려줘"
3,"보일러 온도를 높여줘"
3,"오늘 세 시에 미용실 예약 입력해줘"
3,"투니버스 틀어줘"
3,"오늘 오전 열한시에 학교에서 온 이메일 찾아줘"
3,"선풍기 바람 세게 해주겠니"
3,"내일 저녁 약속 취소했음 좋겠는데"
3,"스팸메일함 모두 비워줄래"
3,"지금부터 한시간 뒤에 티비 꺼주지 않을래"
3,"주말에 나랑 교보문고에 책 보러 가자"
3,"소이 방에 십 분 뒤에 알람 세 번 울려"
3,"다음주 일요일에 대구 가기 일정 추가해줘"
3,"지운 편지들 받은편지함으로 모두 복구시켜줘"
3,"카페인 섭취를 너무 많이 하지 마"
3,"세탁기 청소 모드 해줄 수 있니"
3,"받은 메일함의 메일 좀 다 지워주겠니"
3,"여행자 보험 신청해"
3,"너 이리로 좀 와라"
3,"그냥 외화 전용 통장이나 외국은행에서 만들어"
3,"블루투스 스피커랑 내 핸드폰 페어링 해줄래"
3,"내일 아침 일찍 인쇄소에 들려줬음 하더라 "
3,"맞선 그래도 안 볼꺼냐"
3,"매달 마지막 토요일에 정기회의 추가해"
3,"공부 잘하기 전에 사람이 먼저 되라"
3,"에어컨 희망온도 이십사도로 해줘"
3,"에어컨 바람 방향 고정시켜주겠니"
3,"오늘 저녁일정들 내일 저녁 일정으로 미뤄줄래"
3,"아침 일곱시에 안방 불 좀 켜줄 수 있겠니"
3,"티비 밝기 낮춰 줘"
3,"방금 온 메일에 답장해줘"
3,"수화물 표를 보여주실래요"
3,"받은편지함 중 회사에서 온 메일 삭제해줄수있니"
3,"오늘 보낸메일함 검색해주겠니"
3,"창문 한번 열어봐요 지금 눈와요"
3,"모든 불 소등 해줄 수 있니"
3,"다음달 이일 엄마 환갑잔치 일정 추가해"
3,"내게 보낸 메일함을 열어줘"
3,"다음주 퍼스널 트레이닝 수업을 모두 취소해줘"
3,"티비 음량 키워줘"
3,"한달 전에 온 메일 좀 검색해"
3,"바이어와 미팅 약속 때문에 술자린 다음으로 미루자"
3,"복도에 클래식 음악틀어라"
3,"아기방에 온도좀 이십육도로 맞춰줄래"
3,"외국인 투자자의 매매 동향으로 시장의 줄기를 잡아라"
3,"뉴에이지 음악 틀어줘"
3,"내일 오후 여섯시에 소개팅 일정 추가해줘"
3,"텔레비전 한시간 뒤 꺼줄수 있니"
3,"경비실에 우리집 상황을 알려라"
3,"스팸메일 삭제해줄수 있니"
3,"오늘 온 메일 좀 검색해"
3,"나만 믿어"
3,"현관 움직임 센서 비활성화 시켜줘"
3,"광고 메일들이 있는 페이지로 갈 수 있니"
3,"금요일 저녁 치과 예약 적어줄래"
3,"내가 아는 한의원 원장님 침 잘 놓는데 같이 가자"
3,"카페메일함을 비워라"
3,"그람 수 너무 작다 언니 좀 더 넣어"
3,"교수님에게 온 이메일 다 검색해줘"
3,"지금 보고 있는 메일 발신자 스팸발신자로 추가해줘"
3,"오늘 기차표예약을 취소해줘"
3,"어제 온 메일 부장님에게 전달해"
3,"페이스북에서 온 메일들 모두 지워줘"
3,"거실 청소기 좀 돌려줘"
3,"화장실 비데의 수압기능을 하나 올려줘"
3,"메일을 제목 순으로 정렬해줘"
3,"모레 아침 여섯시 기상이라고 저장해"
3,"돌아오는 추석에는 아버지 찾아 뵈러 갈 건데 같이 갈래 "
3,"이번주 목요일에 제주도 가기 일정 추가해줘"
3,"교육과 관련하여 궁금하신 분은 부담 갖지 마시고 연락 주세요"
3,"전화 오면 깨워줘"
3,"내일 오후 여덟시에 헬스장 가기 일정 추가해"
3,"목요일 한 시 일정을 다섯번 반복해줘"
3,"약은 하루에 두 알씩 먹어라"
3,"뭐 특별히 먹고 싶은 거 있으면 말해 오늘 사줄게"
3,"그래봐"
3,"총무에게 연락 하지 않고 빠지신 분은 자진하여 찾아오세요"
3,"열시에 선풍기 꺼주겠니"
3,"가다가 휴게소에서 멈춰"
3,"오늘 오후 두시에 테니스 동호회 일정 추가해줘"
3,"학교에서 온 메일 검색해줘"
3,"손해 안 보려면 그냥 너 넣고 오래 둬"
3,"여덟시에 공연가기로 했는데 일정좀 추가해줘"
3,"오늘 꽃샘추위 대단하대 따뜻이 챙겨 입어"
3,"텔레비전 채널 십일번으로 바꿔줘"
3,"버스 타고 가고 있으니까 정류장에 마중 나와"
3,"집 전화기 벨소리 크게 해라"
3,"방금 온 메일 수신 거부 해줘"
3,"읽은 메일 모두 삭제해"
3,"요즘 이율도 별론데 무슨 적금이야"
3,"금요일까지 드로잉 세장 해오래"
3,"스팸함 비워주겠니"
3,"최근 삼개월 동안 온 메일 목록 검색해줘"
3,"컴퓨터 잘 다루고 싶은데 같이 컴퓨터 학원 다닐까 "
3,"맨 처음 선수생활 시작할 때 마음으로 뛰어볼게요 허락해 주세요 "
3,"밥솥 한시간 뒤에 취사해줄 수 있니"
3,"이번주 회의 내용 동료들로 설정 되있는 사람들한테 전달해줄 수 있니"
3,"이 메일에 중요 표시해"
3,"거실에 불 켜줄래"
3,"오늘 온 메일 모두 읽음으로 처리해줘"
3,"술 한잔 사줄꺼지"
3,"큰 돈을 투자하는 건 위험해"
3,"수요일 오후 다섯시에 시간이 비었으면 여자친구랑 영화보기 적어줄 수 있니"
3,"큰방조명 보라색으로 바꿔라"
3,"스피커 잠깐만 꺼줘"
3,"한 시간 후에 환풍기를 켜 줘"
3,"올해 크리스마스 일정 비워줘"
3,"왼쪽 스피커 볼륨 좀 키워줄래"
3,"인덕션 켜줘"
3,"오늘 꼭 한의원에 가서 침 좀 맞으세요"
3,"로봇청소기 작동시켜줘"
3,"회의 때 필요한 이 서류들 삼십매씩 복사 부탁드려요"
3,"할머니 할아버지방에 있는 사람들을 보여라"
3,"다음주 동아리 모임 취소해줘"
3,"학교 졸업식 날짜 팔월 이십이일에 기록해줘"
3,"집 전등 모두 꺼줄래"
3,"부엌 불 켜 줘"
3,"토요일 오전열시 꽃집가기 일정 추가해"
3,"어젯밤에 회사에서 온 메일을 확인해줘"
3,"장기적인 성장성이 유지되고 있는 종목으로 선택해"
3,"중요메일함에 있는 메일을 모두 비워줘"
3,"당신두 일루 와서 같이 살아요"
3,"냉장고 파워냉동모드로 바꿔줘"
3,"오일 저녁 약속 일정 추가해라"
3,"온수매트의 온도를 가장 낮게 설정해줘"
3,"보일러 삼십이도로 해줘"
3,"방금 온 쪽지로 들어가줘"
3,"맘껏 뛰어 놀게 내버려 둬"
3,"이한테 스케줄 전부 다시 짜라 "
3,"일월에 온 메일 모두 스팸처리해줘"
3,"한시간 뒤에 알람 울려줘"
3,"베란다 조명 밝기 올려줘"
3,"다음주 수요일 영화보기 일정 입력해줘"
3,"에어컨 송풍 기능 틀어줘"
3,"주소록에 있는 사람 모두 지워줘"
3,"빨리 안뛰어"
3,"선풍기 바람 약하게 해줘"
3,"받은편지함에서 발신자가 교수님인 이메일만 검색해줘"
3,"답신으로 네 알겠습니다 라고 보내줄 수 있겠니"
3,"오분뒤에 거실 불 켜주겠니"
3,"받은 편지함에 있는 편지를 전부 지워"
3,"팔 아파 안 받냐"
3,"방문접수 메일 확인해"
3,"오늘 야외 수업하자고 조르자"
3,"논술에 도움이 되는 책 목록을 좀 뽑아 주면 안 돼요"
3,"오전 아홉시에 보일러 틀어 줄 수 있니"
3,"취침모드 꺼 줄래"
3,"만날 장소는 이디야로 입력해줘"
3,"한시간 후에 에어컨을 꺼줘"
3,"선풍기 회전으로 바꿔 줘"
3,"에어컨 바람 아래로 가게 해줘"
3,"오토바이 탈 때엔 옷을 되도록 두껍게 입으세요"
3,"읽은 메일들은 따로 저장해줘"
3,"메일함에 있는 모든 메일을 넥슨 회사로 보내줘"
3,"오늘 온 메일 읽어 줄 수 있니"
3,"작은방 불 꺼줘"
3,"안방 불 좀 꺼줘"
3,"올해 개천절에 여행 일정 추가해"
3,"봄 내음이 완연한데 같이 사진 찍으러 가자"
3,"야 절루 와"
3,"교수님 면담 스케줄에 삽십삼동이라고 장소 추가해줄래"
3,"창쪽 좌석 예약하렴"
3,"만날 장소는 대구백화점으로 입력해줘"
3,"레포트 제출 이번주 목요일까지로 저장해줘"
3,"텔레비전 켜줘"
3,"거실에 있는 에어컨 바람세기 강으로 맞춰줘"
3,"이번 주말엔 나이트 꼭 가기로 약속한 거다"
3,"은행 수수료는 빼고 입금합니다"
3,"날씨 쌀쌀한데 스웨터 하나 걸치고 나와"
3,"내일 저녁 일곱시 예약일정 추가해주겠니"
3,"제목에 광고라는 말이 들어 있으면 삭제 해줄래"
3,"너에게 온 메일 중에 쓸만한 메일들 정리해서 나에게 보내줘"
3,"인터넷에서 최저가 이불 검색해"
3,"오늘 일정에 영화보기 추가해줄수있니"
3,"교수님한테 온 메일 좀 검색해줄 수 있니"
3,"음악 소리 더 크게 해줘"
3,"눈이 피로하면 일양약품을 먹어봐 "
3,"월요일 오후 여덟시에 오빠랑 영화보기 일정 취소해줘"
3,"말씀 편하게 놓으세요"
3,"백오 번 시내버스를 타시고"
3,"집에 불 다 꺼줘"
3,"절전모드 부탁해"
3,"읽음 표시된 메일에서 첨부파일 모두 다운로드 해줘"
3,"데이트하자 "
3,"욕조 따로 안 사도 물 반만 받음 되지않아"
3,"투자할 때는 항상 최악을 생각하고 투자해 덜 손해봐"
3,"동요대회에서 반주자는 필히 동반해야 됩니다"
3,"저번주 월요일부터 일요일까지 온 메일 중 안 읽은 메일 확인해줘"
3,"나랑 내일 백화점에 쇼핑하러 같이 갈래"
3,"메일함에 백업 기능으로 파일을 백업해줘"
3,"여보 당신 먼저 차에 가있어요 나 감독님이랑 얘기 좀 하게"
3,"내일 오후 네시에 랩미팅 일정 취소해줘"
3,"울지마 임마 내가 있는데 왜 우는 거야"
3,"학교 안 광장에 안개가 쫙 깔렸어 술 마시러 나와"
3,"됐어 넌 한강수영장이나 가버려"
3,"곧 비 올 것 같다 일찍 들어와라"
3,"베란다 카메라 보여 줄수 있니"
3,"학생회 회의 있으니 다 모이세요"
3,"반신욕 한번에 오래 하지 마"
3,"음식물을 투입하려면 열림으로 내리면 되요"
3,"보일러 온도 오도 올려줘 "
3,"메일함 모두 읽음 표시 할 수 있니"
3,"한 시간 후에 세탁기 돌려줘"
3,"흐름이 너무 불규칙한 소형주도 관심을 두지 않는 게 좋아"
3,"에어컨 바람 조금만 위로 나오게 해 줄래"
3,"뉴스 메일함에 들어가줘"
3,"월요일 오후 아홉시에 언니랑 술 마시기 일정 삭제해줘"
3,"교수님한테 메일 전달해 줘"
3,"파워 운전 모드로 에어컨 가동해줘"
3,"내일은 꼭 이비인후과 다녀와"
3,"칠월 일일 캐나다출국 일정을 추가해줘"
3,"관심 있는 여러분들의 많은 참여 부탁드립니다"
3,"집에 불 켜져있으면 다 꺼줄래"
3,"저 빨강색 수영복을 사서 동해로 해수욕하러 가자"
3,"일본로 축구 응원 가자 "
3,"모래 바람 많이 분다 집에 가서 꼭 씻고자"
3,"집 전체 환기 좀 해줘"
3,"남아서까지 업무하지 않도록 다들 분발하세요"
3,"해외투자자들이 조금 활발해 질 때 그때 투자해"
3,"보호조치를 해제해줘"
3,"팔월 육일부터 팔월 팔일까지 수강신청 일정 추가주겠니"
3,"내가 저녁시간에 썼던 메일들만 보여줘"
3,"주식으로 돈 좀 벌었다며 근사하게 한턱 쏴라"
3,"내게 보낸 메일함에서 안 읽은 메일을 모두 보여줘"
3,"난방텐트 안의 램프들을 켜줄래"
3,"너무 일에만 묶여있지 말고 여가도 좀 즐겨"
3,"안방에 있는 조명 좀 밝게해"
3,"옆에 차가 지나가도록 니가 먼저 양보해 "
3,"안 되긴 이리 주세요 "
3,"거실 티브이 한시간 뒤부터 육번 채널 녹화해줘"
3,"뷔페 예약하신 분은 자리로 오시기 바랍니다"
3,"조명 밝기를 이로 조절해줄 수 있니"
3,"스팸 메일들 영구 삭제해줘"
3,"회사에서 온 메일 모두 지워줘"
3,"내일 아침 아홉시에 우산 챙기라고 알려줘"
3,"어제 배달 된 커피머신의 전원을 켜줘"
3,"은행 옆에 큰 슈퍼 보이지 거기서 기다리고 있어"
3,"뉴스메일함을 비워 주겠니"
3,"집 청소좀 많이 해줘"
3,"그 수영장은 샤워시설이 너무 좋대 우리도 거기 다니자"
3,"에어컨 절전  모드로 켜줄 수 있니"
3,"최근 받은 메일 백개 말고 다 지워줘"
3,"자료 복사 하는 일 좀 도와줄래 "
3,"자수성가한 사업가의 특강이 있으니까 같이 가자"
3,"보일러 희망온도 이십팔도로 해주겠니"
3,"냉장고 냉동실 온도를 삼도 낮춰줄 수 있니"
3,"저녁 여섯시에 거실 에어컨 켜줄수있니"
3,"말 좀 그렇게 하지 말어 꼬시는 거처럼 "
3,"내일 있을 미팅 시간을 한시간 앞당겨줘"
3,"보일러 목욕좀 켜줘"
3,"감안하시고 보시면 될것 같아요"
3,"여기서 보내는 메일 수신 거부 해줄 수 있니"
3,"서재에 불 좀 꺼주겠니"
3,"씨씨티비 어제꺼 보여줘"
3,"어제 보낸 메일 취소해줘"
3,"발신함 삭제해줘"
3,"내일 정인이 재롱잔치야 늦지 말고 와야 해"
3,"크리스마스 때 영화나 보러 가자"
3,"늦으면 벌금을 물릴 거예요"
3,"국세청에서 온 메일을 확인해줄래"
3,"광고 팀 모델 캐스팅 들어가세요"
3,"어제 온 메일중에서 결제내역 찾아줄 수 있니"
3,"모션 베드 앉아 있기 버전으로 바꿔줘"
3,"내일 밥 좀 같이 먹어주세요"
3,"오분뒤에 현관문을 열어줄 수 있니"
3,"야근 한다면서 내가 야식 좀 사가지고 갈게 회사 앞에서 만나"
3,"한달전에 받은 메일 검색해서 지워줘"
3,"방금 읽은 메일 지워줘"
3,"어제 서점에서 온 메일을 안읽음으로 바꿔줘"
3,"전송 실패된 메일들 발신자들 다시 목록 만들어서 보여줄래"
3,"삼겹살 먹고 이차로 맥주 어때 "
3,"까페 메일함 비워줄래"
3,"다음 달 십오일에 내 생일 표시해줘"
3,"성탄절에 서울가기 일정 추가해주겠니"
3,"내일 저녁 여덟시에 퍼스널트레이닝 일정 넣어줘"
3,"휴지통에 있는 메일 전부 내게쓴메일함으로 복구해줄수 있니"
3,"티비 볼륨 좀 낮춰주겠니"
3,"휴지통 복원해줘"
3,"회사에서 온 메일 확인해줘"
3,"지난달에 온 메일은 모두 지워줘"
3,"추워 무지 추워 치마 입지 마 다리 동상 걸린다"
3,"집 안 온도 이십팔도로 맞춰줘"
3,"임시 저장한 메일을 모두 불러와줘"
3,"화장실 환풍기 틀어줘 "
3,"스포츠 댄스 같이 다니자 응 "
3,"집에 아무도 없을 때 에어컨 꺼줘"
3,"안 내려"
3,"세탁실에 불 좀 꺼주겠니"
3,"작은 방 불 켜줘"
3,"다음 주 강남역 약속을 신사로 바꿔줘"
3,"다음 달 여행 장소에 사이판 추가해줘"
3,"오늘 받은편지함 검색해줄수있니"
3,"초희방 침대 보여주겠니"
3,"모레 고등학교 동창모임 입력해줘"
3,"내일 모의고사 보는 날 이야 평소대로 해"
3,"티비 채널 추천해줄 수 있어"
3,"실장님께서 찾으세요 빨리 오세요"
3,"앞으로 댄스 스포츠로 노년의 건강을 챙기세요"
3,"김치냉장고 온도를 삼도 내릴 수 있니"
3,"평망년회 때문에 몸 버리겠다 세 번 이상은 가지 말자"
3,"내가 정류장으로 마중을 나갈 거니까 버스에 탈 때 문자 보내"
3,"가스벨브를 잠궈줘"
3,"에어컨 좀 꺼줘"
3,"균형 잡힌 몸을 원하시면 스쿼시는 어떨까요 "
3,"열두시에 강아지 밥주는거 잊지마"
3,"배큠의 자동실행기능을 켜줄래"
3,"라디오 딱 두시간만 틀어줄래"
3,"에어컨 켜줘"
3,"제목이 없는 메일은 모두 삭제해줘"
3,"공기청정기를 작동시켜줘"
3,"오늘 환율 좀 가르쳐 주지"
3,"에어컨 바람 더 세게 할 수 있니"
3,"보낸 메일함에 오늘 보낸 메일을 삭제해줄래"
3,"메일함 모두 지워줘"
3,"복날에 삼계탕 먹으러 가자"
3,"두달 전에 온 메일 좀 검색해 주겠니"
3,"내일 오후에 회식 일정 추가해줘"
3,"거실에만 난방 틀어줘 "
3,"인터넷 쇼핑몰 사업을 시작했으니까 들려서 한번 봐주라"
3,"내일 가족 예배 있으니까 일찍 들어와"
3,"한달 전 메일 좀 백업해줘"
3,"지금 티비에 나오는 물건 주문해"
3,"동창이 유급휴가 나왔으니 모두 가서 축하해주자"
3,"차가 별로 안 막혀서 일찍 왔어 너도 될 수 있으면 빨리와라"
3,"보고 싶은 영화 있으면 저랑 같이 보러 가요"
3,"티비 다음 채널로 돌려줄 수 있어"
3,"침대 옆에서 공부하지마 자꾸 눕고 싶어"
3,"오늘 저녁약속 일정을 취소해줘"
3,"청구서들 다 청구서함으로 모아줘"
3,"집에 누가 있는지 영상으로 보여줄 수 있니"
3,"회사 부장님에게 내일까지 완료하겠습니다라고 메일 보내줘"
3,"이번주 토요일 피부과 오전 열시 입력해줘"
3,"내 친구가 너한테 급한 메일 보냈대 답장 해줘"
3,"내일 오전 일곱시에 택시 불러줘"
3,"얼굴이 많이 야위었던데 힘내고 밥도 잘 챙겨먹어"
3,"최부장님에게 이메일을 쓰자"
3,"자신과의 약속을 작은 것부터 실천해 나가 보세요"
3,"오늘 일곱시에 예약 했어 그 시간에 봐"
3,"에어컨 풍량 좀 줄여줄 수 있니"
3,"롯데리아 앞에서 한 시간 뒤에 보자"
3,"올해 말일에 적금해지 일정을 추가해줘"
3,"아이 방 컴퓨터 화면에 영어강의 켜줘"
3,"내일 오후 세시 미팅 오후 네시로 바꿔줘 "
3,"신발장 불 좀 꺼주겠니"
3,"오늘 받은 메일 삭제해줘"
3,"이십분전에온 메일 검색해서 삭제해줄수 있니"
3,"부천 전세 부천 부동산 부천 신축 빌라 전세 아래 사진 구경하세요"
3,"편식을 안 해야 영양소가 골고루 섭취 되지 "
3,"오분 뒤에 큰 방 문 좀 잠궈주겠니"
3,"거실 조명을 어둡게 해줘"
3,"다음 주 월요일에 도서관에 책 반납하는 거 추가해줘"
3,"창고에 십분 동안 에어컨 좀 틀어주겠니"
3,"장소는 건대로 입력해줘"
3,"불꺼진데는 에어컨 꺼줘"
3,"이번주 일요일에 교회 일정 취소해줘"
3,"저번주에 온 메일 전부 복구해줘"
3,"수강신청 일정 빨간 색으로 표시 부탁해"
3,"외워외워"
3,"가스 켜줄 수 있지"
3,"그럽시다"
3,"무슨 소원이든지 들어 주겠다고 약속했습니다"
3,"학교에서 온 메일들 다 검색해줘"
3,"최근 십일동안 온 메일  날짜 빠른순으로 보여줘"
3,"거실 난방 켜줘"
3,"전시회는 따분해서 싫은데 영화 봐요"
3,"책상 위에 네가 말한 서류 올려놨어 가져가"
3,"이름에 로또 들어간 메일 다 삭제해줄래"
3,"모래 위는 뜨거우니까 슬리퍼를 신고 걸어"
3,"다음 세미나 일주일 전에 알림으로 알려줘"
3,"간단히 말해 돈 좀 꿔죠"
3,"회사에서 온 메일 읽어줘"
3,"오늘 종강이래 학교 꼭 와"
3,"예약관련 메일 검색해"
3,"오늘 지운 편지함 검색해주겠니"
3,"허벌 라이프 싼 곳은 절대 있을수 없으니 현혹되지마세요"
3,"오디오 볼륨 좀 낮춰주라"
3,"지난주 화요일 오전에 온 메일 검색해줘"
3,"보일러 온수모드로 설정해줘"
3,"폰뱅킹 계약을 체결하셔야 합니다"
3,"추석에 온 메일은 모두 지워주겠니"
3,"너 주식 한다면서 너무 빠지지는 마라 걱정된다"
3,"내일 오후 여덟시 반에 시지브이에서 남자친구랑 영화보기 추가해"
3,"카페라는 단어가 들어간 메일 영구삭제해줘"
3,"다음 달 중순에 내시경 검사 일정을 입력해줘"
3,"공항가기 일정을 수영장가기로 바꿔줄래"
3,"제습모드로 틀어줘"
3,"회사에서 온 메일을 전달해 주겠니"
3,"이번주 토요일에 부산 가기 일정 추가해줘"
3,"절대 방심하지 말고 외국 투자자의 움직임을 잘 살펴"
3,"베란다의 모든 조명을 저녁여섯시에 켜 줄래"
3,"부엌 환풍기를 꺼"
3,"주식에 투자하려면 뉴스에 귀를 기울여야 돼"
3,"읽지 않는 메일은 모두 지워줘"
3,"준영아 우리 강릉 가자 바다 가자 어"
3,"욕조에 물좀 받아줄래"
3,"내일 경기도 용인에서 열리는 워크샵에 다들 늦지 말아요 "
3,"뭐든 적당히 하는 게 좋은 거야 너무 큰돈으로 시작 하지 마"
3,"방금 온 영화티켓 중요메일에 넣어줘"
3,"평면 티비에서 게임기능을 작동시켜줘"
3,"다음달 두번째 주 일주일간 여행 일정 추가해줘"
3,"창문 옆 좌석을 주셨으면 합니다"
3,"피부온도측정기의 전원을 켜줄래"
3,"가죽소파의 전원을 꺼줘"
3,"퍼지 세탁해"
3,"볼륨 팔십오로 맞춰주겠니"
3,"세탁기 탈수 진행해줘"
3,"에어컨 파워냉방 틀어줘"
3,"스펨 키워드 목록에 게임이라는 단어를 추가할수 있을까"
3,"십이월 사일 바캉스 가자"
3,"벌금을 내지 않으신 분은 다음 주까지 내 주시길 바랍니다"
3,"에어컨 온도를 삼도 낮춰줄 수 있니"
3,"밤 열한시 이후에 티비 자동으로 꺼줄래"
3,"이층 서재방 불 꺼줘"
3,"모든 메일 확인하고 지워줘"
3,"통장은 신분증하고 도장 가져와서 만드세요"
3,"부엌 환기 좀 시켜줄 수 있니 "
3,"휴지통에 회사메일 빼고 삭제해줘"
3,"매달 일일은 데이터들어오는 날 일정 추가해줘"
3,"받은 편지함에서 첨부파일 있는 문서만 검색해 줘"
3,"이번 주에 스피커 사야 하는 거 알려줘"
3,"이 시간 거래량 체크 요망"
3,"엠비오 칠월 오일까지 입력해줘"
3,"스피커 볼륨 백으로 해주겠니"
3,"우장초등학교에서 하차하세요"
3,"오늘 황사가 심하데요 마스크 쓰고 다녀요"
3,"메일함 용량이 얼마 안남았을 때 알림좀 해줄래"
3,"포토샵 배울 건데 너도 같이 하자"
3,"가장 최근 임시보관 메일 내용을 읽어 줄수 있을까"
3,"제습기 꺼줄 수 있니 "
3,"방문 좀 잠궈줄수 있니"
3,"세탁 시작해 줄수 있니"
3,"온수 모드 꺼줘"
3,"차에 초보 운전이라고 써 붙이고 나가"
3,"이번주 금요일 영화보기 일정 추가해줘"
3,"오늘 일정 내일로 미뤄줘"
3,"추운 날에는 손 난로 하나쯤 준비해야지"
3,"페이스북에서 온 메일 확인좀 해줘"
3,"이럴 때는 비누를 칠한 후 마른 걸레로 깨끗이 닦아 주면 됩니다"
3,"삼십 분 후에 보일러를 작동시켜줘"
3,"라디오 좀 켜라"
3,"더블 침대 사전 예약해"
3,"여기 바퀴벌레 너무 많아 해충퇴치회사 상담해볼래"
3,"케이비에스일 티비로 돌려"
3,"밤에 먹는 야식은 속 다 버려"
3,"삼일절에 교외로 드라이브 가자"
3,"이번주 화요일 일곱시에 영화보기 일정 추가해"
3,"앞으로 말조심해요"
3,"화장실에 불 좀 꺼줄 수 있니"
3,"오늘온 메일들 중요표시 해줘"
3,"이번 주 금요일에 워크숍 있으니깐 잊지 마시기 바랍니다"
3,"이번 주 약속 다 취소해"
3,"추석연휴 중에 하루만 근무하실 수 있는 분 신청 바랍니다"
3,"기차표는 예매했어 빨리 하는 게 좋을 걸"
3,"안방 불만 켜줄수 있니"
3,"이번 주 토요일 점심 약속 한 달 후로 연기해줘"
3,"김성식한테 온 이메일 확인해줄래"
3,"제목으로 검색해줘"
3,"어려운 일이 있으면 도움을 요청해"
3,"지난달 보낸편지함 검색해줄수있니"
3,"볕이 좋아 책 읽으러 나가자"
3,"작은 방 불 색깔 바꿔줘"
3,"임시저장함 다 지워줘"
3,"잠시만요"
3,"오디오 전원 켜서 소리 이십삼으로 조절해"
3,"방금 택배 보냈으니까 내일 쯤 갈 거야 받으면 연락해"
3,"여덟시가 되면 알려"
3,"저번주에 온 메일을 모두 지워줘"
3,"내일 오후 여섯시 저녁 약속 취소해줘"
3,"점심 굶고 저녁 회식 뷔페니까 많이 먹어"
3,"안방에 불 좀 꺼주겠니"
3,"스팸메일함 비워줘"
3,"이 물건은 깨지기 쉬우므로 조심이 다뤄주십시오"
3,"방금 온 메일 스팸설정 해줄수 있니"
3,"다음 주 월요일에 고등학교 동창 모임을 추가해줘"
3,"와인 파티에 오셔서 즐거운 시간 가지시길 바랍니다"
3,"십이월 오일까지 납부 마감"
3,"졸업 여행 참가자는 회비를 내일까지 완납 바람"
3,"겨울이 오기 전에 차 정비를 확실히 해"
3,"내일 오후 한시에 점심 일정 추가해줘"
3,"유월에 온 메일 모두 지워줘"
3,"야구장은 잠실 야구장으로 입력해줘"
3,"내일 경기도 용인에서 열리는 워크샵에 다들 늦지 말아요 "
3,"저번에 갔던 호텔에 이번주 금토 예약 메일 보내줘"
3,"이번 달 운영진 회의 모두 취소해"
3,"부장님께 온 메일 모두 중요 편지함으로 옮겨줘"
3,"그 횡단보도 건너 백화점 방향으로 돌아"
3,"거기 가만히 있어라"
3,"광고 메일 수신 거부 해줘"
3,"모레 오후 세시부터 다섯시까지 미팅 잡아줘"
3,"외출 십분 전 가습기 작동 시켜라"
3,"냉동칸 온도 좀 낮춰 줄래"
3,"카드 만기 날짜 십이월 이십일에 메모해줘"
3,"집 안 온도가 이십구도가 되면 에어컨 켜줘"
3,"현금을 전부 수표로 바꿔 둬"
3,"왜 전화 안해"
3,"내일 저녁식사 모임 일정 추가해"
3,"학교라고 메일 키워드에 검색해줘"
3,"날씨가 너무 안 좋아서 약속 취소야"
3,"전저점 가격대의 현재 거래량을 비교해야 돼"
3,"기타 연습하러 가자 매번 빠졌잖아"
3,"잘꺼니까 티브이랑 불 꺼줘"
3,"손님방 제습기 켜 줄래"
3,"작성 중인 메일 열어줘"
3,"냉장고 온도 좀 시원하게 해줄래"
3,"빼먹지 말고 다 챙겨와"
3,"지금 뉴스하면 티비 켜줘"
3,"내일 디즈니랜드 갈건 데 저랑 같이 갈래요"
3,"집 창문 다 열어서 환기해"
3,"이번 시험은 파이팅이야 열심히 하자 "
3,"일요일에 온 메일 엄마에게 전달해줄 수 있니"
3,"식기세척기의 클리닝 기능을 작동시켜줘"
3,"전문투자자들의 조언을 들어 봐"
3,"꼭꼭 씹어 먹어"
3,"십 년 후 이곳에서 타입캡슐 같이 열어보자"
3,"같이 들을래 "
3,"거실에 불 좀 끌래"
3,"야 언제 한번 만나 한 잔 빨자"
3,"로봇 청소기 작동해줘"
3,"혼자 끙끙대지 말고 영업팀과 업무를 나눠서 하세요"
3,"방금 메일 온 사람 차단해줘"
3,"보낸 메일함에 있는 메일들 다 삭제해줘"
3,"그래도 안되면 그래픽카드를 다시 유심히 살펴보라"
3,"커피 머신으로 아메리카노 내려줄 수 있니"
3,"오늘 오후 세시 친구랑 약속 일정 취소한거 다시 설정해줘"
3,"미루자"
3,"다음주 스케쥴 다 취소해줘"
3,"애 챙겨서 시간 맞춰 와"
3,"욕실 불이 꺼졌는지 보여주라"
3,"내일부터 백화점 세일인데 쇼핑하러 가자"
3,"산책 삼아 학교 한바퀴 돌자"
3,"회사로 이메일 좀 보내줘"
3,"드럼의 앰프전원을 켜줘"
3,"냉장고 냉장실 온도 낮춰줘"
3,"토요일 오전 열한시반 세탁소 가기 일정 추가해"
3,"일어났냐 늦지 않게 서둘러"
3,"스팸 메일 자동으로 삭제해줘"
3,"학교 가 있는 동안 외출모드로 전환해줘"
3,"아기 침대 취소해"
3,"피로 회복제도 많이 먹으면 중독 된다 "
3,"스팸 편지함의 이메일을 모두 지워줘"
3,"메일 자동 로그인해 줄래"
3,"에어컨 취침모드로 가동해줄래"
3,"내일은 유원지로 야유회를 갑시다"
3,"오월달에 온 메일 좀 검색해"
3,"내일 폭우 쏟아진다니까 집에 얌전히 있어라"
3,"에어컨 켜줘"
3,"삼월월 삼십일에 일년 이라고 기록해주겠니"
3,"비행기 예약 하렴"
3,"진행요원들은 네 시까지 사무실로 모여 주시기 바랍니다"
3,"그만해 애 죽이겠어"
3,"내일 아침에 있는 운동 한시간 미뤄줄 수 있니"
3,"지운편지함에서 학교에서 온 메일 검색해줘"
3,"팔월에 온 메일 삭제해줘"
3,"기상청 홈페이지에서 주간 예보 꼭 확인해야 해"
3,"저녁 여섯 시까지 밥 되게 잡곡밥 모드로 예약해줘"
3,"버스 타고 가고 있으니까 정류장에 마중 나와"
3,"거실에 조명 좀 꺼라"
3,"안방 전기장판 꺼줘"
3,"밥 먹을 장소는 나드리김밥으로 입력해줘"
3,"와이파이 종료해라"
3,"어루만지면서 잔소릴 해두 하라구"
3,"전기장판 취침모드로 바꿔줘"
3,"첨부파일 메일 다 검색해 줄 수 있니"
3,"있잖아 있잖아 준기씨 여기 거실이야 여기서 이럼 안되거든 우리 욕실 가자 욕실"
3,"그만해"
3,"최근 일주일 간 교수님에게서 온 메일 다 검색해"
3,"그래요 잘 챙겨주십시오"
3,"다음달 이십팔일 동생 졸업식 일정 추가해줘"
3,"임시보관함에 있는 이메일을 지금 보내줘"
3,"내일 일정 오전 말고 오후로 바꿔줘"
3,"등록금 영수증은 잘 챙겨 둬"
3,"귀 시릴 테니 코트모자라도 쓰고 다녀"
3,"욕심부리지 말고 조금이라도 올랐을 때 팔아"
3,"부엌에 환풍기 좀 꺼줘"
3,"네달 전에 온 메일 좀 검색해"
3,"이번주에 친구만나는 일정들은 다 취소해줘"
3,"밤 열두시면 텔레비를 꺼주겠니"
3,"오늘 백화점 세일한대 같이 쇼핑 가자"
3,"영화 시작하기 삽십분전에 알려줄 수 있니"
3,"오늘 받은편지함 검색해줘"
3,"스팸메일을 확인해줘"
3,"내일 저녁 아홉시에 피티 일정 잡아줘"
3,"여자 조심해"
3,"지운 편지함에서 어제 온 메일 복구해줘"
3,"다음주 수요일 저녁 열시 축구경기시청 일정 추가해"
3,"보일러 온도 좀 낮춰줘"
3,"최근 메일 받은 삼십개 말고 다 지워줘"
3,"베란다 밝게해줘"
3,"오늘 열시에 보낼 메일 지금 당장 발신해줘"
3,"소리 줄여주겠니"
3,"다음주에 있는 수현이과외 일정을 모두 취소해줘 "
3,"경부 고속도로에 노면이 결빙된 구간은 어딘지 보여라"
3,"내일 오후 세시 쌍커풀 수술 일정 추가해줘"
3,"오븐 백팔십도로 예열해줬으면 좋겠어"
3,"에어컨 온도 좀 내려줘"
3,"삼일 전에 친구 한테 보낸 메일 다시 보내줄 수 있니"
3,"어제 학교에서 온 이메일 모두 검색해줘"
3,"임시보관함에 있는 이메일을 모두 발신해줘"
3,"에헤 밥 그렇게 먹지 말라니까 궁상스럽게"
3,"방금 읽은 메일 지워주겠니"
3,"교수님한테 온 메일 읽어줘"
3,"효은이 들어가 있어"
3,"파티 분위기를 올려줄 음악을 틀어줘"
3,"지금 티비소리를 뮤트시켜줘"
3,"오늘 밤에 있는 약속 다 취소해"
3,"원격으로 도어록 문을 열어줘"
3,"맛있는 거 먹고 싶지 튀김 맛있는데 아는데 같이 갈래 "
3,"강남근방에선 뛰어나오는 차들을 조심해야 돼"
3,"구월 이십일 교수님한테서 온 이메일 전부 찾아줘"
3,"일이 그렇게 힘들면 집에 가서 향기요법이라도 써봐"
3,"욕실의 히터를 미리 켜 줄 수 있니"
3,"과 사무실에 우편물이 와 있으니 찾아가세요"
3,"모든 메일 다 삭제해줘"
3,"오늘 학교 끝나고 피씨방 가자"
3,"쇼핑몰에서 오는 메일들 다 스팸처리 해줘"
3,"동창회 관련 메일에 대한 알람을 설정해줘"
3,"회사 전직원에게 공지 메일 전송해줘"
3,"월요일 오후 일곱시에 대구 치맥 페스티벌 일정 삭제해"
3,"베란다 불 꺼줘"
3,"이번주 목요일 카페 아르바이트 면접 일정 추가해줘"
3,"거실 커튼빼고 다 쳐줘"
3,"임시보관함 비워줘"
3,"메일 쓰기 기능을 활성화 할수 있을까"
3,"정서적 안정을 위해서 애완 동물을 키워"
3,"오디오를 켜 줘"
3,"스팸 이메일함 삭제해줄래"
3,"매달 이십일 용돈 날이라고 기록해줄래"
3,"공기청정기 꺼줄 수 있겠니"
3,"뉴스 보여줄래"
3,"거실 온도 좀 낮춰줄 수 있니"
3,"나 돼지꿈 꿨다 복권 사줘"
3,"알람 맞춰줄 수 있니"
3,"내일 오전 열시에 회의 일정 추가해"
3,"목요일 여섯시에 야구장 일정 추가해줘"
3,"이번에 새로 받은 사이트 비밀번호 삭제해줘"
3,"경원대 이메일로 지금 이메일을 보내줄래"
3,"내가 삼십일 이상 안읽은 메일들을 지워줘"
3,"최고가로 매입 해 드리니 관심을 가져 조세요"
3,"오늘 이후부터 실험 관련 일정 다 삭제해줘"
3,"팔월에 온 메일 모두 검색해줘"
3,"매월 일일에 온 메일 좀 검색해 "
3,"팔월 마지막 주 휴가 일정 추가해줘"
3,"오늘 과외 있으니까 같이 나가자"
3,"지니뮤직에서 온 메일 전부 삭제해줘"
3,"어떤 말도 하지 말구"
3,"휴지통에 있는 메일 삭제 전에 알림해줘"
3,"제습기 켜주겠니"
3,"한 시간 뒤에 있는 일정 취소해"
3,"몸도 생각해야지"
3,"꽃샘추위 온다니까 옷 두텁게 입어"
3,"이번 내기에서 내가 이겼으니까 밥 쏴"
3,"넘쳐나는 목사 생산에 대한 기사를 찾아라"
3,"가스밸브 좀 잠궈줄래"
3,"집 따듯하게 해줄래"
3,"모든 조명 꺼줘"
3,"일주일 전 메일은 다 지워주겠니"
3,"스팸 편지함 모두 비워줘"
3,"현관 초인종 벨소리를 꺼줄 수 있니"
3,"서울로 무궁화호 두 장 예약해"
3,"거실 환기 해줘"
3,"부엌에 환풍기 좀 꺼줘"
3,"임시보관함에 있는 이메일 모두 삭제해줘"
3,"남길 건 남기고"
3,"눈여겨볼 필요가 있어"
3,"방금화면 녹화 해줄래"
3,"다음주 화요일 저녁에 가족 모임 일정 추가해줘"
3,"내일 여자친구랑 신촌 데이트일정 추가해"
3,"오늘 온 사람들 담은 화면 좀 보여라"
3,"오늘 오후 한시에 은행가기 일정 추가해"
3,"회사에서 온 메일 모두 읽음으로 처리해줘"
3,"재발송된 메일을 모두 별표해줘"
3,"구월달에 온 메일함에 좀 들어가 주겠니"
3,"독감 주사로 미리미리 예방하세요"
3,"같이 가보지 않을래"
3,"이 이메일의 설정으로 다시 돌아갈 수 있니"
3,"초희방 에어컨 이십 사 도로 맞춰주겠니"
3,"화장실 불 꺼줘"
3,"발신자가 엠비씨인 이메일을 모두 삭제해줘"
3,"보일러 외출로 바꿔줘"
3,"내일 특강 시간 오후 세시로 변경해줘"
3,"여름휴가 일정 취소해라"
3,"좌석을 예약하고 싶어요"
3,"십이월달에 온 매일함에 좀 들어가 주겠니"
3,"그래도 한번 치기로 마음 먹었으니 네가 좀 알려주라"
3,"주방에 환풍기능 켜줘"
3,"야유회에 개인 돗자리를 꼭 가져오세요"
3,"언니 이거는 몸에 좋대 벗겨내지 말고 그냥 먹어"
3,"만날 장소는 씨유로 입력해줘"
3,"선풍기 두시간뒤에 꺼지게 해줘"
3,"아침 아홉시에 세콤 경비모드 해제해줘"
3,"임시보관함에 작성 중인 메일 모두 삭제해줘"
3,"광고성 메일 확인하자마자 삭제해 줄 수 있니"
3,"에어컨 두 시간만 틀어줄 수 있어"
3,"에어컨 제습 모드로 바꿔 줄래"
3,"회사에서 온 메일 모두 지울 수 있니"
3,"내가 중요 표시한 메일들만 남기고 모두 삭제해줘"
3,"옷방에 스타일러 꺼줘"
3,"내 눈병은 옮는 거라고 하니까 내 주위로 접근 금지야"
3,"나랑 같이 스쿼시 배우러 다니자"
3,"스팸 편지함에 메일들 다 지워줘"
3,"조명 다 꺼줘"
3,"일본여행 일정 취소해줘"
3,"받은편지함이랑 보낸편지함 모두 비워줘"
3,"오늘 온 메일중 회사와 관련된 메일의 목록을 만들어줘"
3,"경비 시스템 작동 시작해 주겠니"
3,"이번주 토요일에 동호회 모임 일정 추가해줘"
3,"일곱시 되면 노래켜줘"
3,"화장실 환풍기 삼십분 있다가 꺼줄래"
3,"어에컨 제습으로 바꿔줘"
3,"그럼 개강 날 학교에서 보자"
3,"더우니까 보일러 키지 마"
3,"방금 전 채널로"
3,"이번주까지 비행기표 사라고 금요일에 알려줘"
3,"십일번가에서 온 메일 다 삭제해줘"
3,"어제 온 아이엘츠 일정 관련을 중요표시 해줘"
3,"요새 인터넷 쇼핑몰 사업이 뜬다던데 나랑 한 번 해볼래"
3,"억울하믄 악기부터 바꿔"
3,"오늘 저녁 아홉시에 영화 관람 일정 추가해"
3,"시월 오일 한국 입국 추가해줘"
3,"스피커 볼륨 팔십으로 해줘"
3,"선풍기 고정모드로 돌려줘"
3,"골프장 근처 호텔을 취소해"
3,"이십도 이하로 내려가면 히터 들어줘"
3,"업무용 휴대폰을 찾아가시기 바랍니다"
3,"이미 지난 스케줄 다 지워줄 수 있니"
3,"실례가 안 되신다면 약속 취소하시고 저랑 만나면 좋겠어요"
3,"페이스북에서 보내는 메일을 모두 자동으로 스팸메일함에 넣어줘"
3,"오늘 날짜로 받은편지함 모두 검색해주겠니"
3,"아이로비 저기 좀 가"
3,"너랑 유람선 타러 가고 싶은데"
3,"안 읽은 메일을 필터링 해줘"
3,"들려주는 책 계속 읽어 줘"
3,"금요일 오후 열두시 반에 선배와 밥 약속 추가 부탁해"
3,"과제 제출 장소는 서울대학교로 해줘"
3,"만남 시간과 장소는 우리끼리 정하자"
3,"냉장고 급속 냉동 좀 작동해줘"
3,"우리 빠네파스타 먹고 싶을 때 맨날맨날 요기로가자"
3,"산악 자전거 동호회 들자"
3,"저번주 월요일에 온 메일 검색좀 해줘"
3,"요번 토요일에 사육장 청소 부탁 드립니다"
3,"운전할 때 안전띠 매는 거 잊지 마"
3,"항공사에서 온 메일 중요표시 해줄래"
3,"영어 이메일 번역해줘"
3,"너 그 은행에 가서 은행장한테 확실히 물어봐야 해"
3,"방 불 밝기 좀 밝게 높여주겠니"
3,"스피커로 노래좀 틀어줘"
3,"요요현상을 막으려면 꾸준히 운동하는 수밖에"
3,"지난주 보낸편지함 확인 부탁해"
3,"지난달에 읽은 메일 안읽음으로 처리해줘"
3,"구월 구일 학교에서 온 이메일 모두 검색해줘 "
3,"이렇게 바로 김밥 싸듯 둘둘 말아 주시면 되세요"
3,"수신된 메일중 확인안한 메일 확인에 줄수 있니"
3,"거실에 조명 밝기를 올려"
3,"안방에 불 좀 꺼라"
3,"다음주 금요일 영화보기 일정 추가해줘"
3,"청구서 메일은 다 지워줘"
3,"나 비 올지 모르고 우산 안 가져 왔는데 같이 쓰고 가면 안될까 "
3,"너 웃겼던 거 다시 보자"
3,"스탠드 좀 켜주겠니"
3,"교회 음악 크게 틀어줘"
3,"나 이따 나갈 때 네 양산 빌려줘 "
3,"커피 너무 많이 먹지마 해로워"
3,"에어컨 온도 좀 높여줄 수 있니"
3,"에어컨 바람세기를 제일 세게 해줄래"
3,"텔레비전 한시간 뒤에 꺼지게 할 수 있니"
3,"오늘같이 추운 날은 모두 따뜻하게 입고가세요"
3,"삼일 이전 메일 삭제해줘"
3,"차단기 올려줄래 "
3,"세시간 뒤에 부산역에서 만납시다"
3,"보일러 삼십분뒤에 꺼줘"
3,"내일 오후 영화 일정 취소 해 줄 수 있니"
3,"일곱시 되면 불꺼줘"
3,"티비 꺼줄수 있니"
3,"어제 대리님에게 온 메일 복구해줘"
3,"안방불 끄고 지오디 노래 틀어줘"
3,"교수님한테 레포트 제출 기한 좀 늦춰달라고 해봐"
3,"조교님에게 내일 자정에 메일 예약발송해"
3,"내려가 택시 잡고 있을게 "
3,"이 메일은 지워라"
3,"음악 정지해 "
3,"한의원에 가서 침 좀 맞아 봐"
3,"내일 친구랑 밥먹을꺼니깐 밥먹기 일정 추가해줘"
3,"내일 다섯시에 알바 일정 추가해"
3,"내일 오전 아홉시에 담임 면담 일정 추가해"
3,"화장실 환기 해줘"
3,"선풍이 회전으로 돌려줄 수 있니"
3,"차가지고 야외로 놀러 가자"
3,"그동안 거래처에서 온 메일 모두 지워줘"
3,"우리가 힘을 합쳐 꼭 그를 뭉개자"
3,"아유 잘했다 잘했어 우리 아들 다시 한 번 틀어봐"
3,"휴지통에 있는 모든 메일을 내게 쓴 메일함에 넣어줘"
3,"수영장 일정 일박 이일로 수정해줘"
3,"오늘 꽃샘추위 대단하대 따뜻이 챙겨 입어"
3,"아까 온 메일에 답장해줘"
3,"라디오 틀어줄래"
3,"보일러 켜줘"
3,"이번 주 토요일 과외를 일요일로 미루자"
3,"알람 오전 다섯시로 맞춰줘"
3,"고객님의 주유 할인 서비스가 만기 되었으니 확인하세요"
3,"안읽은 메일 중에 가장 최근에 온 메일 읽음으로 표시해줘"
3,"바람 방향을 아래로 내려줘"
3,"일주일 전에 학교에서 온 메일로 들어가줘"
3,"육일전에 온 메일좀 확인해줘"
3,"신갈 분기점 부근을 영상으로 보여주련"
3,"아예 지키지 못할 약속은 입도 뻥긋 하지 말아라"
3,"날씨가 너무 좋으니 공원에 김밥 싸가지고 놀러 가자"
3,"오늘 우리나라 축구 예선전 있어 꼭 봐야해"
3,"안으루 들어오시겠어요"
3,"담주에 가족 모임 한시간 미뤄줘"
3,"그만 먹어"
3,"기말고사 장소는 학교로 입력해"
3,"친구야 연락 좀 하고 살자"
3,"열 시간 후에 밥솥 작동시켜줘"
3,"베란다 조명 색깔 좀 바꿔줘"
3,"오전 알람 다 취소해 "
3,"가스레인지 불을 세단계로 낮춰줘"
3,"이번이 마지막 기회야 꼭 지켜"
3,"부장님께 온 메일 확인해줘"
3,"안방 스탠드 나이트 모드로 해줘"
3,"안읽은 편지함 다 비워줘"
3,"윤진이랑 주고받은 메일 보여줘"
3,"작성중인 메일 중에 최신 내용 읽어줄래"
3,"친구들에게 보낸 메일 확인해줘"
3,"날씨 관련 이메일은 따로 중요 편지함에 보관해줘"
3,"스팸 메일함 비워줄 수 있니"
3,"기도 제목을 함께 공유해 주시기 바랍니다"
3,"집에 켜진 불들 모두 다 꺼줄래"
3,"보일러 좀 틀어줄 수 있니"
3,"그러니 널 잘 키우라고 엄마에게도 얘기해"
3,"보일로 외출로 바꿔줄 수 있어"
3,"연극 볼 극장은 대학로 소극장으로 입력해 "
3,"월요일 오후 두시에 대학로에서 연극보기 일정 등록해줘"
3,"막 여행 가고 그래버립시다"
3,"저번주 일요일에 온 메일 좀 검색해"
3,"또박또박 얘기해"
3,"오늘 오전일정 취소해"
3,"내일 만나는 사람한테 전화해줘"
3,"이번주에 오전에 일정있을때마다 일정 한시간전에 알려줘"
3,"에어컨 희망온도 이십오도로 해주겠니"
3,"오십분 뒤에 세탁기 좀 돌려주겠니"
3,"컴퓨터 하는 사람들 이제 그만 나가래"
3,"화장실에 환풍기 꺼주겠니"
3,"예약 시간을 여덟시로 바꿔"
3,"다음주 화요일까지 팀플 과제 제출 일정 추가해줘"
3,"내려 다 왔어"
3,"스팸함 모두 비워줘"
3,"저번달 난방비 얼마나 나왔는지 계산해줘"
3,"두통은 그냥 신경성이니까 마음 급히 먹지 말고 좀 쉬래"
3,"내가 쓴 메일을 영어로 번역해 줄 수 있니"
3,"오디오 작동 그만"
3,"여기 보면 영어 뉴스 있으니까 한 번 봐봐"
3,"오븐 예열해줄 수 있니"
3,"애기 보느라 힘드셨을텐데 들어가서 쉬세요"
3,"모든 창문 잠궈줘"
3,"비오는날은 출근하기 전에 알려줘"
3,"발급요청에 체크하시기 바랍니다"
3,"소개팅이라고 너무 예쁘게 입지 말고 따뜻하게 하고 와"
3,"강풍으로 해주라"
3,"집 안 모든 조명 켜 줘"
3,"다음주 목요일 남자친구랑 이백일 일정 취소해줘"
3,"이번 주 주간근무 일정을 모두 취소해 줄래"
3,"교통사고 예방을 잘 지키는 어린이가 되도록 노력하자"
3,"지하 와인창고의 온도를 내려줄래"
3,"컴퓨터 켜줄 수 있니"
3,"불량 작전 주에 휘말리지 않도록 계획을 세워야해"
3,"직접 뵙고 인사드리고 싶습니다"
3,"이자가 꽤 될텐데 현금 서비스 받지 마"
3,"아유 잘했다 잘했어 우리 아들 다시 한 번 틀어봐"
3,"한달 전에 회사에서 온 메일 좀 검색해줘"
3,"정신 건강을 위해 스트레스는 그때 그때 풀자"
3,"모두들 쾌유를 위해 기도합시다"
3,"검사 받으려면 예약해야지"
3,"배가 아무리 불러도 요거 꼭 먹어야 해요"
3,"다음주 일주일간 저녁 일곱시에 운동 일정 추가해줘"
3,"안방에 에어컨 좀 켜줘"
3,"전기장판 한시간 뒤 꺼짐예약 설정해줄 수 있니"
3,"응급 환자 수술로 모두 모여 주시기 바랍니다"
3,"받은 편지함 열어줘"
3,"보일러 좀 켜줘"
3,"화장실에 황푼기 좀 켜주겠니"
3,"칠월 이십사일 삼척 여행 입력해줘"
3,"한 시간 동안 건조 좀 해줘"
3,"식기 세척기 오분뒤에  작동시켜줄수 있니"
3,"매년 삼월 셋째주 토요일에 얼쓰아워 행사 일정 적어줘"
3,"레저 중 다칠 경우를 대비해서 상해 보험에 가입해 둬"
3,"동생방에 있는 조명 다 꺼줄 수 있니"
3,"요새 휘발유 값이 얼만데 아껴야지"
3,"다음 주 일정을 전부 삭제해줄래"
3,"베란다에 제습기 좀 틀어줘"
3,"오늘 갈 카센터 일정을 취소해줘"
3,"지금이라도 가라 김민철 보내줄 때 가"
3,"거실 불 밝기좀 낮춰"
3,"이번달부터 다다음달까지 휴학기간으로 추가해"
3,"초등학교 반창회 모임에 회장이 빠지면 안 되지 꼭 와라"
3,"오늘 오후 일정 전부 취소해줘"
3,"내일 오후 고등학교 동창모임 일정 추가해"
3,"메일 열 때 배경 음악 틀어 줄래"
3,"동생방에 에어컨 꺼줄 수 있니"
3,"예약한 메일 전부 취소해줄래"
3,"작년 내 생일에 온 메일들 좀 보여줄래"
3,"보낸 메일함에 있는 메일 다 삭제해줘"
3,"연락처를 남겨주시면 곧 연락해 드리겠습니다"
3,"내일 저녁 여섯시 이후 모든 약속 취소해"
3,"매달 넷 째주 토요일 봉사활동 일정 추가해줘"
3,"야 연기 잘하는 닭으로 바꿔 "
3,"집전화로 전화걸어줘"
3,"임시보관함에 있는 메일들 모두 삭제해줘"
3,"장외 종목은 제외 시키세요"
3,"맞기 싫으면 내 말대로 해"
3,"방금 온 메일 차단해줘"
3,"회사메일은 다 삭제해줘"
3,"최강의 스페셜포스의 대원에 합류하라"
3,"임시보관함에 있는 메일 다 삭제해줘"
3,"안읽은 편지함에 있는 메일 중에 한 달 전에 온 메일 좀 찾아줘"
3,"안방 조명 밝게 해줘"
3,"오늘 오전 회의 시간 추가해"
3,"보일러 온도 좀 내려줘"
3,"현관 조명 꺼줘"
3,"내려오라세요"
3,"방금 택배 보냈으니까 내일 쯤 갈 거야 받으면 연락해"
3,"외국에서 오는 메일 모두 차단해줘"
3,"너 네 아파트 정문에서 십 분 뒤에 보자"
3,"올해 부모님 결혼기념일에 저녁약속 잡아줘"
3,"영화시간 한시간 전 알람을 설정해줘"
3,"내가 보낸 메일함 모두 지울 수 있니"
3,"잠깐요"
3,"메일 용량 많을테니까 편지함 필요없는 메일은 비워놔"
3,"예약을 모레로 미뤄둬"
3,"로봇 청소기 가동시켜줘"
3,"내일 스케쥴에 영화 보기 등록해줘"
3,"문상을 위해서 열 시에 정문에서 봐요"
3,"골프장 근처에 호텔예약해"
3,"라디오의 볼륨을 오 단계 높여주련"
3,"오후 네시부터 오후 열시까지 거실 불 켜놔"
3,"스피커 중저음 강화해줄래"
3,"보일러 외출로 바꺼줘"
3,"거실 중앙등만 켜줘"
3,"전화 좀 받으라구요"
3,"티비에서 뉴스 좀 틀어볼래"
3,"다리 삐면 정형외과 가야지"
3,"전 메일 삭제해 줄 수 있니"
3,"이틀 전에 보낸 메일 검색해줘"
3,"메일을 읽었다는 확인 답변을 보내줄 수 있니"
3,"소이 방에 가서 십 분 뒤에 알람 세 번 울려주련"
3,"팔월 구일부터 십이일까지 동기들과 여행 스케쥴 추가해줘"
3,"집 전체 조명 켜줄 수 있니"
3,"그 책 읽고 독후감 써 오래"
3,"팔월 육일부터 팔월 팔일까지 수강신청 일정 추가해줘"
3,"지금 목욕물 좀 받아줄 수 있니"
3,"웬만하면 내려오지"
3,"부모님과 따로 있을 경우 자주 안부를 여쭈어야 도리이다"
3,"제목에 중요 부분을 클릭해줘"
3,"이마트 주차장이야 칠 층으로 와"
3,"선생님도 그러지 마십시오 무슨 유언비어를 그렇게 황당하게"
3,"책 빌리려면 내일 우리 학교로 와"
3,"베란다 불 좀 어둡게 바꿔줄래"
3,"오늘 저녁 모임을 취소해줘"
3,"월요일에는 도로가 더 막히니 일찍 나가"
3,"내일 아침 일곱시에 거실 티비 켜줄 수 있니"
3,"보일러를 꺼줘"
3,"주말에 어디 바람 쐬러 가자"
3,"저번주 토요일에 온 메일 좀 검색해"
3,"모레 아침 일곱시에 스카이프 회의 입력해"
3,"농구 시즌 끝나면 곧 야구 시즌이니 너무 아쉬워 말라고"
3,"방금 온 메일 읽고 첨부파일 다운로드 해줘"
3,"운동하기 전에 운동장 세 바퀴 뛰어라"
3,"오빠 오랜만에 봐서 너무 반가웠어요 우리 앞으로 자주 봐요"
3,"오빠가 병원에 자주 찾아가 봐요"
3,"감기가 유행이야 비타민 챙겨먹고 건강관리 잘해"
3,"화장실 불 켜줄 수 있니"
3,"내일 졸업사진 찍으니까 예쁜 옷 입고와"
3,"이번 달 세 번째 토요일에 동창회 모임 추가해"
3,"오늘 원서 접수 끝납니다 빨리 접수하세요"
3,"아무데나 가자"
3,"지금 들어오는 전철이야 타"
3,"씨씨티비를 확인해줘"
3,"부엌 불을 켜줘"
3,"일층 현관문 열어줘"
3,"오늘 밤까지 단어를 모두 외우기로 했던 거 기억해 "
3,"스피커 볼륨 십으로 올려줘"
3,"오랜만에 소식 들으니까 굉장히 반갑다 자주 좀 연락해"
3,"이번주 토요일 두시 롯데시네마 일정 취소해줘"
3,"스팸메일함에서 다시 불러와줘"
3,"공부 열심히 해"
3,"이번 주 시험 공부 일정 추가해줄 수 있니 "
3,"보일러 희망온도 이십칠도로 해주겠니"
3,"아래 클릭 하면 최고 키친 업 꼭 부탁 드립니다"
3,"캡처한 화면을 보여줄래"
3,"모든 불 다 꺼줘"
3,"매년 칠월 이십일에 아빠 생신이라고 기록해줘"
3,"내일 아침부터 공원 한바퀴 돌고 오자"
3,"내일 오전 열시 일정 취소해줘"
3,"메일 올 때마다 알려줄래"
3,"이번주 일요일 여섯시에 기숙사 입소 일정 추가해줘"
3,"오늘 저녁 열시 케이비에스에서 불멸의 이순신 녹화해"
3,"파업을 통해 의지를 관철하도록 합시다"
3,"금연석으로 부탁해요"
3,"오디오 켜서 재즈음악 틀어줘"
3,"히터온도 낮춰줘"
3,"우리 이번 주에 심야 영화 보러 갈까 "
3,"칠월 삼십일부터 팔월 일일까지 수련회 일정 추가해"
3,"비과세 저축 통장은 하나쯤은 있어야 합니다"
3,"다음 달 셋 째주 토요일 점심 약속 저장해줄 수 있니"
3,"최근에 받은 메일 보낸사람 스팸목록에 추가해줘"
3,"십분뒤 가습기 작동 시킬수 있니"
3,"피부의 수분과 유분 비율을 잘 조절하는 게 중요해"
3,"어제 저녁에온 메일을 검색해줘"
3,"사장님께 보냈던 메일들을 모두 삭제해"
3,"삼십분 후에 로봇청소기 전원 켜줘"
3,"미세먼지 농도 나쁨일때마다 알려줘"
3,"내일 저녁에 바다 보러 가기 추가해"
3,"토요일 열한시에 있는 일정 취소해"
3,"노래좀 꺼줄래"
3,"자자 갑니다 가 내 쪽으로 빠르게 오세요"
3,"뒷골목 쪽이 더 멋지니까 그리로 가자"
3,"좋아할만한 노래 틀어줘"
3,"에어컨 온도 십팔도로 해주겠니"
3,"최근 온 메일에 감사합니다 라고 답장해줘"
3,"술 한잔 사줄꺼지"
3,"뒤늦게 움직이는 주식에 주목하라"
3,"교핑 메일함의 메일 좀 다 지워줘"
3,"이번 달 쇼핑 이메일 전부 삭제해줄래"
3,"실외기 쪽 창문 닫아줘"
3,"개인 정보 관련 메일 중요 메일함에 넣어줘"
3,"내가 전화 하면 바로 뛰쳐나와"
3,"다음달 여행 장소 대만으로 바꿔줘"
3,"안전거리를 확보하고 운전하도록 합시다"
3,"다음주 금요일에 알바 일정 추가해"
3,"본체와 거치대 연결은 개선이 필요 해 보입니다"
3,"인공지능 티비 기능을 잠시 지워줘"
3,"스팸 메일함 다 삭제해줘"
3,"거실 불 가장 환하게 하고 신나는 노래 틀어줘"
3,"없는 애들 줄 거야 너도 좀하지"
3,"꾹 참고 살자"
3,"토요일 저녁에 오븐 좀 예열 해놓을 수 있니"
3,"안읽은 메일 지금 다 확인해줘"
3,"라디오 좀 틀어줘"
3,"시월 팔일 체육 대회 있으니까 준비해"
3,"약속 지켰으니까 한턱 쏴"
3,"거실 조명 하나만 꺼 줘"
3,"일주일 전에 온 메일 좀 검색해줘"
3,"보낸 편지함 확인해줘"
3,"안내방송에 주의를 기울이시고 지시에 따라 주십시오"
3,"그 적금 해약하면 안 돼"
3,"셔츠나 남방 종류를입으시는게 좋아요"
3,"거실 티비 좀 꺼줘"
3,"긴급 메일이 오면 알림해줘"
3,"식사량을 조금 줄이도록 약속할 수 있어 "
3,"아빠한테 메일 오면 알려줄 수 있니"
3,"모기약 켜 놔 추워서 모기 많이 들어왔겠다"
3,"내일 일곱시 드라마 시작때 알람을 설정해줘"
3,"다음 달 호주동생집에 방문하기로 한 일정도 취소해줘"
3,"스팸편지함에 추가된 메일 복구해줄래"
3,"여기 불 좀 켜줘"
3,"이것도 혼합토 로 채워 준 후 상추 모종 심어 주면 됩니다"
3,"스팸 메일 설정 창 띄워"
3,"문이 열리면 가습기 켜줄수 있니"
3,"소파의 무비보기기능을 작동시켜줄래"
3,"거실 불 낮춰줘"
3,"니가 잘 좀 챙겨라 "
3,"자기 소개서 이메일 회사에 보낼수 있니"
3,"식 후 삼십분 뒤에 복용하십시오"
3,"조명 켜줘"
3,"현관 불 켜 줄수 있니"
3,"맵고 짠 음식은 너무 좋아 하지마라"
3,"건물 뒷골목으로 들어와서 직진하세요"
3,"요즘 아침저녁으로 꽤 쌀쌀하더라 옷 두껍게 입고 다녀"
3,"쇼핑몰에서 온 메일 열어줘"
3,"이번주 목요일 할머니 칠순잔치 일정 추가해줘"
3,"회사에서 온 메일 수신 거부 해제해줘"
3,"주가 상승과 은행금리에 관한 보고서를 제출하세요"
3,"이번주 일요일 교회가기 일정 삭제해줘"
3,"오늘 아홉시에 알람 설정해"
3,"이씨 대답 안 해 "
3,"티브이 밝기 좀 줄여라"
3,"꼬망스 미니세탁기 스피드워시 기능을 켜 줄래"
3,"난방 꺼줄 수 있니"
3,"도서관에서 대출하기 위해 카드가 필요합니다"
3,"삼일전에 보냈던 모든 메일 보여줘"
3,"현관 문 좀 열어줄래"
3,"선물 사줄꺼지"
3,"스탠드 밝기 좀 낮춰줄 수 있니"
3,"광고성 메일은 모두 스팸처리 해줘"
3,"배터리를 급속 충전해"
3,"신용카드 말고 체크카드 써"
3,"우리 만난지 오래됐지 친구들끼리 오랜만에 뭉치자 "
3,"현관문 좀 잠궈주겠니"
3,"한 시간 후에 세탁을 시작해주겠니"
3,"야 밖에 나올 생각하지 마라"
3,"조교해야 하는 시간은 비워 두는 게 좋아"
3,"잘 나갈 때 주위를 살펴야 한다"
3,"안읽은 편지함에 메일 지워주겠니"
3,"티비 화면 녹화 좀 해줘"
3,"강원도컵 아이스하키에 관한 기사 찾아주련"
3,"메일 주소록 열어줄 수 있니"
3,"출구가 하나이오니 혼잡을 막기 위해 줄을 서주십시오"
3,"회사에 전화 걸어줘"
3,"안방 빼고 다른 방 모두 불 좀 꺼줄 수 있니"
3,"메일 수신함에 회사 관련된 메일은 다 지워줄래"
3,"스피커 소리 좀 높혀줘"
3,"오늘 오전 아홉시에 보낸 메일 발송 취소해줄 수 있니"
3,"꼭 꼭 약속해 잊으면 안 된다"
3,"거실 캠을 꺼줘"
3,"보일러 꺼줄수있니"
3,"부엌 불좀 꺼"
3,"디 드라이브에 있는 음악 틀어줘"
3,"빨리 안 일어나면 뽀뽀할거야"
3,"올해 일월에 새벽에 받은 메일 확인해줘"
3,"이번주 수요일에 치킨먹기 일정 추가해"
3,"현금영수증 메일 검색해"
3,"작성 중인 메일 닫아줘"
3,"내일부터는 같이 운동장 뛰자"
3,"이층 침실방의 조명을 꺼줘"
3,"십이월에 온 메일 모두 스팸처리해줘"
3,"받은 메일함에 일주일 동안 읽지 잃은 메일들을 휴지통으로 옮겨줄래"
3,"휴지통에 있는 메일들 다 삭제해줘"
3,"까쓰렌지 켜져 있으면 꺼"
3,"휴지통에 있는 메일 전부 지워줘"
3,"유튜브 화면 좀 띄워줘"
3,"이 메일 답장 쓸 수 있니"
3,"다음 주 토요일 짚라인 타러 가는 일정 추가해줘"
3,"학교 학사일정이랑 연동시켜줘"
3,"회식은 지난번 그 뷔페에서 하는 걸로 하죠"
3,"스탠드 밝기 조금 더 밝게 해줘"
3,"욕조 비워줘"
3,"휴지통 메일함 비워줄래"
3,"교육청이라는 단어 들어간 메일 검색해줘"
3,"저 빨강색 수영복을 사서 동해로 해수욕하러 가자"
3,"내일 모닝콜 취소해줘"
3,"분만 대기실에서 태동기를 꽂고 자궁 수축을 체크 한다"
3,"회의 들어간 메일 찾아줄 수 있니 "
3,"오늘의 유머를 보여라"
3,"현관 불 켜줄래"
3,"첫 번째 첨부파일만 열어줘"
3,"화장실에 욕조 물 받아놔"
3,"물 끊여라"
3,"거실 불 키고 사랑 노래 틀어줘"
3,"티비 칠번으로 틀어줘"
3,"주식은 여윳돈으로 투자하세요"
3,"보행자들은 각별히 유의바랍니다"
3,"내일 무슨 일정 있는지 읽어줘"
3,"난방 좀 켜주겠니"
3,"오디오 켜서 재즈음악 틀어줄 수 있니"
3,"축구모임을 야구모임으로 이름을 바꿔주겠니"
3,"내일 모래 청소 해야돼"
3,"거실 채광창에 블라인드 쳐줘"
3,"내가 방금 보낸 메일 수신자 명단 체크 좀 해줄래"
3,"개근상장이라도 받아야지 학교 빠지지마"
3,"발표자료메일 검색해줘"
3,"회식은 지난번 그 뷔페에서 하는 걸로 하죠"
3,"너가 팀장이면 리더쉽을 더 길러야지"
3,"너 이혼할 맘 없지 그럼 하지 말어 "
3,"오늘 오후 세시에 배드민턴 치기 일정 추가해"
3,"안전띠 안매면 큰일나"
3,"허니 약속 취소하고 일찍 들어오면 안돼"
3,"일어나세요"
3,"외국인 투자자들의 움직임을 잘 봐야돼"
3,"어제 교수님께서 보낸 메일을 프린터할수 있을까"
3,"너두 정신 바짝 차려"
3,"욕조에 물 받아줘"
3,"늦잠 자서 조금 늦을 텐데 기다려 줘 미안"
3,"머리 써"
3,"뮤지컬 시작하기 전에 문화회관으로 오도록 해"
3,"가능하면 대기업의 주식을 사서 장기투자를 하세요"
3,"공기청정기 작동시켜줘"
3,"오븐의 온도를 오도 높여줘"
3,"검은색 볼펜만 사용해야 하며 그 외 도구는 실격입니다"
3,"가스밸브 잠군 후에 환기 시스템 꺼"
3,"전자레인지 해동모드로 돌려줄래"
3,"텔레비전 밝기 좀 낮춰줘"
3,"텔레비전 볼륨 두칸 낮춰줘"
3,"토요 모임에 많은 참석 바랍니다"
3,"토요일 두시에 친구 모임 추가해 줄 수 있니"
3,"선풍기 바람을 좀 약하게 해주라"
3,"회사에서 온 메일 전부 검색 부탁해"
3,"어제까지 온 메일들 전부 삭제해줘"
3,"정기적으로 혈당 및 요당 검사를 받아 보는 건 어떨까"
3,"이번주 일요일 친구랑 피시방 일정 추가해줘"
3,"스팸함 모두 지워줘"
3,"티비 틀어줄래"
3,"내일 시댁 식구 점심 일정 저장해줘"
3,"가스불 세 시간 이후에 꺼줘"
3,"수업 끝나고 우리 산책하러 뒷산에 가자"
3,"미팅할 때 노트북 가져가라고 알려줘"
3,"시크릿 카드 보안 철저히 해야 해"
3,"쇼핑하기 좋은 데 알아 놨어 같이 가자"
3,"아이로비야 고생했다 쉬어라"
3,"학교에서 지난주에 온 이메일 검색해줘 "
3,"부엌 불 꺼 줘"
3,"에어컨 바람세기좀 약하게 해줘"
3,"그렇지 내 말만 잘 따라"
3,"세탁기 건조를 십분 동안 돌려줄 수 있니"
3,"수요 예배에 초빙강사 있으니 참석 바랍니다"
3,"보일러 아침 되면 꺼줘"
3,"뭐 먹고 나면 이빨 깨끗이 닦아"
3,"커튼 다 걷어줘"
3,"내것두 함께 취소해"
3,"낼 아침 네시 출발이니까 넌 새벽세시 삼십분까지 우리 집 주차장에서 대기다 가 "
3,"에어컨 좀 틀어줘"
3,"잠복이나 추적할 때 너무 경찰차 같은건 안 좋아요"
3,"육 개월 그 동네서 난다 긴다 하는 애들 모여있는 학원 보내서 레벨 만들어서 효은이 기숙 가능한 국제학교 보내"
3,"모노레일 타지마 되게 재미없어"
3,"오늘 도착한 팩스 목록 출력해주겠니"
3,"방에 있는 스탠드 꺼줘"
3,"반야월역 앞에서 화요일 저녁 여섯시 반에 보자"
3,"까쓰오븐 끄고 잠가"
3,"애니 짐도 가지고 오고"
3,"베란다 불 꺼줘"
3,"칠월 팔일 저녁에 친구 생일 입력해"
3,"칠월 이십칠일에 누나 생일 표시해줘"
3,"밥솥 한시간 뒤에 취사해줘"
3,"전자레인지의 설정의 해동기능을 작동시켜줄래"
3,"막히는 도로 위에서는 음악을 들으며 여유를 갖는 게 좋아"
3,"법규책 좀 복사해 놔 "
3,"다음 주 저장된 일정 모두 지워줘"
3,"다음 달 네번째주 일요일 결혼식 일정 추가해"
3,"어제까지 온 메일들 삭제해줄래"
3,"읽지 않은 메일을 모두 삭제 가능해"
3,"학술대회 참가하기로 한 것 잊지 마"
3,"요번 여름에도 예쁜 추억 많이 많이 만들자"
3,"그만 멈춰라"
3,"에어컨 바람세기를 제일 세게 해주라"
3,"예약메일을 내일 오후 세시에 보내줘"
3,"골프장 근처 호텔을 취소해"
3,"응급상황 일일구 전화해"
3,"각각 졸업사진을 한 부씩 가지고 오시길 바래요"
3,"밥솥꺼줘"
3,"모든 불 꺼 줄 수 있니"
3,"로봇청소기 좀 돌려주겠니"
3,"비슷한 토픽끼리 묶어줘"
3,"안방 온도 좀 내려줄래"
3,"서울 리츠칼튼에 일월 일일자로 일 인실 예약해"
3,"위임장 인감증명서 신분증 등이 필요합니다"
3,"오분 있다가 거실 불 꺼줘"
3,"방금전 부장님한테 온 메일에 알겠습니다라고 답장해줘"
3,"모레까지 영어 발표라고 메모해줄래"
3,"그러니 다 잊어"
3,"보일러 온도 좀 올려줘"
3,"내일 일정 전부 취소해줘"
3,"오늘 오전 열한시 헬스장 가기 일정 추가해"
3,"다음주 수요일 저녁 일곱시에 동기모임 일정 추가해"
3,"거실 빼고 모든 불 꺼 줘"
3,"내일 모레 수영장 강습 일정을 추가해줘"
3,"회사 스톡옵션 많이 달라 그래"
3,"거실에 컴퓨터 꺼줘"
3,"휴지통에 있는 메일 비워 줄 수 있니"
3,"앞 차와 일정 간격을 유지하고 달려"
3,"이 메일을 임시저장 시켜줘"
3,"순수 주식이랑 예금형 주식이랑 동시에 투자하는 것이 좋아"
3,"다음주 월요일 증명사진 촬영 일정 삭제해줘"
3,"진작 그러지 예예예 알았어요 알았어 박부장님 시간 이분 더 준대요 규호 보고 오늘 꺼 그림 더 붙이라고 그래요"
3,"예외는 있지만 기본적으로 업무메뉴얼에 따라주세요"
3,"환승 버스에선 꼭 카드를 찍고 내려라"
3,"다음주 제주도 여행 일정에 제주도 날씨 정보 추가해줄래"
3,"오늘 오전 사장님이 보낸 메일을 확인해줘"
3,"당당하게 뜯어내라구"
3,"컴퓨터에 휴지통 삭제해"
3,"기분 좋을 때는 감사 하고 나쁠 때는 품위를 지켜라"
3,"점심시간 삼십분 전에 매일 알려줄래"
3,"내일 오전에 비가오면 우산 챙기라고 알려줘"
3,"욕조에 들어있던 것들 좀 빼놓아라"
3,"만난 지 너무 오래 됐으니까 이번 주에 얼굴이라도 한 번 보자"
3,"인터폰 무음으로 바꿔줘"
3,"어제 여자친구한테 받은 메일 보관처리해줘"
3,"버스 운전 기사로 취업하고 싶은데 도움 부탁 드립니다"
3,"두 번째 신호등에서 유턴해"
3,"길 안 막히니깐 그리로 와"
3,"전자레인지 전원을 꺼줘"
3,"내일 미팅 관련한 메일 찾아줘"
3,"시험도 끝났으니 컴퓨터 게임이나 하러 가자"
3,"보일러실의 환기를  위해 환풍기를 가동시킬 수 있니"
3,"공부하고 나서 요점정리를 해 둬"
3,"상공회 교육 메일을 삭제해줘"
3,"네이버 메일이랑 구글 메일 연동해줘"
3,"에어컨 작동시간 두시간 넘으면 꺼줘"
3,"에어컨 틀어줘 "
3,"경비실에 인터폰 좀 연결해줘"
3,"보낸 메일함에 있는 메일 모두 지워"
3,"영화티켓예매 다 했으니 여덟 시에 바로 영화관 앞으로 와"
3,"학교에서 온 메일을 검색해줄래"
3,"오늘 점심 때 로비에서 십분 일찍 봐요"
3,"빨리 연락해"
3,"스탠드 좀 꺼주겠니"
3,"이번 주 세미나 일정 목요일 같은 시간으로 바꿔줘"
3,"거실 티비 좀 켜줄 수 있니"
3,"어제 온 메일은 모두 읽음으로 처리해줘"
3,"알고리즘 수업 과제 내일까지로 변경해"
3,"광고성 메일들 모두 지워줘"
3,"카드 사에서 온 메일 모두 읽어줘"
3,"어제 강수량하고 오늘과 내일 강수량을 비교해서 보여줘"
3,"거실에 있는 오디오 켜줘"
3,"오늘 춥다니까 옷 두껍게 입고 나와"
3,"이번주 금요일에 집에 없으니깐 안발 불 좀 꺼 줄 수 있니"
3,"다음 주 화요일에 회식 있으니까 모두들 시간 비워 두세요"
3,"다음주 월요일 일정 그대로 다다음주로 옮겨줘"
3,"방금 온 메일 첨부파일 저장해줘"
3,"파워포인트 조별과제 이번주 주말까지 조장에게 제출해"
3,"내가 받은 메일을 회사로 전달해줘"
3,"오전에 받은 메일 다 보관 처리해줘"
3,"다음주 화요일 저녁식사하기 일정 추가해"
3,"냉장고 온도 이도 낮춰줘"
3,"새벽 두시에 티비 좀 꺼줄래"
3,"여의도 에서 불꽃축제 구경하자"
3,"정원에 물 줄수있니"
3,"가을도 됐으니 단풍 구경도 할 겸 등산이 어떨까 "
3,"에어컨 취침 모드로 켜줄 수 있니"
3,"토스트기 온도 일도 높혀줘"
3,"습도 오십퍼센트로 떨어질 때까지 에어컨 제습 모드 켜줘"
3,"스피커 볼륨 좀 낮춰줘"
3,"방금 동생한테 온 문자 그대로 스케줄표에 저장해라"
3,"은행에 올 때 도장도 챙겨와"
3,"안읽은 메일 모두 지워줘"
3,"경찰서에 전화 취소해"
3,"다음주 목요일 오후 세시에 세미나 일정 등록해줘"
3,"삐지지마"
3,"잘 알아보고 이용해"
3,"내일까지 오십만원만 농협통장으로 넣어주라"
3,"내 생일 저녁 여섯시에 약속 추가해줘"
3,"나한테 전달된 메일 확인해줘"
3,"이번 달까지는 분명히 입금해준다고 했는데 왜 소식이 없어  "
3,"고속버스 우등 타 의자가 훨씬 편해"
3,"카페 메일함을 확인해줘"
3,"받은편지함 확인해줘"
3,"문 좀 열어 줄래"
3,"어젯밤에 국세청에서 온 메일을 확인해줘"
3,"강경하게 대응하세요"
3,"정원의 스프링쿨러를 십오분 동안 작동시켜줘"
3,"말씀하세요"
3,"메일 보내기 눌러줘"
3,"공기청정기 켜주겠니"
3,"냉장고 온도 낮춰줘"
3,"그냥 들어가서 죄송하다고만 말씀드려"
3,"이따가 자취방에서 쓸 책상을 사는데 같이 가자"
3,"회복을 하시려면 재활치료 꼭 받으셔야 합니다"
3,"다음주 토요일 약속 장소 변경해줘"
3,"청승 떨지 말구"
3,"체크카드 메일 삭제해"
3,"이번주 일요일 오후 세시 알바 대타 일정 추가해줄수있니"
3,"불필요한 레지스트리 정보가 확인되오니 삭제바랍니다"
3,"학교에서 온 읽은 메일 안읽음으로 처리해 줄 수 있니"
3,"열심히 운동하자"
3,"지난번에 음식은 맛있게 잘 먹었다고 전해드리렴"
3,"지운메일함을 매달 마지막 날에 비워줘"
3,"오디오 소리 좀 줄여줄래"
3,"그때 얘기 하고 싶지 않다"
3,"회사에서 온 메일 모두 삭제해"
3,"내일 아침 일곱시로 알람 맞춰줘"
3,"일년 뒤에 이 자리에서 만나"
3,"임시 보관함 열어줘"
3,"나 다음 주 수요일 날 야외 촬영하는데 같이 가줄래 "
3,"냉동실 온도 좀 영하 이도로 높여줘"
3,"세탁 완료되면 탈수모드로 바꿔줄래"
3,"차도에 날치기를 주의 하십시오"
3,"오늘 곗돈 타서 로또 복권 사러 가자"
3,"안방에 분위기 좀 잡아줄 수 있니"
3,"거실에 커튼 쳐줘"
3,"한시간 뒤에 거실 에어컨 꺼줘"
3,"오늘 오후 일곱시에 마트가기 일정 추가해"
3,"십분 후에 집 도착하니 거실 에어컨 켜줘"
3,"오년전 받은 메일 전부 삭제해"
3,"내일 사진촬영 부탁해도 괜찮을까"
3,"우리 오랜만에 만나서 회포를 풀자"
3,"내가 한거 그대로 쓰면 안돼"
3,"외국인 투자자들의 동향을 살피세요"
3,"임시보관함에 있는 메일 다 삭제해줘"
3,"지금 오토바이 타고 바로 달려 와"
3,"제습기 최대 출력으로 틀어줘"
3,"나 너 못 만나겠다 강준기가 다시 만나잰다며 걔 만나"
3,"내일 미팅은 오후 여섯시라고 부하직원 전원에게 메일보내"
3,"동문회에 편지 보내게 편지쓰기 창 열고 받는 사람에 동문회 멤버 전원 포함시켜"
3,"내방 불 좀 꺼줘"
3,"저번주 화요일에 온 메일 좀 검색해"
3,"모두 모이라고 연락해"
3,"지운 편지함에 어제 지운 편지들 복원해줘"
3,"삼십 분만 잔디 물 좀 주겠니"
3,"에어컨 취침모드로 바꿔줘"
3,"냉장실 온도 최강으로 바꿔줄래"
3,"에어컨 수면 모드로 설정해줘"
3,"우리 만나지 말자"
3,"내일 아침 일곱시에 거실 티비 켜줘"
3,"오분뒤에 집 안 모든 조명을 꺼줘"
3,"이 주소 스팸처리해줘"
3,"십분뒤에 가스 끄기 일정 추가해"
3,"금연 금주 하지마"
3,"방금 온 메일에 응이라고 답장해줄 수 있니"
3,"보일러 온도를 이십사도로 틀어줘"
3,"에어컨 온도는 이십사도로 맞춰줘"
3,"오늘 오후 세시에 이 메일 예약 발송해"
3,"이번주 토요일 오후 두시에 축구 일정 추가해줘"
3,"야 너 가서 말 잘해야 된다 "
3,"월요일 오후 두시에 엄마와 회전초밥집 가기 일정 취소해"
3,"내일 오후 두시에 남동생이랑 보드게임하기 일정 추가해"
3,"부족하고 어색한 곡 이지만들어 주시면 감사 합니다"
3,"다음주 월요일에 점심약속을 취소해줘"
3,"그거 대출 받으려면 그 서류 꼭 가져가라"
3,"그저께 왔던 이메일 모두 검색해"
3,"깜빡하고 우산을 놔두고 왔는데 지금 좀 가지고 와 줄 수 있어 "
3,"다음주 화요일 가족 저녁식사 일정 추가해줘"
3,"약 드세요"
3,"거실 에어컨 꺼주라"
3,"모자 쓴 남자 조심해"
3,"호텔 근처 골프장 예약하렴"
3,"환기 좀 해줘"
3,"이번에 유학을 가면 열심히 공부하렴"
3,"맨날 집에서 뒹굴지 말고 나와"
3,"거실 온도 좀 내려줘"
3,"스피커 불륨 육십으로 해주겠니"
3,"어제 온 메일 모두 지워 줄 수 있니"
3,"절전모드로 바꿔줄래"
3,"이 메일 업무 폴더로 분류해줄 수 있니"
3,"선풍기 바람을 좀 약하게 해주라"
3,"약속은 반드시 실천하고 책임을 완수하여 신뢰감을 쌓아라"
3,"공휴일에 오는 메일만 알람을 꺼줄 수 있니"
3,"스피커 볼륨 두 단계만 높혀줘"
3,"재건축 메일 확인해줘"
3,"거실 빼고 모든 조명 꺼 줘"
3,"오늘 읽은 메일 전부 삭제해줘"
3,"가습기 틀어줘"
3,"윗사람을 보면 인사를 해야 한다"
3,"실내 온도 삼십도 넘어가면 선풍기 켜줘"
3,"너네 학교 도서관에서 같이 공부할까"
3,"오늘 저녁 식사 약속 장소 강남역으로 남겨줘"
3,"에어컨 절전 모드로 설정해줘"
3,"애들 데리고 동물원 구경 가자"
3,"나 길을 몰라서 좀 같이 가줄수 있으신가"
3,"사채는 쓰지 마세요 위험해요"
3,"다음 주 쯤에 얼굴이나 한번 볼까"
3,"읽은 메일 모두 지워줄 수 있겠니"
3,"거실에 티비 틀어 줘"
3,"지금 온 전화를 받아줘"
3,"켜져있는 가전제품 모두 꺼줄 수 있니"
3,"휩쓸리지 않고 스스로를 객관적으로 바라보는 것이 중요다고 본다"
3,"거실 텔레비전으로 칠번채널 켜줘"
3,"한시간 뒤 세탁기 꺼짐예약 해줄 수 있니"
3,"외출 시에는 행선지와 용무를 메모로 남겨 주십시오"
3,"오늘 오전 회의 시간 추가해주겠니"
3,"감기에는 땀 빼는 게 최고야 푹 자요"
3,"보일러 꺼줘"
3,"거실에 노래 좀 틀어줄 수 있니"
3,"오늘 받은메일 삭제해줄수있니"
3,"귀 시릴 테니 코트모자라도 쓰고 다녀"
3,"자동 취사 좀 해줘"
3,"안방 불 켜줄 수 있니"
3,"라디오 꺼줘"
3,"보내 주께 한번 봐봐"
3,"칠 호선 갈아타려면 맨 뒤쪽에서 타는 게 더 편해"
3,"오늘 과외 미뤘으면 하는데"
3,"블루투스 스피커 조금 더 크게해줄래"
3,"오늘 저녁에 있는 동문회 꼭 올 거지"
3,"미팅 회의실 예약관련 메일 찾아줄 수 있니"
3,"오늘 스케줄을 시간대별로 프린트해"
3,"내일 오전 여덟시 교문 선도 일정 추가해"
3,"자정넘으면 안방 불 꺼줘"
3,"내용검색 해줄 수 있니"
3,"오늘부터 업무시간 중에 인터넷 웹 서핑 삼가 하도록 합니다"
3,"이 규칙에 따라서 문서를 작성하세요"
3,"그래 하지 마 뭐 니네 엄마도 나보고 삼십평짜리 아파트 전세 아님 너 못 덱고 간다 그러고 너도 나보다 일이 더 좋고 나도 더는 구차해서 매달리기 싫어 하지 마 하지 마 "
3,"현관앞의 청소 상태 체크해"
3,"나무는 심는 거보다 가꾸는 게 더 중요 연락 자주해"
3,"전자레인지 삼십초 돌려줘"
3,"농협 수수료 안 물게 만원씩만 출금해"
3,"추천 영화를 재생 할수 있니"
3,"히터 틀어줄래"
3,"내게 쓴 메일을 삭제해줘"
3,"추석 전날 오후 여섯시에 동창모임 추가해"
3,"받은 메일함에 오늘 온 메일을 확인해줄래"
3,"고등학교 모임 이번 주 금요일 오후 여섯 시로 바꿔줘"
3,"빨리 구급차 보내요"
3,"졸지마"
3,"열쇠를 잃어버리신 분 찾아가세요"
3,"이번 주에 오전 여덟 시 마다 알람 울려줘"
3,"앞으로 세곡만 듣고 스피커 꺼줄 수 있어"
3,"안방 조명을 밝게 해줘"
3,"칠월 이십팔일에 온 메일좀 복구해줘"
3,"다음 주 수업시간에 컴퓨터와 빔프로젝트를 준비하세요"
3,"다이닝룸 조명 좀 낮춰줘"
3,"지금부터 제 얘기 잘 들으세요"
3,"월요일 오후 다섯시에 케밥먹으러 가기 일정 삭제해줘"
3,"임시보관함을 비워줘"
3,"거실 불 더 밝게 해줘"
3,"포터블 미니 스튜디오 켜줘"
3,"은 철사는 힘이 없엇 살짝 두꺼운걸 준비해 주셔야 합니다"
3,"안 읽은 메일 모두 읽은 걸로 해줘"
3,"아직은 말조심하라셔"
3,"내 방 에어컨 바람 방향 고정시켜줘"
3,"주파수 돌려줄래"
3,"내일 정말 춥대 목도리 매고 가"
3,"티비 음량 좀 작게 해"
3,"폐업 신고시 해당 관청에 통보해줘야 합니다"
3,"환풍기를 최대로 가동시켜줘"
3,"너랑 만나는 것 너무 지겨워 우리 헤어져"
3,"삼십분 뒤에 에어컨 껴줘"
3,"헬스 끊어놓고 일주일째 안 나올 거면 집에서 먹을 것 사와서 놀지 않을래 "
3,"컵케익 메이커를 작동시켜줘"
3,"무드등 색 노란색으로 해줘"
3,"현관문을 열어줘"
3,"매년 오월 십육일 내 생일 일정 추가해주겠니"
3,"회사 메일을 제한해줘"
3,"읽지않은 메일 전부 확인해줘"
3,"수능 보는 날에는 두꺼운 옷보다 얇은 것 겹쳐 입는 것이 좋아"
3,"이리로 와라"
3,"메일을 전체 확인 으로 바꿔줘"
3,"부엌에 조명을 켜봐"
3,"실내온도를 이십오도로 맞춰줘"
3,"에어컨 온도 좀 낮쳐줘"
3,"오월달에 보낸 메일 좀 검색해"
3,"지날 한달 간 온 이메일중 내가 답장 안한 이메일이 있다면 남겨줘"
3,"매일 밤 열두시에 거실 조명 꺼지게 해줄래"
3,"중복되는 메일은 모두 읽음으로 처리해줘"
3,"어제 삭제한 메일 다시 복구 시켜줄 수 있니"
3,"앞으로 나와의 약속 잊지 말게"
3,"스피커 좀 켜주겠니"
3,"아무데나 가자"
3,"불 다 꺼줄래"
3,"받은 메일함에 있는 전체 메일을 삭제해줘"
3,"어제 발송한 메일들 중에 회사에 보낸 메일만 보여줘"
3,"사일전에 온 메일 검색해줘"
3,"진료비 영수증 꼭 받아 와"
3,"발라드 작게 틀어줘"
3,"이번주 토요일에 엄마랑 극장가기 일정 추가해"
3,"나도 말 좀 하자 임마"
3,"자꾸 약속 어기면 너랑 안 놀아"
3,"친구한테 내일 대구 신세계백화점에서 만나자고 메일 보내줘"
3,"너 이번에는 약속 시간에 꼭 맞춰서 나와야 돼"
3,"집에 티비 켜져있으면 꺼줄래"
3,"베란다 조명 꺼줘"
3,"저번달에 스팸편지함에 추가된 메일만 보여줄래"
3,"이리와 봐봐 "
3,"내일 열시에는 교회가기 일정 등록해줘"
3,"그냥 삐끗한 게 아닌 거 같은데 엑스레이 찍어봐"
3,"항상 몸 상태를 신경쓰세요"
3,"트위터에서 오는 메일 스팸처리 해줘"
3,"자동차 엔진 켜 줄래"
3,"엄마한테 맛있는 거 해놓라 그래 "
3,"친구와 함께 공부 모임을 만들자"
3,"거기 서라"
3,"카페 메일함 비워줘"
3,"우리 연락 좀 하고 살자"
3,"수요일로 반복 설정해 놓은 일정을 삭제해줘"
3,"소이 방에 가서 십 분 뒤 알람 세 번 울려주련"
3,"꼬임 쪽한 가닥씩 잡아 몸통 쪽에한번 매듭을 주세요"
3,"가족으로부터 온 메일만 보여줘"
3,"동생 귀국하는 날이야 퇴근하고 바로 와"
3,"내일 오후 세시에 회의 일정을 추가해줘"
3,"이번 패키지 여행에 관한 이메일을 찾아서 열어줘"
3,"메일함에 있는 메일 다 앤드라이브로 옮겨줘"
3,"텔레비전 소리 좀 낮춰줘"
3,"세탁기 란제리 울모드로 작동해줘"
3,"뉴스 채널 틀어줄 수 있니"
3,"다다음달 육일에 있는 일정 친구한테 메시지로 전달해줘"
3,"네이버 클라우드 버튼을 클릭해서 이동시켜줘"
3,"주식투자 시에는 때를 잘 맞춰서 시장의 흐름을 파악하고"
3,"서울 부산 비행기 왕복표 중학생 한 사람 예약해"
3,"받은편지함 중 회사에서 온 메일 삭제해줘"
3,"거실 조명 좀 켜줄 수 있니"
3,"세탁기 물 사십 오 도로 설정해 주겠니"
3,"실내 온도를 이십오도로 유지해줘"
3,"무지 춥다 장갑 끼고 목도리하고 나와"
3,"한강에 유람선 타러 가자"
3,"내일 아침 브리핑에서 뵙겠습니다"
3,"음주운전은 절대로 하면 안 돼 알았지"
3,"오늘 일곱시에 저녁 약속 추가해줘"
3,"집 난방 모두 꺼줄 수 있니"
3,"내일 오전 다섯시에 깨워주겠니"
3,"학교에서 온 메일 검색해줘"
3,"큰 형님 댁으로 전화 연결해 주겠니"
3,"티비를 꺼줄 수 있니"
3,"오분뒤에 현관 문을 열어줘"
3,"보일러 켜줘"
3,"매달 마지막 주 금요일 전체회식 추가해"
3,"버스 타고 가니까 정류장에서 만나"
3,"더운데 은행에서 좀 기다려"
3,"보일러 온수로 바꿔줘 "
3,"사고 나기 쉬운 밤 운전은 웬만하면 하지 말자"
3,"학교에서 온 메일 읽어주겠니"
3,"베란다 창문 좀 잠궈주겠니"
3,"디브이디가 고장 났는데 서비스 쎈타에 전화해주련"
3,"오월 오일 발송된 메일들 확인해줘"
3,"너랑 주제가 다른 게 있어 참고 해야 할 거야"
3,"두시에 강남역 점심약속 추가해줘"
3,"거실에 스피커 켜줘"
3,"멀티탭 전원 켜줄 수 있니"
3,"김해로 가는 새마을호 한 장 예약해"
3,"날 더운데 살들 안 빠지게 잘 관리하셔"
3,"널 괴롭힌 애에게 복수를 피의 복수를"
3,"약속 장소는 기억하기 쉬운 곳이 좋아요"
3,"내일 야참이나 같이 먹죠"
3,"정말 쎈 말인가 보네 그래도 해 "
3,"내일은 자유의 여신상에 가자"
3,"인스턴트 음식 많이 먹지 마라"
3,"올해 여행 일정 다 취소해줘"
3,"방송녹화 시작 해주겠니"
3,"조건을 말해 봐라"
3,"내일 저녁 여덟 시에 현관 조명 켜줄 수 있니"
3,"컴퓨터 지금 게임하고 있으면 전원 강제종료 해"
3,"힘들어도 쫌만 참으세요 곧 좋아지실 거예요"
3,"회의에 대한 메일 다 뽑아줘"
3,"안방에 알람 오전 일곱시로 맞춰줘"
3,"오늘 온 메일 모두 지워줄 수 있니"
3,"내일 친구 약속 삼십 분만 미뤄줘라"
3,"이십 키로 짜리 한 통이 필요해"
3,"자동 로봇 청소기좀 돌려줄래"
3,"산성비 맞지 않도록 주의해"
3,"선풍기를 더 세게 켜줘"
3,"사업에 따른 제반 여건을 조사해 봅시다"
3,"안방에 불 꺼줘"
3,"이대로 거실로 가"
3,"올해 칠월초에 워터파크 일정을 추가해줄래"
3,"내일 정오에 예약 메일 보내줄 수 있니"
3,"내일 저녁 미용실 일정 추가해"
3,"절대루 오지 마요"
3,"이리로 와라"
3,"자장가 틀어줘"
3,"메일 휴지통 비워줘"
3,"광고 메일은 모두 지워줘"
3,"가장 최근에 온 메일 임시보관함으로 옮겨주겠니"
3,"경제신문 하나를 구독신청해서 꾸준히 읽어"
3,"안방만 에어컨 켜줄 수 있어"
3,"천천히 이선을 따라서 움직여"
3,"있는 돈 몽땅 투자하지 말고 여윳돈으로 투자해"
3,"장학금 탔다며 한턱 쏴"
3,"안방불 끄고 지오디 노래 틀어줄 수 있니"
3,"온수 좀 틀어줘"
3,"십년 뒤 이 장소에서 다시 보자"
3,"내일 오전아홉시 예약한 한의원 진료 취소해"
3,"어제랑 오늘 온도 좀 비교해줘"
3,"안방 조명을 어둡게 해줘"
3,"허리 조심해 삐끗하기 쉬워"
3,"성적 공개 메일을 전부 삭제해줘"
3,"이런 날씨에 운동하다간 더위 먹어"
3,"오늘 온 메일 모두 지워줘"
3,"보일러 켜줄수있니"
3,"보낸 메일함 띄워줄 수 있겠니"
3,"내방의 불을 켜라"
3,"두꺼비집을 내려줘"
3,"스피커 볼륨 오십으로 해줘"
3,"십분뒤에 냉방을 제습으로 바꿔주겠니"
3,"그리고 그 일정을 다음 주일에도 추가해줘"
3,"메일을 크기 순으로 정렬해줘"
3,"뭉치가 너무 짖으면 음악 틀어줄래"
3,"아무 약이나 먹지 말고 병원에 가봐"
3,"강아지 밥 좀 주고 와라"
3,"오늘 한시에 온 메일 전부 읽어줘"
3,"바깥이랑 몇 도 차이나는지 봐줘"
3,"내일 장례식 일정 추가해"
3,"임시보관함에서 가장 최근 메일 열어 줘"
3,"올해랑 작년에 온 메일 빼고 전부 다 삭제해"
3,"한국에서 온 이메일 전부 삭제해줘"
3,"제목에 카지노라는 단어가 포함된 메일은 스팸 설정해줘"
3,"본 제품 사용 시 운전이나 보행은 매우 위험합니다"
3,"신발장 센서등 좀꺼주겠니"
3,"메일 메인창에 예쁜 사진 넣어줄래"
3,"이번주 화요일부터 목요일까지 시험기간으로 추가해"
3,"학원 이름은 해커스로 해주겠니"
3,"요즘 고유가시대라 정말 대중교통을 이용해야 해"
3,"삼십분 뒤에 알람 울려줘 "
3,"규칙적인 수면은 공부에 도움이 돼"
3,"현관 초인종 벨소리를 꺼줘"
3,"스피커 볼륨 팔십으로 해주겠니"
3,"공기청정기 켜줘"
3,"조별과제 일정을 날짜별로 입력해줘"
3,"받은 메일함에 있는 메일 모두 삭제해"
3,"다른 계정으로 로그인하게 이 계정을 로그아웃 할 수 있니"
3,"알립니다 오늘 반지계는 한우정으로 모이세요"
3,"스탠드 부분 조명 밝게 해줘"
3,"소풍 때 김밥 꼭 싸와 난 유부초밥 준비할게"
3,"그만해 봐주는 건 여기까지야"
3,"아닌 척 하지마"
3,"토요일 두시 과외를 여덟시로 미뤄줄래"
3,"회사에서 온 메일 모두 보관함에 넣어줘"
3,"이번주 일요일 오후 세시 알바 대타 일정 추가해줘"
3,"오늘 저녁에 회의 취소해줘"
3,"중국어가 들어간 메일 다 삭제해줘"
3,"티브이 채널 십일번으로 바꿔줘"
3,"로봇청소기 작동 중단시켜줄수있니"
3,"세탁 완료 시 알람 줄수 있니"
3,"내일 다섯시 가족모임 레스토랑에 전화해"
3,"꼭 약 먹어"
3,"어젯밤 온 이메일 다 지워줄래"
3,"자꾸 애 밖으로만 돌리지 말구"
3,"채널 엠비씨로 돌려줄 수 있니"
3,"말씀하세요"
3,"오늘 전직원이 모여서 회식을 가질 거예요꼭 오세요"
3,"꽤 유명한 맛집라서 손님이 많대 빨리 가자"
3,"화장실 불 켜줘"
3,"거실 빼고 모든 조명 켜 줘"
3,"방금 온 메일 읽어줘"
3,"오전에 온 메일 중에 안읽음 표시된 메일 회사에 전달하기로 보내줘"
3,"이빨 다 나으면 시원한 맥주한잔하자"
3,"내일 오후 여덟시에 회식 추가해 "
3,"오늘 오후 세시까지 회사로 미리 저장해둔 메일을 보내줘"
3,"세탁기 건조 좀 돌려줘"
3,"현관문 열어주련"
3,"난방 온도좀 올려줘"
3,"오늘 밤 있는 스케쥴 장소 인터파크티켓이라고 해줘"
3,"현관에 불 좀 켜줘"
3,"티비 소리 내려줄래"
3,"거실의 온도만 낮춰줘"
3,"회사에서 온 메일 보여줘"
3,"거실 어둡게 해줘"
3,"한 달 전에 회사에서 온 메일들은 삭제해"
3,"약속 지켰으니까 한턱 쏴"
3,"부모님들은 아이들의 손을 반드시 잡아주십시오"
3,"봉석이 오빠도 너를 이해 할거야 너무 신경 쓰지마"
3,"제습기 작동 시킬수 있니"
3,"보일러 두시간후에 전원 꺼줄 수 있니"
3,"어제 회사에서 온 메일 모두 지워줄 수 있니"
3,"회사에서 온 메일 모두 읽음 표시해줘"
3,"공기청정기 좀 꺼줘"
3,"작은 방 조명 밝기 좀 낮춰 주겠니"
3,"에어컨 온도를 올려줘"
3,"내일 두시부터 공연 있다고 티켓 줬는데 같이 갈래 "
3,"이번 여름 방학 때 유럽으로 배낭여행 가자"
3,"가스 벨브 잠가줘"
3,"이번주 중요 일정 목록에 생일 선물 사기 추가해줄래"
3,"뼈가 튼튼해지려면 칼슘 섭취해"
3,"회사에서 온 메일 열어봐"
3,"같이 해볼까"
3,"매주 일요일에 모든 알람 꺼줘 "
3,"학교에서 온 메일 전부 삭제해줄래"
3,"다른 사람 앞에서는 예의 바르게 행동하기로 약속해요"
3,"건너방 보일러 온도를 이십육도로 높여줘"
3,"휴지통에 있는 이메일을 모두 지워줘"
3,"새벽 시장이 오늘부터 개장되오니 많은 이용바랍니다"
3,"강아지 씨씨티브이 보여줄 수 있니 "
3,"안 읽은 메일들 모두 확인해줘"
3,"보낸 편지함 전부 삭제해줄래"
3,"스팸함에 있는 메일 복구해줘"
3,"문이 잠겼는지 화면으로 보여라"
3,"저번주에 수신한 메일 중에 첨부파일이 포함된 메일만 보여줘"
3,"주임님 우리 스쿼시 같이 배워요"
3,"돌고래 쇼가 있으니 다들 모여주시기 바랍니다"
3,"모레 열두시에 가족모임 일정 추가해줘"
3,"현재 인기 채널 틀어 줄수 있어"
3,"고생했는데 오늘 저녁 회식이나 합시다"
3,"회사 이메일 로그아웃 해줘"
3,"올해 유월 일일에 온 메일 모두 검색해"
3,"잘 알아보고 이용해"
3,"가까운 거리 가더라도 안전벨트 꼭 메"
3,"이메일 작성 준비해"
3,"시청률 포기하지 뭐 방송만 내보내 "
3,"친한 척 하지 말고 손 내려"
3,"태풍 오니까 밖에 나가지 마"
3,"안방 조명을 꺼줘"
3,"이제 곧 황사가 들이닥친다는데 웬만하면 집에서 나오지 마 "
3,"사장님 메일 수신확인해줘"
3,"중복된 메일 지워줘 "
3,"조깅하실 때 아침보다는 저녁에 뛰세요"
3,"진짜 많이 올랐다 너 빨리 팔아"
3,"부엌에 조명 좀 켜라"
3,"사업이 안된다고 해서 쉽게 포기하지 말고 계속 열심히 해라"
3,"내일 중학교 친구들 모임 취소해줘"
3,"그냥 좀 버텨 봐 취직하기 힘들어"
3,"에어컨을 제습으로 돌려줘"
3,"유월 이십오일부터 삼박 사일 일본여행 일정 추가해줘"
3,"내일 오후 면담 일정 추가해줘"
3,"이 글을 읽기 전에 꾸 욱 눌러 주세요"
3,"방금 온 메일 중요한 메일로 표시해줄 수 있니"
3,"니가 신입인 만큼 회사의 분위기 메이커가 되라"
3,"오늘 날씨에 어울리는 노래 틀어 주겠니"
3,"컴퓨터 화면밝기를 자동으로 조절해줘"
3,"침실 조금 더 어둡게 해줘"
3,"보일러 외출 모드로 설정해 줘"
3,"십일후 일어나는 알람을 일곱시로 변경해줘"
3,"어제 학교에서 온 모든 메일 읽음으로 처리해 줄 수 있니"
3,"요점만 간단히 말해주시면 학습에 도움이 되겠습니다"
3,"화장실 환풍기 삼십분뒤에 꺼줘"
3,"다리미 온도 이도 높혀줘"
3,"창문 좀 열어줘"
3,"신용카드 쓰지 말고 체크카드 만들어"
3,"이메일을 다 읽음표시로 바꿔줘"
3,"우유가 몸에 좋으니까 많이 먹어"
3,"난방 온도를 삼 도 내려줘"
3,"졸지말고 운전해"
3,"보일러 온도를 낮출수 있니"
3,"비가 오면 우산 챙기라고 알려줄 수 있니"
3,"위 메일을 스팸 메일로 등록해라"
3,"선생님 저요 쉰여덟시간 동안 네 시간 자고 밥은 무슨 제발 식사는 집에 가서 혼자하시고 저 좀 보내주세요 예"
3,"내일 아침 여섯시에 거실 불 좀 켜줄 수 있니"
3,"아빠한테 수신한 메일 열어줄 수 있니"
3,"길 많이 막히니까 퀵서비스로 보내"
3,"회사 미팅장소는 서울대입구역으로 설정해줘"
3,"문밖을 보게 해주련"
3,"마지막 컷 해질녘인데 그거 다 개무시하고 달리는 차 풀샷 그리고 경민이 바스트 그렇게 왔다갔다 두 번만 해"
3,"메일 글씨 크기를 십이 포인트로 바꿔"
3,"방금전 메일 스팸 메일함에 옮겨줄 수 있니"
3,"조명 최대한 밝게 해줄 수 있니"
3,"저번주에 온 메일 다 삭제해줘"
3,"방금 온 메일 반송해줄 수 있어"
3,"오늘부터 굶기로 했는데 전화해서 자꾸 유혹할래 "
3,"컴퓨터에 날씨위젯을 설정해줘"
3,"비행관련 메일을 중요 메일함으로 옮겨 줄래"
3,"우리 집에 가있어"
3,"여름에는 바닷가에서 해수욕이나 하자"
3,"모기매트 꺼줄래"
3,"오븐 온도 삼도 높혀줘"
3,"외국어가 들어간 메일 다 삭제해줄래"
3,"그냥 협조해"
3,"지운 편지함의 메일들을 새 메일로 다시 복구 시켜줘"
3,"에어컨 켜줘"
3,"맞기 싫으면 내 말대로 해"
3,"진료 받는 시간은 오전 열한시로 해줘"
3,"내일 아침 여섯시에 나 일어나야하니까 알림기능 추가해"
3,"구월에 온 메일 모두 오케이라고 답장해줘"
3,"삼일전에 대리님이 보낸 메일 확인해주라"
3,"첨부파일에 이미지가 있는 메일 모두 지워줘"
3,"대문을 열어줘"
3,"뭐 먹고 나면 이빨 깨끗이 닦아"
3,"미스터션샤인 재방송 시간 검색해 볼 수 있니"
3,"서울 롯데호텔에 예약해"
3,"내일 밤 아홉시에 캐나다 출국 일정 추가해줘"
3,"선풍기 틀어줘"
3,"회신요망"
3,"티비 세시간 뒤에 꺼줄 수 있니"
3,"사진첨부된 메일 검색해줄 수 있니"
3,"겨울철엔 고혈압환자가 주의해야한다"
3,"멀티탭 전원을 모두 꺼줘"
3,"보낸 메일함 확인해서 교수님에게 메일 보낸 것만 분류해서 동료한테 전송해줘"
3,"거실에 조명 밝기 좀 조절 해줄수 있니"
3,"어제까지 온 메일 삭제해줘"
3,"다운로드 완료되면 메일 삭제해줘"
3,"밤새서 피곤 하지 빨리 자"
3,"오빠 피곤하겠다 얼른 자"
3,"안 읽은 이메일을 다 읽음표시로 바꿔줄래"
3,"거실 조명 하나만 켜 줘"
3,"여자친구한테 온 답장 읽어줘"
3,"칠월 이십육일에 누나 생일 미리 알려줘"
3,"오디오 볼륨을 두 칸 올려"
3,"안방에 불 켜줘"
3,"수유리로 가려면 지하철 사호선을 타고 가세요"
3,"원인 꽃가루가 날리는 때는 외출을 삼가거나 마스크를 착용해야한다"
3,"첫째아이 방 씨씨티비 화면 보여줘"
3,"부엌 조명을 밝게할 수 있니"
3,"세미나 관련해 온 메일을 열어줄 수 있니"
3,"내일 스케줄 전부 다 취소 해줘"
3,"거실에 불 꺼 줘"
3,"온 지 일년 지난 메일들 모두 지워줄 수 있니"
3,"받은지 한달 이상 된 메일들은 지워줄 수 있니"
3,"그럼 이빨을 열심히 닦아라"
3,"팔일에 있는 회의 일정 취소해주겠니"
3,"사월칠일에 보낸메일 좀 지워줘"
3,"이 메일 보관해줘"
3,"방안에 있는 책들 전부 가져오래"
3,"안방만 에어컨 켜줘"
3,"보낸 메일함 전부 삭제해줘"
3,"괜히 속도위반 하지마"
3,"싸우자 연희랑은 못 그랬거든 "
3,"가입하시기 전에 자신에 대하여 알림 말을 적어 주세요"
3,"우리 빨리 극적인 상봉을 하자꾸나"
3,"이번 달 육일에 있는 일정 중요하다고 표시해줘"
3,"재미 있는 팝케스트 틀어줘"
3,"대기업 올 채용 관련 기사를 알려주련"
3,"내일 스피킹 수업 수강 취소해줘"
3,"유통 기한을 확인 하여 주시길 바랍니다"
3,"내일 잡혀있는 일정 삭제해줘"
3,"칠월말에 인턴종료 일정 넣어줘"
3,"오늘 오후 일정 모두 취소해줄래"
3,"전조등을 제외하고 모든 불은 꺼줘"
3,"이번주 목요일 오후 한시에 병원 일정 추가해줘"
3,"퀵 같은 건 아예 잡지 말고"
3,"내일 아침에 회의 잡아줘"
3,"이 씬 소유감정이 별로예요 잘라버리고 담 씬부터 갑시다"
3,"한 달 안에 받았던 메일들을 모두 보여줘"
3,"스팸 메일 모두 지워줘"
3,"파일첨부가 된 메일들을 보여줘"
3,"메일함에 있는 모든 편지 삭제해줘"
3,"내일모레 점심 약속 추가해줘"
3,"알람 꺼줄 수 있어"
3,"여기서 보내는 메일 안 보게 해줄 수 있니"
3,"세탁기 켜라"
3,"집 밖 조명 켜줄수 있니"
3,"자동차의 시동을 걸어줘"
3,"작은 방 조명 내일 여섯시에 켜줘"
3,"연락망에 저장되어있지 않은 사람들에게서 온 메일들을 모두 삭제해"
3,"보낸 메일함 비워줘"
3,"업무량을 잘 조정해서 다시 계획서 제출하세요"
3,"앉아서 얘기해"
3,"증명사진 파일로 받은메일 찾아줘"
3,"모두 모이라고 연락해"
3,"완전 내추럴한 사람으루 엄선해서 선생님과 콜라보 추진"
3,"뮤지 뱅크 시작하면 티비 틀어줘"
3,"담요 내놓으라고"
3,"그 돈으로 가족 먹인다고 맛 있는거 사지 마시고요"
3,"너무 아파서 내일 만나도록 하죠"
3,"거실에 불 켜 줘"
3,"지금 삶음 모드로 세탁해줘"
3,"추천 이벤트 이벤트 가격을 살피시고 더 많은 혜택을 누리시길 바랍니다"
3,"규칙적인 식습관을 가지도록 해"
3,"이번주 일정 다 취소해"
3,"지금 받은 메일 교수님께 전달해줘"
3,"다소 혐오스런 사진이 있을수 있으나 악플은 삼가 합니다"
3,"벌써 회의 끝났어 오지 마"
3,"우리 방향 같으니까 갈 때 같이 택시 타고 가자"
3,"올해 마지막 날에 과 송년회 넣어줘"
3,"안방 온돌 침대 이 도 낮춰줄래"
3,"에어컨 온도를 낮춰줘"
3,"안방 화장실에 조명 좀 꺼줘"
3,"내일 오전 아홉시에 공기청정기 틀어줘"
3,"봉사 장학생 신청하실 분은 학과 사무실로 와요"
3,"공부할 때는 계획이 중요해"
3,"집 난방 모두 꺼주라"
3,"다음주 월요일 오전 열한시 병원 일정 입력해줘"
3,"내일 오후 네시에 엄마랑 백화점 일정 추가해줘"
3,"시간 순으로 메일 정리해줘"
3,"비행 시간에 관련된 메일을 읽어 줄수 있을까"
3,"별 집 설치를 시작하겠습니다 다음을 클릭 해 주세요"
3,"임시보관함에 있는 메일 확인해줄수있겠니"
3,"대문을 잠궈줄래"
3,"내일 아침 일곱시에 기상 알람 설정해줘"
3,"베란다 불 꺼줘"
3,"어제 저녁 여섯시이후에 온 메일 확인해줘"
3,"제습기 켜줘"
3,"정수기 필터 교체 좀 해주겠니"
3,"내게 쓴 메일함을 백업해줘"
3,"수수료는 내가 부담 할 테니 지금 당장 송금해주면 안될까 "
3,"다음주 일요일에 남자친구와 영화보기 일정 추가해"
3,"거실 불 좀 꺼줘"
3,"내일 아침 일곱 시에 거실 조명 켜줄 수 있니"
3,"거실 보조등도 켜줘"
3,"교과서에서만 출제하신다는데 교과서 위주로 공부해"
3,"안방 에어컨 온도 높혀줘"
3,"솔직히 말해보세요"
3,"지금 도서관인데 빨리 와"
3,"소이 방에 알람 울리렴"
3,"첨부파일이 들어간 메일을 전부 검색해줘"
3,"내일 새벽에 걷기대회 일정 추가해"
3,"선생님한테 온 메일 검색해줘"
3,"은행에서 온 메일들을 검색해줘"
3,"기엠티 구월 십오일부터 십육일까지 하루 종일로 해줘"
3,"앞으로도 많은 관심 부탁 드립니다"
3,"점심 먹은 후에 운동장에서 하루에 다섯 바퀴 씩 뛰자"
3,"거실에 불 좀 꺼주겠니"
3,"자동청구서함 이메일 모두 지워줘"
3,"일년이 지난 메일 전부 삭제해"
3,"내가 한 뒤부터 네가 마무리해"
3,"어제 회사로 보낸 메일 찾아줘"
3,"내일 택배 올 거라고 저장해줘"
3,"다이슨 헤어 드라이기의 전원을 켜줘"
3,"소이 방 십 분 뒤에 알람 세 번 울려라"
3,"내일 오후 여섯시에 친구와 저녁먹기 일정 추가해"
3,"휴지통에 있는 편지 모두 복원해"
3,"무역 박람회를 통해 지원서를 받고 있으니 참고하시기 바랍니다"
3,"휴지통에 있는 학교에서 온 메일 복구해줄 수 있니"
3,"자동청구함을 클릭해서 첫 페이지를 보내줄래"
3,"싱크대에 물 틀어줘 "
3,"보험회사 연락하시면 빠르신데 왜 이러고 계세요"
3,"오늘 조조영화는 메가박스로 입력해줘"
3,"보일러 온도 올려 줄 수 있니 "
3,"십이월 오일까지 납부 마감"
3,"집에 씨씨티비 작동시켜"
3,"제가 있으니 이제 그만 쉬세요"
3,"팥빙수 먹을 때 나 안 부르면 알지"
3,"오븐 백팔십도로 예열해줘"
3,"에어컨 십팔도로 켜줘"
3,"이번주 일요일 결혼식일정 추가해"
3,"이번주 비어있는 아침 시간에는 조깅하기 등록해줘"
3,"방금 온 메일 알겠다고 답장해줘"
3,"백일 후에 남자친구와의 백일 일정 추가해"
3,"다음주 금요일 세시 예비장모 만남 일정 추가해"
3,"읽기 귀찮으니까 가장 최근에 온 이메일 너가 소리내서 읽어줘"
3,"화장품 가게의 이름은 올리브영으로 설정해라"
3,"만날 장소는 이케아로 입력해줘"
3,"오늘 읽은 메일 안읽음으로 처리해줘"
3,"다음달 가족여행 일정 취소해"
3,"인덕션 온도 이도 내려줄래 "
3,"다음주 월요일 부터 수요일까지 저녁약속 취소해줘"
3,"우리 기술을 유포되지 않도록 조심해"
3,"경인고속도로의 전용차선 상황은 어떤지 알려주련"
3,"발신함의 이메일을 모두 지워줘"
3,"안방에 스탠드 빼고 불 꺼줘"
3,"다음주 화요일 저녁 일곱시에 스터디 추가해줘"
3,"잠깐 뵙고 싶은데 지금 안 될까요 "
3,"이틀뒤 오후 외식일정 잡아줘"
3,"거실 선풍기 좀 꺼줘"
3,"한시간 후에 보일러 꺼줘"
3,"안 좋은 이야기 꺼내지 말고 일단 시작하죠"
3,"베란다 빼고 모든 불 켜줘 "
3,"회사에서 온 메일 지워줘"
3,"내게쓴메일함의 최근 세 개 메일을 삭제해줄 수 있니"
3,"이번주 과제물은 파워포인트로 작성해주세요"
3,"유월 이십오일부터 유월 이십구일까지 일본여행 일정 추가해줘"
3,"내일 보낼 메일 검색해줄수있니"
3,"방금 삭제한 메일들 전부 복원해"
3,"찜질방에서 너무 땀 빼지 마세요"
3,"주식 투자 전략에 관한 잡지를 몽땅 사와라"
3,"안방 전기장판 한시간 취침예약 해줘"
3,"오늘 해야할 거 다 내일로 미뤄줘"
3,"스피커 에코 좀 넣어줄래"
3,"가장 최근에 임시저장된 메일 열어줘"
3,"세탁기의 애벌 빨래 기능을 작동시켜 줄래"
3,"퇴근 시간 맞춰서 우리 회사 앞으로 와"
3,"거실 온도 좀 내려줄래"
3,"쇼핑관련 이메일은 다 삭제해줘"
3,"화장실 세면대 온수를 잠궈줄 수 있니"
3,"보일러 온도 삼십도로 맞춰줘"
3,"일월달에 온 메일함에 좀 들어가 주겠니"
3,"에어컨 온도를 이십사도에 맞춰"
3,"거실 조명 밝기 좀 조절할 수 있니"
3,"태영프라자에서 컴퓨터 무료 강의 해주던데 한번 가봐"
3,"영희야 배당보고 투자하면 절대로 안 돼"
3,"안방에 에어컨 꺼줘"
3,"화장실 불 좀 꺼줄 수 있니"
3,"받은메일들 중에 내가 답장을 적은 메일들을 보여줘"
3,"해외펀드는 분산투자의 수단 정도로 활용해"
3,"이번 결의안의 약속은 꼭 지켜져야 해"
3,"그냥 들어"
3,"얼음 만들어줘"
3,"받은 메일을 모두 삭제해줘"
3,"테레비 켜줘"
3,"저번 달에 보험사에서 메일 온 거 열어봐줘"
3,"집안에 있는 불 다 꺼줘"
3,"때로는 엉뚱한 친절을 베풀어라"
3,"의도 손절매는 자신의 시나리오대로 오르지 않으면 실행"
3,"친엄마 외에는 애니에 대해서 이렇다 저렇다 말할 자격 없어요"
3,"건강 보조식품에 너무 의지하지 마세요"
3,"밥이나 처먹어"
3,"거실이랑 안방에 보일러 틀어주겠니"
3,"월요일 오후 한 시에 보강 있으니까 꼭 와"
3,"내일 저녁에 있는 동기 모임 지워줘"
3,"거실에 있는 선풍기 좀 꺼줄수 있니"
3,"에어컨 제습모드 십분동안 틀어줘"
3,"보낸메일함 삭제해줄수있니"
3,"어제 온 메일 읽음표시로 해줘"
3,"다음 주 월요일에 발표 일정 추가해줘"
3,"지금 칫솔 세척기의 시작버튼을 눌러줄래"
3,"뒤뜰 불을 켜줘"
3,"내 것두 함께 예약해"
3,"아무 얘기도 듣고 싶지 않아"
3,"오늘 온 메일 중요표시 해줘"
3,"다음주 월요일에 다이어트 시작하기 일정 추가해줘"
3,"이박 삼일 예약을 취소해"
3,"오늘 한시에 시골 내려가기 일정 취소해줘"
3,"올해 송년회 취소해줘"
3,"이천십일년에 온 메일만 보여줄 수 있니"
3,"오늘 삭제된 메일 복구해줘"
3,"가장 오래된 메일 순서대로 오십개 삭제해줘"
3,"매달 첫째주 수요일마다 건강검진 일정 입력해줘"
3,"화장실 환풍기 틀어줘"
3,"오늘 약속 다 취소해"
3,"토요일에 잡혀있는 약속 다 취소해줘"
3,"휴지통에 있는 메일 복구해줘"
3,"오늘 아침에 온 메일만 보여줘"
3,"받은 메일함에서 에이치더블유피로 검색해줘"
3,"일요일 저녁에 마트 가기 추가해"
3,"내일 예정된 영화관을 롯데시네마로 변경해줘"
3,"신촌로터리에 바로 좌회전 할 수가 없어서 더 위로 올라갔다가 유턴 해야 돼"
3,"내일 저녁 영화볼 곳 롯데시네마로 저장해줘"
3,"내일 스케줄 설명해줘"
3,"안 읽은 메일들 모두 삭제해 줄 수 있니"
3,"오늘 오전 다섯시에 아침운동 추가해줘"
3,"에어컨이 두시간 후에 꺼지게 해줘"
3,"그 병원에 입원했어 같이 가자"
3,"오븐 온도 높여줄 수 있니"
3,"이월에 온 메일 모두 스팸처리해줘"
3,"십일월 오일 공연 보러 가자"
3,"삼십분 뒤에 일층에서 보자"
2,"내일 날씨 맑니"
2,"세탁기 전원 꺼졌는지 확인해줘"
2,"내일 오후 일정 알려줘"
2,"오늘 점심때 마사지샵 어디로 가니"
2,"이번달 결혼기념일 언제니"
2,"주식시장에서 주식을 팔 경우 어떤 돈으로 지급하나요 "
2,"월요일에 온 메일 몇 개니"
2,"초미세먼지 농도 알려줘"
2,"팔월 이십일일 내생일로 저장해놨니"
2,"부산시 동래 근처 슈퍼"
2,"다음주에 어떤날이 비는지 알려줘"
2,"이번 주에 시험 일정이 몇 개나 있니"
2,"학교에서 온 메일 있는지 봐줘"
2,"경기에 출전한 선수 모두가 기도를 드리고 시작하는 운동경기는"
2,"다음주 일요일 날씨 어떠니"
2,"저번 주와 달라진 부분 있습니까 "
2,"이천십구년 설날연휴 날짜 알려줘"
2,"모레 비가 오는지 확인해줘"
2,"내일 비 오는지 좀 찾아줘"
2,"거제도가 영하 몇도까지 내려가는지좀 알려줘"
2,"해외 펀드 종류는 다양한 편이니 "
2,"칠월말에 인턴종료 일정 언제니"
2,"지방은 버스요금 얼마야 "
2,"창문이 닫혀있니"
2,"다음주 날씨 보여줘"
2,"저번달에 첨부파일로 온 메일 좀 알려줘"
2,"스팸메일이 몇개나 왔니"
2,"아고다에서 예약 취소 확인 메일이 왔는지 봐주라"
2,"앨범 발표일이 언제지"
2,"구월달에 학교에서 온 메일 개수 확인좀 해줘"
2,"내일 첫 수업시간 알려줘"
2,"이번주 금요일에 바람이 얼만큼 부니"
2,"이번주 미세먼지 지수 나쁨인 날 언제니"
2,"휴지통에 메일이 있니"
2,"다음 달 증시의 전망과 투자 전략이 궁금해"
2,"올해 추석 전국 예상 날씨는 어때"
2,"오늘 수원 날씨 아니"
2,"학회 일정을 확인해줘"
2,"오늘 춘천 날씨 아니"
2,"이번주 일요일 포항 날씨 어떤지 아니"
2,"유럽 챔피언스리그에 관련된 기사를 보여주련"
2,"오늘 수업이 몇 시에 시작하니"
2,"화요일 여섯시에 두산이랑 어느팀이 경기하니"
2,"보낸 메일 중에 메일주소가 틀린 것이 있니"
2,"가락시장 근처 전통 음식점 어디지"
2,"아기 잘 있는지 확인해주겠니"
2,"오늘 오전 일정 알려줘"
2,"대전에 눈이 얼마나 내렸는지 알려줘"
2,"내년 한글날이 무슨 요일이니"
2,"회원은 많이 모집 하셨나요"
2,"오늘 야근 일정이 있니"
2,"에어컨 몇 도로 되어 있어"
2,"오늘 날씨가 언제 맑아지니"
2,"공기청정기 미세먼지 농도가 어느 정도이니"
2,"오늘 몇 개의 메일이 왔니"
2,"오늘 비 언제 그칠지 알려줘"
2,"야 김국장 이서우꺼 내가 하까 "
2,"물탱크 청소 언제 했니"
2,"안방 전등만 빼고 모든 전등 다 꺼졌는지 확인해줘"
2,"여름에 제일 비 많이 오는데가 어디야"
2,"이번달 인천을 언제언제 갔었지"
2,"작년 서리가 가장 많은 날이 언제인지 알려줘"
2,"너 수업 시작했는데 왜 아직 안 오냐 "
2,"지금 대구 날씨 알려줘"
2,"그쪽은 눈 많이 와요 이쪽은 완전 천국이에요"
2,"주방에 블라인드 쳐져 있는지 확인해줘"
2,"내일 최고기온 몇 도니"
2,"일본 태풍이 언제 북상해"
2,"이번 달 결혼식이 몇 개나 있니"
2,"이번주 회의 몇개있어"
2,"바람 많이 부는지 검색해"
2,"한국일보 사설만 보여라"
2,"얼마나 멀어요"
2,"이틀 뒤 기상 특보가 있니"
2,"지워도 될만한 메일이 있니"
2,"압력밥솥 취사가 되어있니"
2,"너희 은행도 방카슈랑스 하니"
2,"내일 경기도 지역의 최저기온을 알려줘"
2,"유럽 챔피언스리그 소식 찾아라"
2,"세계최초의 동물원은"
2,"고객센터에서 받은 티켓 메일이 몇건인지 확인해줘"
2,"내일 최고기온이 몇도니"
2,"맑은 날이 언제까지 지속될지 알려줘"
2,"이번 주 금요일에도 회의 시간은 변함없지 "
2,"선풍기가 회전모드이니"
2,"요즘 운동해 살이 쭉 빠졌더라"
2,"개인통장이야 법인 통장이야"
2,"오늘 오후에 화창한지 알려줘"
2,"태풍 경로 알려줘"
2,"그 외에 금융회사를 예를 든다면 어떤 것이 있을까요 "
2,"오늘 몇 시가 가장 추운지 알려줘"
2,"런던은 왜 안개가 많아요"
2,"다음 주 내내 비가 내리니"
2,"다음주 봉사활동 일정이 있니"
2,"주식하고 증권 뭐가 다르지"
2,"비자 발급 비용은 얼마지"
2,"이번 주 토요일에 눈이 오니"
2,"너 정말 보여"
2,"너 예전에 나한테 한 약속은 벌써 까먹은 거지 "
2,"다음 주 화요일의 서울 날씨는 어떨가"
2,"내년에 유럽 여행 일정 언제인지 알려줘"
2,"스쿼시랑 라켓볼이랑 어느 쪽이 더 어렵니"
2,"오늘 박찬호 등판과 관련된 기사 모아라"
2,"내일 오전 열한시에 장보기로 했니"
2,"올해 추석은 며칠인지 알려줘"
2,"화요일 날씨 알려주겠니"
2,"남자친구 생일이 언제였지"
2,"이틀후 회의 일정 확인해줘"
2,"오늘 통합대기환경지수 알려줘"
2,"다음주 치과 진료 날짜 알려줘"
2,"냉동실에 얼음 얼마나 있어"
2,"보일러 껐니"
2,"다음주 주말 대구 날씨 좀 알려줘"
2,"오늘 강수량이 어떻게 돼"
2,"첨부파일이 있는 메일이 왔니"
2,"오늘 오전에 회사에서 이메일이 왔니"
2,"당신이 마지막으로 도움을 준 사람은 누구며 그 이유는 뭔가요"
2,"공기청정기가 켜져있니"
2,"다음달 주말 중에 일정 없는 날 알려줘"
2,"지금 불쾌지수 어떤지 알아봐"
2,"다음주에 눈이 얼마나 올까"
2,"이번주 수요일 날씨가 궁금해요"
2,"이번주에 첫 눈이 올까"
2,"목요일이 병원가는 날이니"
2,"위안화 환전은 마쳤니"
2,"오늘 오후 세시에 소나기가 내리는지 확인해줘"
2,"다음 달 공휴일이 언제니"
2,"아침에 알림 몇 시로 설정되어 있니"
2,"너 현금서비스 얼마까지 받을 수 있어"
2,"토요일 날씨가 어떻니"
2,"휴지통 비워져 있니"
2,"장마 언제 시작하는 지 알려줘"
2,"지난주에 갭에서 무슨요일에 이메일이 왔지"
2,"이번주에 회식일정 있는지 알려줘"
2,"에스엔에스에서 온 모든 메일 지웠니"
2,"이번 주 금요일에 일정이 몇 개나 있니"
2,"외국인 매도공세의 주요 이유는 뭐야 "
2,"오늘 날씨가 왜 이렇게 흐리니"
2,"아버지 병원은 잘 다녀 왔어 괜찮으셔"
2,"오늘 날씨때문에 비행기 결항 안돼"
2,"미얀마 팔월 날씨 어떤지 알려주라"
2,"오늘 최저랑 최고 기온 알려줘"
2,"오후 세시에 온 메일 전부 읽었니"
2,"에어컨 온도가 현재 몇도이니"
2,"보낸 메일 중 되돌아 온 메일은 몇 통이지"
2,"내일 몇시에 약속이 잡혀있니"
2,"내일 기온이랑 습도좀 말해줘"
2,"다음주 월요일 임시공휴일이니"
2,"곧 유학 간다더니 준비는 잘 돼가니 "
2,"오늘 저녁 기온이 몇도니"
2,"아직 일하냐"
2,"강남구에 경찰서가 어디에 있냐"
2,"오늘 엄마한테 메일이 왔니"
2,"다음 일정까지 두시간 이상 비니"
2,"우리집 습도가 몇도니"
2,"내 생일은 무슨 요일이니"
2,"개인 계좌조회를 할수 있나요 "
2,"지금 하남시의 오존지수는 얼마지"
2,"세계 이모티콘의 날이 언젠지 아니"
2,"방금 읽은 메일 보낸이가 누구야"
2,"겹치는 일정 있니"
2,"다음 달 둘째 주 일요일 일정 알려줘"
2,"오빠 군대 휴가가 언제인지 알려줘"
2,"오늘 미팅 위치가 어디니"
2,"체크카드 몇일 날 받았니"
2,"폭염주의보가 언제 풀리는지 아니"
2,"내일 소나기 소식이 있니"
2,"내일 비행기 이륙 시간이 몇 시니"
2,"병든자여 다 내게로 오라고 한 사람은"
2,"올해 제삿날 알려줘"
2,"서울대학교 근처 노래방은 어디래"
2,"왜 아무도 안 오는 거야"
2,"중국어 수업 수강신청일이 언제야"
2,"거실 베란다 문 열려있는지 확인해"
2,"저번 주 내가 아이허브에 전화를 했니"
2,"주말에 강한 비 내리는지 알려줘"
2,"내일 스케줄 좀 요약해줘"
2,"현관 불 켜 있어"
2,"읽지 않았거나 추가 작업 플래그가 지정된 메일 확인 했니"
2,"저번주 이전에 받은 메일이 삭제됐니"
2,"내일 나 약속 있니"
2,"메일의 배경화면도 변경이 가능하니"
2,"괜찮으세요"
2,"평균 수명이 늘어나서 교육 기간이 길어지는 걸까 "
2,"집 모든 창문 다 닫혀있니"
2,"전국의 놀이공원 어디냐"
2,"주식의 종류에는 무엇이 있는지 알아봐 "
2,"뭐하고 지내느라 연락도 안하냐"
2,"내가 등록하고 싶은 주짓수 학원들을 검색할 수 있니"
2,"장외 주식시세에 대해서 알고 싶어"
2,"내일까지 서울 예상 강수량이 얼마나 되니"
2,"기억이 하나도 안나는데 나 저번주 금요일에 뭐했냐"
2,"고신의료원 근처 편의점은 어디니"
2,"지진규모에 대해서도 아니"
2,"오늘 한반도 기압골 사진을 보여주렴"
2,"저번주 눈이 온 요일좀 알려줘"
2,"잘 지내냐"
2,"대구의 저번주 최고 강수량 검색해줘"
2,"프린터에 용지 얼마나 남았나 체크해줘"
2,"잘 지내는지 궁금하네"
2,"우리 대학교의 어떤 점이 좋아서 지원하게 되었나요"
2,"오늘 비가 얼마나 내리는지 알려줘"
2,"이번 동창회 며칠인지 알려줘"
2,"태풍 경로를 알려줄 수 있니"
2,"다음주 중학교 동창모임 장소 알려줘"
2,"오늘 서울 해 몇시에 뜨는지 알려줘"
2,"음식물 쓰레기 통이 얼마나 차있는지 확인해"
2,"오늘 기상 상황 알려줘"
2,"지금 베트남 다낭 날씨 어떠니"
2,"가족 외식 장소 어디니"
2,"다음주에 비오는 날을 알려줘"
2,"등산하기 가장 좋은 날짜 알려줘"
2,"그럼 누굴 만나러 간 거야"
2,"우리 학교 축제가 팔월달에 있니"
2,"사라포바가 나온 기사를 찾아다오"
2,"교수님한테 메일 답장이 왔는지 확인해줘"
2,"여윳돈 있으면 너도 주식이나 한 번 해볼래 "
2,"어제 최고기온이 얼마였니"
2,"오늘 오후에 기온이 몇 도인지 확인해줘"
2,"칫솔 소독이 끝났니"
2,"오늘 아침 교수님께 온 메일이 있니"
2,"올해 초복이 양력으로 언제니"
2,"저번주 시청률 최고 드라마 좀 알려줘"
2,"에스엔에스 알림함 메일 몇 개나 있니"
2,"최근 삼개월동안의 메일을 삭제했니"
2,"오늘 날씨 어때"
2,"내일 학교 끝나고 어디가야 하니"
2,"이번주 토요일 부산 날씨 좀 검색해줘"
2,"옷이나 물건을 넣어두는 상자를 한 글자로 말하면"
2,"내일 일정에 메모 추가한 것 있니"
2,"교수님께 온 메일 있는지 확인해줘"
2,"남산공원 근처 편의점은 어떻게 간데"
2,"내 위치에서 내일 일출이 언제인지 알려줘"
2,"다다음주 월요일 일본어 시험 시간 알려줘"
2,"이 이메일과 지메일을 같이 사용할 수 있니"
2,"오늘 집 전화로 부재중 몇 개 있었는지 확인해줘"
2,"회의를 재미있게 하는 방법이 없을까 "
2,"이번주 수요일에 습도가 높은지 알아봐"
2,"읽은 메일 몇 개니"
2,"우리나라에서 가장 별이 많이 뜨는 곳 알려줘"
2,"이천 사년 유로 월드컵의 우승 팀에 대한 기사 어떤 내용이지"
2,"대구의 최고 온도 알려줘"
2,"휴지통에 편지 개수를 알려줘"
2,"항공으로 얼마죠"
2,"가스레인지가 켜져 있는지 확인해봐"
2,"심리학 개론 시험 범위가 어디서부터 어디까지야 "
2,"식습관을 바꾸는것이 도움이 될까요"
2,"요리 같은 거 국비로 공부 할 수 있는 곳 없어  "
2,"미세먼지 심각한지 알려줘"
2,"전체메일 몇 개인지 알려줘"
2,"목요일 날씨 알려줘"
2,"어젯밤 이메일 중 첨부 파일이 든 이메일은 몇 통인가"
2,"오늘 많이 습할까"
2,"오늘 오전에 휴지통이 비워졌니"
2,"설날에 온 메일 모두 지웠니"
2,"세탁기 다 끝났는 지 확인해봐"
2,"나한테 불만 있어요 요즘 왜 그래요 "
2,"다음주 눈오는지 알려줘"
2,"어머니와 등산 가기로 약속한 날은"
2,"가족여행 장소 제주도 맞니"
2,"무선 청소기 충전이 다 되었는지 확인해줘"
2,"상가 쪽으로 나왔는데 버스 정류장 어디 있어"
2,"이번 달에 과외를 몇 번 했는지 알려줘"
2,"얼마나 바꿔드릴까요"
2,"교수님한테서 온 메일 중에 안 읽은 것 있니"
2,"오늘 오후에 약속이 있는지 알려줘"
2,"다음 달 비가 연속으로 오는 지역은 어디니"
2,"오늘 날씨 몇 도 이니"
2,"홍제 램프 부근의 시시티비로 찍은 정보도 볼 수 있니"
2,"오늘 새 편지 중 정미 아이디로 된 메일이 있는가"
2,"한국 여름 최고 기온 알려줘"
2,"일반정육점과 비교해 가격이 어떻죠"
2,"거실 불 끄고 나왔는지 확인해줄래"
2,"삼성호텔 예약날짜가 언제야"
2,"어제 여자친구한테 받은 메일 보관처리 되어 있니"
2,"김병현 선수의 기록에 대한 기사는 없을까"
2,"가스 불 잠궜는지 확인해 줘"
2,"첫 눈 언제 오니"
2,"오늘 학교에서 메일 몇개왔는지 확인해줘"
2,"오늘 저녁 술 약속 장소가 어디니"
2,"학교에서 온 메일들중에 안읽은 메일이 있니"
2,"엊그제 내 일정 전체 보여줘"
2,"내일아침에 비가 오는지 확인해 알려주겠니"
2,"내일 아침 지역별 안개 분포는 어떻지"
2,"거품이 빠지면서 갑자기 폭락하면 어쩌지"
2,"보내는 사람 이름이 수정됐니"
2,"다음주 일정에 세미나 일정이 있니"
2,"학생부를 보니 꿈이 자주 바뀌는데 구체적으로 뭘 하고 싶은 건가요"
2,"다음 주에 중요한 이벤트가 있니"
2,"오늘 메일 중 첨부 파일이 든 메일 얼마나 될까"
2,"명일동 근처 한식 전문점은 어디지"
2,"내일 한강 기온좀 검색해줘"
2,"이번주 수요일 일정 어떻게 되는지 알려줘"
2,"아까 지운 메일 언제 온건지 찾아봐"
2,"서울 초미세먼지 농도 알려줘"
2,"이 투어는 얼마죠"
2,"내일 모레 나 친구랑 약속잡으려고 하는데 별다른 일정 없냐"
2,"서울역 근처 함흠냉면집 어떻게 가니"
2,"다음주 식사모임 어디에서 몇시니"
2,"제주도 이박 삼일 다녀오는 걸로 예약했는데 괜찮지 "
2,"이번주 우리동네 평균기온 보여줘"
2,"모레 오후 세시에 뭐하기로 했니"
2,"내일 약속 몇시인지 알려줘"
2,"그 아르바이트 하기로 약속 한 거야 "
2,"이메일 제목에서 물리학개론이 들어가 있는 것 모두 검색 해볼래"
2,"내일 서울 날씨 아니"
2,"가스 꺼졌는지 체크해줄래"
2,"내일 수업 뭐뭐 있니"
2,"내일 비가 언제까지 올건지 알려줘"
2,"캘린더에서 영화 단어 들어간 일정만 모두 모아서 보여줘"
2,"어제 과음하더니 출근은 했어"
2,"야 야 야 야 야 누구냐  "
2,"내일 저녁 친구와 만나기로했니"
2,"화장실 환풍기가 꺼져 있니"
2,"오늘 관악구 날씨 알려줄래"
2,"최근 삼년 돈 관련 메일 모두 알려줘"
2,"내일 모임 일정 가는 길 알려줘"
2,"바람많이 불을까"
2,"오늘 바람 세기는 얼마나 되니"
2,"오늘 오전에 도착한 메일 모두 보여"
2,"태풍오는 지역 아니"
2,"오늘 어떤 일정이 있는지 아니"
2,"오늘 회의실이 몇 호니"
2,"어제 보낸 메일 수신확인했니"
2,"서울시 전역 도로망 한번 보여주렴"
2,"지금 안개 언제쯤 걷히는지 찾아봐"
2,"메일 참조자 명단 불러줄래"
2,"누락된 메일이 있는지 확인해줘"
2,"내일 약속 누구랑 만나는거야"
2,"휴지통에 있는 메일들 중에 첨부파일 있는 것 있니"
2,"평소와 다르게 피곤해 보이는데 웬일인가요"
2,"다음 주 월요일 랍스터 낚시 일정 추가했니"
2,"철회 관련 메일 왔니"
2,"가스밸브 잠궜는지 확인해줄래"
2,"이번주 목요일 최고온도 최저온도 알려줘"
2,"오늘 오존지수 아니"
2,"오늘 열대야니"
2,"새벽에 비오는지 알려줘"
2,"부엌에 가스 잠갔는지 확인해줄 수 있니"
2,"이번 삼월의 최대 적설량을 알려줘"
2,"내일 오전에 눈이 얼마니 오니"
2,"오늘 체감 온도가 몇도까지 내려가는지 알려줘"
2,"오늘 구름이 많은지 알려줘"
2,"남산공원 근처 편의점은"
2,"과외문의 메일에 대한 답장이 도착했니"
2,"주간 날씨를 알려주겠니"
2,"내일 오전 남동생과의 약속 장소 알려줘"
2,"올해 추석 연휴는 총 몇 일이니"
2,"다음주 토요일 오후 일정이 어떻게 되는지 알려줘"
2,"내일 저녁 약속은 있니"
2,"모레 부산의 기온이 얼마나 될까"
2,"내일 저녁 일정을 알려줘"
2,"다음주 목요일 저녁 일정 뭐 있니"
2,"오늘 낮 최고기온이 몇 도니"
2,"내일 오전에 안개끼는지 확인했어"
2,"김일성 주석이 포함된 소식을 찾아라"
2,"서명 첨부되지 않게 삭제한 뒤 답장 보냈니"
2,"제습기 자동꺼짐으로 되어있니"
2,"방금 온 메일 누구에게 온건지 알려줄래"
2,"오늘 구름이 얼마나 있는지 알려줘"
2,"내일 오전 스케줄 알려줘"
2,"지금 집 온도가 몇도니"
2,"내일 일출 시간 알려줘"
2,"내일은 맑은 하늘을 볼 수 있니"
2,"이번주 주말 일정 알려주세요"
2,"유월 마지막 날이 무슨 요일이니"
2,"급행 요금은 얼마에요"
2,"지금 오는 비가 언제가지 내리니"
2,"오늘 미세먼지 농도는 어때"
2,"팔월 평균 기온 알려줘"
2,"오븐은 꺼져있니"
2,"이번주 세미나 종료시간이 몇시니"
2,"오늘 스케쥴이 뭐야"
2,"광앙리에서 연인들이 제일 많이 가는 레스토랑은 어디야"
2,"학교에서 학업 말고 다른 점에서 목표를 정하고 성취한 경험이 있습니까"
2,"모레 영화 보기로 한 거 강남역 맞지"
2,"서초구 서초동 근처 피자집"
2,"안녕하세요"
2,"어제 하버드대학교에서 메일이 왔니 "
2,"내일 예상 강수량이 어떻게 되니"
2,"한파주의보 내렸니"
2,"어젯밤 오전에 온 새 메일을 찾아라"
2,"나 호주로 유학 가려고 하는데 준비할 게 뭐가 있을까"
2,"영동 고속도로의 현재 상황을 보여주렴"
2,"다음 주 도쿄 강수량 좀 알려줘"
2,"내일 황사가 오는 지 알려줘"
2,"오늘 일정 알려주겠니"
2,"수락산 터널 진입로 교통상황을 보이렴"
2,"회사에서 메일 왔니"
2,"한달 삼백만원 정도의 금액을 어떻게 저축하면 좋을까요"
2,"장외주식하고 장내주식하고 차이가 뭐지 "
2,"금년 설날은 무슨 요일이니"
2,"오늘 회의시간 확인해주겠니"
2,"오늘 토론토 오존농도는 어떻니"
2,"건대 부근 서점은 어디"
2,"오늘 부산에서 비내리는 알려줘"
2,"이번주에 청담동에서 하는 일정들 다 알려줘"
2,"광고라는 단어가 들어간 메일이 모두 몇 개인지 알려줘"
2,"토요일에 중요보관함으로 옮겼던 이메일이 모두 몇 개니"
2,"다다음주 월요일 일본어 시험 시간 몇시니"
2,"오늘 울릉도의 풍향은 어떤지 아니"
2,"백화점 할인 메일이 있니"
2,"오늘 세시에 누구와 카페 가기로 했니"
2,"미세먼지 농도 확인해줘"
2,"일주일 전 보낸메일함 좀 확인해줘"
2,"내일 일정 모두 확인해"
2,"코스닥에 등록하는 데 필요한 게 뭐가 있을까"
2,"오늘 런던에 해가 몇시에 뜨니"
2,"이번주에 제목에 숙제나 과제가 들어가는 메일이 왔었니"
2,"내일 더운 지 확인해줘"
2,"외부계정이 등록되있니"
2,"일년이 지난 메일 전부 삭제했니"
2,"유월 말에 날씨 괜찮을까"
2,"일요일 고사리 캐러 산에 가니"
2,"내일 도쿄 날씨 알려줘"
2,"냉장고에 유통기한이 지난 음식이 있니"
2,"광고메일 모두 지웠니"
2,"어제 받은 메일 모두 읽었니"
2,"칠월 이십일일 날씨가 어땟는지좀 알려줘"
2,"이번 주 여섯 시 약속 없는 날이 언제야"
2,"이번주에 레포트 제출할 것 있는지 확인해줘"
2,"내가 중요표시한 메일의 발신인들 모두 알려줘"
2,"오늘 일교차 알려줘"
2,"회사주식이 코스닥에 등록 돼있니 "
2,"한달 전 메일 백업했니"
2,"수능의 출제 형태를 알아놓아라"
2,"언제가 우리 부모님 결혼기념일이지"
2,"오늘 일교차 얼마인지 확인해줘"
2,"이번주 주말에 운동 같이 할 수 있는지 알려주세요"
2,"토요일 날씨 알려주겠니"
2,"올해 추석이 몇 일인지 알려줘"
2,"담주에 동기 모임 언제인지 알려줄 수 있니"
2,"앞으로 과연 더 오를 수 있을지 모르겠다"
2,"오늘 누적 강수량 알려줘"
2,"이제 뭐해야 돼"
2,"오늘 미세먼지 수치를 알려 줄수 있어"
2,"뭐라고 부르면 좋을까요"
2,"내일 새벽 강수량 알려줘"
2,"현재 중부 고속도로 노면 상태는"
2,"기말고사 기간 알려줘"
2,"너 이러고 자"
2,"이번주 가장 비가 많이 오는 날이 언제니"
2,"이월 이전에 받은 메일 중 읽은 메일은 모두 지웠니"
2,"오늘이 며칠인데"
2,"참고 도서를 살까 그냥 복사 할까"
2,"내일 황사지수가 얼마나 되지"
2,"끝나고 전화 할까"
2,"형네 아기 출산일이 언제지"
2,"보일러 켜져 있는지 확인해 줘"
2,"오늘의 파도쎄기 어떠니"
2,"눈은 언제까지 오니"
2,"청소년 축구대표팀의 근황은"
2,"오늘 학교에 몇시까지 도착해야하지"
2,"이번 주 폭염인 날이 언제니"
2,"오늘 첫눈이 내리니"
2,"이번주 서울 평균 습도 어떤지 아니"
2,"저번달 강아지 예방접종 언제였는지 알려줘"
2,"최윤영 요가 다운 받아서 구웠는데 이거 어떻게 봐야 해"
2,"내일 바람이 많이 부는지좀 알려줘"
2,"오늘 오전에 비가 오니"
2,"지금 에어컨 온도가 몇 도니"
2,"에어컨을 취침모드 바꿨니"
2,"이틀 뒤 날씨가 어떤지 알려줄 수 있니"
2,"지금 끓는 물 온도 몇도 인지 알려줄 수 있니"
2,"과제를 내가 언제 제출했지"
2,"환전해야 되는데 외환은행 말고도 할 수 있지"
2,"시아버님 생일이 얼마 남았는지 알려줘"
2,"어떤 방이 마음에 드세요"
2,"지금 실내온도 어떻게 되는지 알려줘"
2,"다음달 입국 언제인지 알려줘"
2,"내일 폭설주의보가 있니"
2,"가스불 잠겨있니"
2,"부천 대 삼성 경기에 관한 기사 모아라"
2,"내일도 오늘만큼 춥니"
2,"오늘 전남지역 지역 구름 양은 어떻데니"
2,"휴대전화 부당 요금에 대한 기사를 찾아라"
2,"오늘 안개가 언제 걷히니"
2,"다음주 수요일 제주도 강수확률 확인해줘"
2,"여기는 무슨 역인가요"
2,"오늘 저녁 누구랑 먹는지 알려줘"
2,"오늘 황사가 가장 심한 지역이 어디야"
2,"서울소재 외국어 고등학교는"
2,"오늘 오후 네시에 온 메일이 있니"
2,"팀원들이 메일을 읽었니"
2,"온수 잘 나오니"
2,"해외에서 온 메일 답변이 되있니"
2,"이번 달 제주도 가장 좋은 날씨가 언제야"
2,"내일 최고기온 얼마니"
2,"지금 자외선 지수를 확인해라"
2,"꽤 오랫동안 연락을 못한 것 같은데 별 일 없니 "
2,"지금 안 읽은 메일이 몇 통이나 되니"
2,"지금 에어컨 몇 도로 설정 되어 있는지 봐줄래"
2,"올해 첫 서리 언제니"
2,"내년에 있을 전국체전에 관한 기사를 찾아주련"
2,"이번 학기에 몇 학점 수강 신청했어 "
2,"태국 가려는데 칠월날씨가 더 좋니 팔월날씨가 더 좋니"
2,"아이를 낳게 해 달라고 백일 기도 드리는 여자는"
2,"서울시 미세먼지 상황이 어떻니"
2,"다음 달에 가족 중에 생일이 있니"
2,"보낸 편지함에 회사로 보낸 메일 있니"
2,"적금이 좋을까 저금이 좋을까"
2,"모레 오전 평균 온도 알려줘"
2,"아라 자매 애기 백일이 언제였지"
2,"어린이 운임 얼마지"
2,"오빠 저녁 드시고 오시는 거예요"
2,"어제보다 온도가 높은지 알아봐라"
2,"다음주 일요일에 비가 오는지 알려줘"
2,"오늘 비 몇시부터 몇시까지 오는지 알려줘"
2,"현관에 온 사람 있어"
2,"최근 개봉한 영화 확인 부탁해"
2,"부산 시내 지체구간 어디니"
2,"장마가 언제까지인지 알려줘"
2,"오늘 오후엔 비가 그치는 지 확인해줘"
2,"카드사에서 팔월 예상 청구액 메일 왔니"
2,"외국에서 살아본 적이 있나요"
2,"다음주에 몇시에 출근하는지 알려줘"
2,"카페 메일함 비웠니"
2,"가장 빨리 다가오는 일정을 말해줄래"
2,"모레 날씨가 맑은지 아니"
2,"다음 주 토요일 영화보는거 위치가 어디야"
2,"내일 친구랑 어디서 만나기로 했니"
2,"어젯밤 새 메일 중 공지 이메일 찾아보렴"
2,"올해 태풍오는지 아니"
2,"여러분이 부탁받은 가장 어려운 일은 무엇이었나요"
2,"부산역 주변 만두가 맛있는 중국집은 어떻게 간데"
2,"다윗은 죽은 사울과 요나단을 위해 무엇을 지었나요"
2,"제목에 예약 글자가 들어간 메일중에 안읽은 메일이 있니"
2,"오늘 오후에 미세먼지가 심하니"
2,"폭염주의보있어"
2,"내일 밀물 시간 알려줘"
2,"상일 인터체인지에서 대전 인터체인지까지 가스충전소가 있는 휴게소는 몇 군데인지 알려주렴"
2,"보일러 온도가 몇 도니"
2,"열두시 이후에 보낸 메일이 몇 개나 있지"
2,"이번 달 최고 기온이 몇 도인지 알려줄래"
2,"오늘 눈이 몇 시쯤 오는지 아니"
2,"하늘에서 일을 보는 것은 무엇인가"
2,"현관문이 잠겨있는지 확인해줘"
2,"현관문이 잠겨져 있니"
2,"어느 계정으로 로그인 되어있니"
2,"둘째 예방접종날을 알려줘"
2,"메일로 진단서가 왔니"
2,"오늘 눈 얼마나 내렸는지 알려줘"
2,"이번달 회의가 언제있는지 알려줘"
2,"오늘 조선일보에서 운세란을 보여라"
2,"안녕하세요"
2,"책 반납 날짜가 언제였는지 검색해줘"
2,"거기서 유턴 되는지 모르겠네"
2,"십일번가에서 온 메일 확인했니"
2,"다음달 동생 졸업식 일정 언제인지 알려줘"
2,"발신함에 이메일이 모두 얼마나 있니"
2,"실내 온도가 어떻지"
2,"아까 쓰다 만 메일 임시 저장함에 저장 했냐"
2,"내일 서울의 날씨 알고 있니"
2,"예금담보 대출하려는데 어느 은행이 좋을까"
2,"구월십삼일에 보낸 메일 수신 확인해줘"
2,"임시보관함에 메일이 있니"
2,"오늘 몇 개의 메일이 왔는지 확인해줘"
2,"오늘 중국 미세먼지 지수 좀 알려줄 수 있니"
2,"이번 중간고사 일정이 어떻게 되는지 알려줘"
2,"이번달 생일이 있는지 알려줘"
2,"총동창회에서 온 메일 있니 "
2,"가스밸브 잠겼는지 확인해줘"
2,"친구와 영화보기 일정 몇 시야"
2,"미세먼지 농도 알려줘"
2,"오늘 오후 세시로 가족식사 장소가 어디야"
2,"이번 주말 제주도 날씨 어떤지 가르쳐줘"
2,"내일 아침 여덟시 경에 서울에서 부산에 가는 비행기가 있나"
2,"내일 오후에 일정이 있니"
2,"방배동 파출소는 어디니"
2,"다음 달 제주도 여행 언제니"
2,"내 생일날 일정이 뭔지 알려줄 수 있니"
2,"스팸메일을 모두 삭제했니"
2,"김부장한테 온 메일 있는지 확인해줘"
2,"국내 주가 변동에 관한 기사를 검색해"
2,"세탁모드 헹굼 횟수 추가 할수 있니"
2,"태풍 경로를 알려줘"
2,"이번 주 토요일은 야외 운동 할만한 날씨니"
2,"오늘 오전에 불쾌지수가 얼마니"
2,"다음주 일본 오사카 지역 날씨를 알려줘"
2,"니가 봤어"
2,"오늘 습도가 몇이야"
2,"에어컨을 켰니"
2,"건강검진 관련 메일이 왔니"
2,"작년 십이월 일일에 있던 일정 오늘까지 며칠 째인지 알려줘"
2,"포항에 비가 얼만큼 내렸는데 강수량 알려줘"
2,"결혼식 약속은 언제지"
2,"휴지통에 편지 남아 있어"
2,"스팸메일들을 모두 영구삭제 했니"
2,"오늘 날씨 나빠"
2,"기업 분석 자료는 연말에 나오나요 "
2,"언제 눈이 그쳐"
2,"오늘밤에 눈이 내리는지 알아봐 알려주겠니"
2,"이번 가족모임 어디서 하기로 했니"
2,"오늘 서울 미세먼지 농도 좋니"
2,"말레이시아의 맑은 하늘은 언제 볼 수 있는지 알려줘"
2,"이번주 토요일 부산 최고이온이 얼마인지 알려줘"
2,"내일 마지막 일정이 몇 시니"
2,"오늘 서울에 미세먼지가 심하니"
2,"내일 거제도 자외서 치수가 어떤지 아니"
2,"다음주 수요일 최저온도가 몇인지 알려줘"
2,"이번 주 주말에 일정있니"
2,"레드 데블스 관련 기사를 찾아"
2,"올림픽 성화봉송에 관한 기사를 찾아줄래"
2,"우리집 이삿날이 언제니"
2,"나 저번주에 몇시간 일했는지 알려줄래"
2,"인사팀으로 발송된 메일이 있는지 확인해줘"
2,"다음주 코엑스 가는날이 언제니"
2,"이번주 금요일에 날씨는 어떠니"
2,"이번 달 동창회 어디서 해"
2,"주소록에 총 몇명이나 저장되어 있니"
2,"모레 지호엄마 몇 시에 어디서 만나기로 했지"
2,"스팸 메일함에 아직 안 읽은 메일이 있니"
2,"담주 토요일 온도 좀 알려줘"
2,"수업을 시작한 날이 언제지"
2,"기숙사에 바퀴벌레가 나온다던데 괜찮니 "
2,"블루투스 전원 꺼져 있니"
2,"오늘 몇시까지 눈이 오니"
2,"평균 수도세 얼마나 나오는지 알려줘"
2,"친구 시험이 칠월 이십팔일부터 이십구일까지 맞니"
2,"오늘 축구경기 관람이 몇시로 예정되어 있는지 말해줘"
2,"오늘 비가 오니"
2,"집에 아무도 없는 지 확인해라"
2,"오늘 어제보다 덥니"
2,"내 방에 핸드폰 충전기 코드가 꽂아져 있니"
2,"일주일전에 회사에서 온 메일 알려줘"
2,"방금 보낸 메일이 제대로 갔니"
2,"이번주 날씨 예보 확인해줘"
2,"오늘 오후 비가오는지 확인해알려주겠니"
2,"이번 평창 동계올림픽 개최일을 알려줄래"
2,"알았어요 얼마나 되죠"
2,"이번 주 새벽 중 가장 추운 날을 알려줘"
2,"이은정 사원과 점심식사 언제이니"
2,"오늘 해야할 게 뭐야"
2,"다음 주에 약속이 몇 개나 있는지 알려줘"
2,"내일 자외선 수치를 알려줘"
2,"이번주에 삼십도가 넘어가는 날이 언제인지 알려줘"
2,"이번달에 눈 안오는 날좀 알려줘"
2,"첫눈 언제 내린대"
2,"에어컨 꺼졌는지 확인해줘"
2,"다음달 가족여행이 언제니"
2,"휘발유가 리터당 얼마지"
2,"장외 주식이 상장되면 장내 주식으로 되나요 "
2,"물이 다 꺼져 있는지 확인해줘"
2,"월요일에 날씨가 맑은지 알려줘"
2,"밖에 눈 다 녹았니"
2,"월간지가 좋을까 주간지가 좋을까"
2,"기상특보 검색해줘"
2,"십사일에 무슨 일정있는지 말해줘"
2,"일년 이상 읽지 않은 메일이 있니"
2,"구간별로 통계정보를 알려다오"
2,"학원에도 자율학습이 있다는데 꼭 해야 하는 거니 "
2,"내일 오리엔테이션이 몇 시에 시작하니"
2,"이 단어 스팸 필터에 있니"
2,"근데 도서관에 왜 만화책 없니"
2,"성남 일화의 최근 기사를 보여"
2,"내방 저장화면을 보여라"
2,"저번 달 가족모임이 언제였지"
2,"다음주 일요일 날씨 알려줘"
2,"다음주 일정 뭐 있는지 알려줄 수 있어"
2,"남자친구랑 여행가기로 나라가 어디니"
2,"다음 주에 특별한 일정이 있니"
2,"컴퓨터 고치러 몇 시에 오실 거예요"
2,"내일 영화 몇 시인지 알려줘"
2,"오늘 제일 더울때 몇도야"
2,"무슨 뜻이야"
2,"이번 주에 눈 오는 요일을 알려줘"
2,"오늘 밤 서해안 고속도로 날씨 어떠니"
2,"한국일보 사설만 보여라"
2,"저번주 화요일에 온 메일 있니"
2,"이번년도 회사 워크숍 몇박몇일이니"
2,"내일 몇 도야"
2,"다음주에 비오는 날 있는지 검색해줘"
2,"오늘 오후 도쿄 기온 알려줘"
2,"오늘 수원에 비가 오니"
2,"거실 에어컨이 가동 중이니"
2,"다다음주에 황사가 오는 지 알려줘"
2,"장마가 언제부터 시작인지 알려줘"
2,"내일 불쾌지수는 얼마니"
2,"영하 십도 보다 내려가는 날 알려줘"
2,"도시가스 점검 메일이 왔니"
2,"불면증이 있나요"
2,"부엌 불이 꺼져 있니"
2,"이번 달 보름달이 뜨는 날을 알려줘"
2,"손이 세개인 사람은 누구인가"
2,"이거 동성애 얘깁니까"
2,"집 안 습도가 어느정도니"
2,"이번 주 숙제를 며칠까지 해야지"
2,"내 휴대폰이 지금 어떠한 상태지"
2,"밥 언제 다 돼"
2,"몇 시간 정도 늦어요"
2,"오늘 비 얼마나 오는지 알려줘"
2,"발신 실패된 메일이 있니"
2,"내일 새벽 충남 날씨좀 검색해줘"
2,"내일 밤 기온 좀 알려줘"
2,"서울시 진입로의 지체구간은 어딘지 알려다오"
2,"오늘 바람의 양좀 알려줄 수 있니"
2,"이번달 친구생일이 있니"
2,"오늘 자외선 지수 알고있니"
2,"오늘 오후 세시에 비가 올 확률은 몇 퍼센트니"
2,"받은 메일함의 용량이 얼마나 찼니"
2,"제주도 여행하기 가장 좋은 날씨 알려줘"
2,"회사 나와서는 무슨 일을 계획하고 있는데 "
2,"다음주 화요일에 비가 오니"
2,"내일 누구와 영화 보기로 되어 있니"
2,"다음 주도 이번 주처럼 추운지 알아봐줘"
2,"다음주 시드니 날씨 따뜻하니"
2,"언제 태풍이 지나가니"
2,"보일러 온도 몇도로 되어 있니"
2,"내일 우박이 내릴 확률 좀 알려줘"
2,"기획 특집 업무는 퀄리티가 떨어지나요 "
2,"정통부 사 세대 이동 통신개발과 관련된 소식 뭐래"
2,"내일 최저 기온은 어떻게 될까"
2,"부산 시내 지체구간은 얼마나 되지"
2,"국제포럼이 며칠에 시작하니"
2,"혹시 국문학사 시험 범위 알고 있어"
2,"일본 여행 일정이 언제야"
2,"지난주에 누구한테서 온 메일 몇 개인지 알려줘"
2,"안읽은 메일 몇 개인지 알려줘"
2,"내일 동기 모임은 몇 시까지 어디로 가야하니"
2,"우리나라에 다가오고 있는 태풍 있니"
2,"야외활동하기 좋은 날인지 확인해봐"
2,"경상도 지역의 지역별 날씨 알려줄래"
2,"지금 현관문 잠겨져 있니"
2,"현재 중부 상행선에서 교통이 통제되는 구간이 어떨지"
2,"내일 최저 온도 알려줘"
2,"내일부터 삼일동안 비소식 있니"
2,"룸 서비스로 아침 식사 해도 될까요"
2,"내일 가족 모임 어디 인지 알려줄 수 있니"
2,"내일 우산을 안 챙겨도 되겠니"
2,"돌잔치 어디서 하는지 알려줘"
2,"거실 티브이 꺼져있는지 확인해줘"
2,"오늘 최저 기온이 몇 도이니"
2,"컴퓨터 전원 꺼져있는지 확인해줘"
2,"내일 서울에 바람 많이 부는지 알려줘"
2,"다음주 수요일 일정이 뭐라고 되어있니"
2,"중간고사 언제 끝나"
2,"오늘까지 마감인 과제가 있니"
2,"새로 온 메일 내용이 뭐니"
2,"경상도의 휴양림은"
2,"서울 천안 간 소통은 원활하니"
2,"어떡하면 애들이 공포를 느낄까요"
2,"시험이 몇일부터니"
2,"내일 미세먼지 농도 알고 있니"
2,"수요일에 친구 선물 사러 백화점 같이 갈까"
2,"꿩 먹고 알도 먹는 사람은"
2,"이 약 효과가 확실한 거죠 "
2,"내일모레 춘천 날씨 좀 알려줘"
2,"오늘 최저기온이 어떻게 되니"
2,"내 방에서 일본까지 전화 직접 걸 수 있나요"
2,"이번달 태풍 언제 오는지 알아봐"
2,"학회 일정을 확인 할수 있어"
2,"이번주 토요일 저녁 약속 있니"
2,"내일 아침 한라산 온도를 알려줘"
2,"오늘 저녁약속 장소 어디니"
2,"조명 다 꺼져있어"
2,"내일 스케쥴 중에 중요하게 설정된 일정만 알려줘"
2,"회의일정이 언제로 잡혔는지 알려줄 수 있니"
2,"몇시쯤 해가 나"
2,"오늘 얼마나 덥지"
2,"전기장판 온도가 몇 도니"
2,"새 편지 중 주문 확인 메일 있는지 확인해"
2,"오늘 도착한 메일 있니"
2,"수넴여인의 죽은 아들위에 게하시가 엘리사 지팡이를 올려놓아도 아들이 살아나지 않는 이유는 무엇일까요"
2,"지금 냉장고 홈바 꽉 찼는지 알려줘"
2,"이번 달 이벤트 이메일 전부 보여라"
2,"메일함의 용량이 얼마나 남았니"
2,"오늘 씨지브이에서 상영하는 영화 뭐 있는지 알려줘"
2,"동아대 앞 중국집은 어떻게 가지"
2,"김사장이 메일을 읽었니"
2,"왜 그래 귀에 물 들어갔어"
2,"서울에서 어디가 제일 시원해"
2,"오늘 저녁에 비오니"
2,"이번주에 언제 비 그칠지 알려줘"
2,"내일 저녁에 친구랑 어떤 영화 보기로 했니"
2,"내일 일출 일몰 시간 알려줘"
2,"행당동 근처 중국요리집은 어딘데"
2,"방학기간이 얼마나 되지"
2,"오늘 비가 몇시까지 내리는지 알려줘"
2,"이번주에 제일 시원한 날이 언제니"
2,"자격증 따려고 하는데 뭐가 좋을까"
2,"저번 달 공항출발날짜를 알려줘"
2,"제목에 생일축하라는 말이 있는 메일은 몇 개지"
2,"오늘 새벽에 눈이 얼마나 오니"
2,"그동안 연락도 없이 뭐하면서 지냈어 "
2,"버스카드 충전한다더니 왜 돈을 내고 왔어 "
2,"다음주 휴가 날짜 시작은 언제이니"
2,"이번달에 사진동호회모임이 언제니"
2,"현관문 불 꺼져있는지 확인해줘"
2,"김치냉장고 온도가 몇 도로 설정되어 있니"
2,"아 근데 아빠랑 살다 말구 이 집엘 왜 왔냐구"
2,"집에 소등안된 전등있어"
2,"조별과제 모임 다음주 화요일 맞니"
2,"이번주 일정 확인해 줄 수 있니"
2,"작년 전국 주요 도시 기후표를 보이렴"
2,"오늘 해는 언제 져"
2,"지금 경부 고속도로의 교통상황은 어떻게 될까"
2,"작년 오늘 내가 갔던 장소를 알려줄래"
2,"팔월 오일 서울 날씨가 어떤지 검색해봐"
2,"내일 우산 준비해야하니"
2,"이번주에 동창회 있는지 확인해줘"
2,"운동회 날짜가 언제지"
2,"여름 휴가 일정이 언제니"
2,"금요일 서울 오전 날씨 좀 검색해줘"
2,"냉장고 전원 켜져있는지 확인해줘"
2,"지금 전세계에서 가장 더운 지역 알려줘"
2,"올해 크리스마스 이브에 눈이 올까"
2,"메일 모두 읽은 상태로 바뀌었니"
2,"첨부파일 언제까지 다운로드 가능하니"
2,"강아지 잘 있는 지 확인할 수 있니"
2,"마츠이 히데키의 소속 구단 관련 기사는"
2,"부모님 결혼 기념일을 알려줘"
2,"장마는 언제쯤 끝나니"
2,"강풍주의보가 어느 지역에 발효되는지 알아봐줘"
2,"고구마 살까 으깬 감자로 할까 "
2,"내일 있을 월드컵 사강 스케쥴을 알려줄래"
2,"작년 홈커밍데이 며칠에 했는지 알려줘"
2,"모레 날씨 알려줘"
2,"오늘 많이 덥니"
2,"학교 개학이 언제인지 알려줘"
2,"이번달 스케줄 없는 날은 언제니"
2,"오늘 도봉산의 풍향을 알려줄래"
2,"다음주 수요일 영화보는 장소가 어디니"
2,"다음 달에 삼성병원가기 일정이 있니"
2,"어떤 예금이 이자율이 높나요"
2,"다음주 수요일 저녁에 비오니"
2,"오늘 날씨에 반팔이 적당한지 확인해"
2,"지금 제주도 기온 알려줘"
2,"걸을 수 있겠어"
2,"동문회 회의 몇 시지"
2,"내일 오전에 미팅시간 알려줘"
2,"티켓 예매할 때 학생요금 할인되나요 "
2,"내일 아침에 구름이 얼마나 끼니"
2,"취업관련 메일 너에게 자주 오니"
2,"한남대교 북단 상습 정체구간일까"
2,"현재 기상특보 발효 지역이 어딘지 알려줘"
2,"태풍진로와 이동속도를 알려줘"
2,"서해안과 일부 내륙에 안개가 낄 예상이니"
2,"다음주 비가 언제 내리니"
2,"휴지통에 편지가 얼마나 있는지 확인해"
2,"어제 받은 메일이 몇 개가 있니"
2,"내일 오후 일정 몇시부터니"
2,"내일 날씨 맑은지 알려줘"
2,"오늘 경주에 눈이 오니"
2,"지금 열지수 찾아봐"
2,"보내기 싫을 때 내는 것은"
2,"저번 달 회의 날짜가 언제였니"
2,"어제 보낸 메일 수신확인해줘"
2,"가장 최신 메일 제목 알려줘"
2,"이번 주 파리 날씨 어떤 지 아니"
2,"서초동 동사무소는 어떻게 간데"
2,"혹시 선배 윤영이가 연희선배 닮아서 좋아해 "
2,"공제금 지급이 안 되는 경우도 있나요 "
2,"이 메일 발신지가 어디야"
2,"오늘 감기지수 몇이니"
2,"서류 오늘까지 주기로 한 게 맞아"
2,"재작년 여름에 최고온도 알려 주겠니"
2,"세차하기에 괜찮은 날씨니"
2,"거실 불 껐니"
2,"오늘 오후 세시에 강수 확률이 어떻게 되는지 알려줘"
2,"부산에서 분위기 제일 좋은 호텔 바는 어디일까"
2,"지금 스피커에서 나오는 노래 이름 뭐니"
2,"창문이 다 닫혀있니"
2,"어제 보낸 메일 모두 몇 개니"
2,"오늘 오전 오존지수 어떠니"
2,"친구한테 현대백화점에서 만나자고 답장했니"
2,"시월에 공휴일이 언제언제인지 알려줘"
2,"집에 아이가 지금 어디에 있니"
2,"오늘 보낸 메일 몇 통인지 알아봐줄래"
2,"다음 주에 일정이 비어있는 날이 있니"
2,"내일 오존 경보지수가 얼마나 되지"
2,"서울 벚꽃 개화일 언젠지 검색해줘"
2,"약속 시간 알고 있니"
2,"너 대학국어 뭐 받았냐"
2,"올해 여름이 더울까"
2,"하나님께서 히스기야의 기도를 들으시고 몇일만에 병이 나아 어디로 올라가게 하신다고 했나요"
2,"양재동에 위치한 이마트는 어떻게 간데"
2,"여러분을 화나게 하는 것은 무엇인가요 그 이유는요"
2,"수시가 나을까 정시가 나을까"
2,"이번주 가장 더운 날이 무슨 요일인지 알 수 있을까"
2,"교실에 몇 명이나 있지"
2,"다음주 일교차 큰 날이 언제인지 알려줄래"
2,"내일 오전에 이사하는데 비오니"
2,"목요일에 약속 잡혀 있는거 있니"
2,"이번주 주말 커피숍 일정 있니"
2,"가족들과 계곡 언제 가기로 했는지 알려줘"
2,"내일 불쾌지수가 어떻게 되니"
2,"스피커의 볼륨이 얼마나 크니"
2,"화장실 수도꼭지가 잠겨있니"
2,"영화를 틀어놨나"
2,"동물병원 언제가야하니"
2,"이번 새해에는 해가 어디서 가장 먼저뜨니"
2,"다음 주 월요일 치과 예약 오후 네시로 예약 가능하니"
2,"천재 남편과 바보 아내가 결혼하면 어떤 아이를 낳을까"
2,"임시 보관함에 있는 메일이 몇 개니"
2,"이번 로또 배당금이 얼마야"
2,"언제 이상 한파인지 알려줘"
2,"내가 얼마의 주식을 보유해야 그 회사 경영에 참여할 수 있지"
2,"이번주에 친구 만나는 일정 다 알려줘"
2,"요번주 비 제일 많이 오는날 언제니"
2,"오전에 회사에서 메일 몇개 왔니"
2,"베란다에 불 꺼져있니"
2,"오늘 우리나라 미세먼지 좋은 지역 알려줘"
2,"모레 친구 어디서 만나기로 했는지 알려줘"
2,"홍은동 녹번역 구간의 교통상황 어떤가"
2,"이번주 화요일 야간근무 일정이 있니"
2,"이번주 저녁 약속이 언제니"
2,"새 메일 몇 개인지 알려줘"
2,"올해 기온이 제일 낮았던 날짜를 말해"
2,"다음달에 중학교 동창모임이 있니"
2,"어제 수신 내용 중 두시 에서 네시 사이에 확인 메일 보여줄래"
2,"오늘 폭염이 시작될지 알려줘"
2,"내일 꽃집에서 꽃을 배달하기로 했니"
2,"오늘 오존지수 알려줘"
2,"오늘 저녁 약속 취소 되었니"
2,"프린터에 잉크 얼마나 남았는지 알려줘"
2,"자격증 따려고 하는데 뭐가 좋을까"
2,"도우씨가 승낙했다는 걸 어떻게 보여드리나"
2,"내일 오후 두시에 갈 마사지샵 위치를 알려줘"
2,"어제 비가 몇시에 그쳤는지 알아봐"
2,"엘지가 금호랑 계약하는날이 언제지"
2,"다음 달 친구랑 보기로 한 영화 제목 좀 알려주겠니"
2,"웨이트랑 유산소랑 어떻게 조정해야 되는 거야"
2,"곤충의 몸을 삼등분하면"
2,"코스닥은 위험부담 크겠죠"
2,"버스가 급정거 하는 바람에 많은 여학생들이 남학생 앞으로 굴러왔다 그때 남학생이 무엇이라 했을까"
2,"입시 정책 관련 기사를 찾아라"
2,"다음달 결혼식 언제니"
2,"가스레인지 오븐 켜져 있니"
2,"오빠랑 롯데리아 앞에서 만나기로 한게 맞니"
2,"장마 언제 끝나는지 알려줘"
2,"전국 강우 집계표를 보이렴"
2,"까쓰레인지가 꺼졌는지 좀 보고올래"
2,"언제 쯤 눈이 그칠까"
2,"주식투자를 시작할 때 제일 먼저 할 일은"
2,"긴 막대기가 놓여있는데 이것을 손대지 않고 짧게 만들려면"
2,"내일 오후 두시에 비오니"
2,"이번 주 언제까지 비오는지 알려줘"
2,"다음 달 방문 할 꿀벌농장이 현재 성수기인지 아니"
2,"부활하신 예수님께서 갈릴리 호숫가에서 제자들에게 무엇과 무엇을 차려주었나요"
2,"내일 아침에 얼음이 어니"
2,"선배가 너 괴롭힌다더니 아직도 그래 "
2,"내일 오후에 비가 어느 정도 내리니"
2,"이메일중 파일첨부 된 이메일 있으면 알려줘"
2,"오늘 강원도에 눈이 얼마나 내리니"
2,"다음주 토요일 대구 날씨 알려줘"
2,"오늘 습도 알려줘"
2,"내일 오전중 강수량 사백밀리리터 넘니"
2,"부산 동래파전 집이 어디지"
2,"오월 일정이 어떻게 되는지 알려줘"
2,"다음주 목요일에 누구 만나니"
2,"라디오가 켜져 있니"
2,"오늘 한국에서 어느 도시가 가장 덥니"
2,"지지난주 주말 일정 뭐였지"
2,"나에게 가장 많이 메일 보내는 곳 어딘지 확인해라"
2,"내일 점심 서울의 날씨 알고 있니"
2,"서울에 눈이 얼마나 왔니"
2,"내일 용인에 비가 오는지 확인해봐"
2,"전자세금계산서 메일이 왔니"
2,"장애인들이 하는 올림픽에 대한 기사 검색"
2,"태풍 소식 있는지 검색해줘"
2,"에어컨 지금 온도 몇 도야"
2,"내일 회의 몇 시에 끝나는지 알려줘"
2,"세탁기 고장 났는지 확인해줄 수 있니"
2,"오늘 뉴욕에 비오는지 알려줘"
2,"이번주중 빨래지수 좋음인날 알려줘"
2,"냉방 설정 온도 얼마정도 니"
2,"작년중 가장 추웠던 온도 알려줘"
2,"일하는 엄마도 수유가 가능한가"
2,"이번주중 제일 더운 요일 알려줘"
2,"모기 물린 데 물 파스를 바르는 게 진짜 효과가 있을까"
2,"저번주에 확인 안한 메일이 있니"
2,"다다음달 개강총회 일정 언제인지 알려줄수있니"
2,"방 값 얼마래"
2,"증권거래소랑 코스닥 중에 어느 곳이 좋을까"
2,"오늘 삼척 강풍량이 얼미 인지 알려줄 수 있니"
2,"보낸 편지함에 남아있는 메일 있니"
2,"한달간 받은 메일 중에 안읽은 메일이 있니"
2,"이번에 학교에서 하는 스노보드 강좌 들었니"
2,"내일 기온이 얼마나 높니"
2,"하늘이 파란 이유는"
2,"제주도 관광콕스에 대해 알고싶어"
2,"올 해 첫눈 오는 날 알려줄 수 있니"
2,"오후에 밥을 어디서 먹기로 했니"
2,"내가 예약발송한 메일이 얼마나 있니"
2,"내일 최저 기온 알려줘"
2,"충남 지역에 식중독지수를 알려줘"
2,"방금 도착한 메일 교수님으로부터 온 메일 맞니"
2,"내일 서울 강수량이 몇이니"
2,"불안한 증시에 주목할 만한 저베타주는 뭐가 있어"
2,"오늘 눈이 언제 그치는지 알려줘"
2,"내일 대학교입시 결과가 몇시에 나오는지 아니"
2,"내일 기온이 가장 낮은 때가 언제니"
2,"마당 불이 꺼져있니"
2,"선풍기 전원 켜져있는지 확인해"
2,"텔레비전 음량이 몇이니"
2,"부엌의 환풍기가 켜져있니"
2,"오월 이전에 받은 메일 중 읽지 않은 메일은 모두 지웠니"
2,"비가 언제오는지 알려줘"
2,"오늘 일몰 시간이 몇 시니"
2,"부천 국제 영화제는 언제 시작해"
2,"세탁기가 잘 가동되고 있니"
2,"올해 추석이 며칠인지 아니"
2,"와이파이 속도가 얼마지"
2,"냉장고에 유통기한 지난 음식 있니"
2,"요즘 어떻게 지내세요"
2,"내일 최고기온이 얼마야"
2,"너 나한테 탁구 배워보지 않을래 "
2,"오늘 밤에 몇 도인지 알려 줘"
2,"다음주 마드리드 날씨 알려줘"
2,"내일 윤진이와 약속장소가 어디지"
2,"형제나 자매가 있어요"
2,"오늘 오전 도착 메일 모두 보여줄래"
2,"오늘 몇시에 동창모임이 있니"
2,"중간벨브 잠궜는지 확인해줘"
2,"이번 여름 휴가 며칠부터였지"
2,"오늘 오전 아홉시에 보낸 메일의 수신여부 확인해줄 수 있니"
2,"메일 중에 학회로 부터 온 메일이 있니"
2,"이번달에 비오는 날좀 알려줄 수 있니"
2,"집에 공기 상태가 나쁘니"
2,"내일 회의가 있니"
2,"마포 소재 출판사는 어떻게 가"
2,"이번주 날씨를 알려줘"
2,"내일 오후 두시 대구 날씨 알려줘"
2,"이번 주 비오는 날 있는 지 확인해 줘"
2,"다음주 토요일 일정 몇 시에 끝나"
2,"이번주 가장 비가 많이 오는 날이 언제인지 알려줘"
2,"이번 총회의 안건은 무엇인가요"
2,"여기는 처음이신가요"
2,"교수님으로부터 온 메일이 있니"
2,"사전 투표일이 언제야"
2,"모레에 일정 없는 것 맞니"
2,"오늘 대기오염 정도가 어떻게 되니"
2,"골프연습장이 어디가 괜찮지"
2,"인터넷 사용요금에 대한 소식을 찾아라"
2,"주말 동안 온 메일 중 가족에게서 온 메일이 있는지 확인해"
2,"참 씬 잘 나왔다든데 정말 그래요"
2,"현관 조명 꺼져 있는지 확인해"
2,"이번주의 최심적설량을 알려줘"
2,"철수기업의 유장증자의 가격이 어떻게 됩니까"
2,"조교님한테 보낸 메일의 발송 시각이 언제였니"
2,"경북대학교 학과 체험이 언제인지 알려줘"
2,"오존 농도를 알려줘"
2,"내일이 로또방송 하는 날인가"
2,"오늘 날씨 어떠니"
2,"무드등 꺼져있는지 확인해"
2,"내일 모레 나들이 갈껀데 미세먼지농도 좀 알려줄 수 있니"
2,"이번 주에 낮 최고기온이 삼십도 이하로 떨어지는 날이 있니"
2,"올해 가장 별이 많이 뜨는 날이 언제인지 알려줘"
2,"내일 비내릴때 천둥번개를 동반할 확률이 얼마인지 아니"
2,"계획안에 따라 필요한 것을 말씀해 보세요"
2,"에어컨 온도 확인 해 줄수 있니"
2,"참 이번 주 일요일 날 우리 오빠가 술 산다고 하는데 올래"
2,"어제 받은 메일중에 첨부파일이 있는 메일이 있니"
2,"가장 최근 영화보기로 한게 언제니"
2,"창원시 돈가스 전문점"
2,"지금 전세계에서 가장 추운 지역 알려줘"
2,"내일 바람이 얼마나 불지 알려줘"
2,"보낸 편지함에서 수신확인이 되지 않은 메일 있니"
2,"내일도 오늘만큼 눈이 오니"
2,"와이파이 비밀번호 뭐야"
2,"주요 도시 강수 분포도 어떤가"
2,"해외에서 국내 신용카드를 써도 되니 "
2,"오늘 서울 이산화탄소 농도 좀 알려줄래"
2,"내일 서해안에 태풍 주의보가 내려졌니"
2,"제습기 켜져있는지 확인 좀 부탁할게"
2,"다음주 중학교 동창모임 장소 알려줘"
2,"첨부파일 있는 메일 백업했니"
2,"구월에 일본여행이 언제니"
2,"온라인 성적표 도착했니"
2,"내일 비가 올 확률이 몇 프로나 되는지 아니"
2,"오늘 발생한 지진의 규모는 몇이니"
2,"읽어야할 메일이 몇 개니"
2,"대학원 등록금 날짜 언제니"
2,"내일 제주도 날씨 좀 알려줘"
2,"비 언제까지 오는지 알려줘"
2,"주임님 커피 한 잔 하실래요"
2,"이름을 몰라서 여쭤봅니다"
2,"내일 비행기 시간이 몇시니"
2,"내일 열두시삼십분 병문안일정 이니"
2,"따로 갈까 뒤따라 갈까"
2,"오늘 전국 날씨가 어떠니"
2,"내일 가는 거래처 주소가 어떻게 되니"
2,"항공사에서 온 메일 있니"
2,"부산 날씨 좀 검색해봐"
2,"오늘 바람 많이 부는지 알려줘"
2,"오늘 오전에 회사에서 이메일온거 없니"
2,"홍도는 뭘로 유명하니"
2,"메일 수신함이 다 비워졌니"
2,"어머니 팔순 날짜 알려줘"
2,"무슨 집회 같은 걸 하나 "
2,"홍보팀으로부터 메일 왔니"
2,"오늘 구름 많은지 알려줘"
2,"항공권 환불 이메일 왔나 체크해줘"
2,"다가오는 기념일 중 가장 빠른 게 언제인지 알려줘"
2,"제습기 켜져 있니"
2,"마지막으로 보낸 메일을 상대방이 읽었니"
2,"도서 반납일이 언제로 예정되어있는 지 알려줘"
2,"내일 비가 올 확률 좀 알려 줄래"
2,"내일 아침 서울과 대구의 기온 차를 알려줘"
2,"내 방 콘센트에 고데기 꽂아져있니"
2,"돼지가 열 받으면 어떻게 될까"
2,"갑상선 부은 것은 괜찮아"
2,"컴퓨터 꺼져 있니"
2,"내일 오전에 몇도 인지 알려줘"
2,"오늘 우산 챙겨야 하는지 알려 줄래"
2,"신제품의 주요 고객 연령층은 어떻게 예상하고 있는가"
2,"일주일 안에 언제 비가 올 예정인지 알려줘"
2,"효은인 뭐래요"
2,"내일이 오늘보다 더운지 알려줘"
2,"저번 주에 갔던 봉사단체 이름이 뭐지"
2,"미일이랑 가장 마지막으로 만난 게 언제야"
2,"임시보관함에 있던 메일이 보내졌니"
2,"올 거야 말 거야"
2,"수요일 마지막 일정이 언제 끝나니"
2,"내일 몇시에 비가 오니"
2,"어제 동료들에게 메일왔니"
2,"가스 불이 켜져있는지 확인해줘"
2,"이번주 눈이 오는 날들을 알려줘"
2,"식사 약속 장소가 어디니"
2,"얼굴은 예쁜데 속이 텅 빈 여자는"
2,"내일 헬스장 몇시에 가는지 알려줘"
2,"오늘 날씨 알려줄 수 있니"
2,"오늘 최저 기온은 몇도니"
2,"다음주 일정 좀 알려줘"
2,"작년 이맘때 강수량 알려줘"
2,"그저께 왔던 이메일이 있니"
2,"회사 이메일로 온 메일이 있니"
2,"미팅 메일이 언제 왔었지"
2,"공개형 폐쇄형 주식회사의 차이점이 뭐야 "
2,"기상 특보가 해제된 공항을 알려줄래"
2,"컴퓨터 꺼져 있는지 확인해"
2,"내일 두 시에 친구랑 과제하기로 했냐"
2,"인사팀에서 휴가 관련 메일이 왔니"
2,"난방 설정 온도 얼마정도 니"
2,"다음달 추가되어있는 일정 말해줘"
2,"중국 미세먼지 알려줘"
2,"내일 전국 날씨 좀 알려줘"
2,"올해 해외 일정 전부 알려줘"
2,"다섯시 반 회의 장소가 어디니"
2,"냉방 설정 온도 얼마인지 확인해라"
2,"내일 모래 누구 만나야 하지"
2,"이치로 선수 홈런 기사를 알려"
2,"내일 눈이 오는지 알려줘"
2,"워크샵 언제 가기로 했는지 알려줘"
2,"내일 미세먼지 어떤지 알려줘"
2,"나오미와 마라의 뜻은"
2,"오늘 집에 누가 오니"
2,"내일 친구 만나는 시간 알려줘"
2,"서울대 앞 우동 전문점은 어디지"
2,"오늘 날씨가 언제부터 개는지 알려줘"
2,"신불자 구제에 대해 찾아라"
2,"초희방 침대 보여주겠니"
2,"이 메일에 계정추가를 여러 개 할 수 있니"
2,"밖에 지금 비 오는데 우산은 챙겨왔어 "
2,"이 메일의 첨부파일 기능에 대한 설명을 보여줄 수 있니"
2,"살이 빠졌는데 어디 아픈데 있는 건 아니지 "
2,"오늘 공기청정기 언제부터 켜져있었니"
2,"목요일 두 시에 회의 시간이니"
2,"너처럼 약속 잘지 키기로 유명한 사람이 갑자기 왜 그래 "
2,"아직도 선생님 잘 계시니 찾아 봬야할텐데"
2,"현관문이 열려있는지 알려줘"
2,"수술 휴유중으로 입원하셨던 거 잘 치료 되셨나요 "
2,"슈퍼맨의 가슴에 있는 에스 자의 무엇의 약자인가"
2,"오늘 우산 챙겨야 하니"
2,"십계명중 넷째 계명은"
2,"내일 날씨는 어떠니"
2,"다음주 강수량 검색해줘"
2,"내일 일몰 시간 알려줘"
2,"아람군대는 십만이 넘고 이스라엘 군대는 일만명도 안되는데 하나님의 도움으로 이스라엘이 이겼어요 이때 아람과 이스라엘왕의 이름은"
2,"세 시 날씨 어떨 것 같니"
2,"오늘 혹시 약속 있니"
2,"작은방에 텔레비전이 켜져 있는지 확인해주련"
2,"커피 머신이 작동되고 있니"
2,"내일 비행기가 못 뜰정도로 태풍이 심할까"
2,"내일 얼마나 더운지 알려줘"
2,"컴퓨터 고장 났다며 고쳤어 "
2,"사랑하는 친구야 보고 싶다 언제 볼까 "
2,"내일 다섯시에 영화 보는거 맞아"
2,"내일 점심식사 어디에서 하는지 확인해줘"
2,"선풍기 켜져있니"
2,"최근 세계 증시의 공통된 관심사가 과연 뭘까 "
2,"안읽음 표시된 메일 중 가장 최근 메일의 첨부파일 다운로드 기간이 언제까지니"
2,"반송되어 온 메일을 알려줄래"
2,"어제 비 얼마나 왔는지 확인해줘"
2,"그러면 금융권의 간접투자 상품이 어떠신지요 "
2,"오늘 기상청 일기예보의 신뢰도를 알려줘"
2,"거래처에서 새로 온 메일이 있니"
2,"너 예전에 다니던 회사가 증권회사라고 하지 않았어"
2,"경주에는 특산품 점이 많을까"
2,"오늘 서울 최고 기온이 몇 도까지 올라갈까"
2,"학교 다니기 힘들다 너는 "
2,"교통사고라도 의료보험 처리가 가능한지 "
2,"스쿠버가 스쿠터랑 어떤 관계가 있지 "
2,"오늘 안개가 많이 꼈는지 확인해줘"
2,"오늘 최고기온이 어떤지 아니"
2,"오늘 밤 날씨 어떤지 알려줘"
2,"다윗과 아히멜렉을 사울에게 고한 사람은"
2,"오늘은 몇시에 자외선 지수가 보통이니"
2,"수요일에 비소식 있니"
2,"우리 부모님 뵙기로 약속한 거 아직 유효해 "
2,"다음주 금요일 일정을 알려줘"
2,"강연과 관련된 메일이 왔는지 확인해줘"
2,"오늘 미세먼지 좋아"
2,"내일 일정 알려주세요"
2,"실내 미세먼지 농도 체크 좀 해주겠니"
2,"오디오가 켜져있는지 확인해줘"
2,"이번주 주말에 눈이 올 확률을 알려줄수있니"
2,"시험 잘 봤니"
2,"어제 온 메일 다 복구되었니"
2,"항공권 환불 이메일 왔나 체크해줄래"
2,"오늘 오후에 엄마 생일파티 어디에서 하는지 아니"
2,"주식 투자 시 용어와 절차"
2,"내일 혹시 스케쥴 있니"
2,"아히멜렉의 아들은 누구인가요"
2,"좀 더 안전하고 수익률 높은 외국환에 대한 투자는 어떠세요 "
2,"어제 학교에서 보니까 많이 아파보이던데 오늘은 어때 "
2,"메일 첨부파일 들어갔는지 확인해"
2,"안녕하세요 근데 누구세요"
2,"키카컵 청소년 축구대회 관련 소식 찾아줄래"
2,"이번주 주말에 일정 확인해줘"
2,"정말 사랑하니"
2,"오늘 일정에 저녁약속이 있니"
2,"아빠가 나 이뻐했나"
2,"할머니 혈압 기록 보여주련"
2,"허리 아픈데 비오니"
2,"내일 오후에 친구와 저녁 약속을 추가되어 있니"
2,"구글에서 온 메일 확인했니"
2,"현재 안락동 도로 상황은 괜찮니"
2,"이번 주 중에 최고기온이 제일 낮은 날 알려줘"
2,"날씨도 좋은데 오늘 뭐하니"
2,"토요일에 볼까 일요일에 볼까"
2,"포워딩받은 메일에 답장 보냈니"
2,"지난달 쇼핑 메일 전부 보여라"
2,"수강신청 일자가 지났니"
2,"오늘 오후 두시 서울 날씨 좀 알려줘"
2,"어젯밤 새 메일 중에 정자 아이디로 된 이메일이 있니"
2,"도서 반납일이 언제니"
2,"칠월 태국 평균 강수량 좀 검색해줘"
2,"지금 몇시인지 알려줘"
2,"티브이 보는 것도 취미 활동이라고 할 수 있을까 "
2,"어제 과음한 것 같은데 속은 좀 어때 "
2,"어제 보낸 메일 정상적으로 전송되었니"
2,"집에 누가 있니"
2,"낮에 햇빛 강한지 검색해"
2,"카드 잃어버렸는데 어디에 신고 해야 돼요"
2,"내일 저녁에 약속없지"
2,"주택 청약은 언제부터 했나요"
2,"일요일에 스케줄 없는 시간 알려줄 수 있니"
2,"사울 덕에 출세할려고 했었는데 사울이 죽고 다윗이 왕이 되자 꿈이 수포로 돌아갔기 때문에 다윗을 저주하고 미워한 사람은 누구인가요"
2,"초등학교 동창모임이 언제인지 아니"
2,"샤라포바와 관련된 테니스 경기 기사 찾아"
2,"첨부파일 손상된 메일 좀 알려주겠니"
2,"어제 온 메일 중에 첨부파일이 있는 메일이 몇 통이니"
2,"과장님 메일주소 즐겨찾기 추가 했니"
2,"내일 안개 낄지 알려줘"
2,"오늘 강수량 좀 알려줘"
2,"오늘 오후 다섯시에 일정이 있니"
2,"다음주 휴가에 어디에 가기로 했지"
2,"다윗이 병들자 누가 왕이 되고파 잔치를 벌였나요"
2,"로봇 청소기 작동 정지 했니"
2,"작은방 창문 닫혀있는지 확인해"
2,"에어컨 타이머를 맞췄니"
2,"놓친 알림 있니"
2,"오늘 최고 기온이 어떻게 돼"
2,"제 자리는 어디에요"
2,"오늘 오후에 약속이 있니"
2,"내일 오전 일정이 어떻게 되는지 알려줘"
2,"정암배 주니어에 관한 기사를 찾아줄래"
2,"경부 고속도로 상에 지체 구간이 있는지 알려주렴"
2,"어제 회사에서 온 메일 확인 되었니"
2,"네 과외 선생님은 실력이 어떠셔 "
2,"오늘 최고 기온 얼마니"
2,"거실에 불 켜져 있니"
2,"첨부자료가 있는 메일 알려줄 수 있니"
2,"고모님 회갑 잔치가 언제지"
2,"정치에 대한 기사를 찾아라"
2,"투자 관련 메일 스팸등록했니"
2,"일요일 오전 일곱시 아이스링크장 가는 일정 추가 했니"
2,"교수님께 온 메일이 있는지 알려줘"
2,"토익 시험이 언제인지 알고 있니"
2,"다음주에 흐린 날이 언제니"
2,"분반 테스트 결과 어떻게 나왔어"
2,"방금 온 메일 친구에게 전달했니"
2,"내일 일정 알려줄래"
2,"내일 오전에 스케줄이 있니"
2,"카드 값 어떻게 막지"
2,"어제 밤 열시에 온 메일 내용 좀 알려줘"
2,"오늘 친구와 저녁 식사 언제인지 알려줘"
2,"구월달 팬미팅 일정 언제인지 알려줘"
2,"오늘 미세먼지 지수 좀 알려줘"
2,"오늘 일정 몇시에 끝나니"
2,"갈수록 너무 예뻐지는 것 같더라 비결이 뭐니"
2,"부산 사직동에 고래고기 하는 집이 있나"
2,"외국 계열의 보험회사가 괜찮다고 들었는데 어때"
2,"오늘 점심시간 몇시까지니"
2,"이메일 주소록에 교수님이 포함되어있니"
2,"지금은 어떤 영화를 하나요"
2,"어젯밤 이메일 중 첨부 파일 든 이메일 얼마나 되냐"
2,"다음주 화요일 가족 저녁식사 일정 몇시야"
2,"애 어쨌어"
2,"티브이 켜져있니"
2,"팔라의 반대말은 무엇인가"
2,"전기요금 내는 날이 며칠이지"
2,"브이자 반등을 기대해도 될까 "
2,"어제 광고메일이 몇개왔니"
2,"다가오는 생일 중 가장 빠른 생일이 누구인지 알려줘"
2,"오늘 밤에 눈 오는지 알고 있니"
2,"서해 밀물 썰물 시간 좀 알려줘"
2,"동국대앞 호텔은"
2,"에어컨 온도 설정 확인해줘"
2,"오늘 서귀포 해상의 날씨를 보여라"
2,"어제랑 비교해서 오늘 날씨 알려줘"
2,"경제면 주요 기사는 뭐니"
2,"다른 사람과 협동하는 과정에서 문제상황이 발생할수 있는데 어떻게 대처하는지요"
2,"오늘 저장된 보낸편지함 지워졌니"
2,"베컴 관련 기사는 없을까"
2,"내일 열시 스케쥴 어디로 등록되어 있니"
2,"메일 주소가 주소록에 저장 되었니"
2,"윤희와 만나기로 한 날짜가 언제지"
2,"집안 습도 몇 도야"
2,"오전에 비가 언제까지 오는지 알려줘"
2,"오늘 오후날씨 확인해주겠니"
2,"휴가 일정 알려줘"
2,"드보라는 어느 나무아래에서 백성들을 재판해 주었나요"
2,"한글날이 빨간 날인지 알려줘"
2,"다음주 천둥번개를 동반한 비가 언제 오니"
2,"내일 학교축제 준비 회의 언제까지야"
2,"이 메일 읽었니"
2,"신림동 근처 문구점은 어떻게 간데"
2,"베이징 최고 미세먼지 농도 좀알려줄래"
2,"어제 내가 사장님께 메일 보냈었어"
2,"오늘 유가가 어찌되니"
2,"거실 온도 좀 확인해라"
2,"다음주중에 하늘이 가장 파란 날은 언제일까"
2,"주택청약이랑 주택부금이 뭐가 달라"
2,"내가 어제 보낸 메일을 상대방이 읽었는지 알려줘"
2,"음력 칠월 칠일이 양력으로 며칠이지"
2,"내일 여기 주변 날씨좀 띄워봐"
2,"미세먼지 농도 얼마나 되니"
2,"이번주 토요일 오사카 날씨 좀 알려줘"
2,"대기 오염 정보 알려줄래"
2,"내일 마산에 미세먼지농도가 얼마니"
2,"부모님 결혼 기념일이 언제니"
2,"오늘 받은 메일 중에 안읽은 메일이 있니"
2,"바탕화면의 사진을 이메일로 가져올 수 있니"
2,"이번주 우박 내린날이 언제였는지 아니"
2,"임시 보관함에 있는 메일 다 삭제했니"
2,"우리 목욕탕 언제 고고하지"
2,"제주에서 부산까지 이용할 수 있는 배편이"
2,"내일 어머니 오실 시간을 알려줘"
2,"오월 칠일이 너 생일 맞지"
2,"교원평가를 꼭 해야만 하나요 "
2,"이번달 눈 언제까지 오는지 검색해줘"
2,"오늘 우박이 내리는지 알려줘"
2,"내일 아침 최저 기온은 몇 도지"
2,"예금자 보호 최대한도가 얼마지"
2,"올 겨울 부산에 눈 올 확률은"
2,"다음 스터디 날짜 언제였지"
2,"베란다 창고에 불 켜져있니"
2,"공기청정기를 틀어야할 것 같니"
2,"신혼부부가 꼭 읽어야 할 성경은"
2,"토요일에 최고기온이 몇도까지 올라가는지 확인해줘"
2,"어제 강풍 경보 현황을 알려라"
2,"어제 발송한 메일들 중에 회사에 보낸 메일이 몇 개니"
2,"대문이 닫혀있는지 확인해줘"
2,"이번주 미세먼지 낮은 날 알려줘"
2,"오늘 발송한 메일 몇 개니"
2,"과학자가 되고 싶은데 왜 그 공대를 안가고 우리 학과에 지원했나요"
2,"세탁기 불림 코스 선택하는가"
2,"어젯밤 보낸 이메일 중 송신이 확인된 이메일 몇 통이니"
2,"리더로써의 경험 중 힘들었던 적은 언제였고 어떻게 극복했습니까"
2,"오늘 건조한 지 알려줘"
2,"오늘 황사인지 알려줘"
2,"내일 일정 몇 시부터 시작하니"
2,"내일 걷기대회에 몇시까지 가야하니"
2,"다음주에 속초에 비 올 예정이니"
2,"이번 주 토요일 날씨 알려줘"
2,"이번주 불쾌지수가 가장 높은 날은 언제니"
2,"유월에 온 메일 모두 보관함에 넣었니"
2,"내일 과행사 일정 좀 알 수 있을까"
2,"어제 내가 보낸 메일이 있니"
2,"난방 켜져있니"
2,"오늘 밤에 비 오는지 알려줘"
2,"이번달 월급날짜가 언제니"
2,"이번주 눈은 언제부터 오는지 알려줄 수 있니"
2,"다음 주 날씨는 맑으니"
2,"동창모임이 몇 시까지 였는지 알려줘"
2,"내일 오후 서울의 날씨 알려줘"
2,"앞으로 중간 시험 몇 일 남았는지 알려줘"
2,"스팸처리된 메일 발신자가 누구니"
2,"이 음악 어때 좋아  아직 화났니"
2,"에어컨이 몇 도로 설정되어 있니"
2,"현관 조명 꺼져 있니"
2,"어제 쓴 출산준비리스트를 알려줘"
2,"강릉 삼박 사일 코스는 얼마니"
2,"카페에서 온 메일 모두 스팸처리 했니"
2,"보일러 꺼져있는 지 알려줘 "
2,"날씨 관련 특별한 뉴스 알려줘"
2,"지진날 수 있는 가능성을 보여줘"
2,"보일러 꺼져있니"
2,"통도사에서 양산 방향 사고 처리 끝났나"
2,"내일 오전 몇시쯤 부터 비가오는 지 알려줘"
2,"가스 벨브를 잠갔는지 확인해줘"
2,"서울 지방 풍향을 알려주련"
2,"지금까지 에릿지아에서 온 이메일이 총 몇 개니"
2,"여자는 없는데 남자는 아래쪽에 하나 있는 것은"
2,"대전 가는 날이 언제인지 알려줘"
2,"올해 겨울 첫눈 언제 오는지 알려줘"
2,"여행스케치의 기분 좋은 상상이란 곡 어떠세요"
2,"내일 동창회 모임 장소가 어디니"
2,"오늘 미세먼지농도는 어떤지 말해"
2,"창문 다 닫겨있니"
2,"오늘 미세먼지농도 알려줘"
2,"어머니께 온 메일 있니 "
2,"가스 벨브 잠궜는지 확인해줘"
2,"이번주 금요일 제주도 날씨 좀 검색해줘"
2,"지금 서울은 몇 도지"
2,"다음달 교육이 언제니"
2,"이번주 토요일에 비가 오는 지 알려줘"
2,"세계 여행을 할 때 나라들의 인사법을 알아야 하나 "
2,"확인안 한 메일 있니"
2,"보고서 관련 메일 몇 개나 되니"
2,"오늘 초미세먼지 어떤지 알려줘"
2,"공항까지 가는 길이 많이 막히니"
2,"체육시간에 줄넘기 시험 보는데 어쩌지"
2,"아시아나 운임은 얼마해"
2,"오늘의 북한 소식은 뭐지"
2,"내일 약속 장소 어디야"
2,"지금 일층에 에어컨 켜져있니"
2,"너 지금 어디있는지 위치를 알려라"
2,"내가 포도주 어디에다 놔 뒀지"
2,"인터넷 예금 종류는 어떤 종류가 있어 "
2,"회사 메일 다 읽었니"
2,"수신안된 메일 갯수가 얼마니"
2,"이번주 금요일 날씨 어떠니"
2,"목요일 자외선 지수 얼마나 되는지 확인해 주겠니"
2,"오늘 교수님한테 온 이메일 제목 확인해서 알려줘"
2,"여러분은 고약한 버릇이 있나요 그게 뭔가요"
2,"안방 온도 확인해줘"
2,"남자친구랑 일주년이 언젠지 확인해줘"
2,"첨부자료가 있는 메일 알려줘"
2,"올해 할아버지 기일이 언제인지 아니"
2,"오늘 세차해도 괜찮을까"
2,"하나님의 실수로 창조된 산은"
2,"분반 테스트 결과 어떻게 나왔어"
2,"동창 메일 주소가 주소록에 있니"
2,"남산터널이 붐비는지 알고싶어"
2,"이번 주에 운동을 몇 시간 했는지 알려줘"
2,"신정은 무슨 요일이지"
2,"목요일 오후 날씨 어떤지 알려줘"
2,"풍랑주의보가 지금 어디에 발령되었는지 알려줘"
2,"다음 주 학과장 회의가 몇 시지"
2,"학교에서 보건검사를 한다던데 어디로 가야하니 "
2,"요즘에도 자전거타고 학교 다니는 거야 "
2,"이번 달 전기요금 내는 날 지났는지 확인해봐"
2,"내일 어디에서 탁구 치기로 했니"
2,"교수님께서 메일을 보내셨니"
2,"오늘 소나기는 언제 내릴까"
2,"오늘 저녁 약속시간 알려줘"
2,"메일함에 메일이 총 몇 개니"
2,"오늘 다섯시에 풍속이 몇인지 아니"
2,"내일 날씨가 오리털 점퍼 입을만큼 추울까"
2,"내일 수업 시간표 어떻게 되지"
2,"지금 거실 온도 몇이니"
2,"작년보다 올해 얼마나 더 더운지 알려줘"
2,"오전에 시험 합격 메일이 왔니"
2,"내일 한강에 비가 오는지 알려줘"
2,"오늘 마스크를 껴야 될 정도로 공기가 나쁜지 알려줘"
2,"임용고시 준비는 잘 되가"
2,"기억은 되돌아 온거야 괜찮니"
2,"내년 추석 예상 날씨가"
2,"동아리 기모임 날짜 언제야"
2,"주말에 미세먼지 농도 확인해줘"
2,"일주일 동안 몇 통의 메일이 왔는지 알려줘"
2,"보일러 켜져있는지 확인해줘"
2,"냉장고 온도가 얼마야"
2,"부산에서 서울 간 케이티엑스 특실 가격은"
2,"다음주 주말 제주도 날씨 아니"
2,"이번주 목요일 치과 몇시 예약이니"
2,"내가 최근에 보낸 메일이 뭐 있는지 확인해줘"
2,"금요일 저녁 친구를 어디서 만나기로 했는지 알려줘"
2,"아들 수련회 언제 가니"
2,"국제포럼이 몇 시에 시작하니"
2,"회사 회의 몇시로 변경됐니"
2,"투표일이 언제야"
2,"내가 꼭 확인해야 하는 중요 메일이 있니"
2,"오늘이 어제보다 기온이 높은지 알려줘"
2,"사용할 인터넷 회사의 사용지침서를 읽을 수 있니"
2,"오늘 점심식사 예약 시간 언제야"
2,"이번주 목요일 체감온도가 몇도인지 알려줘"
2,"유월 평균최고기온이 몇도니"
2,"내일 최저기온 몇 도 까지 떨어지니"
2,"중요 편지함에 있는 메일 몇 개나 있니"
2,"다음 달에 멘토링 일정이 있는지 확인해줘"
2,"어머니 생신이 언제인지 알려줘"
2,"상속세 관련 기사를 보여라"
2,"최경주 선수의 근황에 관련된 기사 찾아주렴"
2,"오늘 받은 메일 비워졌니"
2,"전국 현재 레이더 영상 보여줄래"
2,"지혜로운 아비가일은 나발이 죽고 누구의 아내가 되었나요"
2,"이번 주에 눈 언제 와"
2,"다음주 월요일은 날씨가 맑니"
2,"내일 강우량 알려줄래"
2,"내일 날씨 알려줘"
2,"에어컨 온도가 몇 도로 설정되어 있니"
2,"오늘 파도는 얼마나 세니"
2,"맨 앞에서 탈까 맨 뒤에서 탈까 "
2,"외출 금지 날씨 알려줘"
2,"현재 독도 해상 파도 높이 좀 알 수 있을까"
2,"은정이 생일이 언제니"
2,"이따가 밤에 바람 많이 부는지 찾아봐"
2,"경위는요"
2,"대출 상품이 많기는 한거 같은데 나한테 맞는 게 뭐가 있을까"
2,"주말에 메일 얼마나 왔니"
2,"내가 보낸 메일 수신 여부 확인 좀 해줘"
2,"설계 참고 문서 정리 언제까지 하면 되죠"
2,"언제 교육방송에서 수학방송 하지"
2,"사냥꾼에게 생포된 곰이 하는 말은"
2,"방금 보낸 메일에 사진이 첨부되었는지 확인해줘"
2,"베란다에 문이 열려있니"
2,"우리나라 날씨와 세계날씨에 대해서 알고 싶은데요"
2,"토요일에 오빠랑 몇시에 만나기로 했니"
2,"요번주 비 제일 많이 오는날 확인해"
2,"현관 비밀번호 바꾼지 얼마나 됐니"
2,"내가 어제 누구한테 메일을 보냈는지 확인해줘"
2,"남자친구랑 기념일 며칠 남았어"
2,"아침식사를 안 하면 요금이 얼마니"
2,"재난재해 정보 검색해줘"
2,"시월달 동경 기온을 찾아라"
2,"비가 언제 그치는 지 알려줘"
2,"내일 오후 날씨 어떤지 알려줘"
2,"다음달 둘째주 수요일 저녁약속 확인해줘"
2,"이번 주에 비가 내리는지 확인해줘"
2,"자외선 지수가 어떤지 체크해줄래"
2,"수강철회신청이 언제까지니"
2,"오늘 우산 필요한지 알 수 있을까"
2,"방금 보낸 메일 수신 확인해줘"
2,"무선청소기 충전해야하니"
2,"내일 점심 일정 알려줘"
2,"양재동에서 교육문화회관은 어떻게 간데"
2,"지하철 요즘도 위험하니"
2,"내일 미세먼지 농도가 얼마나되니"
2,"신일아 요즘 대리운전 얼마쯤 하냐"
2,"과연 졸업 후에 전공을 살려서 취업할 수 있겠어 "
2,"막내의 개학이 며칠인데"
2,"이번 주 회사 회의 일정 알려줘"
2,"내일 기온이 가장 낮을때가 몇시인지 알려줘"
2,"오늘 오후 일정 알려줘"
2,"안읽은 메일 중에 스팸메일 포함되어 있니"
2,"안방 전기장판 켜져있는지 확인해"
2,"인천시 동인천역 근처 세차장"
2,"다음주 수요일에 스케줄이 있니"
2,"포항에 정신과 어디 있는 줄 아냐"
2,"내년 설날 며칠 쉬게 되는 알려줘"
2,"일본 지진피해 규모가 어떻게 되니"
2,"보험 약관 대출 받으면 얼마 정도 대출 받을 수 있을까 "
2,"오늘 과제제출 몇시에 할거야"
2,"아달랴가 모든 왕자들을 죽일때 요아스왕자를 품에 안고 육 년동안 키운 여인은"
2,"다음달 이십칠일에 어떤 일정이 있니"
2,"서울 꽃씨 날림 알려주겠니"
2,"올해 복날은 언제야"
2,"오늘 제주도에 바람이 얼마나 부는지 알려줘"
2,"고속도로와 국도중 어느 길이 낫지"
2,"단양 인터체인지에서 경주 인터체인지까지 가스충전소가 있는 휴게소는 몇 군데지"
2,"월간 날씨 알려줘"
2,"이번주 목요일에 일정 있는지 확인해"
2,"가스 점검일인데 이번달 가스 사용량이 얼마니"
2,"바이러스 메일이 있는지 검사했니"
2,"서울까지 요금은 얼마야"
2,"내일 합정동 온도가 어때"
2,"요번 달 이벤트 메일 전부 보여줄래"
2,"나 약국 가는 데 뭐 필요한 거 없어 "
2,"읽지 않은 메일 있는지 확인해줘"
2,"어제랑 비교했을 때 오늘 날씨 어때"
2,"이번달 전에 온 메일도 있니"
2,"방탄소년단 컴백 날짜 언제인지 알려줘"
2,"서울대 근처 많이 가는 맥주집은 어떻게 갈까"
2,"저번주 비가 온 날짜좀 알려줘"
2,"최저온도가 몇도인지 알려줘"
2,"내일 서울 일출시간 아니"
2,"혜화에서 연극 몇시에 보는지 알려줘"
2,"다음주 퍼스널 트레이닝 수업을 모두 취소되어 있니"
2,"서울 도봉구 오전 예보 알려주겠니"
2,"다음 주 조기축구회는 어디서 하지"
2,"교통사고에 의한 법적소송의 자세한 예가 없을까요 "
2,"오늘 만나서 뭐 할래"
2,"메일 자동 청구서함에 청구서 몇 통이나 왔는지 알려줄래"
2,"이번 주말 강수확률 어떤지 아니"
2,"이번 달에 있는 이벤트 이메일 전부 보여라"
2,"방사선 수치 검색해줘"
2,"모레 간조랑 만조시간 좀 알려줘"
2,"건강보험의 일년 금액은 얼마에요"
2,"오늘 오후에 회사에 보낸 메일의 발신 여부 좀 확인해줘"
2,"화요일에 눈이 오는지 알려줘"
2,"금요일에 아빠랑 어느 놀이동산 가기로 했니"
2,"일요일에 동생이랑 무슨 공연 보기로 했니"
2,"내일모레 점심 약속 시간이 언제니"
2,"옛날 생각난다 너 어릴 때는 귀여웠는데 지금은 어떠니 "
2,"오늘 자외선 예보를 알려줘"
2,"요즘 예금 상품이 많던데 뭐가 좋은 건지 모르겠어"
2,"홍대 근처 순두부 전문점은 어디일까"
2,"버스가 좋을까 지하철을 타고 가는 것이 빠를까"
2,"현관문 잠겨 있는지 확인해줄래"
2,"주식에는 손대지 않는 것이 낫다고들 하는데 왜 그런거죠"
2,"현재 런던 날씨는 어떤지 아니"
2,"마티니요 그게 무슨 뜻이에요"
2,"일요일 오후에 일정이 비어있니"
2,"수신함에 이메일들 다 수신확인 되어져있니"
3,"지금은 점심시간이야 너도 집에 있다고 밥 거르지 말고 먹어"
3,"선풍기 풍량 강으로 변경해줘"
3,"방금 지운 메일 다시 복구시켜줘"
3,"거래처에서 온 메일 교수님에게 전달해줘"
3,"가서 씻어"
3,"십분 후면 도착하니까 미리 주문해 놔요"
3,"상업용 목적의 이메일은 모두 삭제해줘"
3,"오늘 저녁 술 약속 취소해줘"
3,"치과에서 온 예약메일 일정에 추가해줘"
3,"미안한데 스탠드  전구 좀 교체해줘"
3,"다음주 수요일에 물놀이 일정 추가해"
3,"티비 이전채널로 돌려줘"
3,"새벽에 기온 내려가면 보일러 좀 켜줄래"
3,"오늘 온 이메일 확인해 보겠니"
3,"방금 온 메일 첨부파일 다운 받아줄래"
3,"이번주 금요일 친구 결혼식 일정 입력해줘"
3,"칠월칠일 보낸 메일 지워줘"
3,"저번달 쇼핑몰 할인 이벤트 메일 전부 지워줘"
3,"내일 아침 일곱시에 알람 맞춰줄래"
3,"물속에 너무 오래 있지 말고"
3,"매일 아침 일곱시에 알람 울려줘"
3,"건너방에 에어컨 좀 틀어줘"
3,"보관함에 있는 이메일 제목 중 케이티가 포함된 이메일을 삭제 해줄래"
3,"핸드폰 충전기 전원을 켜줄 수 있니"
3,"화장품 할인 광고 메일 전부 삭제해줘"
3,"너 바쁘다고 아침밥 거르지 말고 꼭 챙겨먹어라"
3,"다음주 휴가 스케줄 입력해줘"
3,"내일 오후 열시 벌점 청소 일정 추가해"
3,"안방 불 켜 줘"
3,"트윈으로 예약하고 싶어요"
3,"세탁물 십 오 분 간 탈수시켜주라"
3,"대형우량주를 사는 게 좋을 거야"
3,"에어컨 난방으로 바꿔줘"
3,"거긴 우회전 안되니까 뒷길로 와"
3,"교수님께 이번주 일요일 열두시에 예약발송 해줘"
3,"첨부파일 있는 메일 빼고 모두 삭제해줘"
3,"상품 개발이 끊임없이 이뤄져야 해"
3,"옐로칩들에 주목하세요"
3,"에어컨 온도 이도만 더 낮춰줘"
3,"피씨방 가자"
3,"삼주 전에 온 메일 좀 검색해 주겠니"
3,"목요일 아홉시에 프로젝트 회의 추가해"
3,"보일러 취침 모드로 바꿔줘"
3,"삼일 전에 온 메일 좀 검색해 주겠니"
3,"안방에 불 꺼 줄수있니"
3,"곧 비 올 것 같다 일찍 들어와라"
3,"구월 이십삼일 사귀기 시작한날 삭제해줘"
3,"트렁크 열어"
3,"좀 더 조명 땡겨라 한발짝만 그래그래"
3,"쿠쿠 찜요리로 작동시켜줘"
3,"보일러 꺼줘"
3,"신나는 음악을 틀어줘"
3,"보내는 사람 이름을 수정해주라"
3,"이 메일 오후 세시에 예약 발신해줘"
3,"하지 말랬다"
3,"주식투자는 무리하게 욕심 부리지 않는 게 중요해"
3,"국장님한테 문자 넣어"
3,"다음주 화요일 친구와 저녁 식사 취소해줘"
3,"내일 숙제 좀 같이 해주세요"
3,"입금 확인 메일 전부 검색해 줄 수 있니"
3,"어제 온 메일 임시 보관함에 넣어줘"
3,"내일 에어컨 수리기사 방문 일정 저장해줘"
3,"내일 강남역 약속 추가해줘"
3,"칠월십칠일 보낸메일 삭제해줘"
3,"매주 수요일 오후 일곱시부터 아홉시까지 운동 일정 추가해줘"
3,"거실에 에어컨 틀어주겠니"
3,"내일 일정 전부 취소해줘"
3,"앞 좌석에 앉아서 운전지도 좀 해줄래 "
3,"오늘 저녁 약속을 취소해줄 수 있니"
3,"오후 두시에 로봇 청소기 예약해 놔"
3,"신촌 현대백화점 앞에 여섯 시까지 모이세요"
3,"부엌에 환풍기 좀 틀어줘"
3,"구일에 있는 과제 제출 일정 구일 열한시까지로 해주겠니"
3,"분명히 해"
3,"다음 주 수요일에 행사에 와서 도와줄래 "
3,"내일 아침 회의 알람 진동으로 알려줘 "
3,"가족 한 명 삭제해"
3,"앞서서 출발했어 뒤따라와"
3,"한달전에 받은 메일 검색해서 지워줄수있겠니"
3,"학교 졸업식 삼월 마지막 주 일요일에 기록해줄래"
3,"이 메일을 오후 다섯시에 보내도록 예약해"
3,"에어컨 풍량 세게해줄 수 있니"
3,"방과후 컴퓨터수업 일정 모두 취소해줘 "
3,"매주 화요일과 목요일 오후 여섯시 폴댄스 일정 추가해줘"
3,"여자 조심해"
3,"휴지통에 있는 메일 다 지워줘"
3,"내게 쓴 메일함에 있는 오래된 메일 지워줘"
3,"휴지통에 있는 메일 다시 복구시켜줘"
3,"난방 외출모드로 바꿔줘"
3,"에어컨 공기청정 모드로 켜줘"
3,"뉴스메일 다 검색해줘"
3,"머리 아프다고 자꾸 약 먹으면 안돼요"
3,"거실 불 밝기좀 낮춰주겠니"
3,"팔월 일일 내 생일 일정 추가해줘"
3,"임원들은 여섯 시까지 교회 육층 청년회실에서 만납시다"
3,"너 오늘 월급날이지 한턱 쏴"
3,"오늘 회사에서 온 메일을 중요 메일함으로 옮겨줘"
3,"학교에서 온 지운 메일 복구 해 줄 수 있니"
3,"휴지통에 있는 메일 모두 지워줘"
3,"홈씨어터 좀 켜주겠니"
3,"웨딩 촬영할 때 네가 나 도와줘"
3,"해외에서 온 메일 줄겨찾기 폴더로 이동할수 있니"
3,"오늘 먼지 주의경보가 있어서 밖에 나가는 거 삼가 하세요"
3,"실내 감시 카메라 거실에 있는 화면 보여줘"
3,"내일 오전에 영화 씨지브이로 확인해주겠니"
3,"에어컨 꺼주겠니"
3,"외출 후에는 반드시 손을 씻어"
3,"대리 이번에 승진한다며 한턱 쏴"
3,"영양제를 한 대 맞고 가세요"
3,"수신자가 여러명인 메일 지워줄 수 있니"
3,"다다음주 화요일 일정 다 취소해줘"
3,"내일까지 모든메일 차단해줘"
3,"지금 세탁을 잠시 중단해줘"
3,"업무내용으로 새로운 편지함 생성해줘"
3,"복도에 댄스 음악 틀어줄래"
3,"메일 이모티콘 크게 해줘"
3,"방금 읽은 메일 수신자 확인해줘"
3,"내일 저녁 약속 취소해줘"
3,"따뜻하게 챙겨 입어"
3,"올 겨울 무지 춥다더라 올해는 난로 설치하자"
3,"선풍기 틀어줘"
3,"내 컴퓨터에 있는 도면 중에서 찾아봐"
3,"보일러 좀 틀어주겠니"
3,"보일러 온도를 낮춰줘"
3,"교육 안내 메일을 삭제할 수 있니"
3,"귀국했다는 소식 들었다 당장 연락해라 보고 싶었다"
3,"오늘밤 심야 영화 보자"
3,"담주에 동기 모임 건대로 설정해줘"
3,"최신 가요 일위 틀어줘"
3,"장기간 횡보하던 주가가 움직이면 주목해라"
3,"이거나 먹어"
3,"국악 틀어주고 볼륨 높여줄 수 있어"
3,"월요일 오후 네시에 일식집 가기 일정 삭제해줘"
3,"강아지와 함께 거실을 한 바퀴 돌아"
3,"발송 확인 메일 같은 주소로 보내줘"
3,"부동산 말고 해외 펀드 투자를 해 보는 것이 어때 "
3,"이번주까지 비행기표 사라고 금요일에 알려줘"
3,"저녁 같이 합시다"
3,"스팸 메일함은 모두 삭제해줘"
3,"안방에 선풍기 좀 꺼줄 수 있니"
3,"안방에 있는 스탠드 꺼"
3,"이 이메일에 내 다른 계정을 하나 더 추가해줘"
3,"햇빛이 따가운 오늘 같은 날은 썬 크림을 발라야 해"
3,"선급 비용에 대해서 회계 처리해"
3,"방금 삭제한 메일 복구 해줘"
3,"구글에서 온 메일 확인해"
3,"업종선택에 있어서 유연성이 필요해"
3,"다음달 팔일에 월드컵개막식 일정 추가해"
3,"회원 전체 벚꽃놀이 행사를 준비하였으니 참여 바랍니다"
3,"받은 편지함에서 장민하에게서 온 이메일을 검색해줘"
3,"내일 교수님한테 열시에 찾아뵙겠다고 메일 보내"
3,"베란다 빼고 모두 소등해줘"
3,"헬스장 등록해주는 정도의 센스가 필요함"
3,"지금부터 한시간 동안 공기청정기 틀어줘"
3,"거실 불 좀 꺼줘"
3,"이번 달 전력 소비를 저번 달 것과 비교해 보여줘"
3,"너는 내가 너랑 무지 친한 줄 알드라 말 걸지마 난 니가 싫어"
3,"동아리 연합 엠티 가는 날을 알려라"
3,"날씨 쨍쨍한데 이불이나 말려라"
3,"선풍이 약풍으로 켜줘"
3,"성적 확인 메일 모두 읽음 표시해줘"
3,"오후 여덟시에 뉴스하면 티비좀 켜줘"
3,"과장님 화나셨어 빨리 와"
3,"컴퓨터 관련 책 좀 빌릴 수 있을까"
3,"임시 보관함에 있는 메일 전부 보내주겠니"
3,"이번달 독서 모임 날짜를 달력에 입력해줘"
3,"이월에 온 메일 모두 회사로 전달해줘"
3,"따뜻하게 챙겨 입어"
3,"라디오에서 팝송 틀어줄수 있니"
3,"인터넷 쇼핑몰을 운영하게 됐어 가입해라 "
3,"다음주 월요일에 시험이 있다고 추가해 줄래"
3,"뷔페 이용권이 생겼는데 같이 갈래 "
3,"건강한 체중을 유지하는 것도 중요해"
3,"아침 여섯시 삼십분에 이 번 시디로 켜"
3,"어제 온 메일좀 검색해"
3,"이번년도 이월에 왔던 메일 확인해 줄수 있니"
3,"다음 주 토요일 점심에 드라이브 일정 추가해줘"
3,"어제 거래처에서 온 메일 삭제해줘"
3,"수아랑 연락 끊어"
3,"그리고 오븐 온도를 이백도로 올려줘"
3,"삼일뒤에 시계수리일정 추가해"
3,"있다가 보자"
3,"창사 기념일의 행사를 기획 해 보게"
3,"거실에 있는 씨씨티비를 켜주겠니"
3,"이런 날에는 두꺼운 외투를 걸치는 편이 좋아요"
3,"다음주 목요일 저녁약속 삭제해줘"
3,"현관문 열어줘"
3,"정확한 해외증시를 알기 위해서는 해외 증권관련 전문 사이트를 가보는 게 좋아"
3,"집안 온도 삼도 낮춰라"
3,"법원 메일 확인해"
3,"십일후 일어나는 알람을 일곱시로 변경 가능해"
3,"너 자연스럽게 굴어"
3,"다음 달 십오일에 생일파티 일정 추가해줘"
3,"오늘 온 메일 모두 지워줘"
3,"일찍 들어가"
3,"자동이체 안하면 연체되기 쉬워"
3,"지운 메일 다시 복원 시켜줘"
3,"아침 일곱 시에 커튼을 열어주겠니"
3,"내일 저녁 수영 강습 스케줄을 추가해줄 수 있니"
3,"거실에 있는 에어컨 두시간 뒤에 꺼줘"
3,"주식투자는 절대적 유연성이 필요해"
3,"내게 쓴 메일함 모두 지워줘"
3,"모든 방에 에어컨 틀어줘"
3,"그냥 화장품이나 하나 사죠"
3,"축구 주간 엠브이피에 관한 기사를 찾아줄래"
3,"휴가중에 자동답장 기능 켜줘"
3,"귀찮아도 칫솔질 열심히 해"
3,"내일 햇빛이 강하지 않다니까 수영장 가자"
3,"내가 외출하고 십분 뒤에 불 꺼줘"
3,"이번주 일요일에 소개팅 일정 추가해줘"
3,"두시에 가스불 잠궈줘"
3,"이 주소 차단해줘"
3,"컴퓨터 사진 폴더에 있는 사진들을 전부 삭제해줘"
3,"이 메일 삭제 금지 해줘"
3,"환기 작동해줘"
3,"교수님한테 온 메일 모두 지워줘"
3,"스팸메일함에 있는 메일 휴지통으로 옮겨줄래"
3,"작년 메일을 전부 백업해"
3,"어젯밤 본 이메일 다 지워줄래"
3,"실내온도 이십사도가 되면 에어컨 꺼줄 수 있니"
3,"난방 조금만 약하게 틀어줄 수 있니"
3,"집에 비디오카메라 챙겨와"
3,"내일 모레 동창 모임을 추가해줘"
3,"에어컨 좀 켜 줘"
3,"미리미리 가족 계획을 짜셨다면 안전한 산후 피임 잊지마세요"
3,"지난주에 온 메일 모두 지워줘"
3,"저번주에 수신한 메일 모두 보관함에 모아줘"
3,"너무 먹고 싶어"
3,"야 말나온 김에 니네 어머니한테 메주 좀 팔라 그래라 "
3,"만날 장소는 롯데리아로 입력해줘"
3,"케이비에스일 티비로 돌려"
3,"안방에 스탠드 빼고 불 꺼줄 수 있니"
3,"보일러 온도 좀 낮춰줄 수 있니"
3,"내일까지는 수선해 주셔야지"
3,"어제 온 메일 좀 검색해"
3,"한 시간 마다 실내기온 좀 체크해줘"
3,"메가스터디에서 온 메일 확인좀 해줘"
3,"일회용품을 사용하지 맙시다"
3,"임시 저장함에 있는 메일 모두 발송해줘"
3,"다음 달 여름 휴가 일정은 제주도로 추가해줘"
3,"에어컨 켜줘"
3,"관계없는 사람까지 끌어 들이지 마"
3,"열시에 조명 좀 켜줄래"
3,"회사에서 온 메일 검색 해줄 수 있니"
3,"차선 바꿀 때 항상 주의해"
3,"보고만 있을 거예요"
3,"오늘 오후 열한시에 화상전화 해야한다고 등록해줘"
3,"어제랑 오늘 온 메일 보여줘"
3,"이번주 주말까지 니가 쓴 극본 나한테 메일로 보내줘"
3,"이마트 할인 정보 메일을 프린터 가능해"
3,"거기 따뜻해 얇은 옷으로 챙겨 가"
3,"메일 오면 바로 알려줄 수 있어"
3,"오늘 저녁 운동을 취소하고 내일 같은 시간으로 미뤄줘"
3,"지난주에 온 메일 검색해주겠니"
3,"외부인의 침투가 발견되면 경보를 울려라"
3,"이번 주부터 집 근처에 있는 교회 꼭 나가"
3,"강준형은 지가 구해냈다구 생색내나 본데 그러시라 그러구 니가 관리 잘 해"
3,"교통 법규 위반 하지 마"
3,"받은 편지함에서 에어비엔비에서 온 메일 전부 삭제해줄 수 있겠니"
3,"거실 진열장의 조명만 켜줄 수 있니"
3,"조금만 더 빨리 해줄 수 있어"
3,"음악 시디를 한 번 더 돌려주라"
3,"프로그램은 오른쪽 상단의 첨부 파일에서다운 받으시 길 바랍니다"
3,"이번 일주일 동안 거래처에서 오는 것 빼고 모든 메일 알람을 꺼 줘"
3,"텔레비전 불륨 낮혀줘"
3,"목요일 저랑 만나주세요"
3,"그만한 곳 없다 그냥 버텨봐 다른 곳도 다 마찬가지다"
3,"너가 고객의 입장이 되어 보도록 해"
3,"그런 마음가짐으로는 서비스 업에 종사할 수 없어"
3,"방은 바다가 보이는 방향으로 예약해"
3,"시험 날 아침에는 여유 있게 준비하는 게 좋아"
3,"안방 밝기 좀 조절 해줄수 있니"
3,"슬픈 노래 틀어줘"
3,"스팸함에 비밀번호 찾기랑 관련된 이메일은 일반으로 구분해줘"
3,"에어컨을 켜라"
3,"가스 켜줘"
3,"보일러 온수 틀어줄 수 있니 "
3,"교수님이 보낸 메일들 중요표시 해줄래"
3,"이번 주 화요일에 제사 가는거 기록해"
3,"이 분 다들 조심해요"
3,"이 사람 이메일 주소를 자주 사용하는 이메일 주소에 등록해라"
3,"스팀다리미 중간으로 켜줄래"
3,"토요일에 온 메일 전부 삭제해줄 수 있니"
3,"노래 소리가 너무 작다 음량 좀 키워 줘"
3,"방금 온 메일 알겠다고 답장해줘"
3,"전자금융거래와 계좌 비밀번호를 다르게 사용해"
3,"어제 온 이메일 중 인터뷰 일정에 대한 내용을 검색할 수 있니"
3,"모의투자 시스템으로 주식투자를 연습해보세요"
3,"가스레인지 불을 두단계로 줄여줄 수 있니"
3,"메일함에 있는 모든 수신 메일 지워줘"
3,"눈도 이렇게 오는데 웬만하면 그냥 택시 타고 와"
3,"시월 십일 돌잔치 일정 추가해"
3,"내일 저녁 약속 일정에서 삭제해줄래"
3,"겨울이 되면 실외 스케이트장 꼭 가보자"
3,"거실에 창문 좀 닫아줘"
3,"생각하시나요 작은 가능성도 덮어두지마세요"
3,"기획 서에 따른 세부사항을 짜보도록 하게"
3,"내일 아침 일곱시 조깅 일정 알람 맞춰줘"
3,"에어컨 온도 좀 낮춰줘"
3,"이번 휴가 때는 같이 스킨스쿠버를 해 보지 않을래 "
3,"아까 보내드린 서류 결재 부탁 드립니다"
3,"이번에 받은 설문지 열어줘"
3,"너 여자친구한테 메일 좀 보내 "
3,"우산 가져가"
3,"담주에 가족 모임 한시간 앞당겨줘"
3,"커튼 반만 열어라"
3,"택시 할증 붙기 전에 얼른 타고 와"
3,"어제 오후 두시에서 세시 복도 사진 보여줄 수 있니 "
3,"습도 너무 높으면 자동으로 제습기 켜줘"
3,"기간에 맞춰 신청바랍니다"
3,"이번주 오전 여섯시 수업 오전일곱시로 입력해줘"
3,"주식을 살 때는 여러 차례에 걸쳐 나누어 사야해"
3,"다음 주 평일 오후 여덟시에 운동일정 전부 추가해줘"
3,"환풍기 좀 켜봐"
3,"호법 분기점의 교통 흐름을 보여줄래"
3,"엄마가 너 빨리 들어오래"
3,"이번 여행 기간을 하루 늦춰줘"
3,"오늘 두 시에 회의 있는 거 잊지 않으셨죠"
3,"비가 그치면 알려줘"
3,"우리집에서 제일 가까운 아이스크림집으로 입력해줘"
3,"팔월 구일 친구 결혼식 일정 추가해주겠니"
3,"자동차 안에서 에어컨을 틀어 놓고 잠들면 위험해"
3,"장외 종목은 제외 시키세요"
3,"십오 분 후에 거실 불을 켜 줘"
3,"멀리 보고 살아 이 순간 어려운 일이라고 회피하지 말고"
3,"오늘 새벽 일곱시에 온 메일 스팸 처리 해줘"
3,"메일 보호조치 해제해"
3,"거실 중앙 등마나 켜줄수 있니"
3,"학교 운동장에서 좀 뛰자"
3,"편지 마지막에 서명 추가해 줄래"
3,"이번 주 영화 보기로 한 거 예매 좀 부탁해 "
3,"대건 고등학교 앞에서 두 시간 뒤에 보자"
3,"최근 수신된 메일 날짜별로 보여라"
3,"회사에서 온 메일 검색해줘"
3,"지금 집에 있는 모든 불 꺼줄 수 있니"
3,"간만에 시골길 드라이브 어때 "
3,"안방 티비 켜줘"
3,"내일 오전 열한시에 부산행 케이티엑스 열차 출발 일정 추가해줘"
3,"이 메일은 지울 수 있니"
3,"내일 오후 두시에 공원가기 일정 추가해"
3,"어제 받은 메일을 모두 중요편지함으로 옮겨줄래"
3,"휴지통에 있는 메일을 모두 영구 삭제해줘"
3,"그래 추우니까 우리 따뜻한 거 마시면서 얘기하자"
3,"단체 발송된 메일들 모두 휴지통으로 보내줄래"
3,"다음달까지 매주 월요일마다 과제 제출 일정 추가해줘"
3,"바로 찜질 방 가면 안 된다"
3,"핫플레이트 중간 으로 작동시킬래"
3,"무슨 수를 써서든 다시 보내"
3,"나 봐 봐요"
3,"작은방 온도 삼십이도로 할수있니"
3,"욕 나오게 하지마"
3,"보험회사에서 온 메일 모두 열어줘"
3,"회사에서 온 메일 전달하기로 다시 보내줘"
3,"컴퓨터 켜놔 줄 수 있니"
3,"대문 잠가라"
3,"실기실 앞에서 보자 "
3,"첨부파일 만료된 메일들 지워줘"
3,"열두시에 불 꺼줄 수 있니"
3,"부엌 조명 켜주라"
3,"다음 주 고등학교 동창모임 장소는 한강으로 입력해줘"
3,"가만 있어봐"
3,"실내 온도 이십오도로 유지시켜줘"
3,"메일의 환경설정에서 계정 탭으로 이동시켜줘"
3,"에어컨 온도좀 십팔도로 해줄수 있니"
3,"아메리카라는 메일 검색좀 해줄수 있니"
3,"내일 메일 오면 중요 메일함에 모두 저장해줘"
3,"메일함에 읽지 않은 메일 모두 삭제 가능하니"
3,"어제 보낸 메일 다시 보내기 해"
3,"친구한테 내일 보자고 메일 보내줘"
3,"이번주 목요일 저녁 필라테스 수업 일정을 취소해줘"
3,"더워도 몸 생각해서 따뜻한 물 마셔"
3,"전기 포트 물 미지근하게 끊여줘"
3,"지메일에서 아웃룩 이메일로 이동해줘"
3,"스테레오 모드로 해주겠니"
3,"한의원에 한 번 가보세요"
3,"오늘 내가 보낸 메일 검색해줄 수 있니"
3,"컴퓨터 사용 너무 많이 하지 마"
3,"첨부 파일을 다운로드 해주겠니"
3,"이베이에서 온 메일을 모두 삭제해"
3,"저는 당신과 밥을 먹고 영화보거나 차 마시고 싶어요"
3,"이 번에 첫 월급 탔다며 한 턱 쏴라"
3,"우리가 항상 우정을 지키도록 약속하자"
3,"다음주 일본 출장 일정 추가해줘"
3,"캔디 파일 홈페이지 바로가기 는 위에 이미지 클릭 하시면되구요"
3,"내일 점심에 롯데리아 일정 추가해"
3,"십메가 이상 메일들 다 삭제해줄래"
3,"생활용품을 주문해줘"
3,"관심 있는분들은 하단 의 이벤트 페이지를 참고하세요"
3,"메가박스에서 보낸 예매 확인 메일을 확인해줄 수 있니"
3,"이메일 발송 내일로 예약해줘"
3,"가스레인지 벨브 좀 잠궈줘"
3,"세시간 동안 온 메일만 확인해줘"
3,"내일 아침에 있는 운동 한시간 미뤄줘"
3,"채무자에게 효과적인 변제 방안을 제시해 줄 것을 요구한다"
3,"금요일 회식 일정에서 삭제해줘"
3,"지운편지함 중 오늘지운메일 확인해줄수있니"
3,"두 시에 엠비씨에서 하는 티비 드라마 녹화해 놔"
3,"에어컨 온도 좀 낮춰 주겠니"
3,"운동하고 싶으면 먼저 일찍 일어나 봐"
3,"메일 로그아웃 해줘"
3,"지운편지함 메일 전부 복구 해줄 수 있니"
3,"무조건 안 먹으면 나중에 요요로 더 고생한다니까"
3,"대략 그 때까지 모두 완성 해보시죠"
3,"만나고 싶으면 먼저 연락해 봐"
3,"티브이 실시간 시청률 높은 채널로 변경해줄 수 있니"
3,"학생증이 발급되었으니까 찾아가세요"
3,"선배 밖에 있지 들어와 봐 계란이 없어 어 선배"
3,"스탠드 켜 줄 수 있니"
3,"오늘 오후 팀 회의 취소해줘"
3,"이번주에 사수랑 미팅있는 날마다 그날 아침에 알려줘"
3,"냉장고 안에 잡채 데워먹어"
3,"쇼핑 뉴스레터 온 것 모두 지워줘"
3,"버스 안이겠네 자요"
3,"내일 이삿짐센터 예약일로 입력해줘"
3,"전체 읽음으로 바꿔줘"
3,"환승 버스에선 꼭 카드를 찍고 내려라"
3,"메일 수신함 전체 삭제해주고 휴지통도 비워줘"
3,"오늘 다섯시에 택배 받기 일정 추가해줘"
3,"너무 욕심 부리지 말고 지금 팔아"
3,"드레스 룸에 밝기 조절 좀 해주겠니"
3,"욕실 불 좀 꺼줄래"
3,"내게 쓴 메일함 지워줘"
3,"냉장고 빼고 모든 가전제품 전원 꺼줘 "
3,"중요편지함에 온 메일을 쓰레기통으로 전부 이동시켜줘"
3,"하지만 여기서 금융 기관의 상술에 주의해야한다"
3,"티비 조명 밝게 조절해줘"
3,"공부만이 살 길이야 열심히 해"
3,"어제 온 메일 검색해줘"
3,"버스운전에는 대형면허가 있어야 합니다"
3,"안방 불 좀 켜줄 수 있니"
3,"에어컨 틀어줘"
3,"말해봐"
3,"교수님이 보내신 메일을 전부 백업해줘"
3,"오늘 경마나 하러 과천 가자"
3,"오늘 오후 다섯시에 가족과 치킨먹기 일정 추가해줘"
3,"내게 쓴 메일함 모두 지워줄래"
3,"에어비엔비에서 온 메일 전부 삭제체워"
3,"한 시간 뒤에 회의일정 넣어줘"
3,"바닥 난방을 켜 줘"
3,"중요 설정 된 메일 중 첨부파일 있는 거 다 다운 좀 받아놓을래"
3,"한달 전부터 지금까지 온 메일 확인좀 해줘"
3,"에어컨 바람 세기 좀 약하게 해줘"
3,"일루 앉어"
3,"공기 좋은 데서 좀 쉬다와"
3,"인터넷 거래 시 사기에 주의하세요"
3,"어제 보다 말은 드라마 있으면 켜줄 수 있니"
3,"서울 리츠칼튼 호텔 예약을 확인해줄래"
3,"아직 안 읽은 메일이 있으면 읽음으로 표시해줄래"
3,"메일 로그아웃 해줄 수 있니"
3,"거실에 있는 조명 밝기를 키워줘"
3,"추천한 레스토랑 친구에게 공유해줘"
3,"에어컨 제습 기능 실행해줘"
3,"블루투스 스피커 좀 켜줘"
3,"제발 주식 많이 하려고 하지 말고 여윳돈으로 조금만 해봐"
3,"많이 바쁘신가봐요 그래도 꿋꿋이 버티세요"
3,"거실 불 좀 꺼줄 수 있니"
3,"내일 중학교 친구들 모임 취소해줄 수 있니"
3,"아이 백업 봇 에서다운 받은 전화 번호를 넣어 주세요"
3,"외우는 게 아니라 이해해야 해"
3,"화장실 불 좀 켜주겠니"
3,"화장실 불좀 꺼줘"
3,"학생들에게 불가능한 과제는 절대 요구하지 않는다"
3,"교수님에게 메일이 오면 푸시로 나한테 알려줘"
3,"거실에 선풍기 좀 틀어줄래 "
3,"거기서 유턴하면 안 된다"
3,"친구들한테서 온 메일 확인해 줄수 있니"
3,"공부하기 전에 계획부터 세워봐"
3,"에어컨 온도 좀 높혀줄 수 있니"
3,"투자하는 게 낫지 않겠니 "
3,"지금 온 메일 삭제해주겠니"
3,"귀사와 영원한 동반자가 되어 주기를 바랍니다"
3,"친구가 보낸 메일을 지워줘"
3,"이 메일주소 자주쓰는 주소로 등록해줘"
3,"강의실 몇 호야 문자로 보내주라"
3,"전기 밥솥 보온으로 해놔"
3,"에어컨 이십분 뒤에 꺼줘"
3,"내일 알바는 저녁으로 미뤄줘"
3,"연수기를 가동시켜주련"
3,"네이버 클라우드에서 사진하나 동생한테 전송해줘"
3,"에어컨 좀 꺼줘"
3,"에어컨 송풍으로 바꿔줘"
3,"음악 틀어줘"
3,"쇼핑몰에서 오는 메일 모두 차단해줘"
3,"주말에 코스트코 가는 거 취소해 줘 "
3,"부엌 팬 작동시켜줘"
3,"에어컨 온도좀 낮춰줘"
3,"이번주 토요일 오후 열 두시에 친구 결혼식 일정 추가해"
3,"이번 주까지 야근 부탁드립니다"
3,"가스 좀 꺼줄래"
3,"베란다 불 켜줄수 있니"
3,"십분 뒤에 현관문 좀 열어줘"
3,"결제괸련 메일 모두 삭제할수 있니"
3,"라디오 볼륨을 사로 맞춰주겠니"
3,"인라인 스케이트를 타고 운동장 한 바퀴 돌아보는 게 어때 "
3,"거실 불 좀 켜줘"
3,"이 주소로 오는 메일은 무조건 스팸메일로 이동시켜줘"
3,"이 주소를 스팸 처리해줘"
3,"내일 오후 네시에 동아리 모임 일정 추가해"
3,"오늘부터 내일까지 회사에서 온 메일은 중요 메일 폴더로 옮겨줘"
3,"보일러를 급탕으로 해주라"
3,"세탁기 멈취 줄 수 있니"
3,"안방 불 꺼줄 수 있니"
3,"비와서 습도가 너무 높은데 가습기 좀 켜봐"
3,"십분뒤 가습기 작동 시켜줘"
3,"세탁기 탈수모드로 바꿔줄래"
3,"블루투스 스피커의 전원을 끌 수 있니"
3,"이천십구년 일월 이일에 치과 일정 추가해줘"
3,"우리 집에 들어가지 말고 정지오한테 가자 "
3,"지은 씨 편한 데서 만나요"
3,"조명이 좀 밝은 거 같으니까 조명 좀 어둡게 해 줘"
3,"티비 먹방 틀어줘"
3,"그러므로 다양하고 풍부한 식생활 을 하는것이 좋습니다"
3,"칠월 십육일 우리팀 은정이 일정 추가해줘"
3,"내일 저녁에 있는 동기 모임 지워줄 수 있니"
3,"시월 이십일에 중간고사 시작으로 디데이 스케줄 넣어"
3,"밥 먹을 장소는 엉터리 생고기로 입력해줘"
3,"오후 아홉시 도착하는 것으로 예약해"
3,"받은 메일함 확인해줘"
3,"티비를 꺼줘라"
3,"가스벨브 좀 꺼 줄 수 있니"
3,"스탠드 조명 좀 더 밝게 해줄래"
3,"해외에서 온 메일 전부 스팸처리 해줄 수 있니"
3,"내일 가족 예배 있으니까 일찍 들어와"
3,"말 잘들어 이쁘다 어머니 밥 줘요"
3,"지금 오토바이 타고 바로 달려 와"
3,"한 턱 쏴"
3,"라디오 볼륨 좀 줄여줘"
3,"씨로 시작하는 메일 검색해 "
3,"만날 장소는 설빙으로 입력해줘"
3,"안 읽은 메일 확인해줘"
3,"부산의 영화제 여행을 예약해"
3,"추가하락에는 분할매수로 대응한다"
3,"내일 밤 스터디 일정을 취소해줄 수 있니"
3,"제일 최근 메일 수신확인 해줘"
3,"마사지 기계의 온열기능을 켜줘"
3,"화장실 환풍기 한시간뒤에 꺼줘"
3,"아이들이 흥미 있는 학습을 할 수 있도록 유도하세요"
3,"참조란에 회사를 넣어줘"
3,"부엌 불 꺼줘"
3,"스팸 메일함 비워줘"
3,"보낸메일함 다 삭제해줘"
3,"오늘 밤에 방화역 오번 출구에서 보자"
3,"수업 끝나고 우리 산책하러 뒷산에 가자"
3,"심권호 선수 관련 기사 찾아주렴"
3,"에스엔에스 알림함 메일 모두 휴지통으로 보내"
3,"어제 온 메일 좀 검색해줘"
3,"어머님 과외비 주시는 날이 한참 지났어요"
3,"거실 선풍기 한시간 취침예약해"
3,"집에 가면 미리 시원하게 에어컨 틀어 줘"
3,"내게 쓴 메일 지워줘"
3,"내일 아침 아홉시에 예약 메일 보내줘"
3,"오빠가 병원도 좀 데려 가드리고 그래"
3,"선택한 메일들 스팸 처리 해 줘"
3,"내게 쓴 메일함 비워줘"
3,"메일 발신자별로 정렬해줘"
3,"방에 있는 불 켜줘"
3,"주식을 한번도 안 해봤다면 모의 투자를 먼저 해봐"
3,"스펨메일함 전부 비워줘"
3,"기차는 이미 예매다 다 끝나 버렸으니 버스표를 알아 봐"
3,"화장실 환풍기 좀 켜줘"
3,"큰방 영상 삭제해 줄수 있니"
3,"방금 읽은 메일 읽지 않음으로 표시해줘"
3,"이번주에 첩부파일이 있는 메일만 정렬해서 핸드폰에 올려줘"
3,"여자친구가 보낸 메일만 중요 표시해줘"
3,"내일 오전 열두시에 수행평가 마감 일정 추가해"
3,"야전침대를 취소해"
3,"페이스북에서 온 메일들 다 휴지통으로 보내줄래"
3,"어리석게 주식에 빠지지 말고 성실하게 적금이나 부어라"
3,"들어가기 전에 먼저 귀중품을 꼭 챙기세요"
3,"복도 불켜라"
3,"추가된 일정 확인해"
3,"다른 것 필요 없고 대리는 그냥 지시대로만 해"
3,"광고 메일 모두 삭제 해줄래"
3,"언제 시간 나면 선생님 한 번 찾아 뵙고 인사 드리도록 해"
3,"텔레비전 밝기 낮춰줄 수 있니"
3,"지난주에 온 메일 모두 지워 줄 수 있니"
3,"좋은 횟집 알아 놨는데 한번 가야지"
3,"이번 주 화요일 목요일 토요일 저녁 과외 일정 저장해줄 수 있니"
3,"과외가 두 시니까 그 전까지는 와야 돼"
3,"거실의 엘이디 선풍기를 작동시켜줘"
3,"목요일 오전 열한시에 부장님과 식사 저장해라"
3,"스팸메세지함에 있는 메일 발신자 차단해줘"
3,"오늘 저녁 약속 장소 강남으로 바꿔줘"
3,"그 약속 지키지는 못했지만 열심히 노력한 것이 헛되지 않도록 마지막까지 최선을 다하자"
3,"대림님께 팩스 온 서류 빨리 가져오라 해"
3,"이차선 도로에서 추월은 절대 금지야"
3,"에어컨 두시간 후에 꺼지도록 예약해줘"
3,"교수님께 온 메일 모두 찾아줘"
3,"우리 정말 그러지 말자"
3,"이 구글 계정의 보안상태 확인관련 메일을 읽어줘"
3,"불쌍하면 같이 먹어주지 왜"
3,"바쁘니내가 너에게 오랜만에 메일 보냈어 확인해봐"
3,"이번 달 이십육 일에 동아리 공연 추가해"
3,"랜덤하게 틀어주겠니"
3,"보일러 온수 온도 사십오도로 맞춰줘"
3,"회사에서 온 메일 학교로 공유해줘"
3,"지금 보고 있는 영화랑 비슷한 장르 검색해줘"
3,"쇼핑 할 곳은 신촌 현대백화점으로 입력해줘"
3,"그냥 지오선배 원래 콘티대로 찍어요 선배님 "
3,"다음주 수요일 저녁 여섯 시 동변동 무대포로 오세요"
3,"조용 조용 조용"
3,"현관에 켜진 불 꺼줘"
3,"힘 써"
3,"다음달 출장 일정 취소해"
3,"오늘 온 메일만 남기고 전부 지워줘"
3,"건강 유지를 위해 이 사과 하나 먹어 봐"
3,"건강 생각해서 보험 하나 들어 둬"
3,"개인 수신함에 취미생활 폴더 등록해줘"
3,"어깨가 뭉쳤는데 맛사지 받으러 가자"
3,"동생방에 에어컨 꺼줘"
3,"주식을 하려면 꼭 여유자금을 가지고 하도록 해"
3,"모니터 화면 좀 크게 키워줄래"
3,"안 읽은 메일 읽어줄 수 있니"
3,"결제관련 메일 검색해"
3,"공기청정기 수면모드로 바꿔줘"
3,"괜찮다 싶으면 면접 약속하면서 만나봐"
3,"선풍기 꺼줄 수 있니"
3,"그냥 빼는 게 제일 좋지 않을까"
3,"은진이 유학 간데 그전에 모이자"
3,"거실 불 키면 에어컨도 같이 틀어 줄 수 있니"
3,"오늘 윤진이에게 받은 메일 팀원 전체에게 공유해 주겠니"
3,"서재 난방 꺼줘"
3,"오늘 많은 비가 예상되오니 안전운전 하세요"
3,"내일 추울 거라니까 옷 많이 겹쳐 입고 나가"
3,"어제 저녁먹었던 식당 다음주 화요일 저녁에 추가해줘"
3,"내일 저녁 모임 장소를 집으로 바꿔줘"
3,"업무에 따른 유의사항도 전달 해 주도록 해"
3,"우리 만나서 영화 보러 가자"
3,"내일 오전 여섯 시에 알람 설정해줘"
3,"이번 주 토요일 직원 모두 워크숍 참석하세요"
3,"거실 온도 좀 올려줘"
3,"복도 카메라 확대해서 보여 줄수 있니"
3,"에어컨 틀어줘"
3,"모든 불 밝기 최대로 해줘"
3,"강아지 좀 깨워라"
3,"날씨가 꽤 추우니 옷 좀 두툼하게 입고 나와"
3,"이 이메일 번역해줘"
3,"해약 하려면 그 은행 삼층에 가야해"
3,"내일 대학교 동창회모임 취소해"
3,"이번 주말에 동대문 가서 쇼핑하자"
3,"스펨 키워드 목록에 게임이라는 단어를 추가해 줄수 있니"
3,"티비음량을 조금 낮게 해줄 수 있니"
3,"작성 중인 메일에 대해 맞춤법을 검사해줘"
3,"티비 육십오번 채널로 바꿔줘"
3,"아들 방에 있는 제습기 전원 꺼줄 수 있니"
3,"중고 스마트 폰 매입 전문가에게 상담 전화한 통화로 고민을 끝 내세요"
3,"내일까지 서류 마무리 짓도록 해"
3,"그 회사는 자산이 없어서 투자하기 위험해"
3,"학생들의 퍼머 및 염색을 일체 금지 합니다"
3,"삼십분 뒤에 히터 틀어줘"
3,"멀티탭 전원 다 차단시켜줘"
3,"엄마에게 물을 가져다 드려라"
3,"예약전송 메일 지금 전부 전송해줘"
3,"부재중 자동응답 기능을 킬 수 있니"
3,"지난달 초에 받은 메일 중에 학교에서 온 메일 검색해줘"
3,"중국 가는 비행기표 예약해보자"
3,"오늘 온 메일들의 파일들을 모아줄 수 있니"
3,"스팸메일함 모두 비워줘"
3,"다음주 금요일 오전 열한시에 회의 일정 추가해 줄 수 있니"
3,"우리 못 본지 꽤 오래 됐네 술 한 잔 해야지 "
3,"집에 커튼좀 다 쳐줘"
3,"우리 집에서 고기나 구워 먹자"
3,"해외 오퍼레이터 부탁해요"
3,"내가 표 끊어 놓을 테니까 터미널로 와"
3,"나중에 얘기해"
3,"오늘 일정의 시간을 한 시간 후로 연기해줘"
3,"선풍기 꺼줘"
3,"교수님께 답장오면 문자로 알려줄래"
3,"어제 온 메일 다 지워"
3,"보일러를 꺼줄수 있겠니"
3,"내일 등산을 갈 계획 중인데 시간 되면 같이 갈까 "
3,"거실 작은 불 켜줘"
3,"내일 춥데 옷 따뜻하게 입고 나가"
3,"경비실을 좀 연결해"
3,"광고가 붙은 메일 스팸 처리해줘"
3,"에어컨 제습 기능 틀어줘"
3,"자세한 건 월요일에 선생님 뵙고 이야기 들어"
3,"자수성가한 사업가의 특강이 있으니까 같이 가자"
3,"제목 없는 메일 전부 삭제해주겠니"
3,"자기 건강은 스스로 지키는 거야 너도 정기 검진 받아봐"
3,"히터 희망온도 이십팔도로 해줘"
3,"신용카드 해외 승인 내역 메일 모두 삭제하고 휴지통비워라"
3,"해당 카드로는 은행 거리를하실수 없습니다 해당 은행으로 문의하십시요"
3,"내일 약속 내일 모레로 옮겨줄 수 있니"
3,"안 읽은 메일을 일괄로 읽음 표시해줄 수 있니"
3,"보일러 희망온도 이십구도로 해주겠니"
3,"이번 달 온 메일 중 탑승권 관련 메일을 찾아줘"
3,"요리할 때 되도록이면 소금사용을 줄이세요"
3,"담아가실 땐한 줄의 덧글을달아 주세요"
3,"인근 올림픽 공원으로 나들이 해 보시는건 어떨까요"
3,"보일러 꺼줄 수 있겠니"
3,"두달 전에 회사에서 온 메일 좀 검색해줘"
3,"공부하다 힘들면 바람 좀 쐬면서 해"
3,"일주일 동안 출장 관계로 부재 알림 답장 보낼 수 있니"
3,"싸우기 싫으면 가만히 좀 있어"
3,"내일 점심 약속을 저녁으로 미뤄줄래"
3,"일곱 시에 저 육교 위에서 볼까"
3,"너 바쁘다고 아침밥 거르지 말고 꼭 챙겨먹어라"
3,"이번달 수도 요금 확인할수 있니"
3,"거실 온도를 이십사도로 맞춰줄 수 있니"
3,"수요일은 힘들 것 같고 다음 주 월요일에 만나기로 하자"
3,"컴퓨터를 켜서 내일 알람 시간을 오전 일곱시로 해줘"
3,"삼십분 후에 가습기 꺼줘"
3,"스피커 소리 좀 낮춰줄 수 있겠니"
3,"내일 네일아트 받으러 뷰티 샵에 가자"
3,"메일 쓰기로 들어가줘"
3,"너 없는 서울이 너무 썰렁하다 어서 올라와"
3,"방금 메일 보낸 사람 차단해줄 수 있어"
3,"텔레비전 켜줘"
3,"임시보관 메일함에 있는 메일을 모두 읽어줘"
3,"부엌 불 좀 꺼줄래"
3,"이 페이지의 메일을 모두 삭제해줘"
3,"인터폰을 경비실로 연결해 줄 수 있니"
3,"안방문을 닫아라"
3,"야간 학우 음악회 있으니 기량을 뽐내세요"
3,"세금계산서 메일을 확인해줘"
3,"내일 낮 열두시에 고모랑 마트가기 일정 추가해"
3,"중요한 메일 검색해줘"
3,"전화를 받아줄 수 있어"
3,"티브이 이전 채널로 변경할 수 있니"
3,"가장 오래된 메일 순서대로 오십개 삭제해줄 수 있니"
3,"오늘은 그냥 푹 쉬자"
3,"어제 온 메일 모두 읽음으로 처리해줘"
3,"제조업과 비제조업을 분명히 구분 해둬라"
3,"통장의 비밀번호를 함부로 누설하면 안 된다"
3,"간사님한테 편지 오면 바로 알려줘"
3,"베란다에 불 꺼줘"
3,"어제 온 메일 학교로 전달해줘"
3,"삼주 전에 온 메일  좀 검색해"
3,"제일 최근에 온 영문메일 한국어로 번역해 줄 수 있니"
3,"브이오디 무료 영화 화면 보여줘"
3,"홍가네된장찌개로 바로 와"
3,"첨부파일이 있는 메일 확인해 줄수 있니"
3,"몇 년 만 견뎌서 경력 쌓자"
3,"내일 오후에 친구와 저녁 약속을 추가해줘"
3,"고객님의 휴면예금 찾아가세요"
3,"좀 더 튕겨 보는 게 좋을듯해"
3,"동영상자료 메일 검색해줘"
3,"전자렌지를 작동시켜줄래"
3,"나하고 내일부터 운동장 다섯 바퀴만 돌자"
3,"화장실에 발라드 노래 틀수 있니"
3,"어제 보낸 메일 중에 수신확인 안된것이 있다면 발신보류좀 해줄래"
3,"벼락 칠 땐 위험하니까 밖에 나가지 마"
3,"기말고사 시험일정을 다음주 화요일부터 금요일까지로 설정해줄래"
3,"내일까지 꼭 한장씩 제출하거라"
3,"우리집 이층에 있는 안방에 있는 에어컨을 미리 켜주겠니"
3,"다음 카페에 공지사항 올렸으니 모두 보도록"
3,"오늘 다섯시에 택배 받기 일정 추가해줄 수 있니"
3,"오늘 저녁부터 매일 학교 운동장 다섯 바퀴씩만 뛰자"
3,"옷 한벌 사줄게 백화점으로 와"
3,"화장실 조명 켜줄수 있니"
3,"거실 오디오 켜줘"
3,"부산 해운대 조선비치호텔 예약을 해줄래"
3,"차단된 메일함 비워줄수 있니 "
3,"선풍기 바람을 좀 더 쎄게 해줄래"
3,"모든 방에 커튼을 켜줘"
3,"회사에서 온 메일 확인해줄수있니"
3,"저번주 목요일에 온 메일 좀 검색해 주겠니"
3,"아버지 승진 기념 외식이니까 저녁 먹지 말고 들어와"
3,"받은 메일을 모두 중요메일로 넣어줘"
3,"주말에 시간 있으면 야외로 나갈까"
3,"알람할 때 큰 소리로 깨워야해"
3,"휴지통에 있는 메일을 복구해줄래"
3,"부엌에 삼십분만 환풍기 돌려줘"
3,"투자 할 때 욕심은 절대 금물 이야"
3,"공기 청정기 틀어서 환기 시켜"
3,"옷방에 불 좀 꺼줘"
3,"한번 공부하기로 마음 먹었으니 다른 것에는 신경 쓰지 마"
3,"햇빛도 무지 강해진데 나 양산 사주라"
3,"저번 주에 메일 온 것 보여줄 수 있니"
3,"도미노 피자 시켜줘"
3,"임시 보관함에 있는 메일 보내줘"
3,"신경 쓸 거 없어"
3,"일월 구일 할머니 제사 일정 입력해줘"
3,"여행 메일 확인해"
3,"이번주 토요일 아침 아홉시에 회사에 예약 메일 보내"
3,"수표 뒤에 이름과 주민 번호를 적어야지"
3,"똑바로 대답 안해 "
3,"다음주 일요일에 학교일정 추가해"
3,"부장님에게 알겠습니다라고 메일 보내줄 수 있니"
3,"김치냉장고 온도를 야채보관상태로 바꾸어줄 수 있겠니"
3,"거실에 햇빛 들어오게 커튼좀 걷어줘"
3,"특별히 신경 좀 써"
3,"여기 음주단속해서 위험해 다른 길로가"
3,"텔레비전 소리 좀 키워줄래"
3,"이건 교수님께 여쭈어보자"
3,"뭐하냐 말 오라 그래"
3,"문 보안 장치 주의를 칼로 잘라 내어 줍니다"
3,"오늘 받은 메일 모두 확인 메일 보낼 수 있니"
3,"어제 했던 예약을 확인해"
3,"칠일전에 온 메일좀 검색해고 두시에온 메일 삭제해줘"
3,"네이버 메일 로그아웃하고 다음 메일로 로그인 해줘"
3,"스탠드 밝기 좀 낮춰줘"
3,"신호등 깜빡일 땐 웬만하면 서 있지 마"
3,"내일 점심에 배터지게 먹어"
3,"인턴에게 언제오니 라고 메일 보내줘"
3,"화분에 물주기 일정 추가해"
3,"별표편지함을 열어줄래"
3,"조명 모두 소등해줄 수 있니"
3,"이틀 후 정수기 점검 날짜라고 추가해줄래"
3,"스탠드 좀 꺼줘"
3,"정윤이로부터 온 메일을 스팸 메일로 보내"
3,"비디오폰 연결해서 밖에 누가 왔나 보여라"
3,"오늘 일곱시에 가족모임 입력해줘"
3,"전자레인지 삼십초만 돌려줘"
3,"다음 주 휴가 때 날씨 친구들에게 공유해 줄래"
3,"임시 보관 메일을 내일 오전 열시에 발송해줘"
3,"지금 쓰고 있던 거 임시 저장해줄 수 있어"
3,"구 월 십팔 일에 출국 추가해"
3,"불좀 다 꺼줄래"
3,"예비군 훈련이 있으니 전투복 갖춰서 모이시오"
3,"이번주 윤진이와 미팅 스케줄 취소해줘"
3,"수신메일 확인해줘"
3,"오늘 저녁 아홉시에 택배 부치라고 알려줘"
3,"회사에서 온 메일 반송해"
3,"비가 올 것 같으니 우산을 휴대 하세요"
3,"이번달 말 학교 일정 취소해줘"
3,"어젯밤에 온 새 메일을 찾아라"
3,"칠월 구일 현관카메라 영상 저장해 줄수 있니"
3,"지금 보고 있는 파일 메일에서 내게 쓰기로 보내줘"
3,"보일러에 실내 온도를 내려줘"
3,"칼슘 영양제를 한 번 섭취해 보세요"
3,"임시보관함에 있던 메일 다 삭제해줘"
3,"식기세척기의 헹굼 기능을 작동시켜줘"
3,"과제에 너무 신경 쓰지 마"
3,"현관 불 꺼 줘"
3,"이번 시험시간표를 입력해줘"
3,"달력에 날씨 정보 추가해줘"
3,"창업 성공사례만 보지 말고 실패사례도 좀 읽어봐"
3,"방금 삭제한 메일 복구 해줘"
3,"안방에 티비 켜져있으면 꺼줄 수 있니"
3,"오늘 팀플 일정 삭제해"
3,"현관문 조명 켜줘"
3,"오후 여섯시에 티켓팅 예약을 설정해줘"
3,"메일 휴지통 비워줘"
3,"차고문 좀 닫아줘"
3,"조명 좀 다 꺼줄래"
3,"주말인데 그냥 집에 들어가지 말고 외식이라도 하자"
3,"다음 주 금요일 마사지샵 예약 일정 추가해줘"
3,"어젯밤 내가 성훈이에게 보낸 이메일 송신 확인해"
3,"조명 밝기 좀 어둡게 해줘"
3,"신제품 설명회 있으니 세시까지 회의실로 와"
3,"자기야 나 한강 유람선 꼭 타보고 싶어 "
3,"전기장판 온도 높여줘"
3,"열두시에 가스 꺼줄 수 있니"
3,"화장실 조명 어둡게 해줄래"
3,"내가 외출한 후 모든 전기를 꺼 줄래"
3,"저는 개인적으로 소설 읽기 전에 등장 인물다 읽는거 비추 해요"
3,"팀원들에게 단체 메일 발송할 수 있니"
3,"졸업 축하 하고 사회에 큰 그릇이 되라"
3,"책상 위에 네가 말한 서류 올려놨어 가져가"
3,"오늘부터 삼일 전까지 받은 메일 전부 읽어줘"
3,"캠코더의 충전기 전원을 꺼줄래"
3,"다음주 화요일 점심 약속 장소 명동으로 등록해줘"
3,"이월달에 온 메일함에 좀 들어가 주겠니"
3,"거실 조명 하나만 켜줘"
3,"그러니까 닭 다 먹지 말어 어 알았어요 "
3,"솔직히 말해보세요"
3,"선풍기 틀어줘"
3,"팔월 십일에 우리엄마 환갑으로 입력해줘"
3,"집에 온수 나오게 틀어줘"
3,"컴퓨터 켜줄래"
3,"현관등 조명 켜줄 수 있니"
3,"주식은 여유 돈으로 투자 해야 해 "
3,"모범택시 타고 갈 테니까 돈은 네가 내"
3,"아직 안 읽은 편지는 휴지통으로 옮겨줘"
3,"티비좀 꺼줘"
3,"현관에 동작센서 작동시켜 줄수 있니"
3,"자전거 타고 누가 더 빨리 가나 내기 해볼래 "
3,"블루투스 스피커 볼륨 이 낮춰줄 수 있니"
3,"가스밸브 열려있으면 잠궈"
3,"집에 불 전부 꺼줘"
3,"사업 확장은 무리라고 생각하는데"
3,"사월달에 보낸 메일 좀 검색해"
3,"잠시만 기다려"
3,"방 스탠드 켜줘"
3,"룸을 하늘이 보이는 방으로 예약해"
3,"무료 문화 강좌가 있으니 많은 참여 바랍니다"
3,"오늘 저녁 약속은 스케쥴에서 삭제해줘"
3,"식당 위 불 밝기 높여줄 수 있니"
3,"임시저장함에 저장된 메일 전체 삭제해"
3,"준석아 그냥 내 말 들어라"
3,"다음 달 육일 오전 아홉시에 수강신청 일정 추가해줘"
3,"엄마한테 말하지 말아주세요"
3,"많은 참석 부탁드립니다"
3,"아직 해약하지 말고 그냥 둬"
3,"오늘 저녁 식사는 아웃백으로 등록해줘"
3,"애들하고 함부로 그렇게 놀지마 "
3,"멀리 보고 살아 이 순간 어려운 일이라고 회피하지 말고"
3,"가습기 꺼줘"
3,"이메일 제목 빨간색으로 변경할 수 있니"
3,"열 시에 여기서 기다려주실 거죠"
3,"오늘 일정 전부 취소해줘"
3,"아이로비 현관으로 가"
3,"세탁기를 돌려주겠니"
3,"내 전화번호 바뀐 거 알지 잊지 말고 꼭 저장 부탁해"
3,"티브이 볼륨 키워줄 수 있니"
3,"내일 오전 자동차 수리 일정 추가해줘"
3,"삼십분뒤에 알람 울려줘"
3,"다음달 영어 회화 수업을 등록해줘"
3,"내일 일정에 지도 사진 추가해줘"
3,"거실에 온도 삼십도 넘으면 에어컨 켜줘"
3,"학교에서 온 메일 모두 보관함에 넣어줘"
3,"삼일 전 오후 여섯시에 받은 메일 친구한테 전달해줄 수 있니"
3,"십분 후에 스피커 꺼줘"
3,"오늘 회사에서 온 메일을 중요 메일함으로 옮길수 있을까"
3,"어제 온 메일 보관함으로 옮겨 주겠니"
3,"제습기 좀 틀어줘"
3,"화장실 환풍기를 켜"
3,"임시보관 메일함에 있는 메일을 모두 삭제해줘"
3,"다음주 목요일 반차 일정을 추가해줘"
3,"내일부터 백화점 세일인데 같이 쇼핑 갈래 "
3,"칠월에 다음에서 온 가입확인 이라는 제목의 이메일 찾아줘"
3,"스탠드 밝기를 한 단계 낮춰줄 수 있니"
3,"상관 하지마"
3,"동생 귀국하는 날이야 퇴근하고 바로 와"
3,"가장 오래된 메일 순서대로 이백개 삭제해줘"
3,"다음 주 월요일 치과 예약 오후 네시로 저장해줘"
3,"원하는 거 뭐든지 골라봐"
3,"뿌리 자체를 흔들어"
3,"닌텐도 윌 실행해"
3,"세탁기 일곱시 십오분에 돌려주겠니"
3,"이영미 이름으로 예약해"
3,"일주일 뒤에 다시 진료 받으러 오세요"
3,"쇼핑몰에서 온 메일 전부 휴지통으로 옮겨줘"
3,"서류들은 종류별로 보관해"
3,"소관이 앞장서겠습니다 뒤를 부탁합니다"
3,"불편하면 말 하세요"
3,"다음 달 팔일에 있는 일정 읽어줘"
3,"스피커 볼륨을 최소로 해주겠니"
3,"아이방 불 밝기좀 낮춰줘"
3,"유월 십일 오후 세시부터 다섯시까지 기말고사 일정 추가해줘"
3,"최근 삼개월간 학교에서 온 메일들 목록 구성좀 해줄래"
3,"금연하는 게 건강에 훨씬 좋아"
3,"거실 불 좀 켜줘"
3,"커튼 좀 쳐 줘"
3,"구일에 있는 과제 제출 일정 구일 열한시까지로 해줘"
3,"약속을 지켜 신뢰감을 조성하자"
3,"시내 쪽은 막히니까 뒷길로 돌아가자"
3,"대리님 숨은 참조 해서 답장 보내줘"
3,"오늘 저녁 말고 점심때 보면 안돼"
3,"스위스 티켓 예매해두자고"
3,"발신자 엄마로 온 메일 확인해 줄수 있니"
3,"어제 회사에서 온 메일을 중요 표시해줘"
3,"주식을 한탕주의로 생각하신다면 포기하세요"
3,"길 안 막히면 좀 일찍 와있어"
3,"고마워요 잔돈은 가지세요"
3,"어제와 오늘 강수량 좀 비교해줘"
3,"첨부파일 다운로드해"
3,"은수씨 지하철 타고 오세요"
3,"최근 일주일 내 면접 관련 메일만 모두 열어서 읽어줘"
3,"전기장판 틀어줘"
3,"책상 위에 네가 말한 서류 올려놨어 가져가"
3,"현관 불을 꺼라"
3,"오늘 오후 네시에 장보기 일정 추가해줘"
3,"월요일 오후 여섯시에 방탄소년단 티켓팅 일정 취소해줘"
3,"에어컨 풍량 세게해줘"
3,"자전거 옆에섰을 때 자신의 골반 높이보다 약간 아래로 세팅을한다"
3,"작년 세금 작성서 열어줘"
3,"만날 장소는 미니소로 입력해줘"
3,"아침 일곱시에 깨워줘"
3,"보낸 메일함 수신 확인해주겠니"
3,"어제 온 메일 다 삭제해줘"
3,"이번 달 받은 성인이라는 제목의 이메일 삭제할래"
3,"이십도 이상으로 올라가면 에어컨 틀어줘"
3,"오늘 오후 다섯시에 엄마와 저녁식사 일정 추가해줘"
3,"가스레인지 후드 가장 세게 틀어줘"
3,"초희방에 가서 십오분 뒤에 알람 세 번 울려 주겠니"
3,"가스레인지에 불 꺼라"
3,"회사에서 온 메일만 검색해줄수있니"
3,"기다려 곧 갈께"
3,"아이들 좋아하는 노래 틀어줘"
3,"자동 취사 좀 해줄래"
3,"안방에 청소기 좀 돌려줄래"
3,"모레 운동 피티받기로 했다고 일정에 써놔"
3,"건조기 전원켜서 건조 시작해"
3,"부엌 불을 켜주라"
3,"첨부한 파일들 다 삭제해줘"
3,"일곱시까지 보온모드로 해줘"
3,"새로운 메일 주소를 주소록에 저장해줘"
3,"연극 공연 티켓 예매확인을 부탁드립니다"
3,"다음주 화요일에 친구와 짬뽕먹기 일정 추가해"
3,"받은메일함 전부 삭제해줘"
3,"얼굴 마사지 기계 전원을 켜고 초음파 모드로 바꿔줘"
3,"제일 최근에 온 메일을 메일보관함으로 옮겨줘"
3,"현관 스탠드 켜줘"
3,"복잡하다 구석으로 가 있어라"
3,"어제 오전에 온 메일 회의내용 메일함에 넣어줘"
3,"김철수도 같이 예약하렴"
3,"동기모임 장소는 지하철역으로 입력해"
3,"내일 첫 이메일이 오면 그 이메일을 확인해줘"
3,"임시보관중인 메일좀 모두 삭제 할 수 있니"
3,"삼일전에 온 메일 좀 검색해"
3,"텔레비전 켜라"
3,"스팸메일 다 지워줘"
3,"교수님이 보낸 메일 찾아줘"
3,"성적에 구애 받지 말고 그냥 교양으로 배우는 건 어때 "
3,"아는 오빠가 병에 걸렸어 같이 문병 가 줄래 "
3,"다음주 토요일 돌잔치일정 추가해"
3,"에어컨 작동시간 두시간 넘으면 꺼줄수있니"
3,"화장실 환풍기 틀어줄래"
3,"처음에는 관련 서적을 통해서 주식의 흐름을 익히는 것이 중요합니다"
3,"불 다 꺼줄래"
3,"밖에 비가 오네요 우산 챙기세요"
3,"이번 주 금요일에 월차 쓰고 스키장 가기로 약속 한거다"
3,"집에 있어봐 쉬는 시간에 전화할게"
3,"현관문 비밀 번호 바꿔줘"
3,"학교에서 온 메일들은 따로 저장해줘"
3,"오늘 유가 보여줄래"
3,"방금 온 메일 영구 삭제해줄 수 있니"
3,"훈련 마치구 삼촌이랑 동네 길 파악하자"
3,"비 온다고 우울해 하면 안 돼 오늘 하루도 파이팅"
3,"찬송가 틀어줄래"
3,"팔월 삼일에 부모님 결혼기념일 일정 추가해"
3,"지난주에 보낸메일 모두 삭제해줘"
3,"임시 보관함에 편지가 있으면 지워줘"
3,"어버이날 전날 저녁 아홉시 꽃가게 가기 일정 추가해"
3,"수면음악 틀어줘"
3,"은정이에게 온 메일 지워줘"
3,"내일 시험이라고 일정 등록해줘"
3,"아기 침대 십 분 간 흔들이 모드로"
3,"편지지함 열어 줄래"
3,"에어컨 켜라"
3,"오늘 복날이라는데 삼계탕 사 먹어 "
3,"드래프트함 지워줘"
3,"문 닫을 때 살살 닫아"
3,"학과사무실 가서 결석계 받아 가"
3,"비행기 티켓관련 메일을 검색 줄래"
3,"너 그렇게 하면 업무 방해죄인 것 몰라"
3,"수수료 집계 칠월 삼일 까지 입력해줘"
3,"내일 오후 한시에 친구와 점심먹기 일정 추가해"
3,"다음주 화요일에 홈플러스 가기 일정 추가해줘"
3,"광고 들어간 메일 필터링해줘"
3,"상금 받아서 한 턱 쏴"
3,"이제 음악 꺼줘"
3,"내가 밥을 할테니까 뒷정리는 네가 하기로 해"
3,"블라인드 쳐줄 수 있니"
3,"신경 쓸 거 없어"
3,"현관에 불 켜줘"
3,"수영을 해 봐"
3,"거래처 메일 그룹을 삭제해"
3,"이번주 목요일 세시 동기모임 추가해줘"
3,"임시보관함 메일 다시 불러와줘"
3,"오늘 밤에 저랑 한 잔 하실래요"
3,"집 안 습도가 사십퍼센트가 되면 제습기를 틀어줄 수 있니"
3,"이십오도 아래로 되면 거실에 난방 켜줘"
3,"스팸메일함의 메일을 영구삭제해 줄 수 있니"
3,"당신이 잘 얘기해봐"
3,"동창회 메일 검색해 줘 "
3,"세탁기 저녁 열두시 넘어서도 켜져있으면 꺼줄 수 있니"
3,"내일 점심 동창모임 취소해줘"
3,"내가 예상보다 빨리 도착했으니 서둘러 주세요"
3,"지금 회사 앞으로 가는 중이야 끝나면 바로 나와"
3,"자기 스스로 컴퓨터 속의 주식시장을 보며 판단하는 것이 중요해"
3,"애기들 방은 조명 밝기좀 은은하게 해줘"
3,"일년전 친구에게 받은 메일 찾아 줄수 있니"
3,"광고 메일은 스팸메시지함에 넣고 스팸메시지는 바로 스팸 메시지함에 가게 지정해줘"
3,"등록돼 있지 않으면 주식을 보유한 사람과 직접 거래해봐"
3,"그러면 남부순환도로따라 운전해 오세요"
3,"거실에 청소기 켜줘"
3,"가스레인지 전원 좀 꺼줘"
3,"반신욕 후에 잠시 누워 있는 것도 좋아"
3,"빠지지마"
3,"혼자 에이 비팀 다 촬영 못해 일단 화 풀고 이제 막방까지 이십일 남았는데 좋게 끝내자 진정하고 어 선배"
3,"퇴근길에 슈퍼에 들르자"
3,"네이버 메모 자동 저장 기능을 꺼라"
3,"칫솔 소독을 시작해"
3,"공원 옆에 있는 샛길로 계속 직진 하면 보일 거야"
3,"핸드폰과 메일 계정 동기화 시켜줄래"
3,"오늘 오전에 온 메일을 보여줘"
3,"보일러를 켜 줄 수 있니"
3,"중요한 메일만 모두 보여줄 수 있니"
3,"여행 장소는 일본으로 저장해줘"
3,"십분 야 야 레일 밑에 선 있다 선 치워"
3,"교무실에 가서 과학실 열쇠 받아와"
3,"아침 여섯시에 커피 머신 작동시켜"
3,"집안 씨씨티비를 틀어줘"
3,"공부 하러 가자"
3,"지금 현관 조명만 남기고 다 꺼줄 수 있니"
3,"횡보하는 구간에서 매수 타이밍을 잡는다"
3,"좌우를 살피고 횡단보도를 건너야 합니다"
3,"잘 들어"
3,"다음주에 병원가는거 전날 밤 열시에 알려줘"
3,"인터파크에서 온 메일 다 삭제해줘"
3,"오월엔 꼭 같이 나들이 가자"
3,"내일 쇼핑할거야 필요한 거 다 적어 놔"
3,"주식은 부동산보다 훨씬 위험해"
3,"내 알림을 읽어줘"
3,"그래 그럼 말음 되겠네 가 수경이한테나 "
3,"교수님께 온 메일만 보여줘"
3,"십분 후에 에어컨 켜줄래"
3,"베란다 조명 밝기 내려줄 수 있니"
3,"노래 틀어줘"
3,"발마사지 기계에서 릴랙스 기능을 작동시켜줘"
3,"새벽 한시에 에어컨 좀 틀어줘"
3,"금요일 오후 여섯시 이후 일정들 전부 삭제해줘"
3,"여름 이유식은 무엇보다 영양면에 더욱 신경을 써야 한다"
3,"오후 아홉시에 회의 잡아줘"
3,"텔레비전 불륨 높혀줘"
3,"아이방에 저녁 열한시 이후 컴퓨터 잠금모드 해줘"
3,"내일 친구 집들이 일정 추가해"
3,"부엌 밝게해줘"
3,"영화보는 시간 저녁 일곱시로 추가해줘"
3,"니 눈이 더 으스스 하거든 다 됐어 거울 봐봐 "
3,"방금 온 메일 확인해줘"
3,"이번달 휴일에 가족모임 추가해줘"
3,"다음주 화요일 오후 열두시 점심 약속 추가해줘"
3,"이월 이십일에 고등학교 졸업일정 추가해"
3,"십이월 이십칠일 뉴욕 출장 일정 추가해줘"
3,"에어컨 온도 좀 내려줘"
3,"일기예보 꼭 확인하고 나가라"
3,"내 방 스탠드 좀 켜줄 수 있니"
3,"라면 물 좀 받아줘"
3,"연습해"
3,"일요일 오후 약속장소 씨지브이에서 메가박스로 바꿔서 메모해줘"
3,"만기가 다 됐으면 다시 새로운 적금으로 갈아타"
3,"거실에 보일러 좀 꺼줘"
3,"셋을 셀 때까지 튀어나와"
3,"저번주 이전에 받은 메일 전체를 삭제해라"
3,"전자레인지 전원 좀 꺼 줘"
3,"화장실 불켜져 있으면 꺼줄 수 있니"
3,"친구와의 내일 오후 여덟시 약속을 알람으로 알려줘"
3,"잠실대교 소통을 보여주렴"
3,"지금 시간이 몇 신데 불러내고 난리야 날 밝고 나서 연락해"
3,"집에 불 다 꺼줘"
3,"오늘 여섯시에 저녁 약속 추가해줄래"
3,"제습기 최대 출력으로 틀어줄 수 있니"
3,"오늘 발송한 메일 모두 보여줘"
3,"수강신청 관련 메일 모아줘"
3,"안마기 전원 꺼줘"
3,"받은 편지함의 광고메일 모두 스팸등록해줘"
3,"에어컨 좀 켜줄래"
3,"약속 어기면 붕어빵 사주기"
3,"동기모임 장소를 술집으로 수정해"
3,"이 메일에 답장 해줘"
3,"야채나 과일을 많이 섭취하면 좋아"
3,"다음 주 목요일 약속 강남역으로 장소 바꿔줘"
3,"저 내일 졸업해요 많이 와 주실 거죠 "
3,"밤늦게 택시 타는 거 위험하니까 일찍 일찍 들어와 "
3,"차표 다 매진 될 지도 모르니까 미리 예약해"
3,"김치냉장고를 최적온도로 맞춰줄래"
3,"목요일 오전에 치과 예약 추가해"
3,"너무 더워서 샤워하고 갈 테니까 조금만 더 기다려"
3,"조명을 어둡게 해줘"
3,"에어컨 터보풍으로 바꿔줄 수 있니"
3,"방금온 메일 내용보여줘"
3,"내일 영화 볼 극장은 씨지브이로 입력해줘"
3,"집을 밝게 해줄래"
3,"이번주에 학교에서 온 메일 전부 읽은 것으로 처리해줄래"
3,"안방에 티비켜줄수있니"
3,"금요일 오후 회의 일정을 세 시까지로 바꿔줘"
3,"시작하세요"
3,"내일 회의일정 추가해"
3,"아무때나 전화해"
3,"선풍기를 강풍으로 틀어줘"
3,"지금 선택한 엑셀 파일 첨부해 줘"
3,"거실의 공기청정기 좀 틀어줄 수 있니"
3,"가족들한테 이번달 스케쥴 다 보내줘"
3,"외국에서온 메일좀 검색해줘"
3,"내일 오전 여덟시에 드라마 예약해줘"
3,"휴지통에 있는 메일들 모두 지워줘"
3,"메일에 바이러스 위험도가 높을 경우에 알려줘"
3,"조명 전부 켜줘"
3,"메일 확인했다고 답장 보내줘"
3,"컴퓨터 마우스의 스위치를 켜줘"
3,"팔월에 온 메일 보관함에 넣어줘"
3,"기름이 별로 없으니 주유소에 들리자"
